Date,Time,Open,High,Low,Close,Volume
20260224.0,1515.0,35749.6,35852.2,35727.1,35842.0,3612.0
20260224.0,1530.0,35842.0,35845.0,35801.0,35840.9,1368.0
20260224.0,1545.0,35842.0,35894.2,35838.9,35852.2,2818.0
20260224.0,1600.0,35851.2,35864.5,35813.3,35829.7,1346.0
20260224.0,1615.0,35827.6,35827.5,35722.0,35763.0,3510.0
20260224.0,1630.0,35763.0,35849.1,35763.0,35837.9,2188.0
20260224.0,1645.0,35844.0,35853.2,35776.3,35793.7,1314.0
20260224.0,1700.0,35793.7,35813.2,35756.9,35803.0,1434.0
20260224.0,1715.0,35801.9,35860.4,35799.9,35858.4,1722.0
20260224.0,1730.0,35859.4,35862.4,35820.5,35831.7,984.0
20260224.0,1745.0,35830.7,35853.2,35792.8,35847.1,1214.0
20260224.0,1800.0,35848.1,35883.0,35838.9,35877.9,1284.0
20260224.0,1815.0,35875.8,35877.8,35851.2,35852.2,820.0
20260224.0,1830.0,35851.2,35877.8,35848.2,35877.9,618.0
20260224.0,1845.0,35877.9,35905.5,35869.7,35897.4,1598.0
20260224.0,1900.0,35898.4,35909.6,35883.1,35906.6,908.0
20260224.0,1915.0,35907.6,35972.2,35906.7,35944.6,2388.0
20260224.0,1930.0,35944.6,35968.1,35928.2,35932.3,1354.0
20260224.0,1945.0,35931.2,35951.7,35926.1,35940.5,776.0
20260224.0,2000.0,35939.4,35948.6,35931.3,35940.5,356.0
20260224.0,2015.0,35938.4,35999.9,35931.3,35967.1,2430.0
20260224.0,2030.0,35966.1,35966.1,35887.2,35889.2,2338.0
20260224.0,2045.0,35887.1,35910.7,35873.8,35902.5,1906.0
20260224.0,2100.0,35901.5,35914.8,35882.0,35900.4,1026.0
20260224.0,2115.0,35901.5,35936.3,35891.3,35913.8,1240.0
20260224.0,2130.0,35914.8,35950.7,35911.8,35946.6,1282.0
20260224.0,2145.0,35945.6,35953.7,35904.6,35939.4,1466.0
20260224.0,2200.0,35939.4,35947.6,35923.1,35931.2,730.0
20260224.0,2215.0,35931.2,35957.9,35921.0,35930.2,952.0
20260224.0,2230.0,35931.2,35934.3,35893.3,35909.7,1240.0
20260224.0,2245.0,35909.7,35975.3,35775.3,35975.3,10310.0
20260224.0,2300.0,35974.3,35991.7,35919.0,35968.2,5324.0
20260224.0,2315.0,35965.1,36017.4,35927.2,35982.5,5310.0
20260224.0,2330.0,35980.5,36111.7,35954.9,36111.8,6296.0
20260224.0,2345.0,36110.8,36147.7,36101.6,36137.4,4536.0
20260225.0,0.0,36135.4,36143.6,36073.9,36107.7,3396.0
20260225.0,15.0,36111.8,36306.7,36107.7,36269.8,5576.0
20260225.0,30.0,36268.8,36278.0,36229.8,36255.4,2662.0
20260225.0,45.0,36253.4,36256.4,36178.5,36221.6,3114.0
20260225.0,100.0,36223.6,36253.3,36217.5,36243.1,1466.0
20260225.0,115.0,36244.2,36281.0,36237.0,36258.5,1276.0
20260225.0,130.0,36258.5,36267.7,36237.0,36258.5,1138.0
20260225.0,145.0,36258.5,36272.8,36242.1,36243.1,770.0
20260225.0,200.0,36246.2,36262.6,36231.9,36248.3,628.0
20260225.0,215.0,36244.2,36261.5,36208.3,36211.3,940.0
20260225.0,230.0,36210.3,36223.6,36169.3,36171.3,1224.0
20260225.0,245.0,36170.3,36185.6,36136.5,36167.2,1426.0
20260225.0,300.0,36166.2,36177.4,36108.8,36108.7,1196.0
20260225.0,315.0,36115.9,36120.0,36042.1,36059.5,1866.0
20260225.0,330.0,36060.5,36104.6,36019.5,36094.4,1358.0
20260225.0,345.0,36094.4,36146.6,36090.3,36134.4,1318.0
20260225.0,400.0,36136.4,36157.9,36123.1,36132.3,526.0
20260225.0,415.0,36135.4,36137.4,36079.0,36111.8,868.0
20260225.0,430.0,36109.7,36134.3,36104.7,36125.1,382.0
20260225.0,445.0,36122.1,36166.1,36117.0,36166.2,424.0
20260225.0,500.0,36166.2,36202.0,36130.3,36130.3,1294.0
20260225.0,900.0,36159.0,36200.0,36035.9,36059.5,10386.0
20260225.0,915.0,36060.5,36172.3,35976.4,36033.8,18034.0
20260225.0,930.0,36031.8,36158.9,36025.7,36100.5,9968.0
20260225.0,945.0,36099.5,36230.8,36094.4,36207.2,9234.0
20260225.0,1000.0,36208.2,36302.6,36205.2,36252.4,9066.0
20260225.0,1015.0,36251.3,36405.2,36238.0,36399.1,9404.0
20260225.0,1030.0,36402.2,36504.7,36397.1,36460.6,9978.0
20260225.0,1045.0,36462.7,36603.2,36456.6,36587.9,9830.0
20260225.0,1100.0,36588.9,36706.8,36560.2,36677.1,8840.0
20260225.0,1115.0,36675.1,36681.2,36400.2,36403.2,10636.0
20260225.0,1130.0,36406.3,36483.2,36321.2,36364.2,12862.0
20260225.0,1145.0,36363.2,36443.1,36285.2,36408.3,7942.0
20260225.0,1200.0,36410.4,36492.4,36403.2,36429.9,4816.0
20260225.0,1215.0,36435.0,36436.0,36297.6,36323.2,5336.0
20260225.0,1230.0,36326.2,36371.3,36294.5,36368.3,4084.0
20260225.0,1245.0,36367.3,36408.3,36318.1,36395.0,5484.0
20260225.0,1300.0,36396.0,36440.1,36378.6,36430.9,4502.0
20260225.0,1315.0,36430.9,36505.7,36415.5,36477.1,5572.0
20260225.0,1330.0,36476.0,36478.0,36363.2,36432.9,7578.0
20260225.0,1345.0,36432.9,36440.1,36383.7,36412.4,9864.0
20260225.0,1515.0,36400.1,36465.7,36376.6,36454.5,3302.0
20260225.0,1530.0,36451.4,36470.8,36404.3,36410.4,1466.0
20260225.0,1545.0,36411.4,36428.8,36365.3,36410.4,1890.0
20260225.0,1600.0,36405.2,36418.5,36376.6,36393.9,970.0
20260225.0,1615.0,36395.0,36472.9,36395.0,36435.0,1706.0
20260225.0,1630.0,36430.9,36458.5,36424.8,36426.8,1100.0
20260225.0,1645.0,36432.9,36443.1,36395.0,36429.9,1276.0
20260225.0,1700.0,36432.9,36432.9,36410.4,36422.7,600.0
20260225.0,1715.0,36420.6,36449.3,36405.3,36442.2,990.0
20260225.0,1730.0,36443.2,36443.1,36386.8,36397.0,920.0
20260225.0,1745.0,36396.0,36431.9,36390.9,36424.7,770.0
20260225.0,1800.0,36423.7,36432.9,36400.2,36420.6,546.0
20260225.0,1815.0,36420.6,36432.9,36389.9,36407.3,664.0
20260225.0,1830.0,36407.3,36455.5,36406.3,36447.3,1058.0
20260225.0,1845.0,36447.3,36457.5,36430.9,36449.3,682.0
20260225.0,1900.0,36448.3,36451.4,36426.8,36437.0,516.0
20260225.0,1915.0,36441.1,36453.4,36434.0,36446.3,300.0
20260225.0,1930.0,36443.2,36446.2,36428.9,36437.0,244.0
20260225.0,1945.0,36441.1,36516.0,36441.2,36494.5,1940.0
20260225.0,2000.0,36496.5,36560.1,36489.4,36560.2,1636.0
20260225.0,2015.0,36556.1,36584.7,36541.7,36550.9,2212.0
20260225.0,2030.0,36550.9,36597.0,36542.8,36581.7,1690.0
20260225.0,2045.0,36579.7,36583.7,36560.2,36571.4,812.0
20260225.0,2100.0,36571.4,36585.8,36561.2,36573.5,940.0
20260225.0,2115.0,36575.5,36621.7,36570.5,36619.7,1628.0
20260225.0,2130.0,36617.6,36617.6,36590.0,36602.2,1084.0
20260225.0,2145.0,36600.2,36600.1,36527.4,36572.5,2578.0
20260225.0,2200.0,36570.4,36588.8,36560.2,36576.6,914.0
20260225.0,2215.0,36578.6,36602.2,36546.9,36584.8,1452.0
20260225.0,2230.0,36585.8,36606.3,36565.3,36577.6,1010.0
20260225.0,2245.0,36576.6,36611.4,36498.6,36600.2,6156.0
20260225.0,2300.0,36599.1,36613.5,36512.0,36543.7,3410.0
20260225.0,2315.0,36540.7,36559.1,36413.5,36425.8,5500.0
20260225.0,2330.0,36424.7,36489.3,36398.1,36476.0,4380.0
20260225.0,2345.0,36478.1,36494.4,36440.2,36451.4,2312.0
20260226.0,0.0,36451.4,36470.8,36418.6,36455.5,1896.0
20260226.0,15.0,36455.5,36527.3,36449.4,36524.2,3142.0
20260226.0,30.0,36526.3,36555.0,36508.9,36551.9,1784.0
20260226.0,45.0,36550.9,36602.2,36549.9,36584.8,2084.0
20260226.0,100.0,36587.9,36597.0,36543.8,36575.5,1412.0
20260226.0,115.0,36574.5,36596.0,36542.8,36596.1,1432.0
20260226.0,130.0,36597.1,36636.0,36581.8,36605.3,2286.0
20260226.0,145.0,36602.2,36658.6,36600.2,36649.4,1280.0
20260226.0,200.0,36652.5,36654.5,36620.7,36644.3,698.0
20260226.0,215.0,36643.3,36653.5,36619.7,36626.8,520.0
20260226.0,230.0,36625.8,36626.8,36601.2,36612.5,670.0
20260226.0,245.0,36612.5,36624.7,36608.4,36619.7,312.0
20260226.0,300.0,36621.7,36623.7,36564.3,36578.6,916.0
20260226.0,315.0,36576.6,36599.1,36566.4,36587.9,746.0
20260226.0,330.0,36587.9,36588.8,36547.9,36548.9,466.0
20260226.0,345.0,36549.9,36592.9,36547.9,36574.5,388.0
20260226.0,400.0,36576.6,36588.8,36567.4,36567.3,286.0
20260226.0,415.0,36570.4,36573.4,36552.0,36562.2,390.0
20260226.0,430.0,36563.2,36579.6,36562.3,36567.3,172.0
20260226.0,445.0,36566.3,36597.0,36558.2,36583.8,368.0
20260226.0,500.0,36587.9,36592.9,36540.7,36581.7,832.0
20260226.0,900.0,36445.2,36520.1,36373.5,36436.0,12862.0
20260226.0,915.0,36434.0,36511.9,36339.6,36388.8,14784.0
20260226.0,930.0,36385.7,36407.2,36266.8,36281.1,12838.0
20260226.0,945.0,36281.1,36502.7,36276.0,36501.7,11338.0
20260226.0,1000.0,36501.7,36574.5,36419.6,36488.3,11948.0
20260226.0,1015.0,36485.3,36509.8,36424.8,36479.1,5928.0
20260226.0,1030.0,36480.1,36579.6,36460.7,36574.5,6600.0
20260226.0,1045.0,36575.5,36589.9,36507.9,36576.6,5762.0
20260226.0,1100.0,36577.6,36684.3,36571.5,36678.1,10132.0
20260226.0,1115.0,36678.1,36679.1,36552.0,36569.4,5676.0
20260226.0,1130.0,36568.4,36618.6,36564.3,36585.8,3036.0
20260226.0,1145.0,36584.8,36636.0,36570.5,36593.0,3482.0
20260226.0,1200.0,36594.0,36600.1,36536.6,36548.9,3666.0
20260226.0,1215.0,36553.0,36591.9,36532.5,36566.3,2740.0
20260226.0,1230.0,36564.3,36570.4,36537.6,36545.8,2394.0
20260226.0,1245.0,36543.7,36557.0,36477.1,36531.4,5704.0
20260226.0,1300.0,36528.4,36576.5,36525.3,36548.9,3528.0
20260226.0,1315.0,36546.8,36548.8,36462.7,36493.5,6466.0
20260226.0,1330.0,36493.5,36557.0,36490.4,36526.3,6550.0
20260226.0,1345.0,36524.2,36558.1,36515.1,36529.4,8772.0
20260226.0,1515.0,36564.3,36625.8,36563.3,36616.6,2744.0
20260226.0,1530.0,36614.5,36636.0,36600.2,36629.9,1448.0
20260226.0,1545.0,36631.0,36726.3,36626.9,36710.0,3192.0
20260226.0,1600.0,36708.9,36722.2,36683.3,36699.7,1718.0
20260226.0,1615.0,36695.6,36736.6,36682.3,36731.5,2030.0
20260226.0,1630.0,36732.5,36786.9,36726.4,36739.7,2796.0
20260226.0,1645.0,36742.8,36743.8,36693.6,36714.1,1800.0
20260226.0,1700.0,36712.0,36717.1,36689.5,36696.6,886.0
20260226.0,1715.0,36695.6,36777.6,36693.6,36774.6,1316.0
20260226.0,1730.0,36776.6,36799.2,36735.7,36794.1,2354.0
20260226.0,1745.0,36790.0,36807.4,36779.8,36790.0,1354.0
20260226.0,1800.0,36793.1,36811.5,36759.2,36761.3,1498.0
20260226.0,1815.0,36761.3,36766.3,36738.7,36742.8,1086.0
20260226.0,1830.0,36743.8,36749.9,36694.6,36699.7,1942.0
20260226.0,1845.0,36699.7,36736.6,36683.3,36725.3,1262.0
20260226.0,1900.0,36724.3,36733.5,36631.0,36636.1,1952.0
20260226.0,1915.0,36639.2,36702.7,36634.1,36691.5,1518.0
20260226.0,1930.0,36690.5,36698.6,36670.0,36671.0,622.0
20260226.0,1945.0,36669.9,36700.7,36666.9,36677.1,540.0
20260226.0,2000.0,36676.1,36695.5,36666.9,36672.0,516.0
20260226.0,2015.0,36678.1,36688.4,36664.9,36669.9,650.0
20260226.0,2030.0,36669.9,36721.2,36670.0,36720.2,872.0
20260226.0,2045.0,36721.2,36728.4,36684.4,36702.8,992.0
20260226.0,2100.0,36701.7,36701.7,36641.3,36645.3,1444.0
20260226.0,2115.0,36643.3,36681.2,36643.3,36679.2,812.0
20260226.0,2130.0,36676.1,36699.6,36653.6,36691.5,654.0
20260226.0,2145.0,36691.5,36696.6,36633.1,36635.1,920.0
20260226.0,2200.0,36636.1,36669.9,36580.7,36582.7,3076.0
20260226.0,2215.0,36582.7,36626.8,36552.0,36593.0,2744.0
20260226.0,2230.0,36594.0,36609.4,36545.8,36545.8,1250.0
20260226.0,2245.0,36545.8,36550.9,36336.5,36349.8,12420.0
20260226.0,2300.0,36347.8,36365.2,36150.8,36169.3,12514.0
20260226.0,2315.0,36171.3,36240.0,36014.4,36023.6,11922.0
20260226.0,2330.0,36024.6,36025.6,35817.4,35886.1,17814.0
20260226.0,2345.0,35884.0,36063.5,35853.3,36020.5,10268.0
20260227.0,0.0,36024.6,36079.9,36000.0,36012.3,6166.0
20260227.0,15.0,36017.4,36044.0,35971.3,36010.2,3524.0
20260227.0,30.0,36010.2,36161.0,36005.1,36090.3,6096.0
20260227.0,45.0,36087.2,36105.6,35937.4,35944.6,4720.0
20260227.0,100.0,35946.6,35972.2,35854.3,35872.7,5270.0
20260227.0,115.0,35876.8,35996.8,35876.9,35910.7,4680.0
20260227.0,130.0,35914.8,35969.1,35907.7,35932.3,2082.0
20260227.0,145.0,35928.1,36007.1,35907.7,35917.9,2764.0
20260227.0,200.0,35916.9,35953.7,35875.9,35911.7,2090.0
20260227.0,215.0,35914.8,35936.3,35870.7,35929.2,1714.0
20260227.0,230.0,35925.1,35964.0,35903.6,35937.4,1514.0
20260227.0,245.0,35933.3,36087.1,35926.1,36024.6,3936.0
20260227.0,300.0,36026.6,36064.6,35982.6,36033.8,1320.0
20260227.0,315.0,36033.8,36096.4,36019.5,36088.2,1366.0
20260227.0,330.0,36090.3,36108.7,36050.3,36056.4,1204.0
20260227.0,345.0,36062.6,36086.1,36051.3,36068.7,548.0
20260227.0,400.0,36068.7,36104.6,36064.7,36070.8,852.0
20260227.0,415.0,36068.7,36104.6,36043.1,36043.1,922.0
20260227.0,430.0,36044.1,36065.6,36011.3,36017.4,668.0
20260227.0,445.0,36019.5,36068.7,36019.5,36057.4,706.0
20260227.0,500.0,36056.4,36062.5,35993.9,35997.9,1332.0
20260302.0,900.0,35647.0,35898.3,35624.5,35756.8,21310.0
20260302.0,915.0,35757.8,36270.8,35738.4,36231.8,28928.0
20260302.0,930.0,36226.7,36283.1,36160.1,36246.2,13080.0
20260302.0,945.0,36246.2,36408.3,36197.0,36229.8,14936.0
20260302.0,1000.0,36231.8,36269.8,36120.1,36267.7,11106.0
20260302.0,1015.0,36267.7,36373.4,36238.0,36361.1,9750.0
20260302.0,1030.0,36358.0,36417.5,36312.9,36334.4,7184.0
20260302.0,1045.0,36333.4,36362.1,36271.9,36281.1,5340.0
20260302.0,1100.0,36285.2,36369.3,36252.4,36364.2,4842.0
20260302.0,1115.0,36363.2,36395.9,36321.2,36346.8,3292.0
20260302.0,1130.0,36346.8,36370.3,36303.7,36325.2,2682.0
20260302.0,1145.0,36326.2,36345.7,36268.8,36322.1,3028.0
20260302.0,1200.0,36324.2,36384.7,36312.9,36326.2,3106.0
20260302.0,1215.0,36328.3,36337.5,36295.5,36311.9,1972.0
20260302.0,1230.0,36313.9,36369.3,36255.5,36332.4,4770.0
20260302.0,1245.0,36335.5,36345.7,36282.2,36287.2,3212.0
20260302.0,1300.0,36288.3,36301.6,36205.2,36287.2,5668.0
20260302.0,1315.0,36286.2,36300.5,36174.4,36182.6,4816.0
20260302.0,1330.0,36184.6,36200.0,36106.7,36141.6,7376.0
20260302.0,1345.0,36141.6,36186.6,36108.8,36147.7,10160.0
20260302.0,1515.0,36011.3,36011.2,35694.3,35738.3,10822.0
20260302.0,1530.0,35743.5,35823.4,35719.9,35785.5,4280.0
20260302.0,1545.0,35780.4,35820.4,35750.7,35785.5,2224.0
20260302.0,1600.0,35786.6,35787.5,35735.3,35757.8,1284.0
20260302.0,1615.0,35771.2,35778.3,35628.6,35703.5,6628.0
20260302.0,1630.0,35703.5,35706.5,35528.1,35540.3,7412.0
20260302.0,1645.0,35538.3,35687.0,35520.9,35663.4,4442.0
20260302.0,1700.0,35663.4,35749.6,35650.2,35690.1,2926.0
20260302.0,1715.0,35685.0,35804.0,35680.9,35799.9,3160.0
20260302.0,1730.0,35799.9,35893.2,35798.9,35810.2,4054.0
20260302.0,1745.0,35818.4,35859.4,35742.5,35780.4,3034.0
20260302.0,1800.0,35778.4,35794.7,35738.4,35746.5,2090.0
20260302.0,1815.0,35751.7,35873.7,35751.7,35782.5,2580.0
20260302.0,1830.0,35779.4,35833.7,35758.9,35785.5,1258.0
20260302.0,1845.0,35788.6,35820.4,35767.1,35806.1,912.0
20260302.0,1900.0,35811.2,35816.3,35705.6,35755.8,1604.0
20260302.0,1915.0,35760.9,35786.5,35713.8,35735.3,1296.0
20260302.0,1930.0,35733.2,35791.6,35711.7,35761.9,1036.0
20260302.0,1945.0,35767.1,35860.4,35763.0,35814.3,1650.0
20260302.0,2000.0,35816.3,35886.0,35798.9,35818.4,2032.0
20260302.0,2015.0,35822.5,35831.7,35751.7,35778.4,1498.0
20260302.0,2030.0,35771.2,35772.1,35715.8,35746.5,1734.0
20260302.0,2045.0,35747.6,35773.2,35718.9,35745.5,906.0
20260302.0,2100.0,35745.5,35771.1,35672.7,35727.1,2438.0
20260302.0,2115.0,35727.1,35786.5,35722.0,35756.8,1734.0
20260302.0,2130.0,35758.9,35858.3,35747.6,35785.5,2562.0
20260302.0,2145.0,35785.5,35794.7,35723.0,35727.1,1496.0
20260302.0,2200.0,35728.1,35760.9,35658.4,35698.3,2236.0
20260302.0,2215.0,35698.3,35733.2,35650.2,35690.1,2206.0
20260302.0,2230.0,35686.0,35697.2,35639.9,35693.2,1644.0
20260302.0,2245.0,35694.2,36086.1,35692.2,36034.8,21888.0
20260302.0,2300.0,36026.6,36111.7,35966.2,35990.7,8508.0
20260302.0,2315.0,35987.7,36241.0,35950.8,36211.3,10718.0
20260302.0,2330.0,36209.3,36215.4,35959.0,35977.4,8316.0
20260302.0,2345.0,35974.3,36048.1,35882.0,36043.1,6904.0
20260303.0,0.0,36041.0,36086.1,35965.1,36015.4,4136.0
20260303.0,15.0,36017.4,36205.1,35974.4,36191.8,4636.0
20260303.0,30.0,36190.8,36196.9,35983.6,36003.0,4424.0
20260303.0,45.0,36004.1,36261.5,36000.0,36252.4,6486.0
20260303.0,100.0,36250.3,36264.6,36148.8,36178.5,3770.0
20260303.0,115.0,36178.5,36227.7,36162.1,36218.5,1940.0
20260303.0,130.0,36223.6,36285.1,36221.6,36227.7,2716.0
20260303.0,145.0,36225.7,36229.7,36146.7,36168.2,2470.0
20260303.0,200.0,36170.3,36241.0,36154.9,36234.9,1498.0
20260303.0,215.0,36238.0,36242.0,36184.7,36210.3,840.0
20260303.0,230.0,36205.2,36207.2,36093.4,36141.6,2498.0
20260303.0,245.0,36145.7,36185.6,36113.9,36153.9,1146.0
20260303.0,300.0,36153.9,36153.8,36073.9,36075.9,654.0
20260303.0,315.0,36077.9,36207.2,36067.7,36207.2,980.0
20260303.0,330.0,36208.2,36258.5,36206.2,36255.4,1100.0
20260303.0,345.0,36257.5,36276.9,36239.1,36240.0,734.0
20260303.0,400.0,36243.1,36279.0,36242.1,36272.9,524.0
20260303.0,415.0,36274.9,36281.0,36007.2,36019.5,3270.0
20260303.0,430.0,36016.4,36121.0,36007.2,36071.8,1448.0
20260303.0,445.0,36076.9,36156.9,36070.8,36126.2,860.0
20260303.0,500.0,36126.2,36137.4,36088.3,36089.2,1026.0
20260303.0,900.0,35928.1,36052.2,35885.1,36020.5,13010.0
20260303.0,915.0,36020.5,36215.4,35899.5,36145.7,20044.0
20260303.0,930.0,36146.7,36237.9,35996.9,35997.9,13136.0
20260303.0,945.0,35996.9,36045.1,35845.1,35900.4,15648.0
20260303.0,1000.0,35900.4,35920.9,35650.2,35666.5,17950.0
20260303.0,1015.0,35664.5,35718.8,35410.1,35682.9,25976.0
20260303.0,1030.0,35687.0,35712.6,35462.4,35535.2,14102.0
20260303.0,1045.0,35541.3,35640.8,35415.2,35550.6,13670.0
20260303.0,1100.0,35550.6,35628.5,35517.8,35596.8,7258.0
20260303.0,1115.0,35599.8,35648.0,35426.5,35514.7,9114.0
20260303.0,1130.0,35515.7,35539.2,35386.5,35447.0,7738.0
20260303.0,1145.0,35444.9,35613.1,35380.3,35562.9,10658.0
20260303.0,1200.0,35560.8,35589.5,35473.7,35483.9,3574.0
20260303.0,1215.0,35487.0,35518.7,35399.8,35435.7,4602.0
20260303.0,1230.0,35437.7,35460.2,35360.8,35375.1,4938.0
20260303.0,1245.0,35374.1,35415.1,35310.5,35387.4,6530.0
20260303.0,1300.0,35385.4,35404.8,35305.4,35344.4,4902.0
20260303.0,1315.0,35345.4,35398.7,35307.5,35338.2,6592.0
20260303.0,1330.0,35341.3,35385.3,35294.1,35309.5,8690.0
20260303.0,1345.0,35304.3,35313.5,35205.9,35217.1,16850.0
20260303.0,1515.0,35211.0,35339.2,35190.5,35287.9,5690.0
20260303.0,1530.0,35290.0,35291.0,35094.1,35137.1,4778.0
20260303.0,1545.0,35123.8,35150.4,35023.3,35117.6,5140.0
20260303.0,1600.0,35121.7,35149.4,35060.2,35117.6,2652.0
20260303.0,1615.0,35117.6,35128.8,35012.0,35020.1,3618.0
20260303.0,1630.0,35018.1,35055.0,34916.6,34916.5,4630.0
20260303.0,1645.0,34914.5,34953.4,34838.6,34861.1,4952.0
20260303.0,1700.0,34857.0,34860.0,34706.2,34732.9,7970.0
20260303.0,1715.0,34732.9,34851.8,34721.6,34806.7,5504.0
20260303.0,1730.0,34805.7,34811.8,34686.7,34725.7,4234.0
20260303.0,1745.0,34726.7,34762.6,34658.0,34679.5,4866.0
20260303.0,1800.0,34682.6,34684.6,34549.3,34577.9,5146.0
20260303.0,1815.0,34579.0,34604.6,34443.6,34477.4,6252.0
20260303.0,1830.0,34473.3,34522.5,34351.2,34356.3,5592.0
20260303.0,1845.0,34356.3,34375.8,34129.6,34293.7,15618.0
20260303.0,1900.0,34300.9,34439.4,34252.8,34333.8,9452.0
20260303.0,1915.0,34332.7,34469.1,34308.2,34372.7,5230.0
20260303.0,1930.0,34373.8,34427.1,34259.9,34370.7,4258.0
20260303.0,1945.0,34374.8,34500.9,34370.7,34498.9,4592.0
20260303.0,2000.0,34496.9,34550.2,34476.4,34503.0,4768.0
20260303.0,2015.0,34507.1,34638.4,34446.7,34585.1,5442.0
20260303.0,2030.0,34582.0,34607.6,34531.8,34566.7,3056.0
20260303.0,2045.0,34566.7,34595.3,34500.0,34593.3,3240.0
20260303.0,2100.0,34594.4,34629.2,34524.6,34594.4,3216.0
20260303.0,2115.0,34595.4,34610.7,34386.1,34447.6,4976.0
20260303.0,2130.0,34444.6,34503.0,34344.1,34386.1,3766.0
20260303.0,2145.0,34387.1,34417.8,34313.3,34351.2,4318.0
20260303.0,2200.0,34351.2,34376.8,34278.4,34348.1,3460.0
20260303.0,2215.0,34347.1,34395.3,34302.0,34333.8,2800.0
20260303.0,2230.0,34332.7,34427.1,34313.3,34402.5,2606.0
20260303.0,2245.0,34399.4,34525.6,34159.4,34185.0,28246.0
20260303.0,2300.0,34186.0,34279.3,34053.7,34081.4,13840.0
20260303.0,2315.0,34082.4,34186.0,34018.8,34100.9,11532.0
20260303.0,2330.0,34105.0,34117.2,33691.5,33703.8,15126.0
20260303.0,2345.0,33700.7,34001.3,33687.4,33873.1,13176.0
20260304.0,0.0,33881.3,34005.4,33868.0,34002.4,5946.0
20260304.0,15.0,34002.4,34212.6,33969.6,34198.3,9136.0
20260304.0,30.0,34199.4,34263.9,34167.6,34200.4,5786.0
20260304.0,45.0,34197.3,34223.9,34068.1,34221.9,6628.0
20260304.0,100.0,34222.9,34355.3,34204.5,34308.1,5864.0
20260304.0,115.0,34303.0,34329.6,34145.0,34231.2,4292.0
20260304.0,130.0,34227.1,34332.7,34191.2,34325.5,2834.0
20260304.0,145.0,34318.4,34335.8,34201.5,34332.7,2524.0
20260304.0,200.0,34326.6,34327.6,34192.2,34242.4,1442.0
20260304.0,215.0,34242.4,34374.7,34237.4,34321.4,2268.0
20260304.0,230.0,34321.4,34509.2,34315.3,34482.5,2540.0
20260304.0,245.0,34479.4,34572.8,34472.3,34525.6,2944.0
20260304.0,300.0,34530.7,34563.5,34472.3,34511.3,1724.0
20260304.0,315.0,34513.3,34529.7,34406.7,34483.6,1356.0
20260304.0,330.0,34486.6,34529.7,34456.9,34466.1,930.0
20260304.0,345.0,34464.1,34605.6,34419.0,34599.5,2336.0
20260304.0,400.0,34599.5,34673.3,34526.7,34572.8,2278.0
20260304.0,415.0,34572.8,34612.8,34534.9,34542.0,848.0
20260304.0,430.0,34542.0,34571.7,34474.4,34536.9,768.0
20260304.0,445.0,34530.7,34565.6,34475.4,34487.7,588.0
20260304.0,500.0,34487.7,34498.9,34350.2,34419.9,1184.0
20260304.0,900.0,34330.7,34487.6,34117.3,34440.5,24380.0
20260304.0,915.0,34441.5,34541.0,34159.4,34165.5,27764.0
20260304.0,930.0,34165.5,34220.8,33849.5,34010.6,28662.0
20260304.0,945.0,34009.5,34441.4,33870.1,34378.9,27354.0
20260304.0,1000.0,34378.9,34406.6,34170.7,34256.8,13650.0
20260304.0,1015.0,34252.7,34286.5,34048.6,34086.5,13104.0
20260304.0,1030.0,34085.5,34087.5,33907.0,33954.1,10674.0
20260304.0,1045.0,33954.1,34085.4,33889.6,34042.4,12234.0
20260304.0,1100.0,34044.4,34266.0,34006.5,34018.8,13128.0
20260304.0,1115.0,34016.7,34103.9,33840.3,33976.7,14668.0
20260304.0,1130.0,33977.7,34022.8,33880.3,33895.7,6674.0
20260304.0,1145.0,33895.7,33983.8,33803.4,33931.6,11654.0
20260304.0,1200.0,33934.6,34023.9,33863.9,33997.2,8366.0
20260304.0,1215.0,33994.2,34058.7,33894.7,33996.2,10038.0
20260304.0,1230.0,33999.3,34029.0,33834.1,33846.4,8328.0
20260304.0,1245.0,33845.4,33852.5,33629.0,33734.6,17744.0
20260304.0,1300.0,33737.7,33845.3,33660.8,33796.1,13594.0
20260304.0,1315.0,33792.0,33899.7,33713.1,33753.0,10638.0
20260304.0,1330.0,33753.0,33843.3,33587.9,33623.8,12590.0
20260304.0,1345.0,33627.9,33806.3,33528.4,33687.4,23490.0
20260304.0,1515.0,33754.1,33893.6,33656.7,33667.9,7272.0
20260304.0,1530.0,33667.9,33839.2,33666.9,33808.4,3526.0
20260304.0,1545.0,33805.4,34009.5,33795.2,33982.9,5002.0
20260304.0,1600.0,33984.9,34114.1,33952.1,34058.8,4402.0
20260304.0,1615.0,34058.8,34125.4,33975.7,34046.5,5618.0
20260304.0,1630.0,34047.5,34048.5,33894.7,33925.4,3788.0
20260304.0,1645.0,33927.5,34046.4,33910.1,34035.2,2536.0
20260304.0,1700.0,34036.2,34070.0,33964.4,33984.9,2738.0
20260304.0,1715.0,33984.9,34119.3,33941.9,34098.8,3778.0
20260304.0,1730.0,34101.9,34160.3,34086.5,34149.1,4476.0
20260304.0,1745.0,34153.2,34241.4,34126.6,34204.5,4732.0
20260304.0,1800.0,34202.4,34319.3,34186.1,34282.5,4878.0
20260304.0,1815.0,34278.4,34477.3,34254.8,34473.3,7404.0
20260304.0,1830.0,34475.3,34507.1,34382.0,34416.9,5058.0
20260304.0,1845.0,34421.0,34473.2,34393.3,34446.6,2264.0
20260304.0,1900.0,34446.6,34477.3,34406.7,34461.0,2124.0
20260304.0,1915.0,34453.8,34524.5,34446.7,34493.8,3628.0
20260304.0,1930.0,34493.8,34521.5,34470.3,34477.4,1586.0
20260304.0,1945.0,34484.6,34494.8,34381.0,34398.4,3248.0
20260304.0,2000.0,34395.3,34430.1,34317.4,34323.5,3980.0
20260304.0,2015.0,34329.7,34427.1,34313.3,34419.9,2678.0
20260304.0,2030.0,34417.9,34419.9,34274.3,34282.5,3818.0
20260304.0,2045.0,34280.4,34409.6,34248.6,34389.2,3918.0
20260304.0,2100.0,34388.1,34489.7,34355.4,34485.6,3566.0
20260304.0,2115.0,34482.5,34583.0,34474.4,34562.6,5234.0
20260304.0,2130.0,34558.4,34572.8,34456.9,34498.9,3070.0
20260304.0,2145.0,34503.0,34553.3,34440.5,34532.8,4038.0
20260304.0,2200.0,34530.7,34549.2,34464.1,34501.0,2348.0
20260304.0,2215.0,34494.8,34526.6,34401.5,34425.1,2586.0
20260304.0,2230.0,34422.0,34512.2,34415.9,34432.3,1890.0
20260304.0,2245.0,34434.3,34534.8,34290.7,34321.4,12050.0
20260304.0,2300.0,34317.3,34445.5,34251.7,34350.2,7344.0
20260304.0,2315.0,34360.4,34452.7,34329.7,34364.5,5816.0
20260304.0,2330.0,34359.4,34654.8,34359.5,34635.4,7140.0
20260304.0,2345.0,34635.4,34661.0,34437.4,34480.5,6064.0
20260305.0,0.0,34484.6,34575.8,34452.8,34565.6,3164.0
20260305.0,15.0,34556.4,34621.0,34443.6,34474.3,3890.0
20260305.0,30.0,34478.4,34509.2,34393.3,34481.5,4006.0
20260305.0,45.0,34482.5,34539.9,34461.0,34529.7,1676.0
20260305.0,100.0,34525.6,34569.7,34511.3,34551.3,1574.0
20260305.0,115.0,34546.1,34591.2,34537.0,34547.2,1066.0
20260305.0,130.0,34547.2,34587.1,34537.0,34541.0,778.0
20260305.0,145.0,34540.0,34628.2,34518.5,34591.3,1164.0
20260305.0,200.0,34596.4,34627.1,34596.5,34613.9,546.0
20260305.0,215.0,34606.7,34627.1,34586.2,34587.2,574.0
20260305.0,230.0,34586.2,34604.6,34556.4,34601.5,512.0
20260305.0,245.0,34604.6,34643.6,34603.6,34629.2,582.0
20260305.0,300.0,34635.4,34642.5,34617.0,34630.3,304.0
20260305.0,315.0,34630.3,34652.8,34627.2,34635.4,444.0
20260305.0,330.0,34634.4,34641.5,34611.9,34625.1,284.0
20260305.0,345.0,34625.1,34722.6,34625.2,34688.7,2034.0
20260305.0,400.0,34688.7,34724.6,34678.5,34700.0,716.0
20260305.0,415.0,34693.9,34704.1,34579.0,34601.5,1352.0
20260305.0,430.0,34599.5,34643.6,34588.3,34639.5,638.0
20260305.0,445.0,34638.5,34647.7,34612.9,34638.5,538.0
20260305.0,500.0,34635.4,34690.8,34598.5,34611.8,1634.0
20260305.0,900.0,34792.4,34887.7,34749.3,34887.8,14776.0
20260305.0,915.0,34888.8,35185.3,34840.6,35152.5,22240.0
20260305.0,930.0,35155.6,35160.7,34941.2,35009.9,14590.0
20260305.0,945.0,35006.8,35083.7,34810.9,34861.1,12842.0
20260305.0,1000.0,34864.2,34929.8,34529.8,34596.4,20780.0
20260305.0,1015.0,34596.4,34617.9,34436.4,34546.1,20100.0
20260305.0,1030.0,34546.1,34614.8,34359.5,34365.6,14140.0
20260305.0,1045.0,34369.7,34636.4,34259.9,34611.8,18094.0
20260305.0,1100.0,34610.8,34809.8,34565.7,34652.8,13074.0
20260305.0,1115.0,34648.7,34713.3,34559.5,34591.3,8926.0
20260305.0,1130.0,34590.3,34647.7,34510.3,34559.5,7200.0
20260305.0,1145.0,34559.5,34559.4,34374.8,34391.2,10490.0
20260305.0,1200.0,34393.3,34460.9,34332.8,34390.2,6980.0
20260305.0,1215.0,34389.2,34447.6,34301.0,34393.3,6928.0
20260305.0,1230.0,34401.5,34541.0,34362.5,34524.6,6748.0
20260305.0,1245.0,34523.6,34610.7,34484.6,34603.6,5682.0
20260305.0,1300.0,34599.5,34662.0,34559.5,34631.3,6008.0
20260305.0,1315.0,34634.4,34638.4,34544.1,34587.2,5262.0
20260305.0,1330.0,34588.2,34609.7,34515.4,34528.7,6454.0
20260305.0,1345.0,34531.8,34588.2,34499.0,34513.3,13308.0
20260305.0,1515.0,34570.8,34624.1,34388.2,34447.6,5788.0
20260305.0,1530.0,34447.6,34505.0,34376.9,34486.6,3150.0
20260305.0,1545.0,34482.5,34484.5,34397.4,34432.3,1692.0
20260305.0,1600.0,34434.3,34441.4,34274.3,34390.2,4700.0
20260305.0,1615.0,34382.0,34385.0,33983.9,33984.9,12822.0
20260305.0,1630.0,33988.0,34108.0,33964.4,33978.8,5778.0
20260305.0,1645.0,33980.8,34056.7,33923.4,34045.5,4436.0
20260305.0,1700.0,34044.4,34222.9,34038.3,34214.7,5912.0
20260305.0,1715.0,34218.8,34677.4,34203.5,34577.9,18590.0
20260305.0,1730.0,34582.0,34621.0,34411.8,34445.6,8094.0
20260305.0,1745.0,34448.7,34519.4,34346.1,34418.9,4872.0
20260305.0,1800.0,34429.2,34508.1,34397.4,34493.8,2944.0
20260305.0,1815.0,34493.8,34576.9,34481.5,34482.5,3686.0
20260305.0,1830.0,34486.6,34538.9,34460.0,34531.8,1992.0
20260305.0,1845.0,34532.8,34535.8,34417.9,34436.4,2626.0
20260305.0,1900.0,34428.1,34518.4,34405.6,34477.4,1882.0
20260305.0,1915.0,34477.4,34600.5,34465.1,34592.3,2516.0
20260305.0,1930.0,34588.2,34607.6,34502.1,34518.4,2318.0
20260305.0,1945.0,34518.4,34537.9,34449.7,34494.8,1538.0
20260305.0,2000.0,34493.8,34514.3,34452.8,34463.0,1174.0
20260305.0,2015.0,34470.2,34480.4,34401.5,34431.2,1936.0
20260305.0,2030.0,34430.2,34527.6,34408.7,34489.7,2534.0
20260305.0,2045.0,34488.7,34498.9,34416.9,34433.3,1666.0
20260305.0,2100.0,34430.2,34460.9,34213.8,34319.4,7044.0
20260305.0,2115.0,34320.4,34321.4,34217.9,34263.0,4326.0
20260305.0,2130.0,34264.0,34353.2,34227.1,34353.3,2722.0
20260305.0,2145.0,34350.2,34364.5,34237.4,34296.8,3386.0
20260305.0,2200.0,34296.8,34339.9,34145.0,34177.8,4656.0
20260305.0,2215.0,34181.9,34232.1,34140.9,34165.5,3664.0
20260305.0,2230.0,34172.7,34226.0,34118.3,34195.2,3100.0
20260305.0,2245.0,34197.3,34452.7,34163.5,34224.0,16974.0
20260305.0,2300.0,34226.0,34525.6,34186.1,34508.2,11518.0
20260305.0,2315.0,34507.1,34570.7,34313.3,34411.7,9422.0
20260305.0,2330.0,34411.7,34411.7,34073.2,34136.8,8162.0
20260305.0,2345.0,34137.8,34247.5,34003.4,34137.8,10214.0
20260306.0,0.0,34130.6,34229.1,34096.8,34157.3,4766.0
20260306.0,15.0,34150.1,34186.0,33952.1,34019.8,7438.0
20260306.0,30.0,34014.7,34056.7,33896.7,33964.4,7686.0
20260306.0,45.0,33963.4,34161.3,33960.3,34090.6,6374.0
20260306.0,100.0,34102.9,34157.2,34060.9,34119.3,2726.0
20260306.0,115.0,34133.7,34255.7,34044.5,34092.6,5404.0
20260306.0,130.0,34093.7,34098.8,33976.8,33985.9,3200.0
20260306.0,145.0,33985.9,34007.4,33756.2,33787.9,9564.0
20260306.0,200.0,33787.9,33878.2,33711.0,33816.7,5102.0
20260306.0,215.0,33809.5,33897.7,33745.9,33845.4,3090.0
20260306.0,230.0,33844.4,33866.9,33673.1,33713.0,3222.0
20260306.0,245.0,33712.0,33892.5,33706.9,33878.2,4082.0
20260306.0,300.0,33874.1,33911.0,33773.6,33880.3,2638.0
20260306.0,315.0,33880.3,33993.1,33846.5,33991.1,3750.0
20260306.0,330.0,33988.0,34020.8,33859.8,33911.0,2356.0
20260306.0,345.0,33906.9,33912.0,33780.8,33889.5,2042.0
20260306.0,400.0,33889.5,33938.7,33811.6,33860.8,1362.0
20260306.0,415.0,33859.7,33960.2,33832.1,33931.6,3012.0
20260306.0,430.0,33933.6,34127.5,33914.2,34008.5,3160.0
20260306.0,445.0,34007.5,34101.8,33999.3,34042.4,1412.0
20260306.0,500.0,34046.5,34174.7,34006.5,34153.2,1654.0
20260306.0,900.0,34227.1,34416.8,34204.5,34270.1,13030.0
20260306.0,915.0,34267.1,34440.4,34161.4,34350.2,17842.0
20260306.0,930.0,34349.1,34430.1,34216.8,34288.6,12280.0
20260306.0,945.0,34292.7,34421.9,34249.7,34339.9,9550.0
20260306.0,1000.0,34345.0,34622.0,34310.2,34483.6,15596.0
20260306.0,1015.0,34481.5,34669.2,34474.4,34662.1,9600.0
20260306.0,1030.0,34659.0,34768.7,34608.8,34750.3,10292.0
20260306.0,1045.0,34753.4,34756.4,34532.8,34583.1,9756.0
20260306.0,1100.0,34587.2,34596.4,34436.4,34458.9,8500.0
20260306.0,1115.0,34458.9,34570.7,34449.7,34458.9,5208.0
20260306.0,1130.0,34455.8,34480.4,34398.4,34412.8,6452.0
20260306.0,1145.0,34418.9,34470.2,34331.8,34468.2,7068.0
20260306.0,1200.0,34466.1,34569.7,34458.0,34565.6,4028.0
20260306.0,1215.0,34566.7,34603.5,34520.5,34526.6,4406.0
20260306.0,1230.0,34525.6,34536.9,34428.2,34445.6,3576.0
20260306.0,1245.0,34442.5,34562.5,34435.4,34509.2,3254.0
20260306.0,1300.0,34508.2,34592.3,34505.1,34521.5,3970.0
20260306.0,1315.0,34521.5,34567.6,34508.2,34536.9,2592.0
20260306.0,1330.0,34537.9,34558.4,34515.4,34550.2,3880.0
20260306.0,1345.0,34549.2,34598.4,34541.1,34580.0,6778.0
20260306.0,1515.0,34585.1,34638.4,34518.5,34547.2,4158.0
20260306.0,1530.0,34546.1,34657.9,34533.9,34616.9,2734.0
20260306.0,1545.0,34616.9,34670.2,34592.4,34645.7,1416.0
20260306.0,1600.0,34645.7,34646.6,34562.6,34610.8,1612.0
20260306.0,1615.0,34608.7,34631.2,34508.2,34516.4,2890.0
20260306.0,1630.0,34524.6,34577.9,34452.8,34460.0,3266.0
20260306.0,1645.0,34470.2,34569.7,34456.9,34568.7,2492.0
20260306.0,1700.0,34565.6,34591.2,34529.8,34539.0,1524.0
20260306.0,1715.0,34539.0,34546.1,34400.5,34416.9,3952.0
20260306.0,1730.0,34412.8,34436.3,34262.0,34284.5,7020.0
20260306.0,1745.0,34285.5,34325.5,34205.6,34258.9,4762.0
20260306.0,1800.0,34259.9,34290.6,34174.8,34247.6,4872.0
20260306.0,1815.0,34241.4,34335.8,34236.3,34253.7,3364.0
20260306.0,1830.0,34260.9,34299.8,34224.0,34256.8,2340.0
20260306.0,1845.0,34261.9,34312.2,34228.1,34237.3,1284.0
20260306.0,1900.0,34233.2,34273.2,34191.2,34254.8,1730.0
20260306.0,1915.0,34247.6,34261.9,34048.6,34151.1,6862.0
20260306.0,1930.0,34151.1,34178.8,34101.9,34152.2,1994.0
20260306.0,1945.0,34155.2,34160.3,33986.0,34007.5,4306.0
20260306.0,2000.0,34001.3,34035.1,33930.6,33972.6,4414.0
20260306.0,2015.0,33976.7,34019.8,33939.8,34009.5,3272.0
20260306.0,2030.0,34012.6,34061.8,33963.4,33969.5,3180.0
20260306.0,2045.0,33971.6,33980.8,33884.4,33943.9,4146.0
20260306.0,2100.0,33936.7,33949.0,33868.0,33916.2,2722.0
20260306.0,2115.0,33912.1,34010.5,33907.0,33953.1,4438.0
20260306.0,2130.0,33952.1,33991.0,33901.9,33976.7,2456.0
20260306.0,2145.0,33991.1,34017.7,33742.8,33791.0,12762.0
20260306.0,2200.0,33789.0,33803.3,33637.2,33643.3,9802.0
20260306.0,2215.0,33643.3,33713.0,33580.7,33674.0,7600.0
20260306.0,2230.0,33674.0,33701.7,33630.0,33686.4,3266.0
20260306.0,2245.0,33686.4,33779.7,33451.5,33581.7,22702.0
20260306.0,2300.0,33577.6,33675.0,33468.9,33556.1,7566.0
20260306.0,2315.0,33553.0,33835.1,33547.9,33789.0,12572.0
20260306.0,2330.0,33783.8,33888.4,33749.0,33819.7,7536.0
20260306.0,2345.0,33817.7,33908.9,33734.6,33792.0,7020.0
20260307.0,0.0,33784.9,33811.5,33615.6,33745.9,6982.0
20260307.0,15.0,33748.9,33848.4,33650.5,33661.7,5308.0
20260307.0,30.0,33661.7,33754.0,33629.0,33705.9,3364.0
20260307.0,45.0,33704.8,33862.8,33679.2,33805.4,3360.0
20260307.0,100.0,33806.4,33867.9,33740.8,33787.9,3166.0
20260307.0,115.0,33785.9,33849.4,33722.3,33726.4,1908.0
20260307.0,130.0,33733.6,33833.0,33694.6,33730.5,2750.0
20260307.0,145.0,33735.6,33742.7,33558.2,33616.6,3516.0
20260307.0,200.0,33616.6,33694.5,33599.2,33631.0,2060.0
20260307.0,215.0,33628.9,33847.4,33624.8,33841.3,2882.0
20260307.0,230.0,33836.2,33887.4,33767.5,33786.9,3484.0
20260307.0,245.0,33777.7,33819.7,33733.6,33796.1,1376.0
20260307.0,300.0,33803.3,33819.7,33719.2,33751.0,1142.0
20260307.0,315.0,33745.9,33804.3,33688.5,33783.8,1846.0
20260307.0,330.0,33774.6,33792.0,33694.6,33786.9,1500.0
20260307.0,345.0,33772.5,33814.6,33737.7,33750.0,1618.0
20260307.0,400.0,33753.0,33768.4,33709.0,33759.2,1402.0
20260307.0,415.0,33759.2,33833.0,33673.1,33696.6,1988.0
20260307.0,430.0,33702.8,33729.4,33507.9,33508.9,2896.0
20260307.0,445.0,33514.0,33636.0,33338.6,33495.5,4978.0
20260307.0,500.0,33499.6,33567.3,33488.4,33522.2,2078.0
20260309.0,900.0,32554.7,32622.4,31933.0,32294.1,32392.0
20260309.0,915.0,32309.5,32677.8,32082.8,32646.0,28444.0
20260309.0,930.0,32643.9,32718.8,32359.8,32370.0,20750.0
20260309.0,945.0,32364.9,32570.0,32308.5,32421.3,13940.0
20260309.0,1000.0,32419.3,32441.8,32227.4,32240.7,13134.0
20260309.0,1015.0,32244.8,32634.7,32221.3,32438.8,14072.0
20260309.0,1030.0,32439.8,32466.4,32308.5,32417.2,8874.0
20260309.0,1045.0,32418.2,32549.5,32299.3,32502.4,8912.0
20260309.0,1100.0,32503.4,32677.8,32457.3,32561.9,9960.0
20260309.0,1115.0,32563.9,32625.4,32504.5,32619.3,6204.0
20260309.0,1130.0,32625.5,32802.9,32564.0,32570.1,11996.0
20260309.0,1145.0,32563.9,32658.3,32500.4,32507.5,6062.0
20260309.0,1200.0,32501.3,32575.2,32479.8,32533.1,5358.0
20260309.0,1215.0,32532.1,32629.5,32532.2,32545.5,4122.0
20260309.0,1230.0,32545.5,32656.2,32532.2,32641.9,3516.0
20260309.0,1245.0,32640.9,32670.6,32546.5,32550.6,4388.0
20260309.0,1300.0,32549.6,32614.1,32535.2,32576.2,3558.0
20260309.0,1315.0,32576.2,32687.0,32542.4,32652.2,6212.0
20260309.0,1330.0,32649.1,32856.3,32583.5,32820.4,13546.0
20260309.0,1345.0,32820.4,32945.5,32585.5,32612.1,21604.0
20260309.0,1515.0,32734.2,32794.7,32581.4,32766.0,5678.0
20260309.0,1530.0,32765.0,32883.0,32689.1,32842.0,3894.0
20260309.0,1545.0,32838.9,32869.6,32787.6,32824.5,2282.0
20260309.0,1600.0,32824.5,32840.9,32735.3,32791.7,2568.0
20260309.0,1615.0,32804.0,32865.5,32742.5,32770.1,3950.0
20260309.0,1630.0,32770.1,32849.1,32651.2,32786.6,3952.0
20260309.0,1645.0,32779.4,32863.5,32759.9,32787.6,2496.0
20260309.0,1700.0,32784.5,32872.7,32764.0,32844.0,1872.0
20260309.0,1715.0,32835.8,32862.4,32772.2,32844.0,2184.0
20260309.0,1730.0,32838.9,33169.2,32834.8,33161.0,7350.0
20260309.0,1745.0,33155.9,33293.4,33084.1,33260.6,5952.0
20260309.0,1800.0,33260.6,33291.3,33111.9,33135.4,3734.0
20260309.0,1815.0,33128.2,33157.9,33016.4,33033.8,2516.0
20260309.0,1830.0,33033.8,33070.7,32945.6,32955.9,2408.0
20260309.0,1845.0,32953.8,33024.5,32882.0,33000.0,2946.0
20260309.0,1900.0,33000.0,32999.9,32897.4,32970.2,1876.0
20260309.0,1915.0,32975.3,33078.9,32970.3,33005.1,1964.0
20260309.0,1930.0,33009.2,33019.4,32947.7,32954.8,1128.0
20260309.0,1945.0,32960.0,33054.3,32937.4,33003.0,1274.0
20260309.0,2000.0,33001.0,33059.4,32992.8,33022.5,960.0
20260309.0,2015.0,33024.6,33165.1,33020.5,33107.7,2374.0
20260309.0,2030.0,33100.5,33154.8,33100.6,33134.4,1296.0
20260309.0,2045.0,33134.4,33147.7,33010.3,33014.3,1798.0
20260309.0,2100.0,33012.3,33065.6,32968.2,33059.5,1748.0
20260309.0,2115.0,33059.5,33167.2,33056.4,33155.9,1784.0
20260309.0,2130.0,33151.8,33165.1,33078.0,33145.7,1934.0
20260309.0,2145.0,33144.6,33242.1,33031.8,33098.5,8004.0
20260309.0,2200.0,33093.3,33148.7,32902.5,33065.6,8000.0
20260309.0,2215.0,33065.6,33177.4,32863.6,32985.6,7868.0
20260309.0,2230.0,32997.9,33138.4,32979.5,33037.9,5764.0
20260309.0,2245.0,33036.9,33262.6,33034.9,33253.4,5862.0
20260309.0,2300.0,33253.4,33332.3,33229.8,33251.3,5988.0
20260309.0,2315.0,33255.4,33388.8,33243.2,33356.0,4680.0
20260309.0,2330.0,33364.2,33447.3,33291.4,33442.2,4252.0
20260309.0,2345.0,33442.2,33442.1,33349.9,33376.5,3054.0
20260310.0,0.0,33377.5,33490.3,33350.9,33428.8,3886.0
20260310.0,15.0,33430.9,33522.1,33424.8,33487.3,3764.0
20260310.0,30.0,33483.2,33601.1,33433.0,33552.0,3932.0
20260310.0,45.0,33552.0,33616.5,33513.0,33599.1,2782.0
20260310.0,100.0,33599.1,33625.8,33588.9,33605.3,1858.0
20260310.0,115.0,33605.3,33605.3,33499.7,33532.5,2134.0
20260310.0,130.0,33531.4,33534.5,33393.0,33424.7,2580.0
20260310.0,145.0,33421.7,33441.1,33366.3,33398.1,1496.0
20260310.0,200.0,33395.0,33509.8,33387.8,33496.5,1576.0
20260310.0,215.0,33493.5,33587.8,33493.5,33570.4,2014.0
20260310.0,230.0,33575.5,33656.6,33546.9,33596.1,2398.0
20260310.0,245.0,33583.8,33612.4,33427.9,33576.6,1454.0
20260310.0,300.0,33573.5,33595.0,33506.9,33519.1,538.0
20260310.0,315.0,33524.2,33580.6,33504.8,33543.7,548.0
20260310.0,330.0,33548.9,34192.1,33542.8,34155.2,7974.0
20260310.0,345.0,34152.2,34401.4,33840.3,34150.1,8438.0
20260310.0,400.0,34135.7,34165.4,33985.0,34147.0,3228.0
20260310.0,415.0,34123.4,34184.9,33960.3,34049.6,1754.0
20260310.0,430.0,34056.7,34133.6,33971.6,34133.7,828.0
20260310.0,445.0,34122.4,34286.5,34096.8,34257.8,1422.0
20260310.0,500.0,34256.8,34314.2,34233.3,34282.5,974.0
20260310.0,900.0,34106.0,34195.2,33877.2,33890.5,17148.0
20260310.0,915.0,33897.7,34010.5,33769.5,33981.8,20726.0
20260310.0,930.0,33977.7,34006.4,33827.0,33879.2,12788.0
20260310.0,945.0,33881.3,33959.2,33788.0,33941.8,9236.0
20260310.0,1000.0,33941.8,34117.2,33898.8,34073.2,11164.0
20260310.0,1015.0,34073.2,34133.6,34006.5,34052.6,8510.0
20260310.0,1030.0,34050.6,34057.7,33951.1,34009.5,4170.0
20260310.0,1045.0,34009.5,34061.8,33908.0,33918.2,9006.0
20260310.0,1100.0,33915.2,33940.8,33624.8,33660.7,12670.0
20260310.0,1115.0,33665.8,33736.6,33568.4,33574.5,8618.0
20260310.0,1130.0,33573.5,33645.3,33473.0,33486.3,10050.0
20260310.0,1145.0,33484.2,33499.6,33295.5,33356.0,13292.0
20260310.0,1200.0,33356.0,33406.2,33215.5,33339.6,12762.0
20260310.0,1215.0,33344.7,33404.2,33249.3,33384.7,7824.0
20260310.0,1230.0,33379.6,33559.1,33363.2,33517.1,9398.0
20260310.0,1245.0,33516.0,33598.1,33437.1,33499.6,7684.0
20260310.0,1300.0,33502.7,33542.7,33428.9,33520.1,4550.0
20260310.0,1315.0,33520.1,33713.0,33512.0,33663.8,8832.0
20260310.0,1330.0,33657.6,33676.0,33580.7,33616.6,6288.0
20260310.0,1345.0,33618.6,33662.7,33516.1,33545.8,18188.0
20260310.0,1515.0,33622.7,33796.1,33565.3,33698.7,6846.0
20260310.0,1530.0,33698.7,33980.8,33694.6,33922.3,6546.0
20260310.0,1545.0,33922.3,34042.3,33891.6,33995.2,4716.0
20260310.0,1600.0,34000.3,34056.7,33965.5,34041.3,3338.0
20260310.0,1615.0,34038.3,34121.3,34007.5,34071.1,5238.0
20260310.0,1630.0,34072.1,34147.0,34026.0,34122.4,3222.0
20260310.0,1645.0,34125.5,34184.9,34110.1,34145.0,3412.0
20260310.0,1700.0,34146.0,34161.3,34041.4,34059.8,3428.0
20260310.0,1715.0,34060.8,34174.7,34038.3,34155.2,2956.0
20260310.0,1730.0,34155.2,34160.3,34078.3,34112.1,2100.0
20260310.0,1745.0,34118.3,34148.0,34096.8,34124.5,1432.0
20260310.0,1800.0,34122.4,34122.4,33996.3,34029.0,2826.0
20260310.0,1815.0,34024.9,34035.1,33965.5,33985.9,2516.0
20260310.0,1830.0,33985.9,34055.7,33934.7,34050.6,2690.0
20260310.0,1845.0,34053.7,34069.0,33866.0,33903.9,4460.0
20260310.0,1900.0,33909.0,33964.3,33832.1,33948.0,3326.0
20260310.0,1915.0,33947.0,34066.9,33876.2,33885.4,4538.0
20260310.0,1930.0,33878.2,33933.6,33820.8,33909.0,2376.0
20260310.0,1945.0,33914.1,33918.2,33793.1,33820.8,2296.0
20260310.0,2000.0,33825.9,33839.2,33756.2,33758.2,2490.0
20260310.0,2015.0,33763.3,33769.4,33611.5,33682.3,5988.0
20260310.0,2030.0,33683.3,33736.6,33634.1,33697.6,3194.0
20260310.0,2045.0,33695.6,33837.1,33643.3,33809.5,4252.0
20260310.0,2100.0,33806.4,33897.7,33794.1,33804.3,3206.0
20260310.0,2115.0,33806.4,33873.0,33800.3,33822.8,1690.0
20260310.0,2130.0,33825.9,33877.1,33804.4,33836.2,1614.0
20260310.0,2145.0,33834.1,33922.3,33671.0,33792.0,9232.0
20260310.0,2200.0,33787.9,33868.9,33710.0,33750.0,5480.0
20260310.0,2215.0,33754.1,33836.1,33561.2,33658.7,9538.0
20260310.0,2230.0,33656.6,34050.5,33609.5,33947.0,10856.0
20260310.0,2245.0,33943.9,34087.5,33940.9,34080.3,7368.0
20260310.0,2300.0,34079.3,34221.9,34021.9,34198.3,8540.0
20260310.0,2315.0,34196.3,34273.2,34136.8,34138.8,6654.0
20260310.0,2330.0,34139.8,34223.9,34122.5,34180.9,3972.0
20260310.0,2345.0,34180.9,34265.0,34145.0,34221.9,3180.0
20260311.0,0.0,34219.9,34236.2,34151.2,34195.2,2474.0
20260311.0,15.0,34195.2,34199.3,33985.0,34064.9,6768.0
20260311.0,30.0,34063.9,34171.6,34042.4,34107.0,3050.0
20260311.0,45.0,34107.0,34208.5,34107.1,34162.4,2316.0
20260311.0,100.0,34158.3,34210.6,34077.3,34191.1,1868.0
20260311.0,115.0,34182.9,34350.1,34175.8,34273.2,4224.0
20260311.0,130.0,34277.3,34369.6,34269.2,34359.4,1930.0
20260311.0,145.0,34356.3,34367.6,34128.6,34204.5,3712.0
20260311.0,200.0,34207.6,34339.9,34186.1,34320.4,2392.0
20260311.0,215.0,34323.5,34330.6,34096.8,34115.2,2616.0
20260311.0,230.0,34119.3,34125.4,33873.1,34032.1,7170.0
20260311.0,245.0,34038.3,34074.1,33936.7,33983.9,2808.0
20260311.0,300.0,33978.8,34045.4,33935.7,33949.0,1644.0
20260311.0,315.0,33951.1,34023.9,33919.3,34015.7,1620.0
20260311.0,330.0,34021.9,34065.9,33909.0,33909.0,1962.0
20260311.0,345.0,33912.1,34028.0,33819.8,33888.5,3048.0
20260311.0,400.0,33894.6,33914.1,33842.4,33899.8,1702.0
20260311.0,415.0,33904.9,33935.6,33856.7,33935.7,946.0
20260311.0,430.0,33925.4,33969.5,33904.9,33963.4,466.0
20260311.0,445.0,33957.2,33967.4,33934.7,33948.0,312.0
20260311.0,500.0,33948.0,33965.4,33942.9,33965.4,398.0
20260311.0,900.0,34207.6,34331.7,34153.2,34232.2,11682.0
20260311.0,915.0,34230.1,34435.3,34141.9,34431.2,16900.0
20260311.0,930.0,34432.3,34559.4,34422.0,34502.0,15384.0
20260311.0,945.0,34498.9,34573.8,34432.3,34552.3,8866.0
20260311.0,1000.0,34555.4,34585.1,34486.7,34558.4,5412.0
20260311.0,1015.0,34555.4,34579.9,34448.7,34521.5,6098.0
20260311.0,1030.0,34520.5,34733.8,34519.5,34687.7,10792.0
20260311.0,1045.0,34687.7,34723.6,34632.4,34719.5,5290.0
20260311.0,1100.0,34721.6,34842.6,34706.2,34825.2,7644.0
20260311.0,1115.0,34825.2,34943.1,34812.9,34941.1,6154.0
20260311.0,1130.0,34942.2,34945.2,34834.5,34877.5,6146.0
20260311.0,1145.0,34877.5,35073.4,34869.4,35000.7,9588.0
20260311.0,1200.0,35001.7,35066.3,34994.5,35037.6,3436.0
20260311.0,1215.0,35042.7,35042.7,34997.6,35035.5,3010.0
20260311.0,1230.0,35036.6,35066.3,35025.3,35027.3,3244.0
20260311.0,1245.0,35026.3,35045.7,35003.8,35017.1,3548.0
20260311.0,1300.0,35014.0,35030.4,34989.4,35013.0,3036.0
20260311.0,1315.0,35013.0,35042.7,34861.2,34909.3,9106.0
20260311.0,1330.0,34911.4,34960.6,34868.3,34935.0,7352.0
20260311.0,1345.0,34938.1,34958.5,34864.2,34868.3,17342.0
20260311.0,1515.0,34824.2,34826.2,34637.5,34759.5,6686.0
20260311.0,1530.0,34764.7,34767.7,34641.6,34669.3,2956.0
20260311.0,1545.0,34672.3,34681.5,34548.2,34603.6,5128.0
20260311.0,1600.0,34600.5,34712.3,34580.0,34649.8,3922.0
20260311.0,1615.0,34656.9,34708.2,34632.4,34702.1,3150.0
20260311.0,1630.0,34700.0,34715.4,34630.3,34649.8,2020.0
20260311.0,1645.0,34648.7,34684.6,34581.1,34635.4,2560.0
20260311.0,1700.0,34636.4,34652.8,34504.1,34576.9,4842.0
20260311.0,1715.0,34574.9,34581.0,34447.7,34475.3,4048.0
20260311.0,1730.0,34474.3,34548.1,34428.2,34431.2,2914.0
20260311.0,1745.0,34431.2,34494.8,34416.9,34462.0,2428.0
20260311.0,1800.0,34463.0,34503.0,34386.1,34409.7,2750.0
20260311.0,1815.0,34406.6,34597.4,34399.5,34583.1,4518.0
20260311.0,1830.0,34585.1,34638.4,34583.1,34618.0,2982.0
20260311.0,1845.0,34620.0,34746.2,34606.7,34733.9,3932.0
20260311.0,1900.0,34733.9,34745.1,34682.6,34693.9,1686.0
20260311.0,1915.0,34692.9,34727.7,34627.2,34672.3,2484.0
20260311.0,1930.0,34674.4,34697.9,34514.4,34536.9,3190.0
20260311.0,1945.0,34535.9,34608.7,34530.8,34554.3,1846.0
20260311.0,2000.0,34555.4,34567.6,34470.3,34496.9,3956.0
20260311.0,2015.0,34503.0,34553.3,34476.4,34531.8,1740.0
20260311.0,2030.0,34534.9,34632.3,34516.4,34624.1,2704.0
20260311.0,2045.0,34625.1,34680.5,34427.2,34466.1,5266.0
20260311.0,2100.0,34462.0,34497.9,34412.8,34484.6,2902.0
20260311.0,2115.0,34489.7,34561.5,34482.6,34491.8,2902.0
20260311.0,2130.0,34497.9,34582.0,34492.8,34582.0,1854.0
20260311.0,2145.0,34584.1,34704.1,34507.2,34586.2,8464.0
20260311.0,2200.0,34588.2,34721.5,34535.9,34697.0,6288.0
20260311.0,2215.0,34692.9,34812.8,34661.1,34787.2,9574.0
20260311.0,2230.0,34788.3,34805.7,34627.2,34709.3,6534.0
20260311.0,2245.0,34710.3,34801.6,34638.5,34789.3,4900.0
20260311.0,2300.0,34791.3,34877.5,34761.6,34857.0,7190.0
20260311.0,2315.0,34857.0,34889.8,34687.8,34718.5,5310.0
20260311.0,2330.0,34720.6,34742.1,34614.9,34621.0,4472.0
20260311.0,2345.0,34624.1,34663.0,34561.6,34587.2,4204.0
20260312.0,0.0,34584.1,34644.6,34543.1,34573.8,3508.0
20260312.0,15.0,34572.8,34606.6,34491.8,34601.5,4170.0
20260312.0,30.0,34607.7,34613.8,34532.8,34595.4,2456.0
20260312.0,45.0,34596.4,34699.0,34591.3,34654.9,3948.0
20260312.0,100.0,34647.7,34707.2,34641.6,34707.2,1722.0
20260312.0,115.0,34706.2,34734.9,34652.9,34658.0,1794.0
20260312.0,130.0,34659.0,34712.3,34608.8,34691.8,1304.0
20260312.0,145.0,34695.9,34704.1,34464.1,34584.1,3076.0
20260312.0,200.0,34575.9,34642.5,34531.8,34579.0,1154.0
20260312.0,215.0,34584.1,34589.2,34453.8,34514.3,1664.0
20260312.0,230.0,34512.3,34572.8,34489.8,34558.4,1448.0
20260312.0,245.0,34564.6,34606.6,34557.5,34586.2,888.0
20260312.0,300.0,34587.2,34622.0,34551.3,34586.2,582.0
20260312.0,315.0,34588.2,34591.2,34540.0,34558.4,524.0
20260312.0,330.0,34551.3,34622.0,34551.3,34598.5,284.0
20260312.0,345.0,34603.6,34711.3,34588.3,34710.3,1214.0
20260312.0,400.0,34710.3,34718.5,34660.1,34679.5,656.0
20260312.0,415.0,34685.7,34696.9,34602.6,34625.1,652.0
20260312.0,430.0,34623.1,34662.0,34623.1,34660.0,128.0
20260312.0,445.0,34662.1,34676.4,34646.7,34647.7,220.0
20260312.0,500.0,34652.8,34653.8,34579.0,34583.1,634.0
20260312.0,900.0,34553.3,34553.3,34340.0,34478.4,14908.0
20260312.0,915.0,34476.4,34592.3,34438.5,34491.8,13130.0
20260312.0,930.0,34491.8,34697.9,34480.5,34691.8,10912.0
20260312.0,945.0,34686.7,34821.1,34668.3,34744.2,11396.0
20260312.0,1000.0,34744.2,34779.0,34517.5,34588.2,11900.0
20260312.0,1015.0,34586.2,34587.1,34460.0,34471.2,8366.0
20260312.0,1030.0,34474.3,34547.1,34425.1,34481.5,7472.0
20260312.0,1045.0,34481.5,34500.9,34216.8,34264.0,16112.0
20260312.0,1100.0,34264.0,34345.0,34192.2,34317.3,10046.0
20260312.0,1115.0,34315.3,34415.8,34296.9,34346.1,7072.0
20260312.0,1130.0,34347.1,34419.9,34342.0,34366.6,4122.0
20260312.0,1145.0,34367.6,34379.9,34290.7,34331.7,4226.0
20260312.0,1200.0,34332.7,34404.5,34317.4,34378.9,3472.0
20260312.0,1215.0,34377.9,34407.6,34296.9,34355.3,3832.0
20260312.0,1230.0,34355.3,34454.8,34332.8,34442.5,3782.0
20260312.0,1245.0,34437.4,34450.7,34273.3,34277.3,5676.0
20260312.0,1300.0,34280.4,34335.8,34268.1,34297.8,3252.0
20260312.0,1315.0,34297.8,34404.5,34292.8,34386.1,5032.0
20260312.0,1330.0,34390.2,34405.5,34330.7,34348.1,4474.0
20260312.0,1345.0,34348.1,34416.8,34319.4,34401.5,9618.0
20260312.0,1515.0,34504.1,34677.4,34503.1,34568.7,6376.0
20260312.0,1530.0,34566.7,34609.7,34554.4,34582.0,1710.0
20260312.0,1545.0,34580.0,34582.0,34478.5,34525.6,2640.0
20260312.0,1600.0,34521.5,34600.5,34482.6,34599.5,2150.0
20260312.0,1615.0,34600.5,34629.2,34561.6,34567.7,2274.0
20260312.0,1630.0,34571.8,34605.6,34533.9,34540.0,1630.0
20260312.0,1645.0,34535.9,34568.7,34486.7,34549.2,1448.0
20260312.0,1700.0,34553.3,34596.4,34527.7,34571.8,1346.0
20260312.0,1715.0,34574.9,34588.2,34490.8,34497.9,1188.0
20260312.0,1730.0,34496.9,34544.0,34456.9,34539.0,1910.0
20260312.0,1745.0,34544.1,34655.9,34520.5,34640.5,2532.0
20260312.0,1800.0,34645.7,34707.2,34608.8,34701.1,2966.0
20260312.0,1815.0,34704.1,34719.5,34660.1,34685.7,2346.0
20260312.0,1830.0,34683.6,34684.6,34640.6,34652.8,804.0
20260312.0,1845.0,34656.9,34696.9,34644.7,34655.9,982.0
20260312.0,1900.0,34651.8,34677.4,34613.9,34645.7,986.0
20260312.0,1915.0,34640.5,34646.6,34592.4,34592.3,1192.0
20260312.0,1930.0,34596.4,34654.8,34595.4,34652.8,964.0
20260312.0,1945.0,34654.9,34701.0,34654.9,34680.5,1314.0
20260312.0,2000.0,34674.4,34682.5,34566.7,34571.8,1862.0
20260312.0,2015.0,34581.0,34590.2,34494.9,34541.0,2670.0
20260312.0,2030.0,34545.1,34575.8,34525.7,34566.7,1086.0
20260312.0,2045.0,34566.7,34571.7,34509.3,34528.7,1538.0
20260312.0,2100.0,34529.7,34533.8,34464.1,34503.0,1878.0
20260312.0,2115.0,34510.2,34558.4,34450.8,34454.8,1878.0
20260312.0,2130.0,34453.8,34465.0,34104.0,34257.8,11382.0
20260312.0,2145.0,34257.8,34341.9,34118.3,34127.5,9828.0
20260312.0,2200.0,34124.5,34124.4,33862.9,33889.5,15504.0
20260312.0,2215.0,33895.7,34022.8,33871.1,33936.7,10192.0
20260312.0,2230.0,33935.7,33946.9,33637.2,33652.5,12218.0
20260312.0,2245.0,33649.4,33706.8,33564.3,33674.0,10352.0
20260312.0,2300.0,33667.9,33784.8,33535.6,33583.8,10548.0
20260312.0,2315.0,33581.7,33612.4,33404.3,33463.7,8388.0
20260312.0,2330.0,33457.6,33637.1,33421.7,33593.0,7632.0
20260312.0,2345.0,33589.9,33726.3,33520.2,33661.7,9908.0
20260313.0,0.0,33665.8,33693.5,33590.0,33646.3,4684.0
20260313.0,15.0,33649.4,33690.4,33490.4,33596.1,5496.0
20260313.0,30.0,33601.2,33701.7,33571.5,33583.8,4160.0
20260313.0,45.0,33584.8,33685.3,33562.3,33662.8,3034.0
20260313.0,100.0,33659.7,33671.9,33571.5,33608.4,2250.0
20260313.0,115.0,33602.2,33659.6,33580.7,33592.0,1890.0
20260313.0,130.0,33579.7,33625.8,33558.2,33573.5,1598.0
20260313.0,145.0,33570.4,33628.9,33564.3,33564.3,1250.0
20260313.0,200.0,33567.3,33574.5,33481.2,33527.3,1700.0
20260313.0,215.0,33529.4,33605.3,33522.2,33587.9,1166.0
20260313.0,230.0,33589.9,33603.2,33515.1,33531.4,652.0
20260313.0,245.0,33532.5,33544.7,33439.1,33459.6,1394.0
20260313.0,300.0,33463.7,33501.6,33429.9,33435.0,1174.0
20260313.0,315.0,33435.0,33476.0,33349.9,33455.5,3610.0
20260313.0,330.0,33458.6,33561.1,33458.6,33558.1,1566.0
20260313.0,345.0,33554.0,33648.3,33507.9,33545.8,2596.0
20260313.0,400.0,33539.6,33548.8,33426.8,33440.1,1408.0
20260313.0,415.0,33438.1,33499.6,33369.4,33377.5,1264.0
20260313.0,430.0,33378.6,33411.3,33327.3,33381.6,1384.0
20260313.0,445.0,33383.7,33405.2,33354.0,33364.2,606.0
20260313.0,500.0,33363.2,33377.5,33285.2,33285.2,1568.0
20260313.0,900.0,33513.0,33740.7,33512.0,33724.3,12818.0
20260313.0,915.0,33720.2,34004.4,33709.0,33924.4,22732.0
20260313.0,930.0,33924.4,34120.3,33922.4,34058.8,12708.0
20260313.0,945.0,34058.8,34189.0,33945.0,33996.2,14122.0
20260313.0,1000.0,33997.2,34177.8,33887.5,34177.8,14270.0
20260313.0,1015.0,34173.7,34389.1,34168.6,34270.1,16146.0
20260313.0,1030.0,34269.1,34285.5,34082.4,34097.8,10290.0
20260313.0,1045.0,34103.9,34219.8,34091.7,34121.4,5544.0
20260313.0,1100.0,34123.4,34237.3,34114.2,34191.1,4374.0
20260313.0,1115.0,34188.1,34300.9,34163.5,34178.8,5464.0
20260313.0,1130.0,34176.8,34208.5,34123.5,34170.6,4590.0
20260313.0,1145.0,34168.6,34204.4,34098.9,34193.2,4934.0
20260313.0,1200.0,34189.1,34263.9,34189.1,34219.9,3458.0
20260313.0,1215.0,34219.9,34229.1,34155.3,34155.2,3188.0
20260313.0,1230.0,34159.3,34172.6,34019.9,34038.3,7296.0
20260313.0,1245.0,34040.3,34116.2,33994.2,34116.2,6942.0
20260313.0,1300.0,34113.2,34171.6,34082.4,34126.5,4638.0
20260313.0,1315.0,34123.4,34156.2,34065.0,34079.3,4664.0
20260313.0,1330.0,34079.3,34188.0,34070.1,34171.7,6740.0
20260313.0,1345.0,34171.7,34220.8,34154.3,34180.9,8888.0
20260313.0,1515.0,33871.0,33973.6,33774.6,33810.5,6930.0
20260313.0,1530.0,33801.3,33803.3,33651.5,33755.1,6266.0
20260313.0,1545.0,33756.1,33801.2,33706.9,33711.0,2742.0
20260313.0,1600.0,33718.2,33742.7,33605.4,33688.4,3050.0
20260313.0,1615.0,33684.3,33688.4,33541.7,33581.7,4060.0
20260313.0,1630.0,33579.7,33612.4,33529.4,33596.1,3210.0
20260313.0,1645.0,33596.1,33761.2,33591.0,33701.7,4940.0
20260313.0,1700.0,33702.8,33870.0,33676.1,33790.0,5972.0
20260313.0,1715.0,33791.0,33935.6,33742.8,33778.7,5282.0
20260313.0,1730.0,33779.7,33831.0,33753.1,33810.5,1674.0
20260313.0,1745.0,33819.7,33821.7,33742.8,33807.4,1404.0
20260313.0,1800.0,33802.3,33900.7,33792.1,33827.9,2576.0
20260313.0,1815.0,33829.0,34001.3,33816.7,33988.0,4504.0
20260313.0,1830.0,33991.1,34059.8,33945.0,33972.6,3078.0
20260313.0,1845.0,33970.6,33975.6,33919.3,33938.8,1548.0
20260313.0,1900.0,33938.8,34107.0,33924.4,34103.9,4032.0
20260313.0,1915.0,34106.0,34139.8,34012.7,34043.4,3306.0
20260313.0,1930.0,34035.2,34134.7,34022.9,34060.8,1608.0
20260313.0,1945.0,34060.8,34091.6,34036.3,34091.6,1140.0
20260313.0,2000.0,34092.6,34111.1,34042.4,34095.7,1082.0
20260313.0,2015.0,34097.8,34132.6,34000.4,34051.6,2216.0
20260313.0,2030.0,34050.6,34096.7,33964.4,34067.0,2260.0
20260313.0,2045.0,34071.1,34114.1,34011.6,34077.3,1652.0
20260313.0,2100.0,34077.3,34278.3,34077.3,34273.2,7298.0
20260313.0,2115.0,34274.2,34336.8,34170.7,34248.6,4358.0
20260313.0,2130.0,34254.8,34310.1,34232.2,34297.8,2042.0
20260313.0,2145.0,34289.6,34478.4,34223.0,34478.4,8974.0
20260313.0,2200.0,34476.4,34537.9,34335.9,34350.2,8414.0
20260313.0,2215.0,34360.4,34407.6,34224.0,34247.6,6466.0
20260313.0,2230.0,34249.6,34261.9,34086.5,34192.2,9588.0
20260313.0,2245.0,34194.2,34306.0,34013.7,34017.8,8478.0
20260313.0,2300.0,34026.0,34042.3,33862.9,33886.4,9614.0
20260313.0,2315.0,33888.5,34134.7,33870.1,34096.8,7928.0
20260313.0,2330.0,34097.8,34105.9,33902.9,33940.8,5448.0
20260313.0,2345.0,33948.0,34016.7,33683.3,33748.9,9056.0
20260314.0,0.0,33746.9,33925.4,33708.0,33765.4,6908.0
20260314.0,15.0,33774.6,33900.7,33761.3,33824.9,5100.0
20260314.0,30.0,33834.1,33852.5,33760.3,33818.7,3264.0
20260314.0,45.0,33817.7,33957.2,33806.4,33862.8,4298.0
20260314.0,100.0,33863.9,33908.9,33777.7,33786.9,2516.0
20260314.0,115.0,33787.9,33891.5,33781.8,33889.5,1818.0
20260314.0,130.0,33890.5,33924.3,33856.7,33889.5,1762.0
20260314.0,145.0,33902.8,33917.2,33828.0,33870.0,1446.0
20260314.0,200.0,33868.0,33898.7,33698.7,33705.9,3652.0
20260314.0,215.0,33716.1,33743.8,33666.9,33717.1,2162.0
20260314.0,230.0,33723.3,33754.0,33653.6,33753.0,1840.0
20260314.0,245.0,33752.0,33908.9,33733.6,33865.9,4672.0
20260314.0,300.0,33857.7,33883.3,33817.7,33837.2,1980.0
20260314.0,315.0,33844.4,33850.5,33789.0,33811.5,756.0
20260314.0,330.0,33817.7,33824.8,33675.1,33688.4,1758.0
20260314.0,345.0,33685.3,33708.9,33616.6,33675.1,2012.0
20260314.0,400.0,33676.1,33800.2,33652.5,33799.2,1228.0
20260314.0,415.0,33793.1,33802.2,33684.4,33703.8,1184.0
20260314.0,430.0,33703.8,33741.7,33697.7,33732.5,396.0
20260314.0,445.0,33732.5,33770.4,33720.3,33737.7,314.0
20260314.0,500.0,33729.4,33733.5,33666.9,33667.9,650.0
20260316.0,900.0,34329.7,34486.6,34320.5,34453.8,16008.0
20260316.0,915.0,34451.7,34599.4,34068.1,34201.4,25196.0
20260316.0,930.0,34200.4,34255.7,33999.3,34012.6,16840.0
20260316.0,945.0,34012.6,34155.2,33936.7,34095.7,15282.0
20260316.0,1000.0,34090.6,34325.5,34075.3,34292.7,15370.0
20260316.0,1015.0,34293.7,34337.8,34194.3,34290.7,15280.0
20260316.0,1030.0,34291.7,34302.9,34129.6,34222.9,10852.0
20260316.0,1045.0,34222.9,34228.0,34074.2,34097.8,14446.0
20260316.0,1100.0,34094.7,34210.6,34087.6,34141.9,14136.0
20260316.0,1115.0,34141.9,34209.6,34121.4,34207.6,8180.0
20260316.0,1130.0,34207.6,34252.7,34140.9,34231.2,9978.0
20260316.0,1145.0,34231.2,34413.7,34228.1,34406.6,14168.0
20260316.0,1200.0,34406.6,34440.4,34317.4,34334.8,11498.0
20260316.0,1215.0,34334.8,34369.6,34322.5,34358.4,8032.0
20260316.0,1230.0,34356.3,34386.0,34278.4,34285.5,10682.0
20260316.0,1245.0,34285.5,34289.6,34151.2,34167.5,13726.0
20260316.0,1300.0,34168.6,34170.6,34115.3,34117.3,11992.0
20260316.0,1315.0,34117.3,34184.9,34117.3,34157.3,12350.0
20260316.0,1330.0,34157.3,34162.4,34086.5,34127.5,14192.0
20260316.0,1345.0,34127.5,34150.1,34082.4,34114.2,9668.0
20260316.0,1515.0,34237.3,34301.9,34148.1,34148.1,3468.0
20260316.0,1530.0,34148.1,34183.9,33983.9,34018.8,3336.0
20260316.0,1545.0,34021.9,34050.5,33960.3,33993.1,3148.0
20260316.0,1600.0,33993.1,34081.3,33978.8,34068.0,1630.0
20260316.0,1615.0,34064.9,34210.6,34053.7,34101.9,4134.0
20260316.0,1630.0,34098.8,34158.3,34057.8,34102.9,2184.0
20260316.0,1645.0,34119.3,34154.2,34062.9,34066.0,1146.0
20260316.0,1700.0,34070.1,34151.1,34043.5,34135.7,1374.0
20260316.0,1715.0,34136.8,34179.8,34064.0,34147.0,1356.0
20260316.0,1730.0,34145.0,34163.4,34106.0,34132.7,808.0
20260316.0,1745.0,34128.6,34133.6,34073.2,34098.8,934.0
20260316.0,1800.0,34099.8,34163.4,34085.5,34110.1,1188.0
20260316.0,1815.0,34113.2,34207.5,34107.1,34206.5,1436.0
20260316.0,1830.0,34202.4,34266.0,34184.0,34243.5,1814.0
20260316.0,1845.0,34244.5,34256.8,34198.4,34198.3,1274.0
20260316.0,1900.0,34198.3,34325.5,34180.9,34323.5,2408.0
20260316.0,1915.0,34313.2,34321.4,34257.9,34284.5,1250.0
20260316.0,1930.0,34288.6,34311.1,34258.9,34267.1,994.0
20260316.0,1945.0,34268.1,34355.3,34267.1,34343.0,1290.0
20260316.0,2000.0,34345.0,34352.2,34310.2,34334.8,746.0
20260316.0,2015.0,34336.8,34426.0,34336.9,34412.8,1962.0
20260316.0,2030.0,34413.8,34468.1,34405.6,34460.0,1662.0
20260316.0,2045.0,34464.1,34513.3,34453.8,34501.0,2218.0
20260316.0,2100.0,34498.9,34527.6,34426.1,34442.5,2380.0
20260316.0,2115.0,34441.5,34478.4,34440.5,34450.7,1120.0
20260316.0,2130.0,34453.8,34464.0,34355.4,34403.5,2434.0
20260316.0,2145.0,34399.4,34579.9,34392.3,34513.3,6476.0
20260316.0,2200.0,34516.4,34682.5,34515.4,34671.3,7766.0
20260316.0,2215.0,34672.3,34706.1,34607.7,34644.6,4762.0
20260316.0,2230.0,34642.6,34676.4,34582.1,34585.1,2320.0
20260316.0,2245.0,34587.2,34602.5,34417.9,34476.4,6650.0
20260316.0,2300.0,34476.4,34609.7,34444.6,34608.7,4902.0
20260316.0,2315.0,34607.7,34611.8,34524.6,34592.3,3002.0
20260316.0,2330.0,34596.4,34627.1,34559.5,34604.6,2010.0
20260316.0,2345.0,34603.6,34633.3,34565.7,34571.8,2068.0
20260317.0,0.0,34567.7,34593.3,34508.2,34514.3,2142.0
20260317.0,15.0,34511.3,34565.6,34493.9,34535.9,1676.0
20260317.0,30.0,34531.8,34561.5,34451.8,34466.1,2472.0
20260317.0,45.0,34463.0,34543.0,34439.5,34510.2,2158.0
20260317.0,100.0,34511.3,34530.7,34481.5,34500.0,1010.0
20260317.0,115.0,34503.0,34586.1,34495.9,34567.7,1994.0
20260317.0,130.0,34565.6,34575.8,34539.0,34545.1,572.0
20260317.0,145.0,34548.2,34558.4,34504.1,34509.2,692.0
20260317.0,200.0,34512.3,34529.7,34462.1,34514.3,830.0
20260317.0,215.0,34526.6,34596.4,34523.6,34567.7,1120.0
20260317.0,230.0,34566.7,34622.0,34563.6,34610.8,918.0
20260317.0,245.0,34614.9,34627.1,34582.1,34627.2,440.0
20260317.0,300.0,34627.2,34630.2,34579.0,34580.0,406.0
20260317.0,315.0,34588.2,34769.8,34554.4,34611.8,3970.0
20260317.0,330.0,34611.8,34635.3,34513.4,34529.7,1922.0
20260317.0,345.0,34531.8,34563.5,34493.9,34507.1,806.0
20260317.0,400.0,34514.3,34616.9,34490.8,34596.4,1170.0
20260317.0,415.0,34600.5,34600.5,34415.9,34566.7,2052.0
20260317.0,430.0,34563.6,34565.6,34526.7,34555.4,246.0
20260317.0,445.0,34557.4,34577.9,34539.0,34557.4,502.0
20260317.0,500.0,34557.4,34567.6,34529.8,34560.5,440.0
20260317.0,900.0,34489.7,34674.3,34466.2,34520.5,13724.0
20260317.0,915.0,34520.5,34735.9,34514.4,34618.0,15444.0
20260317.0,930.0,34619.0,34711.3,34584.1,34711.3,8556.0
20260317.0,945.0,34710.3,34901.1,34691.9,34721.6,16848.0
20260317.0,1000.0,34721.6,34815.9,34596.5,34812.9,11868.0
20260317.0,1015.0,34813.9,34832.3,34708.3,34747.2,7062.0
20260317.0,1030.0,34741.1,34778.0,34678.5,34744.2,6716.0
20260317.0,1045.0,34744.2,34793.4,34699.1,34717.5,7318.0
20260317.0,1100.0,34719.5,34737.9,34578.0,34581.0,8976.0
20260317.0,1115.0,34581.0,34666.1,34565.7,34665.2,9408.0
20260317.0,1130.0,34665.2,34765.6,34662.1,34731.8,6844.0
20260317.0,1145.0,34737.0,34760.5,34606.7,34624.1,8820.0
20260317.0,1200.0,34624.1,34658.9,34582.1,34640.5,6424.0
20260317.0,1215.0,34640.5,34673.3,34624.2,34627.2,7284.0
20260317.0,1230.0,34627.2,34689.7,34611.9,34644.6,7778.0
20260317.0,1245.0,34645.7,34680.5,34602.6,34644.6,9900.0
20260317.0,1300.0,34644.6,34711.3,34640.6,34687.7,10834.0
20260317.0,1315.0,34686.7,34712.3,34661.1,34688.7,9772.0
20260317.0,1330.0,34688.7,34744.1,34682.6,34682.6,10786.0
20260317.0,1345.0,34682.6,34726.7,34671.4,34673.4,8916.0
20260317.0,1515.0,34487.7,34533.8,34372.8,34523.6,6404.0
20260317.0,1530.0,34521.5,34612.8,34499.0,34605.6,2220.0
20260317.0,1545.0,34602.6,34658.9,34584.1,34595.4,1592.0
20260317.0,1600.0,34592.3,34601.5,34558.5,34594.4,1306.0
20260317.0,1615.0,34594.4,34633.3,34531.8,34544.1,2068.0
20260317.0,1630.0,34548.2,34587.1,34527.7,34527.7,1124.0
20260317.0,1645.0,34544.1,34596.4,34498.0,34586.2,1366.0
20260317.0,1700.0,34582.0,34602.5,34525.7,34563.6,840.0
20260317.0,1715.0,34564.6,34608.7,34563.6,34594.4,928.0
20260317.0,1730.0,34588.2,34689.7,34566.7,34672.3,2072.0
20260317.0,1745.0,34672.3,34716.4,34660.1,34699.0,1620.0
20260317.0,1800.0,34699.0,34711.3,34671.4,34703.1,820.0
20260317.0,1815.0,34704.1,34704.1,34651.9,34656.9,1048.0
20260317.0,1830.0,34653.9,34653.8,34604.7,34635.4,1302.0
20260317.0,1845.0,34634.4,34670.2,34623.1,34652.8,690.0
20260317.0,1900.0,34652.8,34671.3,34621.1,34667.2,672.0
20260317.0,1915.0,34662.1,34701.0,34659.0,34679.5,1012.0
20260317.0,1930.0,34679.5,34720.5,34664.2,34688.7,1016.0
20260317.0,1945.0,34683.6,34699.0,34663.1,34676.4,516.0
20260317.0,2000.0,34681.6,34695.9,34653.9,34662.1,772.0
20260317.0,2015.0,34666.2,34779.0,34661.1,34772.9,1916.0
20260317.0,2030.0,34772.9,34847.7,34755.5,34842.6,1890.0
20260317.0,2045.0,34843.7,34885.7,34839.6,34863.2,1900.0
20260317.0,2100.0,34860.1,34881.6,34832.4,34878.6,1102.0
20260317.0,2115.0,34876.5,34973.9,34876.6,34956.5,3048.0
20260317.0,2130.0,34955.5,35027.3,34940.2,34995.5,2438.0
20260317.0,2145.0,34997.6,35019.1,34918.6,34958.6,4898.0
20260317.0,2200.0,34955.5,35037.5,34950.4,35034.5,3560.0
20260317.0,2215.0,35031.4,35056.0,34960.7,34974.0,3776.0
20260317.0,2230.0,34972.9,35007.8,34928.9,34974.0,2776.0
20260317.0,2245.0,34975.0,35039.6,34947.3,35022.2,2256.0
20260317.0,2300.0,35017.1,35104.2,35015.1,35101.2,3832.0
20260317.0,2315.0,35096.1,35114.5,34963.8,34979.1,4254.0
20260317.0,2330.0,34978.1,35016.0,34897.1,34898.1,3948.0
20260317.0,2345.0,34906.3,34945.2,34804.7,34868.3,4278.0
20260318.0,0.0,34865.2,34924.7,34861.2,34900.1,2640.0
20260318.0,15.0,34899.1,34948.3,34842.7,34909.3,3092.0
20260318.0,30.0,34911.4,35010.9,34905.3,34995.5,2464.0
20260318.0,45.0,34994.5,34998.5,34911.4,34972.9,2342.0
20260318.0,100.0,34968.8,34972.9,34942.2,34950.4,570.0
20260318.0,115.0,34948.3,35004.7,34947.3,34969.9,1214.0
20260318.0,130.0,34971.9,35001.6,34957.6,34976.0,830.0
20260318.0,145.0,34970.9,35039.6,34961.7,35005.8,1048.0
20260318.0,200.0,35005.8,35040.6,34989.4,35027.3,398.0
20260318.0,215.0,35028.4,35072.4,35027.4,35043.7,560.0
20260318.0,230.0,35041.7,35050.9,34972.0,34971.9,492.0
20260318.0,245.0,34977.1,35009.8,34970.9,34970.9,410.0
20260318.0,300.0,34972.9,35000.6,34962.7,34968.8,308.0
20260318.0,315.0,34978.1,34994.4,34955.6,34985.3,262.0
20260318.0,330.0,34997.6,35004.7,34982.2,34983.2,116.0
20260318.0,345.0,34985.3,34996.5,34974.0,34987.3,120.0
20260318.0,400.0,34996.5,35029.3,34995.6,35014.0,460.0
20260318.0,415.0,35010.9,35018.0,34966.8,34986.3,538.0
20260318.0,430.0,34985.3,34991.4,34979.2,34985.3,118.0
20260318.0,445.0,34985.3,34988.3,34979.2,34986.3,100.0
20260318.0,500.0,34982.2,34987.3,34958.6,34987.3,552.0
20260318.0,900.0,35156.6,35256.1,35119.7,35232.5,9654.0
20260318.0,915.0,35233.6,35335.1,35186.4,35299.2,8552.0
20260318.0,930.0,35300.2,35316.6,35093.0,35095.0,8288.0
20260318.0,945.0,35097.1,35235.6,35036.6,35235.6,6812.0
20260318.0,1000.0,35232.5,35250.9,35162.8,35220.2,4210.0
20260318.0,1015.0,35228.4,35271.5,34986.3,35096.1,6662.0
20260318.0,1030.0,35097.1,35145.3,35065.3,35099.1,2852.0
20260318.0,1045.0,35099.1,35204.8,35061.2,35143.3,3202.0
20260318.0,1100.0,35151.5,35204.8,35130.0,35178.1,1662.0
20260318.0,1115.0,35175.1,35179.1,35109.5,35164.8,1668.0
20260318.0,1130.0,35174.0,35248.9,35140.2,35220.2,2296.0
20260318.0,1145.0,35221.2,35315.6,35203.8,35299.2,3330.0
20260318.0,1200.0,35299.2,35305.3,35231.8,35256.3,1794.0
20260318.0,1215.0,35256.3,35273.6,35232.8,35257.3,1234.0
20260318.0,1230.0,35255.3,35272.6,35195.0,35208.3,2302.0
20260318.0,1245.0,35206.2,35223.5,35103.1,35108.1,4414.0
20260318.0,1300.0,35107.1,35175.5,35095.9,35124.5,2866.0
20260318.0,1315.0,35122.4,35207.2,35081.6,35201.1,4666.0
20260318.0,1330.0,35200.1,35282.8,35193.0,35272.6,5826.0
20260318.0,1345.0,35269.6,35330.8,35269.6,35307.4,6970.0
20260318.0,1515.0,35316.6,35442.2,35314.6,35428.0,6440.0
20260318.0,1530.0,35429.0,35494.3,35416.8,35433.1,3196.0
20260318.0,1545.0,35431.0,35438.1,35399.4,35418.8,1352.0
20260318.0,1600.0,35421.8,35426.9,35347.3,35353.4,2380.0
20260318.0,1615.0,35356.4,35364.6,35311.5,35331.9,2214.0
20260318.0,1630.0,35329.9,35356.4,35297.2,35297.2,1682.0
20260318.0,1645.0,35297.2,35353.3,35280.9,35316.6,1846.0
20260318.0,1700.0,35318.6,35384.0,35299.3,35352.4,2086.0
20260318.0,1715.0,35348.3,35369.7,35299.3,35299.2,1320.0
20260318.0,1730.0,35299.2,35376.8,35298.2,35374.8,1288.0
20260318.0,1745.0,35374.8,35391.1,35357.5,35378.9,1042.0
20260318.0,1800.0,35379.9,35381.9,35319.7,35325.8,1152.0
20260318.0,1815.0,35328.8,35370.7,35323.8,35365.6,650.0
20260318.0,1830.0,35364.6,35380.9,35357.5,35358.5,904.0
20260318.0,1845.0,35358.5,35370.7,35328.9,35338.0,486.0
20260318.0,1900.0,35338.0,35343.1,35310.5,35324.8,808.0
20260318.0,1915.0,35320.7,35350.3,35306.4,35342.1,862.0
20260318.0,1930.0,35341.1,35351.3,35198.1,35198.0,2714.0
20260318.0,1945.0,35200.1,35290.0,35179.7,35270.6,3558.0
20260318.0,2000.0,35269.6,35283.8,35246.1,35249.1,1138.0
20260318.0,2015.0,35249.1,35260.3,35108.2,35153.1,3914.0
20260318.0,2030.0,35153.1,35153.0,35039.7,35091.8,5090.0
20260318.0,2045.0,35095.9,35103.0,34885.4,34919.1,7644.0
20260318.0,2100.0,34924.2,34930.3,34755.6,34785.2,8890.0
20260318.0,2115.0,34786.2,34868.9,34760.7,34838.3,5046.0
20260318.0,2130.0,34838.3,34939.5,34780.1,34935.4,4300.0
20260318.0,2145.0,34930.3,34964.0,34822.0,34882.3,7646.0
20260318.0,2200.0,34881.3,34954.8,34839.4,34898.6,4406.0
20260318.0,2215.0,34901.7,34981.4,34803.6,34808.7,5654.0
20260318.0,2230.0,34812.8,34864.9,34683.1,34720.8,6412.0
20260318.0,2245.0,34724.9,34778.0,34671.8,34685.1,5712.0
20260318.0,2300.0,34688.1,34807.6,34686.1,34807.7,3542.0
20260318.0,2315.0,34805.6,34913.9,34795.5,34853.7,5484.0
20260318.0,2330.0,34860.8,34866.9,34731.1,34795.4,3560.0
20260318.0,2345.0,34790.3,34844.4,34786.3,34811.8,2024.0
20260319.0,0.0,34803.6,34866.9,34777.1,34834.3,1944.0
20260319.0,15.0,34835.3,34843.4,34764.8,34833.2,2194.0
20260319.0,30.0,34831.2,34834.2,34777.1,34796.4,1228.0
20260319.0,45.0,34794.4,34806.6,34728.0,34785.2,1636.0
20260319.0,100.0,34783.2,34820.9,34774.0,34780.1,672.0
20260319.0,115.0,34781.1,34782.1,34707.6,34717.8,1604.0
20260319.0,130.0,34723.9,34772.9,34707.6,34756.6,750.0
20260319.0,145.0,34764.8,34791.3,34728.0,34777.0,950.0
20260319.0,200.0,34772.9,34861.8,34773.0,34829.1,1702.0
20260319.0,215.0,34830.2,34890.4,34810.8,34833.2,2150.0
20260319.0,230.0,34835.3,34835.2,34755.6,34799.5,2116.0
20260319.0,245.0,34790.3,34810.7,34619.7,34701.4,4324.0
20260319.0,300.0,34698.3,34704.4,34608.5,34616.6,2056.0
20260319.0,315.0,34611.5,34709.5,34596.2,34642.1,1762.0
20260319.0,330.0,34644.2,34654.4,34521.6,34524.6,2940.0
20260319.0,345.0,34526.7,34561.4,34476.6,34503.2,1656.0
20260319.0,400.0,34504.2,34505.2,34431.7,34456.2,1780.0
20260319.0,415.0,34456.2,34529.7,34446.0,34445.9,1256.0
20260319.0,430.0,34445.9,34450.0,34348.9,34374.4,1690.0
20260319.0,445.0,34379.5,34443.8,34369.3,34437.8,838.0
20260319.0,500.0,34441.8,34642.1,34441.9,34639.1,1394.0
20260319.0,900.0,34640.1,34702.4,34565.5,34695.3,11704.0
20260319.0,915.0,34695.3,34723.8,34604.4,34609.4,15070.0
20260319.0,930.0,34616.6,34698.3,34586.0,34615.6,9054.0
20260319.0,945.0,34609.4,34743.3,34509.3,34693.2,14574.0
20260319.0,1000.0,34688.1,34800.5,34635.0,34733.1,7680.0
20260319.0,1015.0,34737.2,34800.5,34680.0,34717.8,6800.0
20260319.0,1030.0,34718.8,34780.0,34679.0,34768.9,5046.0
20260319.0,1045.0,34768.9,34829.1,34752.6,34764.8,5002.0
20260319.0,1100.0,34761.7,34774.9,34690.2,34707.5,3608.0
20260319.0,1115.0,34708.6,34722.8,34682.0,34692.2,2594.0
20260319.0,1130.0,34688.1,34725.9,34657.5,34684.0,3134.0
20260319.0,1145.0,34686.1,34706.5,34648.3,34693.2,3460.0
20260319.0,1200.0,34690.2,34704.4,34619.7,34645.2,3944.0
20260319.0,1215.0,34643.2,34645.2,34483.8,34525.6,9262.0
20260319.0,1230.0,34525.6,34540.9,34473.6,34490.9,6018.0
20260319.0,1245.0,34490.9,34515.4,34376.5,34407.1,7914.0
20260319.0,1300.0,34404.0,34457.1,34383.6,34448.0,4802.0
20260319.0,1315.0,34450.0,34467.3,34408.2,34459.2,4376.0
20260319.0,1330.0,34459.2,34479.6,34391.8,34401.0,4842.0
20260319.0,1345.0,34397.9,34410.1,34271.2,34287.5,11618.0
20260319.0,1515.0,34284.5,34309.0,34077.1,34102.6,8326.0
20260319.0,1530.0,34104.6,34263.0,34089.3,34231.3,3850.0
20260319.0,1545.0,34224.2,34233.3,34100.6,34124.0,2424.0
20260319.0,1600.0,34125.1,34176.1,34030.1,34053.5,2984.0
20260319.0,1615.0,34054.5,34154.6,34042.3,34106.7,3600.0
20260319.0,1630.0,34121.0,34147.5,33979.0,33980.0,3052.0
20260319.0,1645.0,33985.1,34017.7,33811.4,33813.4,6210.0
20260319.0,1700.0,33815.4,33946.2,33806.3,33905.4,4550.0
20260319.0,1715.0,33909.4,34011.6,33903.4,33944.2,3592.0
20260319.0,1730.0,33936.0,34011.6,33748.0,33774.6,5658.0
20260319.0,1745.0,33773.5,33898.2,33754.2,33821.6,3890.0
20260319.0,1800.0,33829.7,34141.4,33824.7,34106.7,7058.0
20260319.0,1815.0,34107.7,34151.6,34012.7,34012.7,4202.0
20260319.0,1830.0,34018.8,34061.7,33994.3,34043.3,1814.0
20260319.0,1845.0,34044.3,34064.7,33947.3,33977.9,1678.0
20260319.0,1900.0,33973.8,34027.9,33958.5,34009.6,1160.0
20260319.0,1915.0,34011.6,34072.9,33942.2,33972.8,1728.0
20260319.0,1930.0,33967.7,33979.9,33869.6,33899.2,2332.0
20260319.0,1945.0,33904.3,33929.8,33822.6,33842.0,2024.0
20260319.0,2000.0,33847.1,33959.5,33826.7,33939.1,2038.0
20260319.0,2015.0,33938.1,33990.1,33818.5,33929.9,3816.0
20260319.0,2030.0,33923.7,33949.2,33779.7,33808.3,2386.0
20260319.0,2045.0,33808.3,33855.2,33734.7,33829.7,3596.0
20260319.0,2100.0,33828.7,33840.9,33727.6,33770.5,2460.0
20260319.0,2115.0,33775.6,33777.6,33630.5,33640.7,4270.0
20260319.0,2130.0,33642.7,33822.5,33622.3,33658.1,5112.0
20260319.0,2145.0,33657.0,33732.6,33575.3,33689.7,8690.0
20260319.0,2200.0,33681.6,33907.3,33669.3,33859.4,7850.0
20260319.0,2215.0,33854.3,34016.7,33854.3,33940.1,7640.0
20260319.0,2230.0,33936.0,33970.7,33774.6,33823.6,5544.0
20260319.0,2245.0,33826.7,34006.5,33808.3,33975.9,5500.0
20260319.0,2300.0,33974.8,34101.5,33942.2,34052.5,7596.0
20260319.0,2315.0,34048.4,34200.6,34025.0,34164.9,6106.0
20260319.0,2330.0,34164.9,34195.5,33983.1,34019.8,5426.0
20260319.0,2345.0,34011.6,34016.7,33876.8,33900.2,5174.0
20260320.0,0.0,33906.4,34008.5,33892.1,34001.4,3266.0
20260320.0,15.0,34000.4,34144.4,33952.4,34041.3,4792.0
20260320.0,30.0,34047.4,34114.8,34007.6,34110.8,3034.0
20260320.0,45.0,34110.8,34125.0,34028.0,34096.4,2512.0
20260320.0,100.0,34105.6,34111.7,33993.3,34018.8,1658.0
20260320.0,115.0,34029.0,34040.2,33853.3,33865.5,3200.0
20260320.0,130.0,33865.5,34057.6,33860.4,34036.2,1884.0
20260320.0,145.0,34036.2,34062.7,33952.4,34009.6,1146.0
20260320.0,200.0,34012.7,34081.1,33994.3,34011.6,1042.0
20260320.0,215.0,34005.5,34155.7,34005.5,34143.5,1610.0
20260320.0,230.0,34145.5,34162.8,34057.7,34059.7,988.0
20260320.0,245.0,34055.6,34068.8,33982.0,34006.5,1156.0
20260320.0,300.0,34000.4,34177.1,33998.4,34135.3,1192.0
20260320.0,315.0,34137.3,34487.8,34133.3,34474.5,8728.0
20260320.0,330.0,34467.4,34529.7,34356.1,34396.9,3470.0
20260320.0,345.0,34402.0,34438.7,34288.6,34423.5,1930.0
20260320.0,400.0,34423.5,34429.5,34349.9,34382.6,1402.0
20260320.0,415.0,34385.6,34458.1,34353.0,34453.1,850.0
20260320.0,430.0,34450.0,34488.8,34448.0,34477.6,622.0
20260320.0,445.0,34477.6,34503.1,34464.4,34480.7,774.0
20260320.0,500.0,34482.7,34549.1,34464.4,34521.6,1430.0
20260320.0,900.0,34549.1,34601.2,34388.8,34504.2,11734.0
20260320.0,915.0,34501.1,34629.8,34366.3,34372.4,15008.0
20260320.0,930.0,34372.4,34381.5,34101.6,34333.5,19202.0
20260320.0,945.0,34334.5,34560.3,34318.2,34542.0,14450.0
20260320.0,1000.0,34535.9,34560.3,34310.1,34334.5,9190.0
20260320.0,1015.0,34329.4,34444.9,34295.8,34435.7,6990.0
20260320.0,1030.0,34437.8,34452.0,34340.7,34413.2,4320.0
20260320.0,1045.0,34410.2,34531.7,34369.3,34502.1,5660.0
20260320.0,1100.0,34498.1,34588.9,34468.5,34480.7,7276.0
20260320.0,1115.0,34482.7,34506.2,34440.9,34465.4,3046.0
20260320.0,1130.0,34465.4,34504.1,34390.8,34465.4,3732.0
20260320.0,1145.0,34464.3,34497.0,34313.1,34314.1,5138.0
20260320.0,1200.0,34319.2,34360.0,34249.8,34359.1,6338.0
20260320.0,1215.0,34358.1,34394.8,34252.8,34256.9,6314.0
20260320.0,1230.0,34255.9,34271.1,34145.5,34248.7,6866.0
20260320.0,1245.0,34248.7,34322.2,34221.2,34240.5,4828.0
20260320.0,1300.0,34241.6,34345.7,34234.5,34333.5,3772.0
20260320.0,1315.0,34332.5,34332.5,34241.6,34290.6,4726.0
20260320.0,1330.0,34283.5,34371.3,34283.5,34351.9,7494.0
20260320.0,1345.0,34349.9,34351.9,34252.8,34293.7,10054.0
20260320.0,1515.0,34139.4,34199.6,34069.9,34161.8,4848.0
20260320.0,1530.0,34160.8,34303.8,34152.7,34285.5,2806.0
20260320.0,1545.0,34292.7,34427.5,34278.4,34420.4,2910.0
20260320.0,1600.0,34418.3,34463.3,34392.8,34397.9,2614.0
20260320.0,1615.0,34396.9,34482.7,34378.5,34470.5,2510.0
20260320.0,1630.0,34469.4,34473.5,34357.1,34367.2,1804.0
20260320.0,1645.0,34364.2,34441.8,34349.9,34378.5,1882.0
20260320.0,1700.0,34376.4,34394.8,34326.4,34332.5,1766.0
20260320.0,1715.0,34335.6,34358.0,34253.9,34279.4,2620.0
20260320.0,1730.0,34278.3,34281.4,34144.5,34153.7,3654.0
20260320.0,1745.0,34157.8,34250.7,34148.6,34184.3,2298.0
20260320.0,1800.0,34180.2,34200.6,33981.0,34015.7,5532.0
20260320.0,1815.0,34011.6,34027.9,33807.3,33867.5,6838.0
20260320.0,1830.0,33871.6,33910.4,33793.0,33896.2,3370.0
20260320.0,1845.0,33892.1,33981.9,33887.0,33959.5,2962.0
20260320.0,1900.0,33961.6,33984.0,33917.7,33947.3,1776.0
20260320.0,1915.0,33955.4,34133.2,33942.2,34084.2,4446.0
20260320.0,1930.0,34082.1,34143.4,34066.9,34110.8,2104.0
20260320.0,1945.0,34111.8,34152.6,34044.4,34092.4,2118.0
20260320.0,2000.0,34092.4,34116.8,34034.2,34107.7,1440.0
20260320.0,2015.0,34108.7,34203.7,34050.5,34121.0,3376.0
20260320.0,2030.0,34125.1,34198.6,34072.0,34190.5,1702.0
20260320.0,2045.0,34187.4,34193.5,34076.1,34129.1,2388.0
20260320.0,2100.0,34125.1,34167.9,34091.4,34154.7,1228.0
20260320.0,2115.0,34158.8,34176.1,34043.4,34067.8,1776.0
20260320.0,2130.0,34067.8,34092.3,34018.8,34056.6,1742.0
20260320.0,2145.0,34050.5,34116.8,33924.8,34096.4,8554.0
20260320.0,2200.0,34090.3,34119.9,33748.0,33774.6,9092.0
20260320.0,2215.0,33776.6,33856.3,33637.7,33649.9,10384.0
20260320.0,2230.0,33649.9,33717.3,33608.0,33655.0,5822.0
20260320.0,2245.0,33659.1,33773.5,33659.1,33690.8,5350.0
20260320.0,2300.0,33686.7,33730.6,33586.6,33650.9,4416.0
20260320.0,2315.0,33648.9,33770.4,33608.0,33730.6,5774.0
20260320.0,2330.0,33729.6,33797.0,33621.3,33650.9,6264.0
20260320.0,2345.0,33643.7,33719.3,33637.7,33691.8,3166.0
20260321.0,0.0,33690.8,33715.2,33656.1,33691.8,2816.0
20260321.0,15.0,33693.8,33792.9,33681.6,33730.6,3514.0
20260321.0,30.0,33726.5,33741.8,33659.1,33662.1,2050.0
20260321.0,45.0,33660.1,33667.2,33531.4,33565.1,5058.0
20260321.0,100.0,33567.1,33653.9,33501.8,33599.8,4364.0
20260321.0,115.0,33601.9,33682.5,33543.7,33581.4,3444.0
20260321.0,130.0,33580.4,33620.2,33548.8,33564.0,1182.0
20260321.0,145.0,33567.1,33576.3,33434.3,33494.6,2900.0
20260321.0,200.0,33497.6,33618.2,33483.4,33616.2,2096.0
20260321.0,215.0,33618.2,33642.7,33515.0,33527.3,1890.0
20260321.0,230.0,33530.3,33555.8,33408.8,33470.0,2938.0
20260321.0,245.0,33476.2,33501.7,33401.6,33412.8,1628.0
20260321.0,300.0,33418.9,33443.4,33352.6,33381.1,1480.0
20260321.0,315.0,33383.2,33424.0,33323.9,33354.6,1428.0
20260321.0,330.0,33354.6,33386.2,33318.8,33334.1,1032.0
20260321.0,345.0,33339.2,33395.4,33262.6,33387.3,2062.0
20260321.0,400.0,33376.0,33467.9,33340.3,33414.8,2270.0
20260321.0,415.0,33404.6,33517.0,33399.6,33465.9,1198.0
20260321.0,430.0,33461.9,33463.8,33415.9,33427.1,488.0
20260321.0,445.0,33437.3,33464.9,33433.3,33436.3,404.0
20260321.0,500.0,33437.3,33505.7,33437.4,33453.7,880.0
20260323.0,900.0,33212.5,33256.4,32918.3,33057.2,19238.0
20260323.0,915.0,33054.1,33395.4,32976.5,33381.1,24102.0
20260323.0,930.0,33382.1,33424.0,33309.6,33313.7,12238.0
20260323.0,945.0,33313.7,33542.5,33246.3,33415.9,15296.0
20260323.0,1000.0,33421.0,33556.8,33388.3,33456.7,9144.0
20260323.0,1015.0,33457.8,33610.0,33386.3,33399.5,9402.0
20260323.0,1030.0,33399.5,33538.4,33369.9,33477.2,5538.0
20260323.0,1045.0,33472.1,33487.3,33247.3,33282.0,7602.0
20260323.0,1100.0,33282.0,33335.1,33227.9,33292.2,5860.0
20260323.0,1115.0,33286.1,33393.3,33223.8,33240.1,4964.0
20260323.0,1130.0,33236.0,33325.9,33224.8,33285.1,4322.0
20260323.0,1145.0,33288.1,33335.1,33262.6,33303.5,3240.0
20260323.0,1200.0,33302.4,33330.0,33218.7,33234.0,3850.0
20260323.0,1215.0,33234.0,33330.0,33187.0,33318.8,5246.0
20260323.0,1230.0,33322.9,33372.9,33289.2,33336.2,3470.0
20260323.0,1245.0,33334.1,33349.4,33296.4,33298.3,2244.0
20260323.0,1300.0,33297.3,33363.7,33283.1,33347.4,2674.0
20260323.0,1315.0,33342.3,33458.7,33333.1,33402.6,6418.0
20260323.0,1330.0,33400.5,33459.8,33298.4,33331.1,7838.0
20260323.0,1345.0,33330.0,33400.5,33225.8,33244.2,18438.0
20260323.0,1515.0,32925.4,33062.2,32802.8,33009.2,9132.0
20260323.0,1530.0,33005.1,33035.7,32841.6,32882.4,4048.0
20260323.0,1545.0,32880.4,32971.3,32847.7,32966.2,2810.0
20260323.0,1600.0,32970.3,33016.3,32923.4,32953.0,2144.0
20260323.0,1615.0,32960.1,33154.2,32960.2,33128.7,3828.0
20260323.0,1630.0,33126.7,33175.7,33072.6,33107.3,2838.0
20260323.0,1645.0,33108.3,33199.2,33083.8,33101.1,2266.0
20260323.0,1700.0,33099.1,33208.4,33097.1,33175.7,1646.0
20260323.0,1715.0,33176.7,33191.0,33077.7,33146.1,1782.0
20260323.0,1730.0,33141.0,33310.6,33138.0,33208.4,3438.0
20260323.0,1745.0,33215.6,33215.5,33032.7,33068.4,3216.0
20260323.0,1800.0,33076.6,33121.5,33041.9,33101.1,1128.0
20260323.0,1815.0,33107.3,33183.8,33073.6,33130.8,1376.0
20260323.0,1830.0,33121.6,33127.6,32987.7,33000.0,1928.0
20260323.0,1845.0,32994.8,33069.4,32959.1,32983.6,1846.0
20260323.0,1900.0,32984.6,33124.6,32958.1,33076.6,2146.0
20260323.0,1915.0,33080.7,34621.6,33080.7,34599.2,20332.0
20260323.0,1930.0,34600.2,34733.0,34165.0,34263.0,15558.0
20260323.0,1945.0,34268.1,34444.9,34203.8,34291.6,9098.0
20260323.0,2000.0,34294.7,34307.9,33794.0,33858.3,14832.0
20260323.0,2015.0,33865.5,34053.5,33769.5,33912.5,8236.0
20260323.0,2030.0,33917.6,34127.1,33911.5,34079.1,4814.0
20260323.0,2045.0,34069.9,34258.9,33999.4,34232.4,6824.0
20260323.0,2100.0,34230.3,34312.0,34199.7,34265.1,5356.0
20260323.0,2115.0,34267.1,34339.6,34150.7,34172.1,4600.0
20260323.0,2130.0,34179.2,34190.4,34058.7,34082.1,3762.0
20260323.0,2145.0,34084.2,34279.3,33995.3,34188.4,10036.0
20260323.0,2200.0,34188.4,34398.9,34173.1,34366.2,6956.0
20260323.0,2215.0,34362.1,34427.5,34296.8,34355.0,6056.0
20260323.0,2230.0,34360.1,34515.4,34347.9,34420.4,6576.0
20260323.0,2245.0,34412.2,34420.3,34290.7,34354.0,6382.0
20260323.0,2300.0,34350.9,34414.2,34310.1,34379.5,3428.0
20260323.0,2315.0,34380.5,34525.6,34373.4,34514.4,4444.0
20260323.0,2330.0,34513.4,34527.6,34381.6,34391.8,3654.0
20260323.0,2345.0,34396.9,34416.2,34240.6,34255.9,4362.0
20260324.0,0.0,34250.8,34278.3,33985.1,33988.1,8250.0
20260324.0,15.0,33990.2,34118.9,33960.6,34067.8,5464.0
20260324.0,30.0,34059.7,34067.8,33833.9,33841.0,4406.0
20260324.0,45.0,33838.9,34065.7,33807.3,34059.7,5044.0
20260324.0,100.0,34062.7,34146.5,34020.9,34051.5,3538.0
20260324.0,115.0,34048.4,34104.6,34020.9,34050.5,1556.0
20260324.0,130.0,34049.4,34129.1,34019.9,34123.0,1222.0
20260324.0,145.0,34117.9,34273.2,34113.9,34204.8,2732.0
20260324.0,200.0,34206.8,34248.7,34158.8,34241.6,846.0
20260324.0,215.0,34242.6,34270.1,34155.8,34240.5,1870.0
20260324.0,230.0,34238.5,34259.9,34200.7,34236.4,706.0
20260324.0,245.0,34243.6,34384.6,34243.6,34304.9,2156.0
20260324.0,300.0,34309.0,34345.7,34296.8,34333.5,738.0
20260324.0,315.0,34332.5,34358.0,34316.2,34330.5,508.0
20260324.0,330.0,34333.5,34363.1,34289.6,34325.4,984.0
20260324.0,345.0,34327.4,34367.2,34316.2,34343.7,542.0
20260324.0,400.0,34342.7,34411.1,34312.1,34344.8,1570.0
20260324.0,415.0,34322.3,34343.7,34182.3,34265.1,1348.0
20260324.0,430.0,34270.2,34280.3,34235.5,34250.8,388.0
20260324.0,445.0,34251.8,34341.7,34251.8,34326.4,492.0
20260324.0,500.0,34325.4,34353.9,34320.3,34354.0,604.0
20260324.0,900.0,34008.6,34124.0,33940.1,34044.3,10766.0
20260324.0,915.0,34043.3,34051.4,33729.6,33732.7,15494.0
20260324.0,930.0,33728.6,33802.1,33631.5,33656.0,14750.0
20260324.0,945.0,33661.1,33674.4,33410.8,33414.8,13964.0
20260324.0,1000.0,33414.8,33420.9,33233.0,33387.3,16362.0
20260324.0,1015.0,33389.3,33402.5,33050.1,33231.9,16708.0
20260324.0,1030.0,33224.8,33525.2,33186.0,33517.0,14444.0
20260324.0,1045.0,33517.0,33613.0,33438.4,33506.8,7898.0
20260324.0,1100.0,33509.9,33588.5,33390.4,33404.6,6696.0
20260324.0,1115.0,33402.6,33443.4,33358.7,33408.7,4994.0
20260324.0,1130.0,33412.8,33531.3,33395.5,33511.9,4438.0
20260324.0,1145.0,33514.0,33532.3,33288.2,33487.4,8038.0
20260324.0,1200.0,33479.2,33592.6,33453.7,33572.2,5516.0
20260324.0,1215.0,33572.2,33720.3,33564.1,33719.4,8022.0
20260324.0,1230.0,33720.4,33721.4,33596.8,33637.6,5168.0
20260324.0,1245.0,33636.6,33691.7,33601.9,33630.5,2900.0
20260324.0,1300.0,33634.6,33667.2,33581.5,33610.0,3536.0
20260324.0,1315.0,33609.0,33615.1,33383.2,33459.8,6966.0
20260324.0,1330.0,33463.9,33538.4,33317.8,33332.1,8308.0
20260324.0,1345.0,33332.1,33542.5,33326.0,33488.4,10008.0
20260324.0,1515.0,33810.3,33970.7,33756.2,33944.2,9942.0
20260324.0,1530.0,33930.9,34004.4,33904.4,33973.8,4104.0
20260324.0,1545.0,33978.9,33991.1,33896.2,33947.3,2942.0
20260324.0,1600.0,33938.1,33988.1,33892.1,33976.9,1816.0
20260324.0,1615.0,33974.8,34023.8,33933.0,33990.2,3090.0
20260324.0,1630.0,33986.1,34018.7,33851.2,33874.7,3792.0
20260324.0,1645.0,33871.6,33953.3,33847.2,33892.1,1808.0
20260324.0,1700.0,33897.2,33971.7,33818.5,33836.9,3942.0
20260324.0,1715.0,33835.9,33872.6,33681.6,33681.6,4848.0
20260324.0,1730.0,33682.6,33797.0,33672.4,33762.3,3078.0
20260324.0,1745.0,33760.2,33882.8,33742.9,33866.5,3030.0
20260324.0,1800.0,33868.6,33964.6,33819.6,33946.2,2942.0
20260324.0,1815.0,33949.3,33952.3,33850.2,33907.4,2486.0
20260324.0,1830.0,33906.4,33919.6,33828.8,33846.1,1560.0
20260324.0,1845.0,33846.1,33912.5,33809.3,33900.2,1524.0
20260324.0,1900.0,33895.1,33921.7,33832.8,33898.2,980.0
20260324.0,1915.0,33889.0,33928.8,33843.1,33913.5,1382.0
20260324.0,1930.0,33916.6,33920.6,33859.4,33885.9,1110.0
20260324.0,1945.0,33876.7,33900.2,33862.5,33867.5,818.0
20260324.0,2000.0,33869.6,33981.9,33708.2,33878.8,5676.0
20260324.0,2015.0,33880.8,33903.3,33780.7,33824.6,1806.0
20260324.0,2030.0,33820.5,33861.4,33767.4,33823.6,1368.0
20260324.0,2045.0,33823.6,33826.6,33583.5,33594.7,4328.0
20260324.0,2100.0,33597.8,33695.8,33592.7,33625.4,2844.0
20260324.0,2115.0,33632.5,33661.1,33502.8,33573.2,4278.0
20260324.0,2130.0,33579.4,33644.7,33551.8,33586.5,2276.0
20260324.0,2145.0,33591.6,33784.7,33545.7,33587.5,8464.0
20260324.0,2200.0,33587.5,33740.8,33523.2,33718.3,7116.0
20260324.0,2215.0,33719.4,33863.4,33706.1,33775.6,6366.0
20260324.0,2230.0,33772.5,33784.7,33666.3,33703.0,3520.0
20260324.0,2245.0,33698.9,33774.5,33670.4,33766.4,3158.0
20260324.0,2300.0,33762.3,33945.2,33648.9,33804.2,9448.0
20260324.0,2315.0,33812.4,33903.3,33809.3,33893.1,3430.0
20260324.0,2330.0,33893.1,34087.2,33891.1,34009.6,7148.0
20260324.0,2345.0,34015.7,34042.2,33946.3,33992.2,2656.0
20260325.0,0.0,33995.3,34042.2,33903.4,33907.4,2582.0
20260325.0,15.0,33905.4,33926.8,33841.0,33865.5,3670.0
20260325.0,30.0,33871.6,34003.4,33869.6,33983.0,2608.0
20260325.0,45.0,33983.0,34010.6,33881.9,33960.5,2810.0
20260325.0,100.0,33961.6,33988.1,33907.4,33942.1,1140.0
20260325.0,115.0,33942.1,33963.6,33747.0,33771.5,2868.0
20260325.0,130.0,33771.5,33824.6,33728.6,33817.5,1774.0
20260325.0,145.0,33814.4,33848.1,33705.1,33717.3,1942.0
20260325.0,200.0,33723.5,33919.6,33712.3,33908.4,3204.0
20260325.0,215.0,33906.4,33963.6,33861.5,33885.9,1144.0
20260325.0,230.0,33880.8,33948.2,33839.0,33914.6,1386.0
20260325.0,245.0,33914.6,34071.9,33913.6,33989.1,2200.0
20260325.0,300.0,33989.1,34041.2,33950.4,33975.9,1030.0
20260325.0,315.0,33972.8,34054.5,33972.8,34054.5,714.0
20260325.0,330.0,34044.3,34049.4,33963.7,33963.6,568.0
20260325.0,345.0,33965.6,33977.9,33932.0,33964.6,542.0
20260325.0,400.0,33960.5,33960.5,33814.5,33868.6,1332.0
20260325.0,415.0,33874.7,33897.1,33822.6,33893.1,710.0
20260325.0,430.0,33892.1,34333.5,33891.1,34149.6,5616.0
20260325.0,445.0,34150.6,34335.5,34135.3,34204.8,2318.0
20260325.0,500.0,34201.7,34206.8,34131.2,34191.5,1320.0
20260325.0,900.0,34525.6,34621.6,34468.5,34483.7,17400.0
20260325.0,915.0,34483.7,34533.8,34302.9,34379.5,17154.0
20260325.0,930.0,34377.5,34499.0,34331.5,34397.9,9832.0
20260325.0,945.0,34403.0,34460.2,34306.0,34356.0,8438.0
20260325.0,1000.0,34356.0,34522.5,34343.8,34471.5,7070.0
20260325.0,1015.0,34472.5,34491.9,34236.5,34303.9,8634.0
20260325.0,1030.0,34305.9,34372.3,34265.1,34339.7,5416.0
20260325.0,1045.0,34337.6,34361.1,34278.4,34278.3,2894.0
20260325.0,1100.0,34279.4,34318.1,34200.7,34200.7,4324.0
20260325.0,1115.0,34201.7,34283.4,34199.7,34212.9,3628.0
20260325.0,1130.0,34215.0,34250.7,34176.2,34228.3,3750.0
20260325.0,1145.0,34224.2,34294.6,34213.0,34261.0,3190.0
20260325.0,1200.0,34267.1,34358.0,34260.0,34345.8,3950.0
20260325.0,1215.0,34343.7,34425.4,34333.6,34425.5,4190.0
20260325.0,1230.0,34425.5,34484.7,34412.3,34466.4,4364.0
20260325.0,1245.0,34464.3,34479.6,34390.8,34394.8,3300.0
20260325.0,1300.0,34396.9,34405.0,34354.0,34398.9,3790.0
20260325.0,1315.0,34402.0,34425.4,34341.8,34415.3,3664.0
20260325.0,1330.0,34413.2,34419.3,34305.0,34309.0,6040.0
20260325.0,1345.0,34310.0,34385.6,34285.5,34374.4,10644.0
20260325.0,1515.0,34293.7,34383.5,34235.5,34359.1,3862.0
20260325.0,1530.0,34356.0,34391.7,34303.9,34334.5,1528.0
20260325.0,1545.0,34335.6,34399.9,34310.1,34388.7,1690.0
20260325.0,1600.0,34388.7,34458.1,34369.3,34412.2,2008.0
20260325.0,1615.0,34417.3,34557.3,34407.2,34549.1,3916.0
20260325.0,1630.0,34551.2,34672.7,34544.1,34612.5,4230.0
20260325.0,1645.0,34615.6,34659.5,34545.1,34550.2,3130.0
20260325.0,1700.0,34554.3,34581.8,34485.8,34523.6,2194.0
20260325.0,1715.0,34522.6,34580.8,34478.7,34569.6,2002.0
20260325.0,1730.0,34564.5,34569.5,34481.8,34495.0,1540.0
20260325.0,1745.0,34497.0,34535.8,34451.1,34456.2,1686.0
20260325.0,1800.0,34460.2,34561.4,34424.5,34531.8,3198.0
20260325.0,1815.0,34536.9,34570.6,34519.6,34521.6,1540.0
20260325.0,1830.0,34526.7,34548.1,34476.6,34487.8,1056.0
20260325.0,1845.0,34485.8,34529.7,34453.1,34459.2,1408.0
20260325.0,1900.0,34457.2,34537.9,34455.2,34527.7,876.0
20260325.0,1915.0,34533.8,34585.9,34522.6,34563.5,1334.0
20260325.0,1930.0,34560.4,34599.2,34546.1,34571.6,1156.0
20260325.0,1945.0,34571.6,34605.3,34563.5,34590.0,1124.0
20260325.0,2000.0,34579.8,34584.9,34486.9,34551.2,2790.0
20260325.0,2015.0,34556.3,34640.0,34553.3,34612.5,2566.0
20260325.0,2030.0,34616.6,34616.5,34414.3,34434.7,5572.0
20260325.0,2045.0,34430.6,34432.6,34343.8,34382.6,3884.0
20260325.0,2100.0,34387.7,34461.2,34365.3,34415.3,2520.0
20260325.0,2115.0,34421.4,34481.7,34403.1,34421.4,2470.0
20260325.0,2130.0,34419.4,34429.5,34380.6,34393.8,1670.0
20260325.0,2145.0,34390.8,34597.1,34379.6,34460.2,9546.0
20260325.0,2200.0,34461.3,34487.8,34296.8,34297.8,8282.0
20260325.0,2215.0,34305.9,34533.8,34261.0,34529.7,9412.0
20260325.0,2230.0,34529.7,34556.2,34449.0,34523.6,5882.0
20260325.0,2245.0,34525.6,34564.4,34494.0,34539.9,3280.0
20260325.0,2300.0,34539.9,34606.3,34489.9,34510.3,3540.0
20260325.0,2315.0,34514.4,34524.6,34388.8,34388.7,3880.0
20260325.0,2330.0,34389.7,34494.9,34188.5,34490.9,12266.0
20260325.0,2345.0,34488.9,34494.9,34375.5,34427.5,3798.0
20260326.0,0.0,34425.5,34455.1,34398.0,34425.5,1538.0
20260326.0,15.0,34427.5,34442.8,34344.8,34415.3,2170.0
20260326.0,30.0,34419.4,34562.4,34386.7,34513.4,3546.0
20260326.0,45.0,34514.4,34546.0,34475.6,34543.0,1694.0
20260326.0,100.0,34535.9,34552.2,34479.7,34508.3,1356.0
20260326.0,115.0,34512.4,34548.1,34464.4,34514.4,1472.0
20260326.0,130.0,34504.2,34556.2,34472.6,34535.9,896.0
20260326.0,145.0,34537.9,34625.7,34514.5,34591.0,1808.0
20260326.0,200.0,34596.2,34599.2,34496.1,34532.8,1786.0
20260326.0,215.0,34526.7,34566.5,34514.5,34551.2,436.0
20260326.0,230.0,34557.3,34593.0,34547.2,34558.3,648.0
20260326.0,245.0,34554.3,34587.9,34519.6,34529.7,860.0
20260326.0,300.0,34526.7,34545.0,34425.5,34499.1,1738.0
20260326.0,315.0,34492.9,34502.1,34451.1,34502.1,640.0
20260326.0,330.0,34502.1,34537.9,34493.0,34499.1,542.0
20260326.0,345.0,34499.1,34504.1,34458.2,34475.6,546.0
20260326.0,400.0,34473.5,34530.7,34473.6,34523.6,1028.0
20260326.0,415.0,34515.4,34579.8,34479.7,34575.7,882.0
20260326.0,430.0,34576.7,34586.9,34530.8,34530.8,600.0
20260326.0,445.0,34528.7,34546.0,34522.6,34530.8,298.0
20260326.0,500.0,34530.8,34539.9,34504.2,34539.9,454.0
20260326.0,900.0,34596.2,34606.3,34473.6,34474.5,8016.0
20260326.0,915.0,34473.5,34588.9,34456.2,34541.0,10440.0
20260326.0,930.0,34542.0,34595.1,34469.5,34590.0,7590.0
20260326.0,945.0,34587.0,34768.8,34577.8,34683.0,14208.0
20260326.0,1000.0,34681.0,34762.7,34648.3,34694.3,5124.0
20260326.0,1015.0,34686.1,34703.4,34490.9,34513.4,8216.0
20260326.0,1030.0,34512.4,34534.8,34239.6,34273.2,15976.0
20260326.0,1045.0,34272.2,34297.7,34146.6,34230.3,11558.0
20260326.0,1100.0,34231.3,34297.7,34192.6,34271.2,5748.0
20260326.0,1115.0,34273.2,34384.6,34240.6,34362.1,4798.0
20260326.0,1130.0,34362.1,34386.6,34277.4,34345.8,4058.0
20260326.0,1145.0,34347.8,34463.3,34341.8,34429.6,5674.0
20260326.0,1200.0,34424.5,34430.6,34366.3,34395.9,3058.0
20260326.0,1215.0,34394.8,34417.3,34348.9,34387.7,2350.0
20260326.0,1230.0,34392.8,34433.6,34381.6,34407.1,1826.0
20260326.0,1245.0,34407.1,34415.2,34353.0,34375.4,2116.0
20260326.0,1300.0,34375.4,34388.7,34273.3,34277.3,4062.0
20260326.0,1315.0,34280.4,34307.9,34187.4,34219.1,4890.0
20260326.0,1330.0,34224.2,34255.8,34110.8,34130.2,6312.0
20260326.0,1345.0,34132.2,34206.8,34077.1,34172.1,11980.0
20260326.0,1515.0,34206.8,34251.7,34158.8,34185.4,3992.0
20260326.0,1530.0,34184.3,34276.3,34127.2,34229.3,3128.0
20260326.0,1545.0,34227.2,34269.1,34195.6,34215.0,1302.0
20260326.0,1600.0,34216.0,34239.5,34166.0,34184.3,1550.0
20260326.0,1615.0,34183.3,34239.5,34111.8,34112.8,2048.0
20260326.0,1630.0,34118.9,34140.3,34023.9,34041.3,3746.0
20260326.0,1645.0,34044.3,34134.2,34044.4,34052.5,2426.0
20260326.0,1700.0,34055.6,34124.0,34035.2,34111.8,1594.0
20260326.0,1715.0,34118.9,34128.1,34005.5,34063.7,3304.0
20260326.0,1730.0,34063.7,34069.8,34008.6,34016.7,1648.0
20260326.0,1745.0,34013.7,34021.8,33948.3,34005.5,2390.0
20260326.0,1800.0,34008.6,34077.0,33998.4,34056.6,1738.0
20260326.0,1815.0,34057.6,34110.7,34030.1,34086.2,1208.0
20260326.0,1830.0,34089.3,34113.8,34052.6,34102.6,876.0
20260326.0,1845.0,34101.6,34111.7,34036.2,34048.4,1126.0
20260326.0,1900.0,34046.4,34076.0,34034.2,34069.9,564.0
20260326.0,1915.0,34069.9,34077.0,33978.0,33977.9,1568.0
20260326.0,1930.0,33981.0,34017.7,33909.5,33953.4,2186.0
20260326.0,1945.0,33948.3,33972.7,33917.7,33931.9,1254.0
20260326.0,2000.0,33927.8,33952.3,33875.8,33882.9,1920.0
20260326.0,2015.0,33884.9,33974.8,33859.4,33961.6,2334.0
20260326.0,2030.0,33963.6,33979.9,33941.2,33953.4,1352.0
20260326.0,2045.0,33957.5,33961.5,33846.1,33865.5,1910.0
20260326.0,2100.0,33869.6,33918.6,33863.5,33911.5,1110.0
20260326.0,2115.0,33906.4,33975.8,33905.4,33945.2,1678.0
20260326.0,2130.0,33942.1,33968.7,33903.4,33926.8,1624.0
20260326.0,2145.0,33925.8,33943.1,33797.1,33918.6,6880.0
20260326.0,2200.0,33920.7,34036.1,33880.9,33974.8,8604.0
20260326.0,2215.0,33970.8,34013.6,33900.3,34009.6,4582.0
20260326.0,2230.0,34007.5,34047.3,33927.9,33928.9,3572.0
20260326.0,2245.0,33935.0,34022.8,33838.0,33847.1,4684.0
20260326.0,2300.0,33846.1,33869.5,33706.1,33781.7,7142.0
20260326.0,2315.0,33781.7,33843.0,33778.7,33804.2,3772.0
20260326.0,2330.0,33806.2,33818.4,33740.9,33767.4,2514.0
20260326.0,2345.0,33769.4,33775.5,33686.7,33711.2,3204.0
20260327.0,0.0,33712.2,33824.6,33687.7,33773.5,3822.0
20260327.0,15.0,33773.5,33791.9,33736.8,33789.9,1296.0
20260327.0,30.0,33778.6,33779.6,33637.7,33657.0,3224.0
20260327.0,45.0,33660.1,33670.3,33605.0,33619.2,2048.0
20260327.0,100.0,33620.2,33638.6,33563.1,33598.8,1968.0
20260327.0,115.0,33596.7,33665.2,33584.5,33595.7,1902.0
20260327.0,130.0,33593.7,33615.1,33524.2,33563.0,2008.0
20260327.0,145.0,33558.9,33592.6,33509.9,33517.0,1540.0
20260327.0,200.0,33518.1,33535.4,33445.6,33457.8,1682.0
20260327.0,215.0,33456.7,33500.6,33442.5,33456.7,1544.0
20260327.0,230.0,33456.7,33469.0,33413.9,33423.0,1384.0
20260327.0,245.0,33420.0,33499.6,33418.0,33480.2,1332.0
20260327.0,300.0,33482.3,33581.4,33463.9,33552.8,1852.0
20260327.0,315.0,33561.0,33573.2,33418.0,33458.8,1432.0
20260327.0,330.0,33461.9,33516.0,33451.7,33467.0,964.0
20260327.0,345.0,33468.0,33484.3,33416.9,33439.4,830.0
20260327.0,400.0,33437.3,33455.7,33346.4,33369.9,2026.0
20260327.0,415.0,33372.9,33824.6,33368.9,33635.6,7464.0
20260327.0,430.0,33633.5,33680.5,33511.0,33567.1,2606.0
20260327.0,445.0,33574.3,33602.8,33562.0,33574.3,472.0
20260327.0,500.0,33579.4,33584.4,33495.6,33525.2,624.0
20260327.0,900.0,33510.9,33540.5,33366.9,33504.8,11398.0
20260327.0,915.0,33502.7,33602.8,33397.5,33558.9,16328.0
20260327.0,930.0,33558.9,33661.1,33448.6,33658.1,10604.0
20260327.0,945.0,33655.0,33755.1,33631.5,33696.9,8946.0
20260327.0,1000.0,33695.9,33707.1,33577.4,33625.4,6076.0
20260327.0,1015.0,33626.4,33665.2,33468.0,33486.4,7660.0
20260327.0,1030.0,33483.3,33559.9,33420.0,33544.6,7422.0
20260327.0,1045.0,33547.7,33647.8,33518.1,33607.0,6178.0
20260327.0,1100.0,33608.0,33667.2,33567.2,33617.2,3456.0
20260327.0,1115.0,33618.2,33683.6,33579.4,33591.6,3336.0
20260327.0,1130.0,33594.7,33653.9,33579.4,33640.7,2118.0
20260327.0,1145.0,33637.6,33772.5,33637.7,33717.3,5720.0
20260327.0,1200.0,33719.4,33771.4,33702.0,33771.5,3120.0
20260327.0,1215.0,33771.5,33771.4,33685.7,33706.1,3326.0
20260327.0,1230.0,33707.1,33729.5,33657.1,33722.4,3070.0
20260327.0,1245.0,33720.4,33768.4,33717.4,33768.4,2224.0
20260327.0,1300.0,33766.4,33867.5,33748.0,33845.1,5742.0
20260327.0,1315.0,33846.1,33948.2,33841.0,33928.9,5832.0
20260327.0,1330.0,33928.9,33970.7,33868.6,33909.4,7808.0
20260327.0,1345.0,33909.4,33915.5,33838.0,33845.1,7682.0
20260327.0,1515.0,33772.5,33783.7,33713.3,33732.7,3740.0
20260327.0,1530.0,33724.5,33740.8,33635.6,33648.9,2536.0
20260327.0,1545.0,33648.9,33681.5,33605.0,33635.6,2424.0
20260327.0,1600.0,33633.5,33685.6,33622.3,33634.6,1596.0
20260327.0,1615.0,33638.6,33684.6,33550.8,33592.7,3678.0
20260327.0,1630.0,33595.7,33603.8,33480.3,33501.7,3014.0
20260327.0,1645.0,33499.7,33549.7,33456.8,33506.8,3210.0
20260327.0,1700.0,33505.8,33539.5,33461.9,33474.1,2064.0
20260327.0,1715.0,33476.2,33495.5,33313.7,33370.9,5156.0
20260327.0,1730.0,33374.0,33492.5,33367.9,33472.1,3242.0
20260327.0,1745.0,33474.1,33516.0,33431.2,33449.6,2190.0
20260327.0,1800.0,33446.5,33448.5,33351.5,33359.7,1800.0
20260327.0,1815.0,33363.8,33470.0,33335.2,33412.8,2272.0
20260327.0,1830.0,33415.9,33463.8,33404.7,33425.1,978.0
20260327.0,1845.0,33422.0,33434.2,33321.9,33350.5,2342.0
20260327.0,1900.0,33350.5,33350.4,33195.2,33207.4,5320.0
20260327.0,1915.0,33211.5,33236.0,33135.9,33214.6,3782.0
20260327.0,1930.0,33214.6,33262.5,33208.5,33247.3,1400.0
20260327.0,1945.0,33247.3,33290.1,33224.8,33278.9,1584.0
20260327.0,2000.0,33281.0,33342.2,33259.6,33268.7,2526.0
20260327.0,2015.0,33267.7,33278.9,33197.2,33249.3,2200.0
20260327.0,2030.0,33248.3,33306.5,33238.1,33288.1,1654.0
20260327.0,2045.0,33288.1,33315.7,33239.1,33288.1,1440.0
20260327.0,2100.0,33296.3,33359.6,33262.6,33296.3,2120.0
20260327.0,2115.0,33299.4,33305.5,33220.7,33259.5,1882.0
20260327.0,2130.0,33257.5,33327.9,33251.4,33298.3,1804.0
20260327.0,2145.0,33296.3,33350.4,33217.7,33277.9,5352.0
20260327.0,2200.0,33289.2,33400.5,33105.3,33132.8,8510.0
20260327.0,2215.0,33138.9,33249.2,33083.8,33213.5,5404.0
20260327.0,2230.0,33210.5,33332.0,33197.2,33209.4,5130.0
20260327.0,2245.0,33208.4,33252.3,33147.2,33185.9,3258.0
20260327.0,2300.0,33181.9,33291.1,33158.4,33271.8,3426.0
20260327.0,2315.0,33273.8,33360.6,33264.7,33284.0,3570.0
20260327.0,2330.0,33283.0,33416.8,33232.0,33402.6,5596.0
20260327.0,2345.0,33403.6,33483.3,33323.9,33346.4,6976.0
20260328.0,0.0,33344.3,33395.4,33297.4,33317.8,2690.0
20260328.0,15.0,33317.8,33345.3,33262.6,33288.1,2220.0
20260328.0,30.0,33293.2,33316.7,33258.5,33275.9,1662.0
20260328.0,45.0,33280.0,33307.5,33211.5,33298.3,1984.0
20260328.0,100.0,33296.3,33324.9,33278.0,33285.1,1058.0
20260328.0,115.0,33281.0,33342.2,33228.9,33254.4,1992.0
20260328.0,130.0,33256.5,33256.4,33161.5,33162.4,1430.0
20260328.0,145.0,33176.7,33207.4,33119.6,33133.8,1486.0
20260328.0,200.0,33130.8,33158.3,33105.3,33133.8,1500.0
20260328.0,215.0,33132.8,33152.2,33093.0,33121.6,1056.0
20260328.0,230.0,33122.6,33181.8,33118.5,33146.1,1098.0
20260328.0,245.0,33146.1,33207.4,33133.9,33141.0,1134.0
20260328.0,300.0,33143.0,33155.2,33119.6,33145.1,472.0
20260328.0,315.0,33143.0,33145.0,33015.3,33066.4,3032.0
20260328.0,330.0,33061.3,33104.1,33054.2,33073.5,508.0
20260328.0,345.0,33073.5,33084.7,33008.2,33020.4,788.0
20260328.0,400.0,33021.4,33171.6,32988.8,33132.8,2068.0
20260328.0,415.0,33130.8,33183.8,33049.1,33066.4,1192.0
20260328.0,430.0,33060.2,33064.3,32994.9,33034.7,614.0
20260328.0,445.0,33037.8,33042.8,32965.3,33003.0,796.0
20260328.0,500.0,33000.0,33010.1,32949.9,32949.9,980.0
20260330.0,900.0,32749.6,32956.0,32728.2,32956.0,17140.0
20260330.0,915.0,32956.0,33173.6,32925.4,33123.6,17756.0
20260330.0,930.0,33124.6,33185.9,33059.3,33167.5,9124.0
20260330.0,945.0,33168.6,33211.4,33096.1,33208.4,9186.0
20260330.0,1000.0,33208.4,33231.9,33101.2,33157.3,7324.0
20260330.0,1015.0,33158.4,33256.4,33129.8,33172.7,6448.0
20260330.0,1030.0,33172.7,33172.6,32945.8,32983.6,10156.0
20260330.0,1045.0,32982.6,33077.6,32949.9,33041.9,6130.0
20260330.0,1100.0,33043.9,33239.0,33034.8,33213.5,7800.0
20260330.0,1115.0,33213.5,33359.6,33195.2,33312.7,7962.0
20260330.0,1130.0,33313.7,33358.6,33292.3,33343.3,3868.0
20260330.0,1145.0,33345.4,33350.4,33283.1,33320.8,2316.0
20260330.0,1200.0,33317.8,33334.1,33262.6,33327.0,2632.0
20260330.0,1215.0,33322.9,33380.1,33286.1,33333.1,3426.0
20260330.0,1230.0,33334.1,33428.1,33333.1,33380.1,3924.0
20260330.0,1245.0,33379.1,33383.1,33273.9,33287.1,3962.0
20260330.0,1300.0,33286.1,33321.8,33244.2,33269.7,3428.0
20260330.0,1315.0,33269.7,33347.4,33265.7,33309.6,3748.0
20260330.0,1330.0,33308.6,33336.1,33250.4,33264.6,5212.0
20260330.0,1345.0,33263.6,33298.3,33172.7,33178.8,10582.0
20260330.0,1515.0,33363.8,33363.7,33242.2,33286.1,3346.0
20260330.0,1530.0,33281.0,33307.5,33200.3,33245.2,2112.0
20260330.0,1545.0,33247.3,33285.0,33227.9,33251.3,1108.0
20260330.0,1600.0,33256.5,33326.9,33248.3,33310.6,1476.0
20260330.0,1615.0,33305.5,33346.3,33261.6,33340.2,2032.0
20260330.0,1630.0,33338.2,33377.0,33305.6,33325.9,2170.0
20260330.0,1645.0,33320.8,33399.5,33319.9,33394.4,2066.0
20260330.0,1700.0,33391.3,33424.0,33355.6,33415.9,1776.0
20260330.0,1715.0,33417.9,33421.9,33350.5,33360.7,1534.0
20260330.0,1730.0,33356.6,33359.6,33297.4,33334.1,1880.0
20260330.0,1745.0,33335.1,33356.5,33278.0,33302.4,1660.0
20260330.0,1800.0,33301.4,33341.2,33288.2,33334.1,810.0
20260330.0,1815.0,33329.0,33337.1,33287.2,33300.4,996.0
20260330.0,1830.0,33305.5,33339.2,33285.1,33323.9,698.0
20260330.0,1845.0,33322.9,33323.8,33263.7,33278.9,1390.0
20260330.0,1900.0,33281.0,33350.4,33273.9,33340.2,1028.0
20260330.0,1915.0,33341.3,33390.3,33338.3,33362.7,1622.0
20260330.0,1930.0,33364.8,33577.3,33354.6,33515.0,6264.0
20260330.0,1945.0,33521.1,33542.5,33435.3,33452.7,2756.0
20260330.0,2000.0,33454.7,33478.2,33423.1,33434.3,1488.0
20260330.0,2015.0,33441.4,33441.4,33378.1,33398.5,1858.0
20260330.0,2030.0,33398.5,33505.7,33383.2,33494.6,1732.0
20260330.0,2045.0,33490.5,33509.8,33471.1,33499.7,1196.0
20260330.0,2100.0,33501.7,33516.0,33477.2,33515.0,910.0
20260330.0,2115.0,33515.0,33550.7,33451.7,33481.3,1744.0
20260330.0,2130.0,33486.4,33500.6,33470.1,33478.2,908.0
20260330.0,2145.0,33474.1,33514.9,33204.4,33258.5,8814.0
20260330.0,2200.0,33255.4,33272.8,33011.2,33045.9,8750.0
20260330.0,2215.0,33047.0,33226.8,33030.7,33190.0,6490.0
20260330.0,2230.0,33190.0,33207.4,33081.8,33105.2,3856.0
20260330.0,2245.0,33103.2,33160.3,32992.9,33003.0,6332.0
20260330.0,2300.0,33004.0,33182.8,32988.8,33171.6,5702.0
20260330.0,2315.0,33170.6,33256.4,33081.8,33088.9,5400.0
20260330.0,2330.0,33087.8,33130.7,33039.9,33080.7,2836.0
20260330.0,2345.0,33082.7,33207.4,33069.5,33205.4,2950.0
20260331.0,0.0,33204.3,33234.9,33145.1,33158.4,2286.0
20260331.0,15.0,33154.3,33160.3,33061.3,33088.9,2374.0
20260331.0,30.0,33088.9,33088.8,33017.4,33020.4,2092.0
20260331.0,45.0,33019.4,33084.7,33012.3,33060.2,1380.0
20260331.0,100.0,33053.1,33071.4,33020.4,33039.8,836.0
20260331.0,115.0,33045.9,33064.3,32893.7,32900.8,3858.0
20260331.0,130.0,32904.9,32919.2,32792.6,32800.7,3740.0
20260331.0,145.0,32802.7,32863.0,32759.9,32860.0,3080.0
20260331.0,200.0,32858.9,32895.7,32803.8,32816.0,1684.0
20260331.0,215.0,32817.0,32839.5,32782.3,32835.4,1052.0
20260331.0,230.0,32834.4,32848.7,32767.0,32783.3,1172.0
20260331.0,245.0,32784.3,32824.1,32749.6,32767.0,1258.0
20260331.0,300.0,32768.0,32786.3,32664.8,32689.3,2512.0
20260331.0,315.0,32687.3,32703.6,32600.4,32630.0,1890.0
20260331.0,330.0,32636.2,32684.1,32613.7,32648.4,1460.0
20260331.0,345.0,32649.4,32778.2,32645.4,32761.9,1744.0
20260331.0,400.0,32761.9,32825.2,32738.4,32820.1,1762.0
20260331.0,415.0,32819.1,32843.6,32709.8,32724.0,1012.0
20260331.0,430.0,32728.1,32756.7,32725.1,32753.7,268.0
20260331.0,445.0,32752.7,32756.7,32728.2,32744.5,252.0
20260331.0,500.0,32741.4,32750.6,32725.1,32732.2,514.0
20260331.0,900.0,32700.5,32971.3,32700.6,32905.9,16338.0
20260331.0,915.0,32907.0,33033.6,32661.8,32735.3,22728.0
20260331.0,930.0,32732.2,32983.6,32715.9,32973.4,12604.0
20260331.0,945.0,32969.3,33161.4,32962.2,33060.2,13606.0
20260331.0,1000.0,33062.3,33115.4,32972.4,33043.9,7624.0
20260331.0,1015.0,33043.9,33092.9,32966.3,32978.5,6134.0
20260331.0,1030.0,32979.5,33073.5,32916.2,32934.6,8268.0
20260331.0,1045.0,32930.5,33013.2,32866.1,32912.1,7042.0
20260331.0,1100.0,32912.1,33091.9,32906.0,32911.1,8084.0
20260331.0,1115.0,32911.1,33032.6,32888.6,32980.5,5806.0
20260331.0,1130.0,32978.5,32992.8,32807.9,32814.0,5880.0
20260331.0,1145.0,32817.0,32831.3,32646.4,32651.5,8534.0
20260331.0,1200.0,32654.6,32683.1,32513.6,32538.1,10696.0
20260331.0,1215.0,32542.1,32624.9,32507.5,32526.8,8686.0
20260331.0,1230.0,32523.8,32638.2,32502.3,32526.8,7046.0
20260331.0,1245.0,32526.8,32638.2,32512.6,32611.6,4610.0
20260331.0,1300.0,32608.6,32635.1,32542.2,32603.5,4320.0
20260331.0,1315.0,32607.6,32650.4,32553.4,32553.4,5376.0
20260331.0,1330.0,32555.4,32678.0,32529.9,32623.9,9440.0
20260331.0,1345.0,32627.0,32696.4,32601.5,32679.1,14172.0
20260331.0,1515.0,32642.3,32695.4,32545.3,32560.5,4916.0
20260331.0,1530.0,32558.5,32569.7,32434.9,32537.0,5084.0
20260331.0,1545.0,32537.0,32686.2,32534.0,32666.8,3486.0
20260331.0,1600.0,32668.9,32746.5,32660.7,32736.3,3174.0
20260331.0,1615.0,32734.3,32749.5,32664.8,32675.0,2604.0
20260331.0,1630.0,32673.0,32706.6,32654.6,32673.0,1162.0
20260331.0,1645.0,32671.9,32688.2,32600.4,32605.5,1462.0
20260331.0,1700.0,32611.6,32677.0,32566.7,32621.9,2370.0
20260331.0,1715.0,32618.8,32691.3,32606.6,32652.5,1056.0
20260331.0,1730.0,32652.5,32702.5,32622.9,32630.0,1310.0
20260331.0,1745.0,32634.1,32652.5,32583.1,32636.2,1478.0
20260331.0,1800.0,32628.0,32669.8,32581.0,32607.6,1246.0
20260331.0,1815.0,32605.5,32682.1,32605.6,32622.9,1482.0
20260331.0,1830.0,32627.0,32643.3,32586.1,32637.2,1032.0
20260331.0,1845.0,32635.1,32654.5,32518.7,32537.0,2100.0
20260331.0,1900.0,32537.0,32629.0,32529.9,32618.8,1470.0
20260331.0,1915.0,32614.7,32729.1,32563.7,32697.5,3906.0
20260331.0,1930.0,32699.5,32874.2,32686.3,32806.8,6042.0
20260331.0,1945.0,32807.8,32833.3,32742.5,32831.3,1988.0
20260331.0,2000.0,32825.2,32833.3,32775.2,32801.7,1384.0
20260331.0,2015.0,32807.8,32897.7,32762.9,32777.2,3730.0
20260331.0,2030.0,32777.2,32860.9,32749.6,32845.7,2898.0
20260331.0,2045.0,32840.5,32879.3,32834.5,32876.3,1952.0
20260331.0,2100.0,32875.3,32889.5,32805.8,32805.8,1890.0
20260331.0,2115.0,32810.9,32840.5,32798.7,32829.3,1070.0
20260331.0,2130.0,32828.3,32877.3,32823.2,32854.8,1132.0
20260331.0,2145.0,32858.9,32964.1,32843.7,32882.4,7468.0
20260331.0,2200.0,32886.5,33105.2,32884.5,33099.1,7196.0
20260331.0,2215.0,33105.2,33131.7,33055.2,33098.1,5224.0
20260331.0,2230.0,33096.0,33167.5,33082.8,33142.0,4626.0
20260331.0,2245.0,33143.0,33174.7,33028.6,33041.9,4940.0
20260331.0,2300.0,33043.9,33062.2,32892.7,32945.8,6624.0
20260331.0,2315.0,32947.8,33122.5,32939.7,33119.5,5226.0
20260331.0,2330.0,33121.6,33128.7,33025.6,33025.5,4264.0
20260331.0,2345.0,33026.5,33076.5,33002.1,33019.4,2442.0
20260401.0,0.0,33016.3,33068.4,32967.3,32980.5,2422.0
20260401.0,15.0,32979.5,33065.3,32969.4,33052.1,2054.0
20260401.0,30.0,33054.1,33120.5,33053.1,33076.6,2050.0
20260401.0,45.0,33074.6,33694.8,33061.3,33583.5,14310.0
20260401.0,100.0,33582.4,33661.1,33460.9,33530.3,10344.0
20260401.0,115.0,33526.2,33654.9,33511.0,33610.0,5668.0
20260401.0,130.0,33609.0,33653.9,33570.2,33593.7,2764.0
20260401.0,145.0,33596.7,33665.2,33548.8,33593.7,3368.0
20260401.0,200.0,33590.6,33615.1,33546.7,33567.1,1426.0
20260401.0,215.0,33569.2,33646.8,33569.2,33638.6,1234.0
20260401.0,230.0,33636.6,33664.1,33596.8,33636.6,1092.0
20260401.0,245.0,33624.3,33660.0,33600.9,33640.7,734.0
20260401.0,300.0,33640.7,33679.5,33639.7,33670.3,1018.0
20260401.0,315.0,33670.3,33720.3,33661.2,33715.3,1934.0
20260401.0,330.0,33720.4,33765.3,33710.2,33722.4,2104.0
20260401.0,345.0,33725.5,33821.5,33717.4,33819.5,2214.0
20260401.0,400.0,33817.5,33926.8,33805.3,33888.0,4698.0
20260401.0,415.0,33885.9,33896.1,33732.7,33812.4,2630.0
20260401.0,430.0,33806.2,33869.5,33805.3,33842.0,792.0
20260401.0,445.0,33838.9,33838.9,33779.7,33784.8,1028.0
20260401.0,500.0,33789.9,33810.3,33775.6,33808.3,726.0
20260401.0,900.0,33772.5,33895.1,33763.4,33881.8,11138.0
20260401.0,915.0,33881.8,33913.5,33626.4,33695.9,18962.0
20260401.0,930.0,33694.8,33910.4,33682.6,33878.8,14592.0
20260401.0,945.0,33877.8,33962.5,33815.5,33864.5,11398.0
20260401.0,1000.0,33858.3,33938.0,33821.6,33929.9,5006.0
20260401.0,1015.0,33930.9,34021.8,33882.9,33906.4,8950.0
20260401.0,1030.0,33905.4,33981.9,33880.9,33956.4,4338.0
20260401.0,1045.0,33955.4,34012.6,33899.3,33995.3,4670.0
20260401.0,1100.0,33996.3,34027.9,33973.9,34000.4,3948.0
20260401.0,1115.0,34000.4,34058.6,33991.2,34034.1,4372.0
20260401.0,1130.0,34033.1,34068.8,33990.2,34041.3,3390.0
20260401.0,1145.0,34041.3,34074.9,34035.2,34054.5,1960.0
20260401.0,1200.0,34055.6,34063.7,33998.4,34021.8,2522.0
20260401.0,1215.0,34021.8,34038.1,33983.1,34002.4,1978.0
20260401.0,1230.0,34001.4,34043.3,33994.3,34012.7,1982.0
20260401.0,1245.0,34012.7,34072.9,33995.3,34057.6,3826.0
20260401.0,1300.0,34058.6,34107.6,34047.4,34075.0,4482.0
20260401.0,1315.0,34077.0,34142.4,34072.0,34091.3,5572.0
20260401.0,1330.0,34092.4,34116.8,34062.8,34116.9,4562.0
20260401.0,1345.0,34113.8,34136.3,34054.6,34133.2,12716.0
20260401.0,1515.0,34336.6,34342.7,34246.7,34305.9,7172.0
20260401.0,1530.0,34308.0,34325.3,34269.2,34321.3,1842.0
20260401.0,1545.0,34321.3,34466.3,34321.3,34413.2,5162.0
20260401.0,1600.0,34412.2,34421.4,34150.7,34188.4,5346.0
20260401.0,1615.0,34188.4,34209.8,34065.8,34140.4,6176.0
20260401.0,1630.0,34148.6,34248.7,34138.4,34204.8,3380.0
20260401.0,1645.0,34207.8,34251.7,34202.8,34227.2,1688.0
20260401.0,1700.0,34224.2,34242.5,34141.5,34198.6,2198.0
20260401.0,1715.0,34202.7,34225.2,34114.9,34125.1,2006.0
20260401.0,1730.0,34120.0,34135.2,34046.4,34102.6,2788.0
20260401.0,1745.0,34107.7,34170.0,34107.7,34145.5,1842.0
20260401.0,1800.0,34147.5,34216.0,34145.5,34164.9,1420.0
20260401.0,1815.0,34162.9,34179.2,34129.2,34157.8,1028.0
20260401.0,1830.0,34155.7,34190.4,34132.3,34160.8,1074.0
20260401.0,1845.0,34162.9,34220.0,34144.5,34208.9,1384.0
20260401.0,1900.0,34212.9,34296.7,34212.0,34254.8,2304.0
20260401.0,1915.0,34253.8,34280.3,34234.5,34255.9,778.0
20260401.0,1930.0,34252.8,34264.0,34213.0,34246.7,1124.0
20260401.0,1945.0,34248.7,34315.1,34243.6,34289.6,1704.0
20260401.0,2000.0,34288.6,34299.8,34272.3,34274.3,764.0
20260401.0,2015.0,34271.2,34279.3,34202.8,34216.0,1470.0
20260401.0,2030.0,34215.0,34248.7,34158.8,34194.5,1820.0
20260401.0,2045.0,34199.7,34343.7,34188.5,34273.2,2604.0
20260401.0,2100.0,34274.3,34319.2,34126.1,34141.4,5944.0
20260401.0,2115.0,34145.5,34186.3,34093.4,34169.0,3164.0
20260401.0,2130.0,34168.0,34189.4,34142.5,34172.1,1344.0
20260401.0,2145.0,34173.1,34328.4,34100.6,34211.9,7890.0
20260401.0,2200.0,34212.9,34291.6,34190.5,34254.8,3922.0
20260401.0,2215.0,34254.8,34315.1,34229.3,34314.1,3882.0
20260401.0,2230.0,34315.1,34444.9,34309.1,34422.4,5828.0
20260401.0,2245.0,34422.4,34456.1,34295.8,34399.9,6794.0
20260401.0,2300.0,34397.9,34518.4,34366.3,34503.2,4778.0
20260401.0,2315.0,34505.2,34532.7,34486.9,34510.3,3226.0
20260401.0,2330.0,34514.4,34568.5,34481.8,34487.8,2972.0
20260401.0,2345.0,34486.8,34550.1,34455.2,34537.9,2666.0
20260402.0,0.0,34537.9,34573.6,34513.4,34555.3,1912.0
20260402.0,15.0,34553.2,34587.9,34535.9,34542.0,2266.0
20260402.0,30.0,34541.0,34562.4,34514.5,34519.5,1186.0
20260402.0,45.0,34520.5,34552.2,34504.2,34545.1,1214.0
20260402.0,100.0,34547.1,34601.2,34532.8,34581.8,1186.0
20260402.0,115.0,34582.9,34621.6,34563.5,34594.1,1504.0
20260402.0,130.0,34595.1,34613.5,34574.7,34575.7,844.0
20260402.0,145.0,34573.7,34583.8,34464.4,34473.5,1756.0
20260402.0,200.0,34476.6,34483.7,34383.6,34383.6,2734.0
20260402.0,215.0,34385.6,34394.8,34325.4,34337.6,3134.0
20260402.0,230.0,34338.6,34343.7,34210.9,34221.1,3064.0
20260402.0,245.0,34224.2,34316.1,34170.1,34265.1,3388.0
20260402.0,300.0,34279.4,34284.4,34239.6,34245.6,1004.0
20260402.0,315.0,34247.7,34334.5,34238.5,34299.8,1326.0
20260402.0,330.0,34300.8,34368.2,34296.8,34362.1,842.0
20260402.0,345.0,34358.1,34379.5,34302.9,34351.9,852.0
20260402.0,400.0,34350.9,34368.2,34218.1,34244.6,1772.0
20260402.0,415.0,34247.7,34292.6,34203.8,34292.7,818.0
20260402.0,430.0,34293.7,34303.8,34243.6,34256.9,218.0
20260402.0,445.0,34253.8,34292.6,34251.8,34280.4,172.0
20260402.0,500.0,34277.3,34305.9,34277.4,34301.8,456.0
20260402.0,900.0,34413.2,34424.4,34292.7,34382.6,8676.0
20260402.0,915.0,34381.6,34396.8,34106.7,34226.2,20788.0
20260402.0,930.0,34230.3,34240.5,33782.8,33831.8,24676.0
20260402.0,945.0,33828.7,33868.5,33530.4,33652.9,17242.0
20260402.0,1000.0,33648.9,33737.7,33577.4,33642.7,10832.0
20260402.0,1015.0,33643.7,33663.1,33449.6,33491.5,11316.0
20260402.0,1030.0,33496.6,33585.5,33431.2,33436.3,7666.0
20260402.0,1045.0,33442.4,33543.6,33377.1,33488.4,10026.0
20260402.0,1100.0,33491.5,33536.4,33451.7,33499.7,4668.0
20260402.0,1115.0,33501.7,33501.7,33400.6,33482.3,4508.0
20260402.0,1130.0,33483.3,33516.0,33437.4,33454.7,2938.0
20260402.0,1145.0,33455.7,33472.0,33294.3,33347.4,7142.0
20260402.0,1200.0,33345.4,33350.4,33269.8,33319.8,4762.0
20260402.0,1215.0,33321.9,33405.6,33285.1,33386.2,5174.0
20260402.0,1230.0,33382.1,33413.8,33318.8,33329.0,3008.0
20260402.0,1245.0,33332.1,33344.3,33291.2,33330.0,3304.0
20260402.0,1300.0,33329.0,33336.1,33278.0,33328.0,3056.0
20260402.0,1315.0,33329.0,33355.5,33271.8,33322.9,4242.0
20260402.0,1330.0,33322.9,33343.3,33283.1,33303.5,4320.0
20260402.0,1345.0,33303.5,33340.2,33197.2,33198.2,11102.0
20260402.0,1515.0,33289.2,33327.9,33170.7,33212.5,5342.0
20260402.0,1530.0,33208.4,33288.1,33194.2,33256.5,2914.0
20260402.0,1545.0,33256.5,33333.0,33234.0,33319.8,1990.0
20260402.0,1600.0,33319.8,33369.8,33313.7,33364.8,1622.0
20260402.0,1615.0,33364.8,33386.2,33293.3,33320.8,1654.0
20260402.0,1630.0,33322.9,33355.5,33280.0,33306.5,1038.0
20260402.0,1645.0,33308.6,33363.7,33303.5,33317.8,1034.0
20260402.0,1700.0,33322.9,33332.0,33300.4,33319.8,654.0
20260402.0,1715.0,33318.8,33339.2,33244.2,33258.5,1314.0
20260402.0,1730.0,33252.4,33362.7,33242.2,33322.9,1612.0
20260402.0,1745.0,33318.8,33326.9,33268.8,33272.8,922.0
20260402.0,1800.0,33273.8,33288.1,33250.4,33264.6,1006.0
20260402.0,1815.0,33262.6,33262.5,33114.5,33116.5,3064.0
20260402.0,1830.0,33123.6,33143.0,33024.5,33057.2,3578.0
20260402.0,1845.0,33058.2,33134.8,33049.1,33111.3,2000.0
20260402.0,1900.0,33107.3,33131.7,33081.8,33115.4,1098.0
20260402.0,1915.0,33112.4,33139.9,33064.4,33075.6,1590.0
20260402.0,1930.0,33075.6,33083.7,33005.1,33009.2,2356.0
20260402.0,1945.0,33009.2,33058.2,33002.1,33041.9,1280.0
20260402.0,2000.0,33036.7,33056.1,32969.4,32980.5,1616.0
20260402.0,2015.0,32987.7,33003.0,32925.4,32945.8,2376.0
20260402.0,2030.0,32945.8,33035.7,32938.7,33014.3,2238.0
20260402.0,2045.0,33023.5,33085.7,32998.0,33034.7,2002.0
20260402.0,2100.0,33036.7,33106.2,33033.7,33042.9,1714.0
20260402.0,2115.0,33049.0,33081.7,33010.2,33025.5,1494.0
20260402.0,2130.0,33027.5,33058.2,32961.2,33023.5,1632.0
20260402.0,2145.0,33029.6,33156.3,32896.8,33006.1,8688.0
20260402.0,2200.0,33009.2,33238.0,32987.7,33226.8,7296.0
20260402.0,2215.0,33225.8,33354.5,33193.1,33272.8,6752.0
20260402.0,2230.0,33275.9,33366.8,33258.5,33305.5,5426.0
20260402.0,2245.0,33301.4,33856.3,33295.3,33723.5,15636.0
20260402.0,2300.0,33726.5,33739.8,33508.9,33630.5,7288.0
20260402.0,2315.0,33630.5,33640.6,33518.1,33600.8,4924.0
20260402.0,2330.0,33598.8,33614.1,33458.8,33561.0,4906.0
20260402.0,2345.0,33564.0,33579.3,33494.6,33543.6,2696.0
20260403.0,0.0,33544.6,33546.6,33387.3,33456.7,3918.0
20260403.0,15.0,33454.7,33526.2,33418.0,33469.0,2040.0
20260403.0,30.0,33465.9,33493.5,33398.5,33452.7,1798.0
20260403.0,45.0,33449.6,33582.4,33433.3,33556.9,2886.0
20260403.0,100.0,33554.8,33578.3,33505.8,33505.8,1800.0
20260403.0,115.0,33509.9,33579.3,33473.1,33571.2,1328.0
20260403.0,130.0,33569.2,33618.2,33563.1,33594.7,1482.0
20260403.0,145.0,33595.7,33601.8,33522.2,33536.5,1116.0
20260403.0,200.0,33541.6,33546.6,33467.0,33501.7,1292.0
20260403.0,215.0,33504.8,33560.9,33498.7,33524.2,878.0
20260403.0,230.0,33530.3,33537.4,33502.8,33522.1,620.0
20260403.0,245.0,33518.1,33568.1,33478.3,33551.8,658.0
20260403.0,300.0,33551.8,33583.4,33548.8,33557.9,476.0
20260403.0,315.0,33564.0,33617.1,33555.9,33584.5,668.0
20260403.0,330.0,33586.5,33591.6,33547.7,33564.0,582.0
20260403.0,345.0,33564.0,33568.1,33538.5,33540.5,432.0
20260403.0,400.0,33536.5,33614.1,33526.3,33603.9,980.0
20260403.0,415.0,33610.0,33611.0,33558.0,33573.2,424.0
20260403.0,430.0,33573.2,33599.8,33560.0,33599.8,374.0
20260403.0,445.0,33595.7,33602.8,33553.9,33590.6,368.0
20260403.0,500.0,33590.6,33638.6,33561.0,33596.7,1248.0
20260407.0,900.0,33918.6,34009.5,33881.9,33956.4,12668.0
20260407.0,915.0,33955.4,34055.5,33852.3,33917.6,13842.0
20260407.0,930.0,33915.6,34080.0,33915.6,34056.6,8244.0
20260407.0,945.0,34050.5,34107.6,33877.8,33928.9,11230.0
20260407.0,1000.0,33934.0,33959.5,33685.7,33726.5,10274.0
20260407.0,1015.0,33729.6,33854.2,33676.5,33788.9,6456.0
20260407.0,1030.0,33784.8,33862.4,33752.1,33849.1,3606.0
20260407.0,1045.0,33850.2,33902.2,33842.0,33877.8,3536.0
20260407.0,1100.0,33877.8,33944.1,33836.9,33876.7,3936.0
20260407.0,1115.0,33873.7,33910.4,33805.3,33852.2,2116.0
20260407.0,1130.0,33852.2,33871.6,33789.9,33859.4,2284.0
20260407.0,1145.0,33857.3,33916.5,33854.3,33878.8,2374.0
20260407.0,1200.0,33876.7,33900.2,33855.3,33881.8,1256.0
20260407.0,1215.0,33880.8,33904.3,33803.2,33809.3,2756.0
20260407.0,1230.0,33807.3,33887.9,33806.3,33870.6,1950.0
20260407.0,1245.0,33875.7,33906.3,33864.5,33892.1,1876.0
20260407.0,1300.0,33895.1,33934.9,33873.7,33882.9,2550.0
20260407.0,1315.0,33880.8,33916.5,33866.6,33900.2,2382.0
20260407.0,1330.0,33900.2,33916.5,33866.6,33892.1,2896.0
20260407.0,1345.0,33894.1,33916.5,33867.6,33884.9,7878.0
20260407.0,1515.0,33958.5,34007.5,33897.2,33936.0,2832.0
20260407.0,1530.0,33932.9,33947.2,33875.8,33880.8,1388.0
20260407.0,1545.0,33885.9,33948.2,33886.0,33941.1,1076.0
20260407.0,1600.0,33940.1,33948.2,33886.0,33932.9,868.0
20260407.0,1615.0,33936.0,34264.0,33929.9,34205.8,8230.0
20260407.0,1630.0,34205.8,34297.7,34151.7,34232.4,3734.0
20260407.0,1645.0,34233.4,34293.6,34213.0,34256.9,1704.0
20260407.0,1700.0,34254.8,34274.2,34214.0,34258.9,1242.0
20260407.0,1715.0,34262.0,34287.5,34218.1,34246.7,1532.0
20260407.0,1730.0,34246.7,34326.3,34230.4,34297.8,2674.0
20260407.0,1745.0,34289.6,34331.4,34280.4,34285.5,1708.0
20260407.0,1800.0,34284.5,34284.4,34225.3,34234.4,1268.0
20260407.0,1815.0,34240.5,34259.9,34062.8,34152.7,5180.0
20260407.0,1830.0,34154.7,34194.5,34015.8,34080.1,3264.0
20260407.0,1845.0,34081.1,34087.2,33973.9,33993.2,3292.0
20260407.0,1900.0,34000.4,34007.5,33838.0,33903.3,3952.0
20260407.0,1915.0,33906.4,33969.7,33905.4,33950.3,2182.0
20260407.0,1930.0,33952.4,33996.3,33932.0,33939.1,1564.0
20260407.0,1945.0,33939.1,33967.6,33890.1,33945.2,1926.0
20260407.0,2000.0,33949.3,33956.4,33913.6,33935.0,674.0
20260407.0,2015.0,33941.1,33953.3,33817.5,33871.6,4042.0
20260407.0,2030.0,33874.7,34049.4,33819.6,34033.1,4058.0
20260407.0,2045.0,34031.0,34045.3,33969.8,33977.9,2248.0
20260407.0,2100.0,33977.9,34059.6,33911.5,33983.0,3008.0
20260407.0,2115.0,33988.1,34032.0,33953.4,33990.2,1738.0
20260407.0,2130.0,33990.2,34002.4,33957.5,33993.2,1030.0
20260407.0,2145.0,33994.3,34044.3,33850.2,33864.5,5802.0
20260407.0,2200.0,33865.5,33890.0,33718.4,33726.5,6764.0
20260407.0,2215.0,33729.6,33730.6,33542.6,33628.4,8938.0
20260407.0,2230.0,33629.4,33808.2,33623.4,33795.0,6486.0
20260407.0,2245.0,33792.9,33865.4,33753.1,33789.9,4632.0
20260407.0,2300.0,33794.0,33882.8,33664.2,33671.3,4604.0
20260407.0,2315.0,33667.3,33689.7,33556.9,33663.2,5942.0
20260407.0,2330.0,33662.1,33786.8,33658.1,33763.3,4474.0
20260407.0,2345.0,33764.3,33779.6,33703.1,33729.6,2670.0
20260408.0,0.0,33733.7,33848.1,33730.7,33806.2,2480.0
20260408.0,15.0,33813.4,33968.7,33808.3,33855.3,4096.0
20260408.0,30.0,33857.3,33916.5,33811.4,33895.1,3136.0
20260408.0,45.0,33894.1,33926.8,33875.8,33922.7,1548.0
20260408.0,100.0,33922.7,33949.2,33882.9,33895.1,1338.0
20260408.0,115.0,33893.1,33947.2,33883.9,33901.3,1108.0
20260408.0,130.0,33892.1,33914.5,33813.4,33847.1,1416.0
20260408.0,145.0,33850.2,34026.9,33843.1,33966.7,2754.0
20260408.0,200.0,33969.7,34068.8,33954.5,34012.7,2014.0
20260408.0,215.0,34012.7,34029.0,33963.7,33990.2,594.0
20260408.0,230.0,33989.1,34011.6,33953.4,33976.9,428.0
20260408.0,245.0,33978.9,33993.2,33896.2,33911.5,810.0
20260408.0,300.0,33907.4,33909.4,33799.1,33802.1,1284.0
20260408.0,315.0,33804.2,33853.2,33766.4,33845.1,2242.0
20260408.0,330.0,33847.1,34154.6,33838.0,34012.7,5494.0
20260408.0,345.0,34009.6,34074.9,33968.8,34046.4,1350.0
20260408.0,400.0,34042.3,34258.9,34018.8,34243.6,6876.0
20260408.0,415.0,34241.6,34276.3,34202.8,34242.6,1436.0
20260408.0,430.0,34242.6,34259.9,34192.6,34223.2,658.0
20260408.0,445.0,34219.1,34313.0,34212.0,34257.9,1270.0
20260408.0,500.0,34258.9,34259.9,34214.0,34228.3,632.0
20260408.0,900.0,35409.6,35443.3,35298.2,35347.2,20346.0
20260408.0,915.0,35350.3,35386.0,35227.7,35345.2,16758.0
20260408.0,930.0,35350.3,35401.4,35263.5,35385.1,11736.0
20260408.0,945.0,35386.1,35561.8,35370.8,35498.5,13552.0
20260408.0,1000.0,35500.5,35649.7,35491.4,35640.5,8378.0
20260408.0,1015.0,35640.5,35775.4,35640.6,35760.1,10976.0
20260408.0,1030.0,35761.1,35808.1,35714.2,35743.7,6642.0
20260408.0,1045.0,35746.8,35750.8,35678.4,35723.3,4204.0
20260408.0,1100.0,35724.3,35775.4,35720.3,35758.0,3764.0
20260408.0,1115.0,35758.0,35771.3,35717.2,35723.3,2074.0
20260408.0,1130.0,35722.3,35737.6,35603.8,35659.9,5994.0
20260408.0,1145.0,35658.9,35727.3,35651.8,35662.0,3146.0
20260408.0,1200.0,35664.0,35715.1,35654.9,35689.6,2246.0
20260408.0,1215.0,35686.5,35789.7,35686.6,35775.4,3874.0
20260408.0,1230.0,35777.5,35801.9,35754.0,35790.7,2750.0
20260408.0,1245.0,35789.7,35827.5,35762.2,35797.9,3650.0
20260408.0,1300.0,35796.9,35818.3,35771.4,35783.6,2866.0
20260408.0,1315.0,35780.5,35805.0,35735.6,35740.7,3948.0
20260408.0,1330.0,35738.6,35759.0,35687.6,35729.4,5480.0
20260408.0,1345.0,35722.3,35803.0,35720.3,35762.1,15950.0
20260408.0,1515.0,35766.2,35811.1,35720.3,35780.5,3274.0
20260408.0,1530.0,35780.5,35950.1,35772.4,35914.4,4548.0
20260408.0,1545.0,35912.3,35914.3,35725.4,35741.7,3122.0
20260408.0,1600.0,35746.8,35787.6,35725.4,35725.3,1336.0
20260408.0,1615.0,35726.4,35803.0,35699.8,35783.6,1816.0
20260408.0,1630.0,35777.5,35824.4,35770.4,35816.3,1224.0
20260408.0,1645.0,35814.2,35872.4,35761.2,35788.7,2044.0
20260408.0,1700.0,35794.8,35913.3,35791.8,35905.2,1990.0
20260408.0,1715.0,35902.1,35968.5,35895.0,35934.8,2298.0
20260408.0,1730.0,35936.9,35951.1,35899.1,35910.3,1094.0
20260408.0,1745.0,35910.3,35923.5,35811.2,35825.5,1544.0
20260408.0,1800.0,35826.5,35893.9,35810.2,35860.2,1448.0
20260408.0,1815.0,35868.4,35888.8,35838.8,35859.2,718.0
20260408.0,1830.0,35864.3,35907.2,35838.8,35897.0,684.0
20260408.0,1845.0,35896.0,35932.7,35895.0,35926.7,858.0
20260408.0,1900.0,35928.7,35931.7,35902.2,35919.5,576.0
20260408.0,1915.0,35915.4,35945.0,35899.1,35929.7,842.0
20260408.0,1930.0,35927.7,36035.9,35904.2,36016.6,2620.0
20260408.0,1945.0,36019.6,36019.6,35912.4,35955.3,1750.0
20260408.0,2000.0,35954.2,35996.1,35954.3,35988.0,920.0
20260408.0,2015.0,35989.0,36050.3,35976.8,36030.9,2008.0
20260408.0,2030.0,36030.9,36058.4,35870.5,35957.3,4726.0
20260408.0,2045.0,35955.3,36019.6,35950.2,36013.5,1910.0
20260408.0,2100.0,36013.5,36047.2,35999.3,36019.6,1314.0
20260408.0,2115.0,36019.6,36081.9,36009.5,36067.7,2008.0
20260408.0,2130.0,36067.7,36085.0,36039.1,36068.7,1664.0
20260408.0,2145.0,36062.6,36106.5,35994.2,36035.0,7084.0
20260408.0,2200.0,36032.9,36121.8,35972.7,36028.8,5926.0
20260408.0,2215.0,36030.9,36063.5,35945.1,36044.2,3778.0
20260408.0,2230.0,36045.2,36058.4,35935.9,35939.9,3554.0
20260408.0,2245.0,35949.1,35965.4,35825.5,35836.7,5826.0
20260408.0,2300.0,35834.7,35870.4,35716.2,35805.1,8418.0
20260408.0,2315.0,35807.1,35878.6,35793.9,35856.1,3952.0
20260408.0,2330.0,35852.1,35901.1,35835.8,35871.5,2392.0
20260408.0,2345.0,35874.5,35923.5,35854.2,35914.4,2260.0
20260409.0,0.0,35916.4,35958.3,35914.4,35930.7,1592.0
20260409.0,15.0,35927.7,35983.8,35926.7,35929.7,1896.0
20260409.0,30.0,35930.7,35950.1,35900.1,35947.1,1312.0
20260409.0,45.0,35950.2,36021.6,35935.9,36007.4,1652.0
20260409.0,100.0,36007.4,36033.9,36002.3,36015.6,956.0
20260409.0,115.0,36014.5,36044.1,35998.2,36018.6,844.0
20260409.0,130.0,36018.6,36026.8,35932.8,35962.4,1948.0
20260409.0,145.0,35971.6,36009.4,35925.7,36000.2,1120.0
20260409.0,200.0,36003.3,36021.6,35976.8,35993.1,488.0
20260409.0,215.0,35988.0,36034.9,35968.6,36030.9,702.0
20260409.0,230.0,36031.9,36056.4,35879.7,35902.1,2574.0
20260409.0,245.0,35903.2,35949.1,35850.1,35856.1,862.0
20260409.0,300.0,35860.2,35894.9,35775.5,35786.7,1258.0
20260409.0,315.0,35782.6,35892.9,35770.4,35888.8,1020.0
20260409.0,330.0,35886.8,35906.2,35853.1,35869.4,468.0
20260409.0,345.0,35871.5,35939.9,35871.5,35935.9,1126.0
20260409.0,400.0,35938.9,36075.8,35927.7,36062.6,1800.0
20260409.0,415.0,36062.6,36076.8,36016.6,36019.6,710.0
20260409.0,430.0,36022.7,36030.8,35976.8,35993.1,306.0
20260409.0,445.0,35991.0,35993.0,35962.5,35971.6,214.0
20260409.0,500.0,35978.8,35987.9,35937.9,35978.8,396.0
20260409.0,900.0,35798.9,35868.4,35669.2,35735.6,11540.0
20260409.0,915.0,35732.5,35761.1,35603.8,35722.3,15144.0
20260409.0,930.0,35721.3,35728.4,35569.0,35619.1,9626.0
20260409.0,945.0,35619.1,35711.0,35539.4,35579.2,8142.0
20260409.0,1000.0,35585.3,35710.0,35577.2,35694.7,6706.0
20260409.0,1015.0,35694.7,35701.8,35516.9,35576.1,6150.0
20260409.0,1030.0,35580.2,35633.3,35547.6,35614.0,3500.0
20260409.0,1045.0,35614.0,35655.8,35576.2,35581.3,2918.0
20260409.0,1100.0,35583.3,35681.4,35583.4,35649.7,3516.0
20260409.0,1115.0,35649.7,35691.6,35603.8,35617.0,3032.0
20260409.0,1130.0,35617.0,35622.1,35552.7,35591.5,3736.0
20260409.0,1145.0,35591.5,35618.0,35577.2,35604.8,1702.0
20260409.0,1200.0,35599.7,35627.2,35573.1,35607.8,1976.0
20260409.0,1215.0,35607.8,35649.7,35585.4,35629.3,2618.0
20260409.0,1230.0,35631.3,35644.6,35563.9,35597.6,2444.0
20260409.0,1245.0,35597.6,35631.3,35576.2,35605.8,2574.0
20260409.0,1300.0,35607.8,35622.1,35561.9,35572.1,2326.0
20260409.0,1315.0,35572.1,35584.3,35505.7,35556.7,5060.0
20260409.0,1330.0,35556.7,35693.6,35555.8,35692.6,6912.0
20260409.0,1345.0,35692.6,35729.4,35675.3,35696.7,8428.0
20260409.0,1515.0,35686.5,35702.8,35625.2,35667.1,2070.0
20260409.0,1530.0,35659.9,35663.0,35569.0,35580.2,1764.0
20260409.0,1545.0,35585.3,35626.2,35543.5,35552.6,2304.0
20260409.0,1600.0,35556.7,35597.6,35535.3,35592.5,1400.0
20260409.0,1615.0,35596.6,35606.8,35546.6,35549.6,1014.0
20260409.0,1630.0,35547.5,35602.7,35546.6,35560.8,656.0
20260409.0,1645.0,35564.9,35643.5,35565.0,35643.6,1132.0
20260409.0,1700.0,35643.6,35651.7,35588.5,35596.6,824.0
20260409.0,1715.0,35593.5,35608.8,35559.8,35603.7,868.0
20260409.0,1730.0,35605.8,35628.2,35589.5,35620.1,684.0
20260409.0,1745.0,35612.9,35625.1,35584.4,35600.7,530.0
20260409.0,1800.0,35601.7,35628.2,35592.5,35625.2,438.0
20260409.0,1815.0,35626.2,35646.6,35601.7,35609.9,788.0
20260409.0,1830.0,35605.8,35632.3,35588.5,35608.8,704.0
20260409.0,1845.0,35609.9,35625.1,35585.4,35611.9,728.0
20260409.0,1900.0,35609.9,35620.0,35553.7,35556.7,1136.0
20260409.0,1915.0,35561.8,35572.0,35526.1,35566.9,1454.0
20260409.0,1930.0,35566.9,35578.1,35553.7,35573.1,726.0
20260409.0,1945.0,35571.0,35635.4,35571.1,35628.3,1484.0
20260409.0,2000.0,35630.3,35668.1,35627.3,35656.9,1472.0
20260409.0,2015.0,35653.8,35665.0,35630.4,35630.3,698.0
20260409.0,2030.0,35629.3,35643.5,35622.2,35635.4,536.0
20260409.0,2045.0,35637.5,35720.2,35600.7,35669.1,2774.0
20260409.0,2100.0,35665.1,35683.4,35628.3,35655.9,862.0
20260409.0,2115.0,35658.9,35678.3,35631.4,35664.0,1188.0
20260409.0,2130.0,35666.1,35757.0,35664.1,35740.7,2624.0
20260409.0,2145.0,35743.7,35878.6,35720.3,35867.4,7076.0
20260409.0,2200.0,35862.3,35867.3,35693.7,35723.3,5478.0
20260409.0,2215.0,35723.3,35763.1,35666.1,35695.7,4038.0
20260409.0,2230.0,35692.6,35694.6,35584.4,35620.1,4494.0
20260409.0,2245.0,35618.0,35667.0,35588.5,35636.4,2686.0
20260409.0,2300.0,35642.6,35750.8,35642.6,35720.2,3158.0
20260409.0,2315.0,35717.2,35737.6,35664.1,35729.4,1610.0
20260409.0,2330.0,35730.5,35819.3,35730.5,35758.0,3744.0
20260409.0,2345.0,35760.1,35903.1,35750.9,35871.5,5864.0
20260410.0,0.0,35868.4,35937.8,35834.7,35920.5,3168.0
20260410.0,15.0,35922.6,35995.1,35917.5,35955.3,3502.0
20260410.0,30.0,35956.3,36023.7,35944.1,35988.0,2276.0
20260410.0,45.0,35986.9,35991.0,35926.7,35949.1,1640.0
20260410.0,100.0,35949.1,35980.8,35908.3,35962.4,1412.0
20260410.0,115.0,35966.5,36011.4,35951.2,35998.2,1604.0
20260410.0,130.0,35993.1,36016.5,35976.8,35989.0,1096.0
20260410.0,145.0,35986.9,36061.5,35953.3,36018.6,1402.0
20260410.0,200.0,36023.7,36043.1,36006.4,36017.6,748.0
20260410.0,215.0,36022.7,36044.1,35904.2,35948.1,2038.0
20260410.0,230.0,35946.1,35977.7,35926.7,35947.1,856.0
20260410.0,245.0,35950.2,35976.7,35894.0,35951.2,1148.0
20260410.0,300.0,35950.2,35980.8,35950.2,35962.4,622.0
20260410.0,315.0,35965.5,36025.7,35962.5,36011.5,842.0
20260410.0,330.0,36014.5,36017.6,35974.7,35989.0,544.0
20260410.0,345.0,35989.0,36020.6,35989.0,36005.3,382.0
20260410.0,400.0,36004.3,36019.6,35949.2,35979.8,660.0
20260410.0,415.0,35972.6,35975.7,35942.0,35965.5,498.0
20260410.0,430.0,35965.5,35986.9,35964.5,35978.8,144.0
20260410.0,445.0,35981.8,35993.0,35972.7,35977.8,218.0
20260410.0,500.0,35980.8,35994.1,35965.5,35993.1,276.0
20260410.0,900.0,36020.7,36150.4,35986.0,36142.3,8860.0
20260410.0,915.0,36139.2,36213.8,36072.8,36166.8,11966.0
20260410.0,930.0,36163.7,36241.3,36138.2,36141.3,10206.0
20260410.0,945.0,36140.2,36299.6,36139.3,36243.4,9542.0
20260410.0,1000.0,36243.4,36312.9,36192.4,36236.3,5808.0
20260410.0,1015.0,36237.3,36244.4,36109.6,36110.6,5694.0
20260410.0,1030.0,36118.8,36164.7,36025.8,36106.5,7690.0
20260410.0,1045.0,36112.6,36187.2,36111.7,36178.0,2890.0
20260410.0,1100.0,36182.1,36226.0,36154.6,36213.8,3330.0
20260410.0,1115.0,36217.9,36254.6,36199.6,36217.9,3060.0
20260410.0,1130.0,36213.8,36214.8,36159.7,36169.9,2210.0
20260410.0,1145.0,36168.8,36288.4,36166.9,36231.2,3854.0
20260410.0,1200.0,36231.2,36258.7,36213.9,36240.4,1986.0
20260410.0,1215.0,36240.4,36251.6,36216.9,36228.1,1512.0
20260410.0,1230.0,36223.0,36323.1,36222.0,36288.4,6114.0
20260410.0,1245.0,36287.4,36318.0,36262.9,36266.9,3550.0
20260410.0,1300.0,36264.9,36322.1,36261.9,36310.9,3514.0
20260410.0,1315.0,36310.9,36330.3,36286.4,36291.5,3554.0
20260410.0,1330.0,36290.4,36341.5,36281.3,36339.5,4882.0
20260410.0,1345.0,36338.5,36358.9,36306.8,36345.6,12910.0
20260410.0,1515.0,36298.6,36367.0,36275.2,36292.5,3960.0
20260410.0,1530.0,36290.4,36303.7,36251.7,36294.5,1922.0
20260410.0,1545.0,36296.6,36326.2,36284.4,36297.6,766.0
20260410.0,1600.0,36292.5,36327.2,36275.2,36318.0,784.0
20260410.0,1615.0,36316.0,36366.0,36288.5,36325.2,1916.0
20260410.0,1630.0,36325.2,36361.9,36310.9,36356.9,720.0
20260410.0,1645.0,36353.8,36373.2,36333.4,36334.4,990.0
20260410.0,1700.0,36337.5,36337.4,36268.0,36283.3,1590.0
20260410.0,1715.0,36282.3,36309.8,36281.3,36294.5,774.0
20260410.0,1730.0,36299.6,36444.7,36298.7,36375.3,3724.0
20260410.0,1745.0,36376.3,36392.6,36347.7,36374.2,848.0
20260410.0,1800.0,36372.2,36399.7,36360.0,36392.6,916.0
20260410.0,1815.0,36391.6,36416.1,36352.8,36366.1,1024.0
20260410.0,1830.0,36361.0,36426.3,36361.0,36402.9,864.0
20260410.0,1845.0,36405.9,36416.1,36383.5,36399.8,634.0
20260410.0,1900.0,36398.8,36402.8,36381.4,36383.4,390.0
20260410.0,1915.0,36382.4,36417.1,36381.4,36396.7,798.0
20260410.0,1930.0,36397.7,36413.0,36390.6,36408.0,350.0
20260410.0,1945.0,36408.0,36423.2,36387.6,36391.6,492.0
20260410.0,2000.0,36389.6,36396.7,36293.6,36312.9,2050.0
20260410.0,2015.0,36316.0,36348.6,36296.6,36346.7,1114.0
20260410.0,2030.0,36347.7,36388.5,36332.4,36372.2,1068.0
20260410.0,2045.0,36362.0,36464.1,36360.0,36440.7,3998.0
20260410.0,2100.0,36443.7,36450.8,36386.6,36394.7,1050.0
20260410.0,2115.0,36391.6,36422.2,36373.3,36416.1,868.0
20260410.0,2130.0,36411.0,36419.2,36392.7,36412.1,686.0
20260410.0,2145.0,36413.1,36424.3,36324.2,36373.2,3962.0
20260410.0,2200.0,36378.3,36493.8,36377.4,36471.3,4124.0
20260410.0,2215.0,36461.1,36500.9,36416.2,36495.8,3328.0
20260410.0,2230.0,36493.8,36530.5,36481.6,36506.1,2254.0
20260410.0,2245.0,36509.1,36529.5,36368.2,36387.5,3982.0
20260410.0,2300.0,36393.7,36432.4,36374.3,36428.4,2868.0
20260410.0,2315.0,36426.4,36452.9,36413.1,36451.9,1320.0
20260410.0,2330.0,36452.9,36501.9,36423.3,36428.4,2088.0
20260410.0,2345.0,36432.5,36446.7,36332.4,36364.0,3214.0
20260411.0,0.0,36363.0,36379.3,36304.8,36324.2,2790.0
20260411.0,15.0,36328.3,36406.9,36319.1,36388.6,2140.0
20260411.0,30.0,36387.5,36392.6,36354.9,36361.0,1188.0
20260411.0,45.0,36361.0,36379.3,36306.8,36318.0,1046.0
20260411.0,100.0,36321.1,36373.2,36319.1,36362.0,994.0
20260411.0,115.0,36365.0,36366.0,36332.4,36348.7,510.0
20260411.0,130.0,36351.8,36352.7,36318.1,36327.2,564.0
20260411.0,145.0,36326.2,36379.3,36317.1,36364.0,674.0
20260411.0,200.0,36368.1,36377.3,36349.8,36365.0,398.0
20260411.0,215.0,36363.0,36364.0,36325.2,36347.7,464.0
20260411.0,230.0,36352.8,36399.7,36350.8,36376.3,656.0
20260411.0,245.0,36381.4,36389.5,36364.1,36368.1,336.0
20260411.0,300.0,36368.1,36380.3,36363.1,36369.1,218.0
20260411.0,315.0,36368.1,36388.5,36364.1,36385.5,306.0
20260411.0,330.0,36382.4,36382.4,36347.7,36347.7,512.0
20260411.0,345.0,36349.7,36349.7,36314.0,36331.3,582.0
20260411.0,400.0,36338.5,36377.3,36333.4,36362.0,518.0
20260411.0,415.0,36361.0,36365.0,36340.6,36362.0,262.0
20260411.0,430.0,36359.9,36370.1,36355.9,36362.0,162.0
20260411.0,445.0,36363.0,36369.1,36345.7,36369.1,184.0
20260411.0,500.0,36370.2,36371.1,36356.9,36368.1,300.0
20260413.0,900.0,36052.3,36283.2,35996.2,36240.4,13354.0
20260413.0,915.0,36240.4,36333.3,36157.7,36327.2,12574.0
20260413.0,930.0,36327.2,36361.9,36232.3,36353.8,8970.0
20260413.0,945.0,36353.8,36367.0,36237.4,36310.9,12376.0
20260413.0,1000.0,36310.9,36394.6,36304.8,36368.1,10722.0
20260413.0,1015.0,36368.1,36391.6,36271.1,36297.6,12578.0
20260413.0,1030.0,36297.6,36325.1,36256.8,36264.9,9538.0
20260413.0,1045.0,36264.9,36377.3,36250.6,36371.2,12986.0
20260413.0,1100.0,36371.2,36432.4,36324.2,36420.2,13516.0
20260413.0,1115.0,36420.2,36431.4,36256.8,36257.7,13210.0
20260413.0,1130.0,36257.7,36312.9,36254.7,36293.5,9896.0
20260413.0,1145.0,36293.5,36305.7,36182.2,36262.9,9688.0
20260413.0,1200.0,36262.9,36280.2,36237.4,36261.8,6506.0
20260413.0,1215.0,36261.8,36278.1,36223.1,36274.1,6796.0
20260413.0,1230.0,36274.1,36277.1,36249.6,36254.7,6536.0
20260413.0,1245.0,36254.7,36257.7,36201.6,36201.5,18214.0
20260413.0,1300.0,36201.5,36263.8,36185.2,36246.5,11480.0
20260413.0,1315.0,36246.5,36293.5,36236.3,36258.8,11640.0
20260413.0,1330.0,36258.8,36313.9,36227.1,36282.3,18242.0
20260413.0,1345.0,36280.2,36286.3,36209.8,36233.2,14618.0
20260413.0,1515.0,36277.2,36323.1,36277.2,36300.7,1872.0
20260413.0,1530.0,36297.6,36306.7,36260.9,36288.4,1036.0
20260413.0,1545.0,36290.4,36299.6,36269.0,36269.0,364.0
20260413.0,1600.0,36276.1,36279.2,36246.6,36258.8,562.0
20260413.0,1615.0,36259.8,36312.9,36253.7,36274.1,962.0
20260413.0,1630.0,36272.1,36311.9,36262.9,36296.6,660.0
20260413.0,1645.0,36296.6,36334.3,36243.5,36258.8,1440.0
20260413.0,1700.0,36262.9,36263.8,36231.2,36244.5,894.0
20260413.0,1715.0,36245.5,36292.4,36245.5,36264.9,880.0
20260413.0,1730.0,36266.9,36290.4,36261.9,36281.3,282.0
20260413.0,1745.0,36278.2,36300.6,36271.1,36280.2,690.0
20260413.0,1800.0,36279.2,36282.2,36259.8,36261.8,308.0
20260413.0,1815.0,36263.9,36284.3,36261.9,36283.3,278.0
20260413.0,1830.0,36282.3,36283.2,36259.8,36277.2,292.0
20260413.0,1845.0,36278.2,36293.5,36276.2,36280.2,392.0
20260413.0,1900.0,36280.2,36367.0,36280.3,36356.9,1234.0
20260413.0,1915.0,36359.9,36392.6,36332.4,36345.6,1672.0
20260413.0,1930.0,36343.6,36357.8,36317.1,36326.2,542.0
20260413.0,1945.0,36323.1,36333.3,36261.9,36309.9,1320.0
20260413.0,2000.0,36312.9,36320.0,36257.8,36261.8,886.0
20260413.0,2015.0,36263.9,36301.6,36239.4,36298.6,1314.0
20260413.0,2030.0,36295.6,36300.6,36287.4,36294.5,220.0
20260413.0,2045.0,36299.6,36330.3,36295.6,36322.1,620.0
20260413.0,2100.0,36324.2,36354.8,36324.2,36333.4,722.0
20260413.0,2115.0,36335.4,36349.7,36316.0,36331.3,492.0
20260413.0,2130.0,36328.3,36381.3,36317.1,36375.3,942.0
20260413.0,2145.0,36376.3,36417.1,36355.9,36358.9,3208.0
20260413.0,2200.0,36358.9,36560.2,36321.2,36524.5,7740.0
20260413.0,2215.0,36524.5,36571.4,36461.2,36488.7,3884.0
20260413.0,2230.0,36484.6,36516.2,36427.4,36496.9,2540.0
20260413.0,2245.0,36501.0,36583.7,36489.8,36574.5,2464.0
20260413.0,2300.0,36574.5,36590.8,36517.4,36576.6,2244.0
20260413.0,2315.0,36576.6,36581.6,36500.0,36562.3,2748.0
20260413.0,2330.0,36562.3,36570.4,36520.4,36526.5,1082.0
20260413.0,2345.0,36522.4,36567.3,36502.0,36542.9,1418.0
20260414.0,0.0,36537.7,36546.9,36503.1,36519.4,644.0
20260414.0,15.0,36521.4,36579.6,36478.5,36550.0,2112.0
20260414.0,30.0,36544.9,36646.0,36540.9,36623.6,2822.0
20260414.0,45.0,36620.5,36660.3,36580.7,36631.8,2552.0
20260414.0,100.0,36627.7,36696.1,36622.6,36671.6,1914.0
20260414.0,115.0,36672.6,36707.3,36671.7,36697.2,1170.0
20260414.0,130.0,36694.1,36731.9,36694.1,36717.6,892.0
20260414.0,145.0,36718.6,36730.8,36703.3,36714.5,352.0
20260414.0,200.0,36709.4,36713.5,36683.9,36684.9,510.0
20260414.0,215.0,36689.0,36743.1,36687.0,36730.9,576.0
20260414.0,230.0,36730.9,36730.8,36703.3,36705.3,266.0
20260414.0,245.0,36704.3,36742.1,36704.4,36742.1,232.0
20260414.0,300.0,36745.2,36784.0,36744.2,36782.0,1034.0
20260414.0,315.0,36781.0,36784.0,36765.7,36773.8,440.0
20260414.0,330.0,36773.8,36797.3,36772.8,36789.1,674.0
20260414.0,345.0,36785.0,36804.4,36748.3,36754.4,478.0
20260414.0,400.0,36756.4,36799.3,36744.2,36772.8,612.0
20260414.0,415.0,36769.7,36809.5,36763.6,36797.3,312.0
20260414.0,430.0,36795.3,36815.7,36792.2,36808.5,204.0
20260414.0,445.0,36806.5,36825.9,36800.4,36813.7,308.0
20260414.0,500.0,36812.6,36815.7,36793.3,36815.7,452.0
20260414.0,900.0,36849.4,36896.4,36798.4,36835.1,10754.0
20260414.0,915.0,36832.1,37003.7,36804.5,36944.5,12678.0
20260414.0,930.0,36942.4,37074.2,36911.8,36983.3,9788.0
20260414.0,945.0,36983.3,36992.4,36828.0,36909.7,12644.0
20260414.0,1000.0,36911.8,36915.8,36777.9,36818.8,11816.0
20260414.0,1015.0,36818.8,36980.2,36783.1,36975.1,9238.0
20260414.0,1030.0,36975.1,37002.7,36907.7,36930.2,7306.0
20260414.0,1045.0,36932.2,37105.9,36904.7,37070.2,9122.0
20260414.0,1100.0,37069.1,37124.3,37051.8,37120.2,6982.0
20260414.0,1115.0,37120.2,37131.4,37080.4,37128.4,5598.0
20260414.0,1130.0,37128.4,37191.7,37118.2,37170.3,8018.0
20260414.0,1145.0,37170.3,37193.8,37147.9,37152.9,5838.0
20260414.0,1200.0,37155.0,37194.8,37146.8,37191.8,5034.0
20260414.0,1215.0,37194.8,37196.8,37138.7,37173.4,6520.0
20260414.0,1230.0,37171.3,37227.5,37161.2,37215.3,7384.0
20260414.0,1245.0,37215.3,37220.3,37170.3,37190.7,11432.0
20260414.0,1300.0,37190.7,37227.5,37186.7,37210.2,8916.0
20260414.0,1315.0,37212.2,37212.1,37168.3,37185.6,10248.0
20260414.0,1330.0,37184.6,37197.8,37152.0,37158.0,13254.0
20260414.0,1345.0,37161.1,37194.8,37149.9,37177.5,11666.0
20260414.0,1515.0,37177.5,37297.0,37153.0,37267.4,3766.0
20260414.0,1530.0,37267.4,37309.2,37251.1,37274.5,1128.0
20260414.0,1545.0,37275.6,37325.6,37275.6,37290.9,1348.0
20260414.0,1600.0,37289.9,37309.2,37274.6,37299.1,686.0
20260414.0,1615.0,37297.0,37313.3,37277.6,37299.1,934.0
20260414.0,1630.0,37297.0,37304.1,37268.4,37297.0,610.0
20260414.0,1645.0,37297.0,37327.6,37279.7,37298.0,698.0
20260414.0,1700.0,37302.1,37316.4,37293.0,37316.4,474.0
20260414.0,1715.0,37314.4,37353.2,37314.4,37322.6,1156.0
20260414.0,1730.0,37322.6,37329.7,37264.4,37264.3,928.0
20260414.0,1745.0,37267.4,37288.8,37251.1,37270.4,1074.0
20260414.0,1800.0,37271.5,37280.6,37204.1,37217.3,1446.0
20260414.0,1815.0,37216.3,37239.7,37183.6,37234.7,1576.0
20260414.0,1830.0,37231.6,37238.7,37211.2,37221.4,660.0
20260414.0,1845.0,37219.3,37229.5,37179.5,37190.7,1250.0
20260414.0,1900.0,37187.7,37216.2,37181.6,37192.8,436.0
20260414.0,1915.0,37193.8,37226.5,37188.7,37213.2,518.0
20260414.0,1930.0,37212.2,37263.2,37211.2,37243.9,778.0
20260414.0,1945.0,37238.8,37278.6,37238.8,37272.5,660.0
20260414.0,2000.0,37270.4,37324.6,37253.1,37297.0,1648.0
20260414.0,2015.0,37298.0,37304.1,37270.5,37280.7,624.0
20260414.0,2030.0,37279.6,37289.8,37243.9,37287.8,668.0
20260414.0,2045.0,37288.8,37316.4,37252.1,37258.2,856.0
20260414.0,2100.0,37263.3,37267.3,37227.6,37239.8,854.0
20260414.0,2115.0,37241.8,37270.4,37230.6,37261.2,626.0
20260414.0,2130.0,37264.3,37279.6,37232.7,37243.9,980.0
20260414.0,2145.0,37244.9,37266.3,37203.0,37258.2,3868.0
20260414.0,2200.0,37253.1,37294.9,37225.5,37272.5,2050.0
20260414.0,2215.0,37273.5,37341.9,37252.1,37332.8,2422.0
20260414.0,2230.0,37332.8,37365.4,37324.7,37352.2,1928.0
20260414.0,2245.0,37352.2,37373.6,37323.6,37331.8,1678.0
20260414.0,2300.0,37333.8,37372.6,37327.7,37347.1,1010.0
20260414.0,2315.0,37348.1,37348.1,37268.4,37281.7,1794.0
20260414.0,2330.0,37283.7,37348.1,37283.8,37335.8,1538.0
20260414.0,2345.0,37336.9,37371.6,37333.9,37350.2,1490.0
20260415.0,0.0,37350.2,37380.8,37345.1,37360.4,1268.0
20260415.0,15.0,37356.3,37395.1,37354.3,37377.7,1000.0
20260415.0,30.0,37382.9,37411.4,37373.7,37404.3,792.0
20260415.0,45.0,37399.2,37405.3,37362.5,37384.9,762.0
20260415.0,100.0,37391.0,37391.0,37362.5,37367.5,414.0
20260415.0,115.0,37373.7,37406.3,37372.7,37401.2,470.0
20260415.0,130.0,37399.2,37457.4,37397.2,37444.2,964.0
20260415.0,145.0,37444.2,37470.7,37444.2,37459.5,486.0
20260415.0,200.0,37462.6,37476.8,37457.5,37470.7,244.0
20260415.0,215.0,37471.8,37512.6,37471.8,37492.2,530.0
20260415.0,230.0,37491.2,37491.1,37396.2,37433.9,832.0
20260415.0,245.0,37439.1,37477.8,37437.1,37450.3,434.0
20260415.0,300.0,37446.2,37465.6,37443.2,37462.6,198.0
20260415.0,315.0,37461.5,37530.0,37458.5,37513.7,412.0
20260415.0,330.0,37512.6,37542.2,37512.7,37533.1,240.0
20260415.0,345.0,37532.0,37536.1,37501.4,37501.4,268.0
20260415.0,400.0,37505.5,37534.0,37499.4,37526.9,308.0
20260415.0,415.0,37524.9,37533.0,37505.5,37523.9,216.0
20260415.0,430.0,37523.9,37527.9,37518.8,37525.9,140.0
20260415.0,445.0,37529.0,37528.9,37513.7,37524.9,148.0
20260415.0,500.0,37526.9,37528.9,37503.5,37529.0,474.0
20260415.0,900.0,37529.0,37552.4,37481.0,37525.9,3892.0
20260415.0,915.0,37523.9,37605.6,37440.1,37604.6,7562.0
20260415.0,930.0,37605.6,37747.6,37603.6,37740.5,6950.0
20260415.0,945.0,37735.4,37794.6,37657.8,37789.6,5150.0
20260415.0,1000.0,37791.6,37860.0,37778.4,37850.9,4698.0
20260415.0,1015.0,37850.9,37884.6,37765.1,37817.2,4258.0
20260415.0,1030.0,37817.2,37864.1,37767.1,37791.6,3074.0
20260415.0,1045.0,37791.6,37815.1,37749.8,37771.2,2278.0
20260415.0,1100.0,37775.3,37831.4,37763.0,37785.5,1802.0
20260415.0,1115.0,37785.5,37796.7,37657.8,37712.9,3734.0
20260415.0,1130.0,37710.9,37717.0,37660.9,37662.9,1676.0
20260415.0,1145.0,37663.9,37728.2,37650.6,37651.6,2244.0
20260415.0,1200.0,37651.6,37738.8,37631.4,37716.5,1972.0
20260415.0,1215.0,37715.5,37731.7,37692.2,37722.6,1184.0
20260415.0,1230.0,37720.6,37725.6,37652.7,37656.7,1646.0
20260415.0,1245.0,37655.7,37657.6,37548.2,37557.3,3758.0
20260415.0,1300.0,37555.2,37596.8,37490.3,37593.8,4906.0
20260415.0,1315.0,37592.8,37626.2,37481.2,37553.2,6032.0
20260415.0,1330.0,37548.1,37580.5,37492.4,37517.7,6542.0
20260415.0,1345.0,37516.7,37558.2,37481.2,37514.6,12352.0
20260415.0,1515.0,37557.3,37640.4,37542.1,37623.2,4470.0
20260415.0,1530.0,37624.2,37660.7,37593.8,37622.2,2044.0
20260415.0,1545.0,37621.2,37649.5,37600.9,37615.1,1272.0
20260415.0,1600.0,37614.1,37640.4,37593.8,37627.3,882.0
20260415.0,1615.0,37628.3,37645.5,37604.0,37635.4,1172.0
20260415.0,1630.0,37635.4,37706.3,37614.1,37696.2,2084.0
20260415.0,1645.0,37699.3,37724.6,37692.2,37703.4,1472.0
20260415.0,1700.0,37701.3,37735.8,37695.3,37732.8,1290.0
20260415.0,1715.0,37734.8,37742.9,37588.8,37619.1,3140.0
20260415.0,1730.0,37619.1,37657.6,37606.0,37615.1,1178.0
20260415.0,1745.0,37614.1,37637.4,37592.8,37614.1,660.0
20260415.0,1800.0,37611.0,37632.3,37605.0,37621.2,466.0
20260415.0,1815.0,37620.2,37669.8,37617.2,37645.5,1022.0
20260415.0,1830.0,37644.5,37648.5,37539.0,37551.2,2406.0
20260415.0,1845.0,37554.2,37645.5,37543.1,37643.5,1626.0
20260415.0,1900.0,37639.4,37654.6,37624.3,37647.6,712.0
20260415.0,1915.0,37649.6,37679.0,37637.5,37672.9,722.0
20260415.0,1930.0,37671.9,37672.9,37633.4,37634.4,458.0
20260415.0,1945.0,37633.3,37675.9,37633.4,37658.7,464.0
20260415.0,2000.0,37661.8,37711.4,37634.4,37674.9,1346.0
20260415.0,2015.0,37670.9,37674.9,37611.1,37632.3,1192.0
20260415.0,2030.0,37633.3,37650.5,37625.3,37631.3,452.0
20260415.0,2045.0,37635.4,37668.8,37631.4,37665.8,558.0
20260415.0,2100.0,37665.8,37674.9,37643.5,37661.8,386.0
20260415.0,2115.0,37660.7,37686.1,37647.6,37683.1,548.0
20260415.0,2130.0,37684.1,37717.5,37672.0,37702.3,980.0
20260415.0,2145.0,37704.4,37712.4,37605.0,37607.0,4070.0
20260415.0,2200.0,37610.0,37685.0,37599.9,37678.0,3016.0
20260415.0,2215.0,37679.0,37693.2,37648.6,37669.9,2008.0
20260415.0,2230.0,37668.9,37727.6,37631.4,37715.5,2794.0
20260415.0,2245.0,37719.6,37786.5,37702.4,37783.5,4588.0
20260415.0,2300.0,37779.4,37805.8,37759.2,37764.2,2026.0
20260415.0,2315.0,37764.2,37797.7,37735.9,37792.6,1694.0
20260415.0,2330.0,37793.6,37836.2,37775.4,37822.1,1854.0
20260415.0,2345.0,37821.0,37824.0,37784.6,37815.0,1518.0
20260416.0,0.0,37811.9,37828.1,37755.1,37765.2,1252.0
20260416.0,15.0,37766.3,37810.8,37746.0,37795.7,1238.0
20260416.0,30.0,37797.7,37819.0,37766.3,37769.3,750.0
20260416.0,45.0,37770.3,37776.3,37670.9,37677.0,2256.0
20260416.0,100.0,37677.0,37690.1,37608.0,37671.9,2788.0
20260416.0,115.0,37673.9,37705.3,37662.8,37688.1,978.0
20260416.0,130.0,37688.1,37717.5,37683.1,37696.2,630.0
20260416.0,145.0,37694.2,37729.7,37682.1,37685.1,498.0
20260416.0,200.0,37687.1,37702.3,37682.1,37685.1,248.0
20260416.0,215.0,37685.1,37759.1,37662.8,37747.0,1088.0
20260416.0,230.0,37746.0,37762.1,37734.9,37740.9,366.0
20260416.0,245.0,37746.0,37763.2,37739.9,37746.0,288.0
20260416.0,300.0,37746.0,37779.4,37744.0,37771.3,374.0
20260416.0,315.0,37767.3,37789.5,37760.2,37768.3,270.0
20260416.0,330.0,37771.3,37790.6,37765.3,37790.6,212.0
20260416.0,345.0,37788.6,37801.7,37764.3,37773.4,436.0
20260416.0,400.0,37772.3,37802.7,37761.2,37761.2,538.0
20260416.0,415.0,37760.2,37764.2,37727.7,37758.1,350.0
20260416.0,430.0,37751.0,37760.1,37746.0,37746.0,86.0
20260416.0,445.0,37750.0,37756.1,37740.9,37746.0,118.0
20260416.0,500.0,37751.0,37767.2,37730.8,37767.3,318.0
20260416.0,900.0,37863.6,37959.0,37847.5,37898.1,8342.0
20260416.0,915.0,37899.2,37912.3,37625.3,37772.3,16570.0
20260416.0,930.0,37776.4,37881.9,37761.2,37818.0,7554.0
20260416.0,945.0,37820.0,37859.5,37727.7,37820.0,6346.0
20260416.0,1000.0,37823.1,37845.3,37740.9,37777.4,4804.0
20260416.0,1015.0,37781.5,37856.5,37779.5,37799.7,3956.0
20260416.0,1030.0,37798.7,37804.8,37743.0,37757.1,3322.0
20260416.0,1045.0,37756.1,37787.5,37653.7,37659.7,4644.0
20260416.0,1100.0,37656.7,37758.1,37643.5,37748.0,4050.0
20260416.0,1115.0,37748.0,37847.4,37747.0,37830.2,4516.0
20260416.0,1130.0,37832.2,37852.4,37763.3,37785.5,3288.0
20260416.0,1145.0,37785.5,37850.4,37784.6,37812.9,2704.0
20260416.0,1200.0,37812.9,37832.1,37793.7,37819.0,1530.0
20260416.0,1215.0,37822.1,37871.7,37783.5,37869.7,2704.0
20260416.0,1230.0,37868.7,38035.1,37833.3,37872.8,11258.0
20260416.0,1245.0,37871.8,37891.0,37837.3,37881.9,2934.0
20260416.0,1300.0,37879.9,37949.8,37875.9,37919.4,2532.0
20260416.0,1315.0,37919.4,37931.6,37882.0,37889.0,2532.0
20260416.0,1330.0,37889.0,38010.7,37886.0,38005.7,4460.0
20260416.0,1345.0,38008.7,38213.6,37986.5,38192.4,15502.0
20260416.0,1515.0,38096.0,38110.1,37853.6,37939.7,10430.0
20260416.0,1530.0,37942.8,38000.6,37913.4,37940.8,2946.0
20260416.0,1545.0,37940.8,37978.2,37915.4,37950.9,1340.0
20260416.0,1600.0,37949.9,37949.8,37878.9,37903.2,2150.0
20260416.0,1615.0,37906.3,37925.5,37785.6,37804.8,3276.0
20260416.0,1630.0,37813.9,37838.2,37774.4,37815.0,2340.0
20260416.0,1645.0,37811.9,37863.6,37786.6,37857.6,2244.0
20260416.0,1700.0,37856.5,37873.7,37841.4,37862.6,1186.0
20260416.0,1715.0,37860.6,37900.1,37842.4,37882.9,1254.0
20260416.0,1730.0,37885.0,37885.9,37803.8,37820.0,1674.0
20260416.0,1745.0,37823.1,37835.2,37748.0,37768.3,2474.0
20260416.0,1800.0,37772.3,37786.5,37740.9,37769.3,1930.0
20260416.0,1815.0,37770.3,37791.6,37731.8,37740.9,1426.0
20260416.0,1830.0,37737.8,37746.9,37655.7,37670.9,3302.0
20260416.0,1845.0,37669.9,37669.8,37573.5,37592.8,5142.0
20260416.0,1900.0,37590.7,37684.0,37512.7,37681.0,5614.0
20260416.0,1915.0,37683.1,37710.4,37673.0,37702.3,2598.0
20260416.0,1930.0,37702.3,37726.6,37672.0,37703.4,1424.0
20260416.0,1945.0,37705.4,37734.8,37687.2,37703.4,1164.0
20260416.0,2000.0,37703.4,37749.0,37684.1,37735.8,1430.0
20260416.0,2015.0,37733.8,37766.2,37690.2,37706.4,1904.0
20260416.0,2030.0,37705.4,37720.5,37662.8,37718.6,1324.0
20260416.0,2045.0,37718.6,37721.6,37662.8,37684.1,1308.0
20260416.0,2100.0,37684.1,37684.0,37637.5,37664.8,1332.0
20260416.0,2115.0,37665.8,37728.7,37657.7,37728.7,1522.0
20260416.0,2130.0,37726.7,37755.0,37707.5,37728.7,1744.0
20260416.0,2145.0,37725.7,37736.8,37583.7,37608.0,6716.0
20260416.0,2200.0,37603.9,37623.2,37464.0,37562.3,7374.0
20260416.0,2215.0,37558.3,37704.3,37537.0,37671.9,5482.0
20260416.0,2230.0,37671.9,37675.9,37587.7,37623.2,3006.0
20260416.0,2245.0,37626.2,37647.5,37593.8,37634.4,2094.0
20260416.0,2300.0,37635.4,37690.1,37621.2,37653.6,2526.0
20260416.0,2315.0,37654.7,37830.1,37652.7,37752.0,7226.0
20260416.0,2330.0,37758.1,37785.5,37713.5,37725.7,3052.0
20260416.0,2345.0,37718.6,37820.0,37697.3,37776.4,3178.0
20260417.0,0.0,37773.4,37792.6,37728.8,37778.4,1950.0
20260417.0,15.0,37781.5,37799.7,37744.0,37797.7,1566.0
20260417.0,30.0,37795.7,37800.7,37734.9,37734.8,886.0
20260417.0,45.0,37738.9,37740.8,37627.3,37686.1,2868.0
20260417.0,100.0,37690.2,37720.5,37664.8,37665.8,860.0
20260417.0,115.0,37668.9,37700.3,37641.5,37658.7,1122.0
20260417.0,130.0,37656.7,37716.5,37647.6,37695.2,650.0
20260417.0,145.0,37693.2,37709.4,37666.9,37687.1,568.0
20260417.0,200.0,37685.1,37689.1,37631.4,37660.7,864.0
20260417.0,215.0,37660.7,37697.2,37609.0,37636.4,1138.0
20260417.0,230.0,37645.5,37652.6,37596.9,37608.0,592.0
20260417.0,245.0,37608.0,37677.9,37605.0,37670.9,454.0
20260417.0,300.0,37669.9,37694.2,37655.7,37670.9,470.0
20260417.0,315.0,37672.9,37688.1,37659.8,37664.8,244.0
20260417.0,330.0,37669.9,37683.0,37660.8,37671.9,170.0
20260417.0,345.0,37674.9,37705.3,37667.9,37667.8,306.0
20260417.0,400.0,37664.8,37768.2,37659.8,37722.6,1090.0
20260417.0,415.0,37721.6,37729.7,37678.0,37696.2,370.0
20260417.0,430.0,37696.2,37705.3,37679.1,37687.1,176.0
20260417.0,445.0,37688.1,37709.4,37687.2,37704.4,166.0
20260417.0,500.0,37704.4,37712.4,37674.0,37683.1,338.0
20260417.0,900.0,37685.1,37849.4,37681.1,37802.8,9580.0
20260417.0,915.0,37805.8,37887.9,37749.1,37819.0,11862.0
20260417.0,930.0,37818.0,37896.1,37752.1,37788.6,7568.0
20260417.0,945.0,37787.6,37857.5,37728.8,37730.7,6076.0
20260417.0,1000.0,37730.7,37856.5,37723.7,37826.1,6756.0
20260417.0,1015.0,37829.2,37890.0,37784.6,37890.0,4882.0
20260417.0,1030.0,37891.0,37931.6,37830.2,37830.2,6042.0
20260417.0,1045.0,37833.2,37842.3,37756.2,37778.4,4572.0
20260417.0,1100.0,37774.4,37803.7,37751.1,37767.3,2554.0
20260417.0,1115.0,37768.3,37792.6,37728.8,37741.9,3206.0
20260417.0,1130.0,37738.9,37774.3,37686.2,37707.4,4332.0
20260417.0,1145.0,37704.4,37729.7,37650.6,37701.3,4516.0
20260417.0,1200.0,37700.3,37720.5,37652.7,37664.8,2022.0
20260417.0,1215.0,37665.8,37712.4,37660.8,37705.4,2068.0
20260417.0,1230.0,37706.4,37723.6,37691.2,37722.6,1692.0
20260417.0,1245.0,37718.6,37721.6,37666.9,37684.1,2510.0
20260417.0,1300.0,37681.0,37773.3,37670.9,37682.0,4292.0
20260417.0,1315.0,37679.0,37741.9,37625.3,37724.7,5272.0
20260417.0,1330.0,37723.6,37749.0,37664.8,37666.8,3688.0
20260417.0,1345.0,37664.8,37671.9,37571.5,37622.2,9480.0
20260417.0,1515.0,37593.8,37692.1,37580.6,37670.9,2966.0
20260417.0,1530.0,37670.9,37715.5,37661.8,37700.3,1794.0
20260417.0,1545.0,37701.3,37735.8,37694.3,37729.7,970.0
20260417.0,1600.0,37727.7,37761.1,37717.6,37753.1,1050.0
20260417.0,1615.0,37757.1,37766.2,37708.5,37727.7,1230.0
20260417.0,1630.0,37724.7,37752.0,37720.6,37740.9,488.0
20260417.0,1645.0,37742.9,37794.6,37720.6,37791.6,1572.0
20260417.0,1700.0,37792.6,37842.3,37784.6,37813.9,1756.0
20260417.0,1715.0,37813.9,37831.1,37797.8,37800.7,716.0
20260417.0,1730.0,37800.7,37836.2,37781.5,37822.1,766.0
20260417.0,1745.0,37824.1,37825.0,37801.8,37811.9,324.0
20260417.0,1800.0,37811.9,37826.1,37803.8,37818.0,588.0
20260417.0,1815.0,37815.0,37823.0,37795.7,37803.8,392.0
20260417.0,1830.0,37801.8,37811.9,37789.6,37796.7,306.0
20260417.0,1845.0,37799.7,37802.7,37764.3,37767.3,752.0
20260417.0,1900.0,37764.2,37804.8,37758.2,37796.7,410.0
20260417.0,1915.0,37801.8,37813.9,37789.6,37801.8,404.0
20260417.0,1930.0,37799.7,37813.9,37797.8,37803.8,236.0
20260417.0,1945.0,37806.8,37852.4,37806.9,37829.2,1230.0
20260417.0,2000.0,37826.1,37835.2,37818.0,37832.2,360.0
20260417.0,2015.0,37830.2,37881.9,37827.2,37872.8,1124.0
20260417.0,2030.0,37872.8,37995.5,37862.7,37963.1,3434.0
20260417.0,2045.0,37965.1,38032.0,37962.1,38007.7,2842.0
20260417.0,2100.0,38004.7,38312.0,37998.6,38312.1,8828.0
20260417.0,2115.0,38313.1,38399.3,38246.2,38378.0,5602.0
20260417.0,2130.0,38376.0,38383.0,38251.3,38273.5,3834.0
20260417.0,2145.0,38281.6,38333.3,38216.8,38284.7,5406.0
20260417.0,2200.0,38293.8,38327.2,38182.3,38311.1,4414.0
20260417.0,2215.0,38317.1,38425.7,38317.2,38405.4,3740.0
20260417.0,2230.0,38405.4,38456.1,38373.0,38410.5,3014.0
20260417.0,2245.0,38412.5,38545.4,38405.5,38523.1,4448.0
20260417.0,2300.0,38526.1,38528.1,38428.8,38440.9,2808.0
20260417.0,2315.0,38444.0,38444.9,38331.4,38366.9,4762.0
20260417.0,2330.0,38375.0,38405.4,38284.7,38309.0,2924.0
20260417.0,2345.0,38306.0,38391.2,38303.0,38320.2,2670.0
20260418.0,0.0,38329.3,38385.1,38301.0,38301.9,1980.0
20260418.0,15.0,38306.0,38375.9,38254.3,38363.8,2764.0
20260418.0,30.0,38361.8,38380.0,38345.6,38357.7,1224.0
20260418.0,45.0,38361.8,38417.5,38340.5,38354.7,2224.0
20260418.0,100.0,38352.7,38364.8,38321.3,38325.3,1072.0
20260418.0,115.0,38326.3,38344.5,38251.3,38298.9,1806.0
20260418.0,130.0,38299.9,38319.1,38146.8,38176.1,3332.0
20260418.0,145.0,38169.0,38206.5,38102.1,38160.9,3078.0
20260418.0,200.0,38159.9,38220.7,38156.9,38195.4,1144.0
20260418.0,215.0,38196.4,38204.5,38109.2,38124.4,1024.0
20260418.0,230.0,38126.4,38218.7,38110.2,38198.4,1280.0
20260418.0,245.0,38197.4,38247.1,38196.5,38239.0,1088.0
20260418.0,300.0,38241.1,38266.4,38190.4,38222.8,1066.0
20260418.0,315.0,38222.8,38250.1,38207.6,38213.7,546.0
20260418.0,330.0,38224.8,38244.1,38210.7,38216.7,318.0
20260418.0,345.0,38219.8,38278.5,38219.8,38270.5,412.0
20260418.0,400.0,38268.4,38337.4,38257.3,38324.2,914.0
20260418.0,415.0,38315.1,38315.1,38290.8,38300.9,388.0
20260418.0,430.0,38300.9,38303.9,38257.3,38275.6,310.0
20260418.0,445.0,38272.5,38280.6,38259.4,38273.5,210.0
20260418.0,500.0,38272.5,38309.0,38259.4,38290.8,518.0
20260420.0,900.0,37866.7,38002.6,37813.0,37889.0,10734.0
20260420.0,915.0,37885.0,38168.0,37856.6,38063.5,14900.0
20260420.0,930.0,38059.5,38106.1,37984.4,38008.7,7196.0
20260420.0,945.0,38013.8,38197.4,38004.7,38171.1,7192.0
20260420.0,1000.0,38168.0,38235.9,38101.1,38178.2,6152.0
20260420.0,1015.0,38177.1,38194.3,38014.9,38044.2,5350.0
20260420.0,1030.0,38047.3,38140.6,38043.3,38099.0,3562.0
20260420.0,1045.0,38101.1,38189.3,38101.1,38145.7,3038.0
20260420.0,1100.0,38145.7,38208.5,38123.4,38201.5,2666.0
20260420.0,1115.0,38198.4,38248.1,38177.2,38202.5,3224.0
20260420.0,1130.0,38203.5,38238.0,38157.9,38209.6,2524.0
20260420.0,1145.0,38213.7,38252.2,38182.3,38199.5,1838.0
20260420.0,1200.0,38197.4,38204.5,38135.6,38158.9,2122.0
20260420.0,1215.0,38159.9,38160.9,38069.6,38074.7,3724.0
20260420.0,1230.0,38076.7,38096.9,38025.0,38075.7,3004.0
20260420.0,1245.0,38075.7,38090.9,38026.0,38090.9,2608.0
20260420.0,1300.0,38090.9,38103.0,38051.4,38056.4,1978.0
20260420.0,1315.0,38056.4,38078.7,38029.1,38078.7,2272.0
20260420.0,1330.0,38077.7,38083.8,37913.4,37919.4,6412.0
20260420.0,1345.0,37919.4,37942.7,37750.1,37795.7,14182.0
20260420.0,1515.0,37856.5,37965.1,37854.6,37912.3,4348.0
20260420.0,1530.0,37915.4,37983.3,37896.2,37930.6,1952.0
20260420.0,1545.0,37933.7,37943.7,37830.2,37853.5,2486.0
20260420.0,1600.0,37852.5,37870.7,37802.8,37861.6,1864.0
20260420.0,1615.0,37859.6,37872.7,37759.2,37815.0,2146.0
20260420.0,1630.0,37809.9,37902.2,37806.9,37895.1,1906.0
20260420.0,1645.0,37892.1,37910.3,37869.8,37902.2,974.0
20260420.0,1700.0,37901.2,37969.1,37890.1,37934.7,1686.0
20260420.0,1715.0,37933.7,37967.1,37903.3,37909.3,1082.0
20260420.0,1730.0,37911.3,37927.5,37897.2,37913.4,790.0
20260420.0,1745.0,37912.3,37967.1,37912.4,37967.1,1274.0
20260420.0,1800.0,37964.1,37967.1,37921.5,37931.6,490.0
20260420.0,1815.0,37931.6,38011.7,37930.7,37995.5,1852.0
20260420.0,1830.0,37992.5,38013.8,37974.3,37985.4,880.0
20260420.0,1845.0,37989.5,37993.5,37949.9,37958.0,534.0
20260420.0,1900.0,37959.0,37978.2,37952.0,37959.0,382.0
20260420.0,1915.0,37956.0,37961.0,37903.3,37945.8,1182.0
20260420.0,1930.0,37945.8,37964.0,37935.7,37935.7,414.0
20260420.0,1945.0,37940.8,37990.4,37930.7,37983.4,1164.0
20260420.0,2000.0,37983.4,38035.1,37980.4,38035.1,1496.0
20260420.0,2015.0,38026.0,38037.1,37940.8,37986.4,2076.0
20260420.0,2030.0,37982.3,38014.8,37953.0,38002.6,854.0
20260420.0,2045.0,38005.7,38019.8,37955.0,37994.5,940.0
20260420.0,2100.0,38003.7,38040.1,37993.6,37998.6,810.0
20260420.0,2115.0,37997.6,38070.6,37959.1,38048.3,2528.0
20260420.0,2130.0,38053.4,38121.3,38036.2,38112.2,2218.0
20260420.0,2145.0,38116.3,38140.6,38034.1,38086.8,4720.0
20260420.0,2200.0,38082.8,38173.0,38060.5,38164.0,3672.0
20260420.0,2215.0,38161.9,38168.0,38081.8,38137.6,3202.0
20260420.0,2230.0,38133.5,38212.6,38094.0,38186.3,3878.0
20260420.0,2245.0,38183.2,38195.4,38084.9,38121.3,2660.0
20260420.0,2300.0,38120.3,38148.7,37974.3,37987.4,5372.0
20260420.0,2315.0,37993.5,38032.0,37911.4,38019.9,4860.0
20260420.0,2330.0,38018.9,38123.3,38002.7,38117.3,4270.0
20260420.0,2345.0,38117.3,38128.4,38064.6,38083.8,2110.0
20260421.0,0.0,38079.7,38099.0,38053.4,38085.8,884.0
20260421.0,15.0,38081.8,38111.1,38045.3,38091.9,1444.0
20260421.0,30.0,38095.0,38142.6,38077.8,38112.2,1296.0
20260421.0,45.0,38116.3,38142.6,38084.9,38120.3,794.0
20260421.0,100.0,38119.3,38149.7,38113.3,38133.5,792.0
20260421.0,115.0,38131.5,38157.8,38120.4,38136.6,704.0
20260421.0,130.0,38132.5,38170.0,38128.5,38135.5,776.0
20260421.0,145.0,38134.5,38202.5,38129.5,38184.2,896.0
20260421.0,200.0,38185.3,38240.0,38184.3,38202.5,1672.0
20260421.0,215.0,38206.6,38238.0,38156.9,38207.6,1272.0
20260421.0,230.0,38206.6,38217.7,38187.3,38189.3,614.0
20260421.0,245.0,38197.4,38208.5,38141.7,38165.0,664.0
20260421.0,300.0,38164.0,38214.6,38164.0,38196.4,228.0
20260421.0,315.0,38199.5,38234.9,38199.5,38206.6,430.0
20260421.0,330.0,38210.6,38210.6,38170.1,38173.1,390.0
20260421.0,345.0,38172.1,38196.4,38152.8,38181.2,324.0
20260421.0,400.0,38186.3,38199.4,38162.0,38194.4,320.0
20260421.0,415.0,38193.4,38194.3,38156.9,38167.0,526.0
20260421.0,430.0,38169.0,38172.0,38163.0,38166.0,74.0
20260421.0,445.0,38166.0,38201.4,38161.0,38193.4,210.0
20260421.0,500.0,38189.3,38189.3,38151.8,38168.0,396.0
20260421.0,900.0,38255.3,38351.6,38249.2,38333.4,8792.0
20260421.0,915.0,38329.3,38624.5,38329.4,38383.1,21352.0
20260421.0,930.0,38390.2,38415.5,38270.5,38284.7,11786.0
20260421.0,945.0,38292.8,38414.5,38258.4,38388.2,8580.0
20260421.0,1000.0,38382.1,38390.1,38194.4,38359.8,9090.0
20260421.0,1015.0,38357.7,38571.7,38343.6,38557.6,9948.0
20260421.0,1030.0,38554.5,38676.2,38527.2,38638.8,10174.0
20260421.0,1045.0,38638.8,38653.9,38541.4,38625.6,4840.0
20260421.0,1100.0,38624.6,38637.7,38563.7,38600.2,3330.0
20260421.0,1115.0,38595.1,38610.3,38557.6,38589.0,2138.0
20260421.0,1130.0,38593.1,38597.1,38473.4,38561.7,4288.0
20260421.0,1145.0,38560.6,38579.9,38499.8,38526.1,1716.0
20260421.0,1200.0,38526.1,38572.8,38521.1,38558.6,1604.0
20260421.0,1215.0,38558.6,38597.1,38545.5,38587.0,2006.0
20260421.0,1230.0,38585.0,38629.6,38574.9,38579.9,2478.0
20260421.0,1245.0,38580.9,38581.9,38534.3,38537.3,2338.0
20260421.0,1300.0,38537.3,38602.2,38520.1,38589.0,2630.0
20260421.0,1315.0,38590.1,38713.8,38578.9,38709.8,5036.0
20260421.0,1330.0,38709.8,38710.7,38578.9,38579.9,5454.0
20260421.0,1345.0,38581.9,38610.3,38544.5,38601.2,8802.0
20260421.0,1515.0,38664.1,38680.3,38576.9,38620.5,3194.0
20260421.0,1530.0,38623.5,38657.0,38609.4,38615.4,1216.0
20260421.0,1545.0,38620.5,38636.7,38570.8,38613.4,874.0
20260421.0,1600.0,38611.4,38656.0,38569.8,38569.8,1084.0
20260421.0,1615.0,38569.8,38603.2,38556.6,38562.7,1458.0
20260421.0,1630.0,38565.7,38639.7,38561.7,38634.7,832.0
20260421.0,1645.0,38631.7,38664.1,38606.3,38657.0,836.0
20260421.0,1700.0,38653.0,38661.0,38618.5,38618.5,688.0
20260421.0,1715.0,38617.5,38624.5,38583.0,38602.2,836.0
20260421.0,1730.0,38602.2,38623.5,38598.2,38598.2,308.0
20260421.0,1745.0,38604.3,38612.3,38589.1,38596.1,344.0
20260421.0,1800.0,38598.2,38625.5,38591.1,38618.5,862.0
20260421.0,1815.0,38614.4,38645.8,38614.5,38617.5,526.0
20260421.0,1830.0,38618.5,38622.5,38604.3,38609.3,464.0
20260421.0,1845.0,38609.3,38627.5,38609.4,38617.5,388.0
20260421.0,1900.0,38618.5,38650.9,38613.4,38638.8,516.0
20260421.0,1915.0,38637.7,38654.9,38471.4,38493.7,3996.0
20260421.0,1930.0,38499.8,38569.7,38451.1,38565.7,3502.0
20260421.0,1945.0,38564.7,38635.7,38560.7,38568.8,1600.0
20260421.0,2000.0,38568.8,38574.8,38507.9,38516.0,1088.0
20260421.0,2015.0,38520.1,38543.3,38488.7,38534.3,1590.0
20260421.0,2030.0,38532.2,38538.3,38481.6,38518.0,1406.0
20260421.0,2045.0,38518.0,38543.3,38390.2,38415.6,3812.0
20260421.0,2100.0,38422.7,38440.9,38383.1,38434.8,2650.0
20260421.0,2115.0,38434.8,38463.2,38429.8,38441.9,1288.0
20260421.0,2130.0,38441.9,38469.3,38418.7,38433.8,1206.0
20260421.0,2145.0,38432.8,38513.9,38408.5,38502.8,5486.0
20260421.0,2200.0,38499.8,38565.7,38479.5,38536.3,3028.0
20260421.0,2215.0,38537.3,38616.4,38503.9,38578.9,3910.0
20260421.0,2230.0,38576.9,38608.3,38495.8,38519.0,2750.0
20260421.0,2245.0,38517.0,38559.6,38475.5,38476.4,2666.0
20260421.0,2300.0,38480.5,38487.5,38265.5,38287.7,6184.0
20260421.0,2315.0,38287.7,38395.2,38218.8,38364.8,8638.0
20260421.0,2330.0,38362.8,38414.5,38319.2,38337.4,3588.0
20260421.0,2345.0,38342.5,38377.0,38273.6,38367.9,2864.0
20260422.0,0.0,38368.9,38394.2,38338.5,38356.7,1566.0
20260422.0,15.0,38359.8,38425.7,38351.7,38367.9,2000.0
20260422.0,30.0,38369.9,38380.0,38321.3,38325.3,870.0
20260422.0,45.0,38327.3,38386.1,38296.9,38309.0,1198.0
20260422.0,100.0,38313.1,38361.7,38313.1,38319.2,610.0
20260422.0,115.0,38320.2,38357.7,38202.6,38222.8,3462.0
20260422.0,130.0,38227.9,38243.0,38159.9,38228.9,2528.0
20260422.0,145.0,38228.9,38408.4,38221.8,38359.8,3768.0
20260422.0,200.0,38358.7,38388.1,38335.5,38369.9,1120.0
20260422.0,215.0,38370.9,38411.4,38359.8,38387.2,998.0
20260422.0,230.0,38390.2,38405.4,38304.0,38322.2,1646.0
20260422.0,245.0,38323.2,38369.9,38322.3,38330.3,496.0
20260422.0,300.0,38329.3,38451.0,38291.8,38361.8,2262.0
20260422.0,315.0,38364.8,38438.8,38349.7,38386.1,1136.0
20260422.0,330.0,38404.4,38494.6,38372.0,38491.6,1430.0
20260422.0,345.0,38495.7,38502.8,38121.4,38130.5,3878.0
20260422.0,400.0,38136.6,38279.6,38087.9,38231.9,3690.0
20260422.0,415.0,38238.0,38547.4,38176.2,38441.9,4126.0
20260422.0,430.0,38449.0,38479.4,38424.7,38444.0,692.0
20260422.0,445.0,38443.0,38465.2,38428.8,38436.9,348.0
20260422.0,500.0,38432.8,38464.2,38425.8,38455.1,430.0
20260422.0,900.0,38704.7,38728.0,38496.8,38510.9,10648.0
20260422.0,915.0,38515.0,38653.9,38476.5,38618.5,12014.0
20260422.0,930.0,38616.4,38749.3,38608.4,38714.8,8678.0
20260422.0,945.0,38714.8,38831.5,38708.8,38740.2,9228.0
20260422.0,1000.0,38740.2,38807.1,38684.5,38740.2,5266.0
20260422.0,1015.0,38738.2,38828.4,38725.0,38825.4,4248.0
20260422.0,1030.0,38825.4,38890.3,38779.8,38863.0,7902.0
20260422.0,1045.0,38864.0,38877.1,38807.2,38858.9,2532.0
20260422.0,1100.0,38857.9,38903.5,38846.8,38854.9,3156.0
20260422.0,1115.0,38853.8,38894.4,38816.4,38849.8,2792.0
20260422.0,1130.0,38848.8,38873.1,38794.0,38840.7,2710.0
20260422.0,1145.0,38837.6,38926.8,38818.4,38852.8,5434.0
20260422.0,1200.0,38853.8,38875.1,38758.5,38760.5,3534.0
20260422.0,1215.0,38762.5,38822.3,38735.2,38817.3,3740.0
20260422.0,1230.0,38818.3,38821.3,38720.0,38719.9,2676.0
20260422.0,1245.0,38718.9,38774.7,38697.7,38761.5,2898.0
20260422.0,1300.0,38758.5,38792.9,38708.8,38719.9,2854.0
20260422.0,1315.0,38715.9,38760.5,38704.8,38753.4,2072.0
20260422.0,1330.0,38749.3,38832.5,38726.1,38755.4,8050.0
20260422.0,1345.0,38753.4,38786.8,38714.9,38761.5,9078.0
20260422.0,1515.0,38786.9,38824.4,38772.7,38815.3,2090.0
20260422.0,1530.0,38813.3,38815.2,38760.6,38812.2,824.0
20260422.0,1545.0,38810.2,38822.3,38760.6,38796.0,584.0
20260422.0,1600.0,38793.0,38797.0,38749.4,38766.6,786.0
20260422.0,1615.0,38777.7,38791.9,38742.3,38776.7,640.0
20260422.0,1630.0,38774.7,38781.8,38636.8,38654.0,2576.0
20260422.0,1645.0,38663.1,38679.3,38575.9,38654.0,2480.0
20260422.0,1700.0,38659.0,38721.9,38639.8,38712.8,1130.0
20260422.0,1715.0,38713.8,38748.3,38700.7,38721.9,1328.0
20260422.0,1730.0,38723.0,38765.5,38702.7,38747.3,724.0
20260422.0,1745.0,38745.3,38770.6,38731.1,38762.5,574.0
20260422.0,1800.0,38762.5,38762.5,38649.0,38691.5,1074.0
20260422.0,1815.0,38690.5,38712.8,38641.9,38662.1,1088.0
20260422.0,1830.0,38670.2,38719.9,38660.1,38709.8,810.0
20260422.0,1845.0,38712.8,38731.0,38666.2,38685.4,558.0
20260422.0,1900.0,38688.5,38710.7,38674.3,38704.7,320.0
20260422.0,1915.0,38709.8,38712.8,38668.2,38676.3,440.0
20260422.0,1930.0,38673.3,38698.6,38646.9,38663.1,712.0
20260422.0,1945.0,38670.2,38696.5,38664.2,38681.4,568.0
20260422.0,2000.0,38677.3,38719.9,38674.3,38695.6,548.0
20260422.0,2015.0,38699.6,38808.1,38699.7,38801.1,2014.0
20260422.0,2030.0,38799.1,38802.0,38746.3,38748.3,1156.0
20260422.0,2045.0,38748.3,38772.6,38712.9,38731.1,1192.0
20260422.0,2100.0,38736.2,38755.4,38703.7,38721.9,686.0
20260422.0,2115.0,38726.0,38775.7,38680.4,38740.2,1686.0
20260422.0,2130.0,38747.3,38798.0,38699.7,38774.7,2036.0
20260422.0,2145.0,38776.7,38805.1,38722.0,38802.1,2878.0
20260422.0,2200.0,38800.1,38867.0,38741.3,38779.8,3892.0
20260422.0,2215.0,38780.8,38858.9,38777.8,38853.8,2140.0
20260422.0,2230.0,38855.9,39010.0,38855.9,39000.9,5504.0
20260422.0,2245.0,38998.9,39035.4,38928.0,38968.5,4222.0
20260422.0,2300.0,38971.5,39002.9,38919.8,38952.2,1884.0
20260422.0,2315.0,38953.3,39003.9,38934.0,38974.6,1552.0
20260422.0,2330.0,38972.5,39024.2,38956.4,39014.1,1528.0
20260422.0,2345.0,39017.2,39059.7,39004.0,39007.0,2556.0
20260423.0,0.0,39007.0,39052.6,38994.9,39028.3,1070.0
20260423.0,15.0,39031.4,39094.2,39026.4,39083.1,2256.0
20260423.0,30.0,39083.1,39095.2,39054.8,39065.9,930.0
20260423.0,45.0,39064.9,39070.9,39010.1,39029.4,1268.0
20260423.0,100.0,39027.3,39053.7,39021.3,39029.4,604.0
20260423.0,115.0,39035.4,39139.9,39034.5,39097.3,2226.0
20260423.0,130.0,39103.4,39132.8,39076.1,39111.5,624.0
20260423.0,145.0,39115.6,39147.0,39112.6,39141.0,524.0
20260423.0,200.0,39142.0,39151.0,39107.5,39124.7,634.0
20260423.0,215.0,39121.7,39140.9,39109.6,39127.8,258.0
20260423.0,230.0,39130.8,39131.8,39045.6,39076.0,1406.0
20260423.0,245.0,39076.0,39127.7,39075.1,39127.8,244.0
20260423.0,300.0,39127.8,39155.1,39121.7,39129.8,652.0
20260423.0,315.0,39131.8,39181.5,38977.7,39174.4,4774.0
20260423.0,330.0,39178.5,39210.9,39167.4,39173.4,914.0
20260423.0,345.0,39174.4,39209.9,39167.4,39206.9,328.0
20260423.0,400.0,39205.9,39243.4,39195.8,39235.3,1002.0
20260423.0,415.0,39236.3,39247.4,39167.4,39238.3,922.0
20260423.0,430.0,39237.3,39281.9,39232.3,39259.7,572.0
20260423.0,445.0,39261.7,39276.9,39242.5,39264.7,508.0
20260423.0,500.0,39264.7,39313.4,39255.6,39309.4,488.0
20260423.0,900.0,39248.5,39287.0,39118.7,39193.7,10434.0
20260423.0,915.0,39194.7,39514.3,39163.3,39505.2,20386.0
20260423.0,930.0,39505.2,39655.3,39430.1,39446.3,14614.0
20260423.0,945.0,39441.3,39523.4,39273.9,39287.0,13238.0
20260423.0,1000.0,39290.1,39295.1,39018.2,39076.0,18602.0
20260423.0,1015.0,39080.1,39089.2,38249.2,38301.9,24044.0
20260423.0,1030.0,38310.0,38687.4,38172.1,38389.2,19938.0
20260423.0,1045.0,38394.3,38420.6,38119.4,38151.8,16186.0
20260423.0,1100.0,38147.7,38441.9,38101.1,38187.3,11420.0
20260423.0,1115.0,38195.4,38278.5,38031.1,38050.3,9188.0
20260423.0,1130.0,38054.4,38199.4,38026.0,38165.0,6692.0
20260423.0,1145.0,38155.8,38176.1,37952.0,38006.7,7476.0
20260423.0,1200.0,38008.7,38260.3,38003.7,38237.0,7672.0
20260423.0,1215.0,38235.0,38287.7,38157.9,38280.6,4866.0
20260423.0,1230.0,38278.6,38342.5,38242.1,38309.0,5500.0
20260423.0,1245.0,38312.1,38460.1,38290.8,38449.0,6728.0
20260423.0,1300.0,38448.0,38551.5,38420.7,38547.4,6688.0
20260423.0,1315.0,38547.4,38592.0,38513.0,38527.2,5340.0
20260423.0,1330.0,38531.2,38535.2,38406.5,38460.2,6512.0
20260423.0,1345.0,38465.3,38473.3,38375.0,38425.7,7854.0
20260423.0,1515.0,38471.4,38536.2,38446.0,38518.0,3324.0
20260423.0,1530.0,38520.1,38535.2,38438.9,38451.1,1246.0
20260423.0,1545.0,38451.1,38461.2,38365.9,38455.1,1934.0
20260423.0,1600.0,38457.2,38504.8,38424.7,38468.3,1336.0
20260423.0,1615.0,38466.3,38476.4,38370.0,38412.5,1260.0
20260423.0,1630.0,38411.5,38499.7,38400.4,38469.3,1450.0
20260423.0,1645.0,38463.2,38464.2,38388.2,38395.3,1214.0
20260423.0,1700.0,38396.3,38434.8,38381.1,38422.7,898.0
20260423.0,1715.0,38420.6,38420.6,38268.5,38358.7,2758.0
20260423.0,1730.0,38354.7,38444.9,38344.6,38407.4,1636.0
20260423.0,1745.0,38411.5,38477.4,38408.5,38450.1,1324.0
20260423.0,1800.0,38449.0,38455.1,38413.6,38427.7,764.0
20260423.0,1815.0,38425.7,38432.8,38347.6,38365.8,1066.0
20260423.0,1830.0,38368.9,38409.4,38368.9,38387.2,578.0
20260423.0,1845.0,38390.2,38434.8,38381.1,38396.3,514.0
20260423.0,1900.0,38399.3,38444.9,38380.1,38434.8,816.0
20260423.0,1915.0,38437.9,38486.5,38437.9,38464.3,1570.0
20260423.0,1930.0,38463.2,38467.2,38424.7,38451.1,734.0
20260423.0,1945.0,38450.1,38527.1,38411.5,38524.1,1878.0
20260423.0,2000.0,38526.1,38699.6,38526.2,38655.0,5188.0
20260423.0,2015.0,38647.9,38739.1,38646.9,38715.9,2978.0
20260423.0,2030.0,38716.9,38721.9,38643.9,38665.1,1662.0
20260423.0,2045.0,38665.1,38687.4,38633.7,38634.7,1578.0
20260423.0,2100.0,38638.8,38643.8,38520.1,38584.0,5068.0
20260423.0,2115.0,38591.1,38632.6,38561.7,38579.9,1628.0
20260423.0,2130.0,38589.0,38656.0,38582.0,38648.9,1208.0
20260423.0,2145.0,38649.9,38782.8,38628.7,38762.5,5410.0
20260423.0,2200.0,38761.5,38806.1,38686.5,38708.8,4888.0
20260423.0,2215.0,38710.8,38739.1,38633.7,38674.3,3584.0
20260423.0,2230.0,38673.3,38783.8,38672.3,38751.4,2848.0
20260423.0,2245.0,38755.4,38840.6,38755.5,38823.4,3970.0
20260423.0,2300.0,38825.4,38889.3,38812.3,38886.3,2498.0
20260423.0,2315.0,38887.3,38913.6,38853.9,38884.3,2684.0
20260423.0,2330.0,38888.3,38936.0,38869.1,38874.1,2258.0
20260423.0,2345.0,38869.1,38919.7,38839.7,38868.0,1752.0
20260424.0,0.0,38859.9,38882.2,38810.3,38873.1,2468.0
20260424.0,15.0,38870.1,38899.4,38812.3,38854.9,2100.0
20260424.0,30.0,38859.9,38909.6,38850.8,38895.4,1348.0
20260424.0,45.0,38896.4,38985.7,38889.4,38979.6,2250.0
20260424.0,100.0,38977.6,38992.8,38914.8,38939.1,1392.0
20260424.0,115.0,38936.0,38961.3,38584.0,38623.5,8376.0
20260424.0,130.0,38631.7,38631.6,38445.0,38467.3,5940.0
20260424.0,145.0,38472.4,38595.1,38220.8,38262.4,7910.0
20260424.0,200.0,38263.4,38509.9,38190.4,38499.8,10544.0
20260424.0,215.0,38494.7,38584.9,38442.0,38549.5,4146.0
20260424.0,230.0,38559.6,38615.4,38505.9,38614.4,2246.0
20260424.0,245.0,38610.3,38658.0,38573.9,38611.4,1900.0
20260424.0,300.0,38606.3,38612.3,38476.5,38515.0,1610.0
20260424.0,315.0,38516.0,38563.6,38479.5,38544.4,1224.0
20260424.0,330.0,38551.5,38587.0,38551.6,38556.6,646.0
20260424.0,345.0,38554.5,38592.0,38484.6,38504.8,752.0
20260424.0,400.0,38504.8,38619.4,38498.8,38600.2,1110.0
20260424.0,415.0,38600.2,38632.6,38556.6,38574.8,698.0
20260424.0,430.0,38568.8,38574.8,38532.3,38571.8,254.0
20260424.0,445.0,38573.8,38598.1,38560.7,38591.1,256.0
20260424.0,500.0,38591.1,38603.2,38561.7,38600.2,444.0
20260424.0,900.0,38855.9,39048.6,38824.5,38986.7,11370.0
20260424.0,915.0,38987.8,39197.7,38977.7,39172.4,15374.0
20260424.0,930.0,39174.4,39344.8,39126.8,39309.4,11614.0
20260424.0,945.0,39313.4,39383.4,39198.8,39235.3,12294.0
20260424.0,1000.0,39229.2,39645.1,39201.9,39622.9,15632.0
20260424.0,1015.0,39617.8,39638.0,39334.8,39416.9,11250.0
20260424.0,1030.0,39411.8,39434.1,38954.3,39032.4,15584.0
20260424.0,1045.0,39035.4,39286.0,39035.5,39263.7,11584.0
20260424.0,1100.0,39262.7,39287.0,39116.7,39247.5,5430.0
20260424.0,1115.0,39249.5,39336.7,39213.0,39298.2,6618.0
20260424.0,1130.0,39301.3,39409.8,39286.1,39349.9,5818.0
20260424.0,1145.0,39352.0,39387.4,39302.3,39349.9,4116.0
20260424.0,1200.0,39348.9,39455.4,39323.6,39332.7,5280.0
20260424.0,1215.0,39331.7,39519.3,39300.3,39491.0,5564.0
20260424.0,1230.0,39496.0,39524.4,39446.4,39476.8,3768.0
20260424.0,1245.0,39477.8,39596.4,39474.8,39596.5,4484.0
20260424.0,1300.0,39598.5,39695.9,39578.3,39663.4,6306.0
20260424.0,1315.0,39662.4,39712.1,39630.0,39691.8,3984.0
20260424.0,1330.0,39690.8,39800.4,39682.8,39753.7,7224.0
20260424.0,1345.0,39752.7,39814.6,39744.7,39794.3,11004.0
20260424.0,1515.0,39817.7,39909.9,39764.9,39883.6,4162.0
20260424.0,1530.0,39878.5,39921.1,39849.2,39871.4,2052.0
20260424.0,1545.0,39865.3,39871.4,39750.7,39793.3,2092.0
20260424.0,1600.0,39792.3,39861.2,39790.3,39857.2,1152.0
20260424.0,1615.0,39855.2,39864.3,39752.8,39795.3,2142.0
20260424.0,1630.0,39798.4,39944.4,39798.4,39845.0,3132.0
20260424.0,1645.0,39846.1,39848.0,39764.9,39782.1,1682.0
20260424.0,1700.0,39777.1,39835.9,39766.0,39793.3,1092.0
20260424.0,1715.0,39794.3,39811.5,39761.9,39788.2,812.0
20260424.0,1730.0,39788.2,39810.5,39699.0,39721.3,2658.0
20260424.0,1745.0,39718.2,39800.4,39714.2,39788.2,1476.0
20260424.0,1800.0,39788.2,39810.5,39759.9,39767.9,704.0
20260424.0,1815.0,39776.1,39838.9,39776.1,39826.8,1032.0
20260424.0,1830.0,39826.8,39891.7,39826.8,39885.6,1288.0
20260424.0,1845.0,39883.6,39886.6,39848.1,39866.4,856.0
20260424.0,1900.0,39870.4,39876.4,39849.2,39849.1,480.0
20260424.0,1915.0,39847.1,40093.6,39843.1,40060.1,4912.0
20260424.0,1930.0,40057.1,40218.3,40035.8,40211.3,4696.0
20260424.0,1945.0,40215.4,40262.0,40148.4,40163.6,3474.0
20260424.0,2000.0,40156.5,40156.5,40062.2,40096.7,2344.0
20260424.0,2015.0,40104.8,40172.7,40097.7,40161.6,2518.0
20260424.0,2030.0,40158.5,40188.9,40097.7,40155.5,2298.0
20260424.0,2045.0,40158.5,40162.5,40070.3,40086.5,1744.0
20260424.0,2100.0,40087.5,40104.7,39994.2,40086.5,2358.0
20260424.0,2115.0,40089.5,40137.2,40087.6,40105.8,1364.0
20260424.0,2130.0,40103.8,40126.0,40038.9,40046.9,1398.0
20260424.0,2145.0,40050.0,40217.3,39978.0,40134.2,6784.0
20260424.0,2200.0,40139.3,40175.7,39937.4,40055.1,5410.0
20260424.0,2215.0,40051.0,40165.6,40015.5,40114.9,4358.0
20260424.0,2230.0,40118.0,40156.5,40042.9,40082.4,2262.0
20260424.0,2245.0,40086.5,40152.4,40038.9,40136.2,2284.0
20260424.0,2300.0,40138.2,40216.3,40103.8,40208.3,2776.0
20260424.0,2315.0,40211.3,40261.0,40203.2,40217.4,3250.0
20260424.0,2330.0,40219.4,40226.5,40150.5,40194.0,2188.0
20260424.0,2345.0,40199.1,40336.0,40167.7,40314.8,3208.0
20260425.0,0.0,40317.8,40404.0,40262.1,40395.9,4762.0
20260425.0,15.0,40393.9,40435.5,40326.0,40386.8,4086.0
20260425.0,30.0,40384.8,40428.4,40362.5,40399.0,1744.0
20260425.0,45.0,40399.0,40454.7,40333.1,40366.5,2508.0
20260425.0,100.0,40377.7,40401.0,40334.1,40377.7,1622.0
20260425.0,115.0,40382.8,40403.0,40339.2,40352.3,1272.0
20260425.0,130.0,40350.3,40355.3,40259.0,40334.1,2714.0
20260425.0,145.0,40332.0,40388.8,40310.8,40376.7,1552.0
20260425.0,200.0,40377.7,40434.4,40365.6,40395.9,978.0
20260425.0,215.0,40398.0,40417.2,40277.3,40338.1,1406.0
20260425.0,230.0,40341.2,40347.2,40307.7,40322.9,596.0
20260425.0,245.0,40325.9,40376.6,40322.9,40366.5,518.0
20260425.0,300.0,40365.5,40384.7,40350.3,40376.7,372.0
20260425.0,315.0,40379.7,40403.0,40360.5,40364.5,554.0
20260425.0,330.0,40365.5,40379.7,40319.9,40336.1,556.0
20260425.0,345.0,40333.0,40350.2,40303.7,40317.8,620.0
20260425.0,400.0,40316.8,40340.1,40287.4,40322.9,814.0
20260425.0,415.0,40322.9,40340.1,40298.6,40322.9,496.0
20260425.0,430.0,40325.9,40336.0,40313.8,40313.8,192.0
20260425.0,445.0,40317.8,40341.1,40308.7,40332.0,214.0
20260425.0,500.0,40329.0,40345.2,40304.7,40344.2,546.0
20260427.0,900.0,40580.6,40641.4,40481.2,40585.7,14266.0
20260427.0,915.0,40586.7,40941.7,40484.3,40760.2,23594.0
20260427.0,930.0,40751.0,41046.2,40592.8,40916.4,20152.0
20260427.0,945.0,40909.3,41025.9,40792.7,40848.4,9092.0
20260427.0,1000.0,40851.5,40862.6,40539.0,40732.8,11882.0
20260427.0,1015.0,40733.8,40924.5,40708.5,40835.2,7170.0
20260427.0,1030.0,40838.3,40971.1,40786.6,40855.5,6142.0
20260427.0,1045.0,40856.5,40869.7,40688.2,40711.5,5304.0
20260427.0,1100.0,40715.5,40794.6,40649.6,40693.2,4572.0
20260427.0,1115.0,40689.1,40741.8,40606.0,40660.7,4764.0
20260427.0,1130.0,40668.9,40784.5,40657.7,40731.8,3552.0
20260427.0,1145.0,40733.8,40826.1,40715.6,40826.1,3388.0
20260427.0,1200.0,40826.1,40898.1,40796.7,40882.9,4700.0
20260427.0,1215.0,40882.9,40905.2,40761.2,40764.2,3764.0
20260427.0,1230.0,40768.3,40824.0,40746.0,40810.9,2066.0
20260427.0,1245.0,40809.9,40845.3,40762.2,40790.6,2304.0
20260427.0,1300.0,40789.6,40827.1,40696.3,40740.9,3284.0
20260427.0,1315.0,40746.0,40754.0,40587.7,40667.8,7260.0
20260427.0,1330.0,40666.8,40691.1,40535.0,40535.9,8486.0
20260427.0,1345.0,40537.0,40569.4,40416.3,40468.0,14684.0
20260427.0,1515.0,40441.6,40474.0,40378.7,40417.2,3022.0
20260427.0,1530.0,40415.2,40434.4,40364.5,40385.8,1986.0
20260427.0,1545.0,40391.9,40456.8,40350.3,40436.5,1312.0
20260427.0,1600.0,40435.5,40459.8,40382.8,40384.8,1028.0
20260427.0,1615.0,40385.8,40413.1,40305.7,40314.8,2624.0
20260427.0,1630.0,40313.8,40393.9,40307.7,40385.8,1066.0
20260427.0,1645.0,40381.7,40437.5,40378.7,40430.4,1270.0
20260427.0,1700.0,40432.5,40528.8,40405.1,40460.9,1858.0
20260427.0,1715.0,40461.9,40496.3,40455.8,40465.9,760.0
20260427.0,1730.0,40470.0,40513.6,40412.2,40501.5,1420.0
20260427.0,1745.0,40501.5,40566.3,40497.4,40514.6,2150.0
20260427.0,1800.0,40521.7,40541.0,40497.4,40506.5,672.0
20260427.0,1815.0,40506.5,40519.7,40490.3,40504.5,540.0
20260427.0,1830.0,40505.5,40544.0,40505.6,40524.8,680.0
20260427.0,1845.0,40521.7,40581.6,40514.7,40579.6,1066.0
20260427.0,1900.0,40578.6,40630.2,40555.3,40599.9,1482.0
20260427.0,1915.0,40599.9,40617.1,40585.7,40593.8,640.0
20260427.0,1930.0,40589.7,40632.3,40567.4,40618.1,808.0
20260427.0,1945.0,40617.1,40625.2,40593.8,40607.0,612.0
20260427.0,2000.0,40609.0,40621.1,40585.7,40585.7,474.0
20260427.0,2015.0,40591.7,40600.8,40556.3,40587.7,960.0
20260427.0,2030.0,40583.6,40591.7,40493.4,40527.8,1540.0
20260427.0,2045.0,40529.9,40547.1,40464.0,40493.3,1418.0
20260427.0,2100.0,40497.4,40543.0,40453.8,40462.9,1354.0
20260427.0,2115.0,40470.0,40487.2,40414.3,40459.9,1708.0
20260427.0,2130.0,40463.9,40496.3,40423.4,40469.0,1302.0
20260427.0,2145.0,40472.0,40485.2,40239.8,40279.3,7868.0
20260427.0,2200.0,40277.2,40347.2,40074.4,40313.8,9340.0
20260427.0,2215.0,40312.7,40360.4,40251.9,40295.5,3638.0
20260427.0,2230.0,40297.5,40300.5,40161.6,40163.6,2766.0
20260427.0,2245.0,40163.6,40253.9,40059.2,40202.2,5826.0
20260427.0,2300.0,40203.2,40232.5,40120.0,40158.5,2306.0
20260427.0,2315.0,40163.6,40191.0,40078.4,40128.1,2194.0
20260427.0,2330.0,40126.1,40177.8,40083.5,40168.7,1904.0
20260427.0,2345.0,40169.7,40241.7,40140.3,40213.3,2000.0
20260428.0,0.0,40208.3,40234.6,40155.5,40178.8,1458.0
20260428.0,15.0,40180.9,40189.9,40132.2,40175.8,1198.0
20260428.0,30.0,40174.8,40219.4,40145.4,40158.5,968.0
20260428.0,45.0,40167.7,40206.2,40159.6,40185.9,604.0
20260428.0,100.0,40181.9,40196.0,40112.9,40129.1,1052.0
20260428.0,115.0,40129.1,40170.7,40126.1,40154.5,588.0
20260428.0,130.0,40169.7,40175.7,40083.5,40171.7,1462.0
20260428.0,145.0,40168.7,40237.6,40166.7,40185.9,930.0
20260428.0,200.0,40197.1,40209.2,40164.7,40174.8,376.0
20260428.0,215.0,40173.8,40201.1,40169.7,40188.0,346.0
20260428.0,230.0,40188.0,40205.2,40166.7,40190.0,262.0
20260428.0,245.0,40192.0,40213.3,40170.8,40180.9,294.0
20260428.0,300.0,40177.8,40196.0,40157.6,40168.7,236.0
20260428.0,315.0,40162.6,40250.8,40160.6,40248.8,388.0
20260428.0,330.0,40245.8,40280.2,40236.7,40258.0,778.0
20260428.0,345.0,40261.0,40292.4,40236.7,40262.0,846.0
20260428.0,400.0,40263.0,40307.6,40263.1,40272.2,604.0
20260428.0,415.0,40275.2,40321.8,40264.1,40317.8,312.0
20260428.0,430.0,40309.7,40321.8,40288.4,40305.6,216.0
20260428.0,445.0,40306.7,40325.9,40302.7,40316.8,264.0
20260428.0,500.0,40321.9,40326.9,40281.3,40296.5,552.0
20260428.0,900.0,40399.0,40538.9,40378.7,40475.1,9198.0
20260428.0,915.0,40479.1,40597.8,40407.2,40579.6,11528.0
20260428.0,930.0,40576.5,40833.2,40576.6,40809.9,11232.0
20260428.0,945.0,40805.8,40933.6,40781.5,40824.1,9984.0
20260428.0,1000.0,40822.0,40876.8,40549.2,40560.3,10990.0
20260428.0,1015.0,40570.4,40693.2,40472.1,40645.5,9606.0
20260428.0,1030.0,40644.5,40691.1,40522.8,40577.5,5266.0
20260428.0,1045.0,40574.5,40663.7,40510.6,40614.1,3744.0
20260428.0,1100.0,40627.3,40676.9,40538.0,40556.2,3802.0
20260428.0,1115.0,40557.3,40669.8,40519.8,40619.1,5242.0
20260428.0,1130.0,40617.1,40627.2,40530.9,40578.6,3424.0
20260428.0,1145.0,40580.6,40581.6,40505.6,40510.6,3444.0
20260428.0,1200.0,40510.6,40534.9,40462.9,40526.8,3264.0
20260428.0,1215.0,40526.8,40569.4,40460.9,40545.1,2934.0
20260428.0,1230.0,40543.0,40636.3,40541.1,40589.7,3790.0
20260428.0,1245.0,40590.7,40666.8,40590.8,40629.3,3188.0
20260428.0,1300.0,40629.3,40640.4,40537.0,40544.1,3318.0
20260428.0,1315.0,40546.1,40548.1,40351.4,40357.4,6546.0
20260428.0,1330.0,40359.4,40384.7,40311.8,40333.0,5900.0
20260428.0,1345.0,40332.0,40362.4,40237.7,40327.0,8994.0
20260428.0,1515.0,40211.3,40301.5,40189.0,40243.8,2352.0
20260428.0,1530.0,40248.8,40283.3,40234.7,40277.2,1104.0
20260428.0,1545.0,40277.2,40368.5,40272.2,40329.0,2056.0
20260428.0,1600.0,40328.0,40372.6,40307.7,40360.4,846.0
20260428.0,1615.0,40364.5,40367.5,40248.9,40279.3,2018.0
20260428.0,1630.0,40284.3,40388.8,40280.3,40388.8,966.0
20260428.0,1645.0,40388.8,40433.4,40382.8,40397.0,1794.0
20260428.0,1700.0,40398.0,40410.1,40365.6,40401.0,592.0
20260428.0,1715.0,40399.0,40405.0,40357.4,40362.5,636.0
20260428.0,1730.0,40358.4,40363.4,40236.7,40254.9,1838.0
20260428.0,1745.0,40256.9,40267.0,40163.7,40206.2,2686.0
20260428.0,1800.0,40206.2,40241.7,40176.8,40205.2,1160.0
20260428.0,1815.0,40206.2,40250.8,40204.2,40224.5,838.0
20260428.0,1830.0,40220.4,40274.1,40220.5,40231.6,728.0
20260428.0,1845.0,40229.6,40267.0,40189.0,40193.0,670.0
20260428.0,1900.0,40197.1,40220.4,40150.5,40217.4,1472.0
20260428.0,1915.0,40210.3,40244.7,40090.6,40120.0,2504.0
20260428.0,1930.0,40115.9,40119.9,39943.5,39955.6,4830.0
20260428.0,1945.0,39955.6,39986.0,39896.8,39961.7,4836.0
20260428.0,2000.0,39961.7,39979.9,39828.9,39867.4,3716.0
20260428.0,2015.0,39868.4,39922.1,39842.1,39904.9,2332.0
20260428.0,2030.0,39910.0,39976.9,39797.4,39854.2,4922.0
20260428.0,2045.0,39854.2,39899.8,39800.5,39862.3,1978.0
20260428.0,2100.0,39863.3,39954.6,39861.3,39948.5,1838.0
20260428.0,2115.0,39941.4,39960.7,39874.5,39874.5,1322.0
20260428.0,2130.0,39874.5,39935.3,39851.2,39887.7,1750.0
20260428.0,2145.0,39884.6,40083.4,39783.2,40044.9,9290.0
20260428.0,2200.0,40045.9,40070.2,39925.2,40013.5,5154.0
20260428.0,2215.0,40012.4,40102.7,39958.7,40066.2,4046.0
20260428.0,2230.0,40066.2,40093.6,39922.2,39967.8,3638.0
20260428.0,2245.0,39967.8,39984.0,39776.1,39881.6,5840.0
20260428.0,2300.0,39881.6,39910.9,39751.8,39906.9,6796.0
20260428.0,2315.0,39907.9,39949.5,39795.4,39844.0,3414.0
20260428.0,2330.0,39839.0,39864.3,39798.4,39836.9,1476.0
20260428.0,2345.0,39827.8,39863.3,39777.1,39820.7,1796.0
20260429.0,0.0,39820.7,39855.1,39789.3,39851.1,1334.0
20260429.0,15.0,39853.2,39918.0,39841.0,39904.9,2032.0
20260429.0,30.0,39905.9,39934.3,39876.5,39891.7,996.0
20260429.0,45.0,39888.7,39900.8,39818.7,39853.2,1128.0
20260429.0,100.0,39857.2,39931.2,39855.2,39909.0,1064.0
20260429.0,115.0,39912.0,39923.1,39842.1,39875.5,856.0
20260429.0,130.0,39881.6,39941.4,39860.3,39929.3,622.0
20260429.0,145.0,39926.2,40049.9,39924.2,40020.6,2110.0
20260429.0,200.0,40021.6,40033.7,40003.4,40013.5,546.0
20260429.0,215.0,40018.5,40021.5,39943.5,39995.2,1182.0
20260429.0,230.0,39995.2,40083.4,39995.2,40054.0,1806.0
20260429.0,245.0,40055.1,40077.3,40023.7,40077.4,466.0
20260429.0,300.0,40076.4,40078.3,40038.9,40055.1,304.0
20260429.0,315.0,40053.0,40094.6,40041.9,40050.0,750.0
20260429.0,330.0,40049.0,40053.0,40023.7,40041.9,592.0
20260429.0,345.0,40043.9,40043.8,40015.5,40028.7,342.0
20260429.0,400.0,40026.6,40046.9,40010.5,40021.6,496.0
20260429.0,415.0,40021.6,40060.1,39998.3,40046.9,278.0
20260429.0,430.0,40050.0,40068.2,40049.0,40068.2,342.0
20260429.0,445.0,40065.2,40074.3,40056.1,40061.1,282.0
20260429.0,500.0,40064.2,40064.1,40017.6,40034.8,420.0
20260429.0,900.0,40275.2,40368.5,39905.0,39917.1,13856.0
20260429.0,915.0,39915.0,40003.3,39691.9,39854.2,16642.0
20260429.0,930.0,39854.2,39982.0,39784.2,39921.1,7794.0
20260429.0,945.0,39920.1,40074.3,39891.8,39952.6,8234.0
20260429.0,1000.0,39948.5,40048.9,39917.1,40044.9,4300.0
20260429.0,1015.0,40048.0,40109.8,39925.2,39930.3,5926.0
20260429.0,1030.0,39937.4,40071.2,39881.6,39892.7,5574.0
20260429.0,1045.0,39895.8,39948.5,39839.0,39858.2,3772.0
20260429.0,1100.0,39861.3,40017.5,39848.1,39982.0,4508.0
20260429.0,1115.0,39981.0,40125.0,39975.0,40082.4,5372.0
20260429.0,1130.0,40083.5,40101.7,40050.0,40081.4,3002.0
20260429.0,1145.0,40080.4,40162.5,40067.3,40143.3,3912.0
20260429.0,1200.0,40142.3,40231.5,40139.3,40231.6,3456.0
20260429.0,1215.0,40232.6,40295.5,40182.9,40272.2,4656.0
20260429.0,1230.0,40275.2,40287.3,40201.2,40231.6,2496.0
20260429.0,1245.0,40230.6,40268.1,40188.0,40200.1,2720.0
20260429.0,1300.0,40199.1,40206.2,40103.8,40115.9,4210.0
20260429.0,1315.0,40121.0,40153.4,40066.3,40077.4,4522.0
20260429.0,1330.0,40076.4,40083.4,39956.7,40032.7,7584.0
20260429.0,1345.0,40032.7,40089.5,40018.6,40064.2,7674.0
20260429.0,1515.0,40054.0,40137.2,40047.0,40068.2,2528.0
20260429.0,1530.0,40069.3,40091.5,40041.9,40090.6,1302.0
20260429.0,1545.0,40089.5,40131.1,40038.9,40049.0,1092.0
20260429.0,1600.0,40053.0,40053.0,40009.5,40043.9,1414.0
20260429.0,1615.0,40044.9,40102.7,39983.1,39993.2,2224.0
20260429.0,1630.0,39987.1,40056.0,39968.9,40048.0,1496.0
20260429.0,1645.0,40046.9,40053.0,39954.7,40003.3,1812.0
20260429.0,1700.0,40003.3,40018.5,39979.0,39994.2,762.0
20260429.0,1715.0,39993.2,40025.6,39969.9,39994.2,838.0
20260429.0,1730.0,39992.2,40029.6,39916.1,39924.2,1936.0
20260429.0,1745.0,39922.1,39984.0,39874.5,39897.8,1782.0
20260429.0,1800.0,39895.8,39935.3,39868.4,39883.6,944.0
20260429.0,1815.0,39883.6,39952.5,39870.5,39948.5,902.0
20260429.0,1830.0,39949.5,40108.8,39948.6,40088.5,2980.0
20260429.0,1845.0,40090.6,40102.7,40042.9,40051.0,976.0
20260429.0,1900.0,40044.9,40089.5,40045.0,40085.5,620.0
20260429.0,1915.0,40084.5,40124.0,40072.4,40094.6,1166.0
20260429.0,1930.0,40096.7,40150.4,40085.5,40120.0,1196.0
20260429.0,1945.0,40118.0,40225.4,40109.9,40130.1,2526.0
20260429.0,2000.0,40132.2,40178.8,40123.1,40167.7,1054.0
20260429.0,2015.0,40161.6,40168.6,40108.9,40118.0,998.0
20260429.0,2030.0,40115.9,40116.9,40049.0,40060.1,1780.0
20260429.0,2045.0,40059.1,40059.1,39940.5,39988.1,2640.0
20260429.0,2100.0,39987.1,39993.1,39949.6,39956.6,764.0
20260429.0,2115.0,39964.8,40038.8,39962.8,40022.6,1162.0
20260429.0,2130.0,40020.6,40041.8,39922.2,39959.7,2064.0
20260429.0,2145.0,39952.6,39985.0,39826.8,39899.8,5700.0
20260429.0,2200.0,39898.8,39996.2,39860.3,39958.7,2808.0
20260429.0,2215.0,39953.6,39987.0,39896.8,39982.0,1950.0
20260429.0,2230.0,39975.9,40130.1,39964.8,40105.8,3616.0
20260429.0,2245.0,40101.7,40147.3,40064.2,40104.8,2276.0
20260429.0,2300.0,40106.8,40123.0,40072.4,40108.8,1830.0
20260429.0,2315.0,40108.8,40127.0,39984.1,40011.4,2696.0
20260429.0,2330.0,40012.4,40054.0,39988.1,40026.6,1860.0
20260429.0,2345.0,40028.7,40064.1,39972.9,40010.4,1876.0
20260430.0,0.0,40008.4,40052.0,39804.5,39888.7,5306.0
20260430.0,15.0,39889.7,39980.9,39880.6,39938.4,2138.0
20260430.0,30.0,39939.4,39956.6,39897.9,39902.9,1134.0
20260430.0,45.0,39899.8,39924.1,39837.0,39907.9,1448.0
20260430.0,100.0,39907.9,39926.2,39876.5,39912.0,650.0
20260430.0,115.0,39913.0,39946.4,39871.5,39944.5,918.0
20260430.0,130.0,39940.4,39993.1,39918.1,39942.4,1288.0
20260430.0,145.0,39945.5,39983.0,39934.4,39953.6,544.0
20260430.0,200.0,39961.7,40036.7,39956.7,40031.7,1222.0
20260430.0,215.0,40032.7,40039.8,39863.4,39893.7,1368.0
20260430.0,230.0,39891.7,39942.4,39886.7,39891.7,936.0
20260430.0,245.0,39891.7,39998.2,39820.7,39831.9,2886.0
20260430.0,300.0,39834.9,40001.2,39773.1,39998.2,2160.0
20260430.0,315.0,39997.2,40045.9,39925.2,40037.8,1650.0
20260430.0,330.0,40045.9,40073.3,40030.8,40037.8,1068.0
20260430.0,345.0,40035.8,40035.7,39956.7,39974.9,636.0
20260430.0,400.0,39983.0,40001.2,39952.6,39997.2,694.0
20260430.0,415.0,40001.3,40096.6,39823.8,39827.8,3108.0
20260430.0,430.0,39832.9,39941.4,39735.5,39936.4,1820.0
20260430.0,445.0,39934.3,39980.9,39920.2,39958.7,478.0
20260430.0,500.0,39954.6,39974.9,39905.0,39909.0,756.0
20260430.0,900.0,40275.2,40517.6,40229.6,40340.1,14216.0
20260430.0,915.0,40334.1,40507.5,40157.6,40180.9,16098.0
20260430.0,930.0,40185.9,40258.9,40149.5,40202.2,7172.0
20260430.0,945.0,40204.2,40350.2,40028.7,40181.9,11724.0
20260430.0,1000.0,40181.9,40415.2,40160.6,40383.8,7516.0
20260430.0,1015.0,40387.8,40431.4,40296.6,40354.3,5428.0
20260430.0,1030.0,40353.3,40361.4,40132.2,40164.6,6238.0
20260430.0,1045.0,40164.6,40221.4,40000.3,40123.0,9520.0
20260430.0,1100.0,40126.1,40149.4,40038.9,40069.3,5026.0
20260430.0,1115.0,40066.2,40161.5,40054.1,40101.7,3538.0
20260430.0,1130.0,40105.8,40145.3,40069.3,40135.2,2342.0
20260430.0,1145.0,40131.1,40198.1,40091.6,40159.6,3502.0
20260430.0,1200.0,40157.5,40191.0,40132.2,40155.5,2002.0
20260430.0,1215.0,40150.4,40211.2,40104.8,40137.2,3694.0
20260430.0,1230.0,40138.2,40152.4,39982.1,39990.1,6036.0
20260430.0,1245.0,39988.1,39992.1,39836.0,39909.0,7602.0
20260430.0,1300.0,39907.9,39951.5,39874.5,39907.9,4742.0
20260430.0,1315.0,39907.9,40076.3,39879.6,40066.2,7658.0
20260430.0,1330.0,40065.2,40074.3,39853.2,39855.2,8452.0
20260430.0,1345.0,39855.2,39952.5,39840.0,39932.3,9960.0
20260430.0,1515.0,39950.6,40114.9,39948.6,40066.2,5466.0
20260430.0,1530.0,40062.2,40120.9,40028.7,40107.8,1820.0
20260430.0,1545.0,40104.8,40142.3,40089.6,40101.7,1750.0
20260430.0,1600.0,40107.8,40159.5,40082.5,40131.1,1534.0
20260430.0,1615.0,40134.2,40265.0,40134.2,40212.3,2974.0
20260430.0,1630.0,40211.3,40234.6,40151.5,40223.5,1680.0
20260430.0,1645.0,40225.5,40319.8,40225.5,40282.3,2736.0
20260430.0,1700.0,40281.3,40288.3,40196.1,40210.3,1320.0
20260430.0,1715.0,40214.3,40240.7,40158.6,40173.8,1564.0
20260430.0,1730.0,40175.8,40247.8,40125.1,40241.7,2106.0
20260430.0,1745.0,40240.7,40346.2,40240.8,40256.9,2880.0
20260430.0,1800.0,40259.0,40297.5,40255.0,40285.4,1024.0
20260430.0,1815.0,40285.4,40355.3,40285.4,40295.5,1618.0
20260430.0,1830.0,40296.5,40362.4,40292.5,40360.4,1722.0
20260430.0,1845.0,40362.5,40376.6,40285.4,40296.5,1996.0
20260430.0,1900.0,40298.5,40312.7,40248.9,40291.4,1182.0
20260430.0,1915.0,40298.5,40365.5,40296.6,40339.1,1204.0
20260430.0,1930.0,40335.1,40424.3,40328.0,40423.3,1808.0
20260430.0,1945.0,40419.3,40437.5,40364.5,40380.7,1450.0
20260430.0,2000.0,40376.7,40409.1,40373.7,40380.7,546.0
20260430.0,2015.0,40379.7,40444.6,40363.5,40436.5,1122.0
20260430.0,2030.0,40434.5,40476.0,40434.5,40458.8,1692.0
20260430.0,2045.0,40454.8,40467.9,40390.9,40399.0,1088.0
20260430.0,2100.0,40403.0,40483.1,40398.0,40470.0,1202.0
20260430.0,2115.0,40472.0,40492.3,40425.4,40434.5,1058.0
20260430.0,2130.0,40436.5,40449.7,40401.1,40414.2,956.0
20260430.0,2145.0,40405.1,40405.0,40201.2,40293.5,7674.0
20260430.0,2200.0,40289.4,40297.5,40110.9,40148.4,5838.0
20260430.0,2215.0,40157.5,40242.7,40081.5,40175.8,5170.0
20260430.0,2230.0,40175.8,40219.4,40071.3,40185.9,3920.0
20260430.0,2245.0,40178.8,40255.9,40125.1,40202.2,3810.0
20260430.0,2300.0,40196.1,40370.5,40196.1,40358.4,4364.0
20260430.0,2315.0,40358.4,40459.8,40355.4,40440.6,4922.0
20260430.0,2330.0,40442.6,40465.9,40394.0,40429.4,1990.0
20260430.0,2345.0,40427.4,40491.3,40385.8,40418.3,2540.0
20260501.0,0.0,40414.2,40444.6,40358.5,40418.3,2098.0
20260501.0,15.0,40418.3,40460.8,40375.7,40454.8,1480.0
20260501.0,30.0,40454.8,40458.8,40421.4,40444.6,956.0
20260501.0,45.0,40449.7,40451.7,40419.3,40424.3,642.0
20260501.0,100.0,40421.3,40421.3,40357.4,40381.7,1530.0
20260501.0,115.0,40386.8,40443.6,40383.8,40430.4,1266.0
20260501.0,130.0,40429.4,40443.6,40378.7,40443.6,1238.0
20260501.0,145.0,40443.6,40547.1,40441.6,40532.9,2788.0
20260501.0,200.0,40533.9,40564.3,40506.6,40557.3,1058.0
20260501.0,215.0,40563.3,40629.2,40563.4,40616.1,2020.0
20260501.0,230.0,40615.1,40651.6,40606.0,40618.1,748.0
20260501.0,245.0,40620.2,40657.6,40620.2,40642.5,518.0
20260501.0,300.0,40640.4,40665.8,40636.4,40646.5,668.0
20260501.0,315.0,40643.5,40751.0,40637.5,40737.8,1522.0
20260501.0,330.0,40736.8,40737.8,40690.2,40714.5,846.0
20260501.0,345.0,40714.5,40781.4,40709.5,40756.1,1120.0
20260501.0,400.0,40758.1,40819.0,40701.4,40701.3,1654.0
20260501.0,415.0,40701.3,40761.1,40634.4,40708.4,2498.0
20260501.0,430.0,40712.5,40733.7,40693.3,40707.4,444.0
20260501.0,445.0,40702.3,40702.3,40599.9,40613.1,888.0
20260501.0,500.0,40610.0,40686.0,40542.1,40686.1,1162.0
20260504.0,900.0,41028.0,41035.1,40815.0,40862.6,10996.0
20260504.0,915.0,40866.7,41128.4,40751.1,41103.1,18442.0
20260504.0,930.0,41107.1,41154.8,40892.1,40927.6,10484.0
20260504.0,945.0,40922.5,41189.3,40873.8,41182.2,8982.0
20260504.0,1000.0,41186.3,41251.1,41104.1,41230.9,7094.0
20260504.0,1015.0,41230.9,41286.7,41126.5,41283.7,6126.0
20260504.0,1030.0,41283.7,41324.2,41215.7,41291.8,5636.0
20260504.0,1045.0,41287.7,41498.7,41281.7,41447.0,7794.0
20260504.0,1100.0,41447.0,41565.7,41428.8,41519.0,5890.0
20260504.0,1115.0,41518.0,41588.0,41488.6,41532.2,4230.0
20260504.0,1130.0,41532.2,41537.2,41459.2,41481.5,2644.0
20260504.0,1145.0,41478.5,41543.3,41463.3,41538.3,1880.0
20260504.0,1200.0,41536.3,41587.0,41521.1,41541.4,3500.0
20260504.0,1215.0,41545.4,41592.0,41508.9,41570.8,3204.0
20260504.0,1230.0,41569.8,41596.1,41551.6,41575.9,2114.0
20260504.0,1245.0,41575.9,41624.5,41563.7,41614.4,2754.0
20260504.0,1300.0,41614.4,41618.4,41561.7,41591.1,2322.0
20260504.0,1315.0,41588.0,41610.3,41559.7,41575.9,3160.0
20260504.0,1330.0,41572.8,41616.4,41559.7,41592.1,5486.0
20260504.0,1345.0,41591.1,41671.2,41565.8,41627.6,14282.0
20260504.0,1515.0,41591.1,41660.0,41489.7,41645.9,3656.0
20260504.0,1530.0,41645.9,41783.8,41645.9,41739.2,2850.0
20260504.0,1545.0,41740.2,41750.3,41674.3,41699.6,1224.0
20260504.0,1600.0,41698.6,41745.2,41675.3,41680.3,866.0
20260504.0,1615.0,41679.3,41685.4,41599.2,41672.2,1864.0
20260504.0,1630.0,41669.2,41693.5,41633.7,41682.4,872.0
20260504.0,1645.0,41684.4,41721.9,41680.4,41694.6,776.0
20260504.0,1700.0,41692.5,41702.6,41675.3,41682.4,432.0
20260504.0,1715.0,41683.4,41706.7,41668.2,41703.7,634.0
20260504.0,1730.0,41702.7,41707.7,41641.8,41661.1,902.0
20260504.0,1745.0,41660.1,41685.4,41642.9,41654.0,562.0
20260504.0,1800.0,41653.0,41692.5,41636.8,41642.8,606.0
20260504.0,1815.0,41641.8,41646.8,41157.9,41256.3,11952.0
20260504.0,1830.0,41261.3,41355.6,41130.5,41337.4,6762.0
20260504.0,1845.0,41344.5,41534.2,41326.3,41467.3,5592.0
20260504.0,1900.0,41467.3,41561.6,41457.2,41497.7,2532.0
20260504.0,1915.0,41500.8,41573.8,41483.6,41549.5,2298.0
20260504.0,1930.0,41549.5,41584.9,41529.2,41529.2,1202.0
20260504.0,1945.0,41528.2,41535.2,41419.7,41486.6,2476.0
20260504.0,2000.0,41489.6,41551.5,41465.3,41529.2,1316.0
20260504.0,2015.0,41537.3,41576.8,41537.3,41541.4,880.0
20260504.0,2030.0,41538.3,41638.7,41526.2,41606.3,2402.0
20260504.0,2045.0,41606.3,41607.3,41544.4,41557.6,1258.0
20260504.0,2100.0,41552.5,41560.6,41487.6,41504.8,1252.0
20260504.0,2115.0,41503.8,41583.9,41392.3,41487.6,4194.0
20260504.0,2130.0,41486.6,41519.0,41455.2,41519.0,862.0
20260504.0,2145.0,41521.1,41643.8,41459.2,41613.4,4520.0
20260504.0,2200.0,41606.3,41624.5,41531.3,41614.4,2532.0
20260504.0,2215.0,41605.3,41682.3,41560.7,41641.8,3592.0
20260504.0,2230.0,41639.8,41703.6,41583.0,41590.1,3126.0
20260504.0,2245.0,41588.0,41626.5,41569.8,41609.3,1528.0
20260504.0,2300.0,41613.4,41632.6,41450.1,41474.4,3374.0
20260504.0,2315.0,41471.4,41523.0,41404.4,41428.7,3722.0
20260504.0,2330.0,41428.7,41464.2,41233.0,41349.6,7670.0
20260504.0,2345.0,41346.6,41352.6,41260.4,41335.4,3180.0
20260505.0,0.0,41329.3,41361.7,41249.2,41293.8,2850.0
20260505.0,15.0,41295.8,41312.0,41180.2,41198.4,4166.0
20260505.0,30.0,41196.4,41354.6,41171.1,41310.0,4076.0
20260505.0,45.0,41310.0,41348.5,41261.4,41266.4,1450.0
20260505.0,100.0,41261.3,41294.8,41250.2,41276.6,800.0
20260505.0,115.0,41286.7,41380.0,41276.6,41340.5,1584.0
20260505.0,130.0,41343.5,41438.8,41332.4,41419.6,1998.0
20260505.0,145.0,41423.7,41438.8,41358.8,41384.1,804.0
20260505.0,200.0,41388.2,41397.2,41368.9,41369.9,464.0
20260505.0,215.0,41368.9,41392.2,41347.6,41352.7,394.0
20260505.0,230.0,41351.6,41356.7,41282.7,41332.4,742.0
20260505.0,245.0,41332.4,41347.5,41296.9,41296.9,324.0
20260505.0,300.0,41296.9,41339.4,41273.6,41335.4,450.0
20260505.0,315.0,41342.5,41396.2,41324.3,41371.9,616.0
20260505.0,330.0,41378.0,41385.1,41334.4,41363.8,358.0
20260505.0,345.0,41372.9,41407.4,41371.0,41388.2,342.0
20260505.0,400.0,41388.2,41409.4,41356.8,41381.1,456.0
20260505.0,415.0,41372.9,41372.9,41310.1,41333.4,416.0
20260505.0,430.0,41329.3,41345.5,41320.2,41337.4,72.0
20260505.0,445.0,41336.4,41352.6,41335.5,41341.5,120.0
20260505.0,500.0,41341.5,41390.1,41332.4,41381.1,352.0
20260505.0,900.0,41531.2,41540.3,41440.0,41493.7,6904.0
20260505.0,915.0,41489.6,41694.5,41482.6,41590.1,10932.0
20260505.0,930.0,41589.0,41669.1,41454.2,41459.2,6440.0
20260505.0,945.0,41460.2,41583.9,41396.3,41433.8,8068.0
20260505.0,1000.0,41437.9,41497.7,41394.3,41434.8,5412.0
20260505.0,1015.0,41435.8,41491.6,41391.3,41472.4,3374.0
20260505.0,1030.0,41470.3,41555.5,41449.1,41522.1,3808.0
20260505.0,1045.0,41517.0,41544.3,41469.4,41478.5,2608.0
20260505.0,1100.0,41481.5,41482.5,41393.3,41415.6,3540.0
20260505.0,1115.0,41421.6,41489.6,41401.4,41479.5,2156.0
20260505.0,1130.0,41480.5,41605.2,41470.4,41605.3,3182.0
20260505.0,1145.0,41600.2,41660.0,41548.5,41550.5,3648.0
20260505.0,1200.0,41553.5,41603.2,41517.1,41578.9,1682.0
20260505.0,1215.0,41577.9,41626.5,41560.7,41573.8,1398.0
20260505.0,1230.0,41570.8,41672.2,41559.7,41655.0,2872.0
20260505.0,1245.0,41653.0,41672.2,41606.3,41618.5,2086.0
20260505.0,1300.0,41619.5,41661.0,41582.0,41589.0,2462.0
20260505.0,1315.0,41591.1,41659.0,41578.9,41647.9,2380.0
20260505.0,1330.0,41648.9,41657.0,41586.0,41589.0,3524.0
20260505.0,1345.0,41593.1,41644.8,41554.6,41631.6,6608.0
20260505.0,1515.0,41674.3,41782.8,41674.3,41720.9,4238.0
20260505.0,1530.0,41719.9,41743.2,41683.4,41693.5,1094.0
20260505.0,1545.0,41688.5,41793.9,41671.3,41731.1,2410.0
20260505.0,1600.0,41727.0,41728.0,41609.4,41641.8,2334.0
20260505.0,1615.0,41637.7,41742.2,41624.6,41729.0,1744.0
20260505.0,1630.0,41727.0,41767.5,41727.1,41737.2,1280.0
20260505.0,1645.0,41733.1,41756.4,41712.9,41724.0,752.0
20260505.0,1700.0,41724.0,41755.4,41721.0,41751.4,706.0
20260505.0,1715.0,41753.4,41761.5,41701.7,41703.7,786.0
20260505.0,1730.0,41702.7,41716.8,41672.3,41672.2,784.0
20260505.0,1745.0,41679.3,41715.8,41673.3,41697.6,798.0
20260505.0,1800.0,41697.6,41730.0,41675.3,41681.4,492.0
20260505.0,1815.0,41686.4,41710.7,41671.3,41691.5,432.0
20260505.0,1830.0,41691.5,41702.6,41680.4,41693.5,400.0
20260505.0,1845.0,41696.6,41757.4,41684.5,41694.6,1284.0
20260505.0,1900.0,41691.5,41691.5,41658.1,41669.2,956.0
20260505.0,1915.0,41667.2,41677.3,41578.9,41614.4,2386.0
20260505.0,1930.0,41611.4,41634.6,41556.6,41615.4,2546.0
20260505.0,1945.0,41623.5,41658.0,41621.6,41640.8,744.0
20260505.0,2000.0,41640.8,41689.4,41640.8,41686.4,892.0
20260505.0,2015.0,41682.4,41768.6,41646.9,41760.5,2092.0
20260505.0,2030.0,41762.5,41880.2,41762.6,41866.0,4184.0
20260505.0,2045.0,41869.1,41880.2,41822.4,41833.5,1450.0
20260505.0,2100.0,41832.5,41848.7,41818.4,41837.6,798.0
20260505.0,2115.0,41837.6,41951.2,41834.6,41928.9,2932.0
20260505.0,2130.0,41927.9,41933.9,41889.4,41928.9,1220.0
20260505.0,2145.0,41932.0,41977.6,41863.0,41961.4,5028.0
20260505.0,2200.0,41968.5,42082.1,41957.4,42052.7,5140.0
20260505.0,2215.0,42056.7,42091.2,41947.2,41967.5,5250.0
20260505.0,2230.0,41965.4,42054.7,41849.8,42020.2,7782.0
20260505.0,2245.0,42022.2,42040.5,41924.9,41924.9,3140.0
20260505.0,2300.0,41925.9,41998.9,41892.4,41989.8,2684.0
20260505.0,2315.0,41983.7,42071.9,41977.7,42028.3,2284.0
20260505.0,2330.0,42032.4,42067.9,42020.3,42048.6,1344.0
20260505.0,2345.0,42045.6,42088.1,42013.2,42057.8,2246.0
20260506.0,0.0,42067.9,42150.0,42068.0,42111.5,3266.0
20260506.0,15.0,42111.5,42173.4,42096.4,42123.7,2624.0
20260506.0,30.0,42122.7,42126.7,42022.3,42080.1,1842.0
20260506.0,45.0,42076.0,42084.1,42013.2,42051.7,1706.0
20260506.0,100.0,42051.7,42096.3,42047.7,42083.1,666.0
20260506.0,115.0,42080.1,42109.4,42069.0,42077.0,440.0
20260506.0,130.0,42080.1,42127.7,42080.1,42109.5,606.0
20260506.0,145.0,42103.4,42130.8,42091.3,42103.4,344.0
20260506.0,200.0,42100.4,42113.5,42088.2,42109.5,320.0
20260506.0,215.0,42107.5,42129.7,42101.4,42114.6,282.0
20260506.0,230.0,42113.6,42136.8,42103.5,42127.8,300.0
20260506.0,245.0,42123.7,42145.0,42123.8,42123.7,358.0
20260506.0,300.0,42121.7,42130.8,42091.3,42111.5,316.0
20260506.0,315.0,42108.5,42115.5,42075.1,42076.0,402.0
20260506.0,330.0,42072.0,42078.0,42032.4,42040.5,576.0
20260506.0,345.0,42038.5,42077.0,42034.5,42063.8,308.0
20260506.0,400.0,42069.9,42083.1,42020.3,42046.6,850.0
20260506.0,415.0,42047.6,42093.2,42041.6,42090.2,382.0
20260506.0,430.0,42086.2,42164.2,42055.8,42151.1,696.0
20260506.0,445.0,42151.1,42164.2,42128.8,42128.8,332.0
20260506.0,500.0,42126.7,42164.2,42119.7,42159.2,390.0
20260506.0,900.0,42255.6,42349.9,42225.2,42246.5,10492.0
20260506.0,915.0,42251.5,42565.0,42246.5,42553.9,15836.0
20260506.0,930.0,42555.9,42615.7,42363.2,42395.6,13180.0
20260506.0,945.0,42395.6,42541.6,42314.5,42318.5,10646.0
20260506.0,1000.0,42320.5,42320.5,41832.6,42002.0,24516.0
20260506.0,1015.0,42006.0,42027.3,41634.7,41950.2,18548.0
20260506.0,1030.0,41948.2,42036.4,41822.4,41900.5,8092.0
20260506.0,1045.0,41896.4,41947.1,41709.8,41782.8,6668.0
20260506.0,1100.0,41783.8,41898.4,41711.8,41738.2,5946.0
20260506.0,1115.0,41731.1,41917.7,41642.9,41899.5,6500.0
20260506.0,1130.0,41894.4,41968.4,41829.5,41955.3,5918.0
20260506.0,1145.0,41954.3,41983.6,41880.3,41922.8,4340.0
20260506.0,1200.0,41923.8,41956.3,41885.3,41938.0,2706.0
20260506.0,1215.0,41936.0,41969.4,41909.7,41958.3,2260.0
20260506.0,1230.0,41957.3,41966.4,41873.2,41934.0,2914.0
20260506.0,1245.0,41933.0,42043.5,41933.0,42009.1,6174.0
20260506.0,1300.0,42009.1,42078.0,42003.0,42021.2,4102.0
20260506.0,1315.0,42018.2,42101.3,41986.8,42094.3,3212.0
20260506.0,1330.0,42091.2,42159.2,42053.7,42076.0,6916.0
20260506.0,1345.0,42076.0,42146.0,42033.5,42106.5,9568.0
20260506.0,1515.0,42047.6,42112.5,42012.2,42043.6,2498.0
20260506.0,1530.0,42043.6,42064.8,42022.3,42042.5,962.0
20260506.0,1545.0,42045.6,42107.4,42027.4,42098.3,874.0
20260506.0,1600.0,42100.4,42191.6,42100.4,42189.6,1880.0
20260506.0,1615.0,42191.7,42226.1,42175.5,42195.7,1860.0
20260506.0,1630.0,42189.6,42194.7,42126.8,42136.9,1156.0
20260506.0,1645.0,42142.0,42186.6,42136.9,42162.3,792.0
20260506.0,1700.0,42163.3,42522.4,42109.5,42419.9,7760.0
20260506.0,1715.0,42415.9,42465.6,42324.6,42369.2,2688.0
20260506.0,1730.0,42373.3,42403.7,42311.4,42369.2,2118.0
20260506.0,1745.0,42367.2,42456.4,42354.1,42413.9,2296.0
20260506.0,1800.0,42410.8,42448.3,42384.5,42441.3,1098.0
20260506.0,1815.0,42447.3,42483.8,42427.1,42444.3,1670.0
20260506.0,1830.0,42444.3,42508.2,42437.2,42491.0,1680.0
20260506.0,1845.0,42497.1,42580.2,42492.0,42560.0,1964.0
20260506.0,1900.0,42566.0,42596.4,42506.2,42555.9,2242.0
20260506.0,1915.0,42551.8,42603.5,42540.7,42594.4,2272.0
20260506.0,1930.0,42591.4,42610.6,42536.7,42550.8,1526.0
20260506.0,1945.0,42551.8,42571.1,42441.3,42441.3,2726.0
20260506.0,2000.0,42445.3,42487.9,42404.8,42458.5,2278.0
20260506.0,2015.0,42454.4,42456.4,42349.0,42364.1,2836.0
20260506.0,2030.0,42363.1,42422.9,42323.6,42410.8,2832.0
20260506.0,2045.0,42410.8,42417.9,42365.2,42371.2,1064.0
20260506.0,2100.0,42377.3,42422.9,42351.0,42362.1,1250.0
20260506.0,2115.0,42361.1,42387.4,42259.7,42337.8,3094.0
20260506.0,2130.0,42339.8,42385.4,42319.6,42351.0,1366.0
20260506.0,2145.0,42349.9,42515.3,42281.0,42492.0,7664.0
20260506.0,2200.0,42492.0,42539.6,42401.7,42507.2,4546.0
20260506.0,2215.0,42510.2,42512.2,42301.3,42399.7,5104.0
20260506.0,2230.0,42389.5,42404.7,42269.8,42324.6,4144.0
20260506.0,2245.0,42316.5,42525.4,42313.5,42500.1,4196.0
20260506.0,2300.0,42501.1,42536.6,42473.8,42498.1,2828.0
20260506.0,2315.0,42504.2,42558.9,42472.8,42523.4,1980.0
20260506.0,2330.0,42522.4,42647.2,42513.3,42621.8,3942.0
20260506.0,2345.0,42623.9,42651.2,42500.1,42555.9,3540.0
20260507.0,0.0,42560.0,42602.5,42528.6,42550.8,1786.0
20260507.0,15.0,42546.8,42680.6,42544.8,42664.5,2598.0
20260507.0,30.0,42662.4,42674.5,42610.7,42617.8,1290.0
20260507.0,45.0,42616.8,42641.1,42601.6,42601.6,840.0
20260507.0,100.0,42606.6,42606.6,42495.1,42564.0,2156.0
20260507.0,115.0,42566.0,42645.1,42554.9,42623.9,1068.0
20260507.0,130.0,42617.8,42637.0,42605.7,42619.8,362.0
20260507.0,145.0,42622.9,42652.2,42611.7,42646.2,424.0
20260507.0,200.0,42651.3,42656.3,42593.5,42624.9,350.0
20260507.0,215.0,42628.9,42667.4,42629.0,42655.3,680.0
20260507.0,230.0,42655.3,42727.3,42655.4,42717.2,1292.0
20260507.0,245.0,42718.2,42762.8,42710.2,42734.5,762.0
20260507.0,300.0,42734.5,42750.6,42713.2,42741.6,618.0
20260507.0,315.0,42742.6,42795.3,42737.5,42795.3,852.0
20260507.0,330.0,42791.3,42822.7,42788.3,42807.5,856.0
20260507.0,345.0,42805.5,42816.6,42788.3,42793.3,492.0
20260507.0,400.0,42789.2,42854.1,42786.2,42801.4,880.0
20260507.0,415.0,42799.4,42884.6,42780.2,42871.4,894.0
20260507.0,430.0,42878.5,42895.7,42869.4,42895.8,326.0
20260507.0,445.0,42897.8,42905.9,42874.5,42896.8,486.0
20260507.0,500.0,42899.8,42942.4,42884.7,42935.3,620.0
20260507.0,900.0,42944.5,42944.4,42653.3,42765.9,12762.0
20260507.0,915.0,42766.9,42799.3,42615.8,42739.5,13004.0
20260507.0,930.0,42742.6,42890.6,42690.9,42764.9,8912.0
20260507.0,945.0,42775.0,42991.1,42677.7,42975.9,10482.0
20260507.0,1000.0,42979.0,43061.1,42888.7,42949.5,9786.0
20260507.0,1015.0,42954.6,43020.5,42845.1,42868.4,5286.0
20260507.0,1030.0,42873.4,43046.9,42855.2,43040.8,4578.0
20260507.0,1045.0,43045.9,43085.4,42915.1,42950.6,5472.0
20260507.0,1100.0,42948.5,43023.5,42874.5,43001.3,3732.0
20260507.0,1115.0,43003.3,43009.3,42851.2,42911.0,3844.0
20260507.0,1130.0,42910.0,42991.1,42899.9,42942.4,2418.0
20260507.0,1145.0,42939.4,43034.7,42936.4,43032.7,3098.0
20260507.0,1200.0,43027.7,43048.9,42970.9,42981.0,2722.0
20260507.0,1215.0,42980.0,43001.2,42944.5,42957.7,2072.0
20260507.0,1230.0,42956.6,42986.0,42908.0,42922.1,3548.0
20260507.0,1245.0,42921.1,42971.8,42892.8,42914.0,3806.0
20260507.0,1300.0,42914.0,42971.8,42901.9,42912.0,2986.0
20260507.0,1315.0,42912.0,43003.3,42906.0,43003.3,3820.0
20260507.0,1330.0,43004.3,43004.3,42871.5,42924.2,5710.0
20260507.0,1345.0,42922.1,43013.4,42921.2,42955.6,11272.0
20260507.0,1515.0,43038.8,43172.7,42982.1,43158.5,4994.0
20260507.0,1530.0,43162.6,43168.6,43026.7,43042.9,3146.0
20260507.0,1545.0,43045.9,43091.5,43021.6,43083.5,1494.0
20260507.0,1600.0,43085.5,43089.5,42997.3,43014.5,1520.0
20260507.0,1615.0,43016.5,43083.4,42996.3,43018.5,1698.0
20260507.0,1630.0,43021.6,43023.5,42941.5,42962.7,2260.0
20260507.0,1645.0,42962.7,43006.3,42957.7,42962.7,1242.0
20260507.0,1700.0,42960.7,42967.7,42921.2,42942.4,1610.0
20260507.0,1715.0,42940.4,42943.4,42858.3,42867.4,2530.0
20260507.0,1730.0,42869.4,42905.9,42825.8,42891.7,2178.0
20260507.0,1745.0,42886.6,42951.5,42878.6,42929.2,1284.0
20260507.0,1800.0,42927.2,42951.5,42837.0,42872.4,1688.0
20260507.0,1815.0,42868.4,42888.6,42818.7,42873.4,1316.0
20260507.0,1830.0,42873.4,42910.9,42849.1,42874.5,810.0
20260507.0,1845.0,42870.4,42920.1,42847.1,42916.1,766.0
20260507.0,1900.0,42924.2,42932.2,42880.6,42884.6,524.0
20260507.0,1915.0,42887.7,42908.9,42854.2,42857.2,454.0
20260507.0,1930.0,42854.2,42902.8,42842.0,42876.5,588.0
20260507.0,1945.0,42874.5,42917.0,42862.3,42880.5,550.0
20260507.0,2000.0,42881.6,42883.5,42827.8,42854.2,762.0
20260507.0,2015.0,42856.2,42896.7,42837.0,42887.7,622.0
20260507.0,2030.0,42888.7,42921.1,42866.4,42913.0,700.0
20260507.0,2045.0,42910.0,42960.6,42887.7,42940.4,1142.0
20260507.0,2100.0,42939.4,42958.6,42885.7,42892.7,992.0
20260507.0,2115.0,42889.7,42889.6,42831.9,42863.3,1428.0
20260507.0,2130.0,42868.4,42896.7,42864.4,42878.5,758.0
20260507.0,2145.0,42876.5,42876.4,42667.5,42677.6,6848.0
20260507.0,2200.0,42681.7,42750.6,42615.8,42702.0,5916.0
20260507.0,2215.0,42698.9,42781.1,42647.3,42736.5,3720.0
20260507.0,2230.0,42738.5,42837.9,42702.0,42794.3,4114.0
20260507.0,2245.0,42799.4,42841.9,42773.1,42783.2,2918.0
20260507.0,2300.0,42785.2,42852.1,42753.8,42844.0,1860.0
20260507.0,2315.0,42844.0,42851.1,42759.9,42776.1,1990.0
20260507.0,2330.0,42775.0,42803.4,42691.9,42755.8,2386.0
20260507.0,2345.0,42759.8,42831.8,42750.7,42814.6,1730.0
20260508.0,0.0,42815.6,42819.6,42617.8,42646.2,3278.0
20260508.0,15.0,42645.2,42652.2,42539.7,42570.1,4812.0
20260508.0,30.0,42568.1,42590.3,42463.6,42567.1,4388.0
20260508.0,45.0,42560.0,42623.8,42525.5,42553.9,2088.0
20260508.0,100.0,42548.8,42580.2,42517.4,42550.8,1222.0
20260508.0,115.0,42557.9,42572.1,42497.1,42526.5,1418.0
20260508.0,130.0,42524.4,42567.0,42358.1,42413.9,4802.0
20260508.0,145.0,42410.8,42557.9,42389.6,42515.3,2352.0
20260508.0,200.0,42510.2,42603.5,42472.8,42593.4,2286.0
20260508.0,215.0,42601.6,42630.9,42538.7,42560.0,1590.0
20260508.0,230.0,42554.9,42595.4,42509.3,42520.4,692.0
20260508.0,245.0,42521.4,42549.8,42433.2,42494.0,1550.0
20260508.0,300.0,42483.9,42570.0,42438.3,42564.0,2056.0
20260508.0,315.0,42564.0,42601.5,42535.7,42597.5,752.0
20260508.0,330.0,42588.4,42597.4,42465.7,42530.5,1724.0
20260508.0,345.0,42533.6,42608.6,42533.6,42589.4,850.0
20260508.0,400.0,42590.4,42641.1,42526.5,42531.5,2200.0
20260508.0,415.0,42538.6,42640.1,42525.5,42606.6,1164.0
20260508.0,430.0,42610.7,42619.8,42600.6,42605.6,254.0
20260508.0,445.0,42605.6,42616.7,42530.6,42557.9,912.0
20260508.0,500.0,42564.0,42592.4,42550.9,42550.8,534.0
20260508.0,900.0,42732.4,42769.9,42652.3,42720.3,8906.0
20260508.0,915.0,42720.3,42877.5,42677.7,42869.4,10374.0
20260508.0,930.0,42868.4,42911.9,42773.1,42878.5,7330.0
20260508.0,945.0,42881.6,42941.4,42756.8,42798.4,7160.0
20260508.0,1000.0,42793.3,42958.6,42775.1,42785.2,6924.0
20260508.0,1015.0,42788.2,42813.5,42489.0,42543.7,13126.0
20260508.0,1030.0,42541.7,42547.7,42143.0,42282.0,19762.0
20260508.0,1045.0,42287.0,42509.2,42265.8,42467.6,9116.0
20260508.0,1100.0,42467.6,42599.5,42452.5,42537.6,6412.0
20260508.0,1115.0,42537.6,42605.6,42516.4,42586.3,4226.0
20260508.0,1130.0,42580.2,42601.5,42519.4,42531.5,3364.0
20260508.0,1145.0,42532.6,42638.0,42522.5,42539.7,4524.0
20260508.0,1200.0,42538.6,42576.1,42457.5,42560.0,3448.0
20260508.0,1215.0,42560.0,42574.1,42500.1,42512.3,2426.0
20260508.0,1230.0,42513.3,42578.2,42474.8,42555.9,2474.0
20260508.0,1245.0,42556.9,42592.4,42422.0,42425.0,3306.0
20260508.0,1300.0,42424.0,42547.7,42419.0,42542.7,2950.0
20260508.0,1315.0,42546.8,42581.2,42510.3,42571.1,4944.0
20260508.0,1330.0,42569.1,42577.2,42526.5,42540.7,3152.0
20260508.0,1345.0,42543.7,42575.1,42517.4,42546.8,9096.0
20260508.0,1515.0,42604.6,42627.9,42469.7,42477.8,3266.0
20260508.0,1530.0,42479.8,42480.8,42409.9,42453.4,2270.0
20260508.0,1545.0,42451.4,42462.5,42425.1,42439.2,1088.0
20260508.0,1600.0,42439.2,42446.3,42348.0,42364.1,2364.0
20260508.0,1615.0,42366.2,42402.7,42319.6,42369.2,1972.0
20260508.0,1630.0,42370.2,42430.0,42370.3,42411.8,986.0
20260508.0,1645.0,42410.8,42433.1,42390.6,42396.6,622.0
20260508.0,1700.0,42397.6,42438.2,42395.6,42411.8,600.0
20260508.0,1715.0,42418.9,42509.2,42410.9,42469.7,1678.0
20260508.0,1730.0,42469.7,42491.9,42459.6,42472.7,730.0
20260508.0,1745.0,42469.7,42473.7,42382.5,42401.7,1246.0
20260508.0,1800.0,42400.7,42407.7,42273.9,42319.5,2270.0
20260508.0,1815.0,42319.5,42351.9,42315.5,42344.9,850.0
20260508.0,1830.0,42345.9,42389.5,42327.7,42372.3,744.0
20260508.0,1845.0,42373.3,42411.8,42373.3,42379.4,820.0
20260508.0,1900.0,42375.3,42377.3,42276.9,42328.6,1364.0
20260508.0,1915.0,42333.7,42395.5,42332.7,42373.3,736.0
20260508.0,1930.0,42384.4,42399.6,42361.2,42396.6,480.0
20260508.0,1945.0,42396.6,42397.6,42366.2,42366.2,270.0
20260508.0,2000.0,42365.2,42395.5,42360.1,42366.2,254.0
20260508.0,2015.0,42363.1,42392.5,42350.0,42362.1,426.0
20260508.0,2030.0,42362.1,42384.4,42358.1,42384.4,492.0
20260508.0,2045.0,42382.4,42556.9,42382.5,42493.0,3944.0
20260508.0,2100.0,42494.0,42504.1,42387.5,42436.2,1696.0
20260508.0,2115.0,42429.1,42482.8,42393.6,42419.9,1132.0
20260508.0,2130.0,42418.9,42494.0,42402.8,42494.0,874.0
20260508.0,2145.0,42494.0,42710.1,42436.2,42702.0,6932.0
20260508.0,2200.0,42703.0,42789.2,42696.0,42789.2,4508.0
20260508.0,2215.0,42790.3,42808.5,42698.0,42714.2,3476.0
20260508.0,2230.0,42706.0,42770.9,42658.4,42666.5,2028.0
20260508.0,2245.0,42672.6,42739.5,42625.9,42730.4,3522.0
20260508.0,2300.0,42731.4,42788.2,42716.2,42770.0,1702.0
20260508.0,2315.0,42770.0,42848.0,42760.9,42781.1,3376.0
20260508.0,2330.0,42778.1,42803.4,42714.2,42795.3,2108.0
20260508.0,2345.0,42795.3,42837.9,42737.5,42764.9,2276.0
20260509.0,0.0,42764.9,42830.8,42760.9,42802.4,1106.0
20260509.0,15.0,42802.4,42856.1,42796.4,42818.7,1618.0
20260509.0,30.0,42817.6,42872.4,42813.6,42870.4,1212.0
20260509.0,45.0,42870.4,42880.5,42829.9,42847.1,890.0
20260509.0,100.0,42845.0,42863.3,42750.7,42773.0,3200.0
20260509.0,115.0,42777.1,42793.2,42667.5,42760.8,2904.0
20260509.0,130.0,42753.7,42835.9,42745.7,42831.9,1658.0
20260509.0,145.0,42830.8,42840.9,42796.4,42817.6,822.0
20260509.0,200.0,42823.7,42847.0,42778.1,42798.4,904.0
20260509.0,215.0,42798.4,42858.2,42785.2,42852.1,1104.0
20260509.0,230.0,42853.2,42856.1,42832.9,42846.1,296.0
20260509.0,245.0,42852.1,42855.1,42803.5,42810.5,504.0
20260509.0,300.0,42808.5,42825.7,42771.0,42783.2,540.0
20260509.0,315.0,42784.2,42864.3,42784.2,42835.9,750.0
20260509.0,330.0,42841.0,42857.2,42803.5,42803.4,294.0
20260509.0,345.0,42804.5,42855.1,42799.4,42841.0,528.0
20260509.0,400.0,42833.9,42854.1,42794.4,42854.2,506.0
20260509.0,415.0,42854.2,42872.4,42830.9,42856.2,474.0
20260509.0,430.0,42856.2,42869.3,42850.2,42865.3,138.0
20260509.0,445.0,42865.3,42899.8,42858.3,42896.8,554.0
20260509.0,500.0,42893.7,42915.0,42881.6,42906.9,640.0
20260511.0,900.0,42844.0,42872.4,42424.1,42551.8,13364.0
20260511.0,915.0,42546.8,42675.6,42409.9,42600.5,12514.0
20260511.0,930.0,42597.5,42741.5,42571.2,42703.0,6706.0
20260511.0,945.0,42703.0,42760.8,42616.8,42651.3,5436.0
20260511.0,1000.0,42648.2,42726.3,42591.5,42708.1,4462.0
20260511.0,1015.0,42706.0,42748.6,42625.9,42666.5,3656.0
20260511.0,1030.0,42667.5,42694.8,42542.8,42589.4,4898.0
20260511.0,1045.0,42587.3,42630.9,42506.2,42608.7,4778.0
20260511.0,1100.0,42608.7,42720.2,42550.9,42706.0,4836.0
20260511.0,1115.0,42697.9,42732.4,42621.9,42647.2,3086.0
20260511.0,1130.0,42648.2,42727.3,42622.9,42724.3,2284.0
20260511.0,1145.0,42721.3,42759.8,42683.8,42748.7,2860.0
20260511.0,1200.0,42750.7,42759.8,42694.9,42709.1,1522.0
20260511.0,1215.0,42710.1,42736.4,42666.5,42702.0,1608.0
20260511.0,1230.0,42707.1,42804.4,42705.1,42793.3,2958.0
20260511.0,1245.0,42794.3,42810.5,42750.7,42762.9,1938.0
20260511.0,1300.0,42761.8,42787.2,42733.5,42760.8,1674.0
20260511.0,1315.0,42761.8,42774.0,42700.0,42709.1,2382.0
20260511.0,1330.0,42711.1,42730.3,42648.3,42653.3,5422.0
20260511.0,1345.0,42653.3,42686.7,42554.9,42554.9,8062.0
20260511.0,1515.0,42579.2,42595.4,42483.9,42498.1,2496.0
20260511.0,1530.0,42497.1,42543.7,42473.8,42506.2,1178.0
20260511.0,1545.0,42507.2,42567.0,42490.0,42553.9,1336.0
20260511.0,1600.0,42557.9,42572.1,42541.7,42572.1,516.0
20260511.0,1615.0,42569.1,42580.2,42358.1,42403.7,3192.0
20260511.0,1630.0,42397.6,42488.9,42397.7,42402.7,1596.0
20260511.0,1645.0,42399.7,42460.5,42392.6,42456.5,736.0
20260511.0,1700.0,42452.4,42464.5,42435.2,42437.2,594.0
20260511.0,1715.0,42434.2,42471.6,42398.7,42401.7,994.0
20260511.0,1730.0,42403.7,42428.0,42387.5,42427.0,906.0
20260511.0,1745.0,42427.0,42516.3,42423.0,42509.2,1336.0
20260511.0,1800.0,42513.3,42564.0,42490.0,42494.0,1404.0
20260511.0,1815.0,42492.0,42504.1,42443.3,42444.3,1102.0
20260511.0,1830.0,42443.3,42450.3,42400.7,42446.3,1044.0
20260511.0,1845.0,42441.3,42458.4,42394.6,42412.8,794.0
20260511.0,1900.0,42413.9,42453.4,42399.7,42413.9,552.0
20260511.0,1915.0,42411.8,42467.6,42409.9,42465.6,634.0
20260511.0,1930.0,42466.6,42513.2,42453.5,42501.1,896.0
20260511.0,1945.0,42500.1,42534.5,42488.0,42496.0,800.0
20260511.0,2000.0,42491.0,42523.4,42471.7,42523.4,686.0
20260511.0,2015.0,42520.4,42539.6,42458.5,42477.8,1152.0
20260511.0,2030.0,42476.8,42529.5,42468.7,42526.5,854.0
20260511.0,2045.0,42521.4,42562.9,42505.2,42505.2,1114.0
20260511.0,2100.0,42504.2,42527.4,42444.3,42526.5,2244.0
20260511.0,2115.0,42527.5,42600.5,42521.5,42595.5,1898.0
20260511.0,2130.0,42596.5,42653.2,42592.5,42651.3,1840.0
20260511.0,2145.0,42652.3,42760.8,42550.9,42612.7,8172.0
20260511.0,2200.0,42610.7,42653.2,42441.3,42458.5,5022.0
20260511.0,2215.0,42455.5,42661.4,42450.4,42636.0,6112.0
20260511.0,2230.0,42637.1,42685.7,42531.6,42550.8,4060.0
20260511.0,2245.0,42545.8,42727.3,42494.1,42712.1,6462.0
20260511.0,2300.0,42711.1,42830.8,42690.9,42775.0,4556.0
20260511.0,2315.0,42776.1,42846.0,42772.0,42777.1,2964.0
20260511.0,2330.0,42781.1,42888.6,42758.9,42887.7,2286.0
20260511.0,2345.0,42888.7,42901.8,42824.8,42834.9,2436.0
20260512.0,0.0,42833.9,42911.9,42824.8,42871.4,1656.0
20260512.0,15.0,42874.5,42983.0,42874.5,42975.9,2938.0
20260512.0,30.0,42976.9,42976.9,42886.7,42887.7,1212.0
20260512.0,45.0,42896.8,42921.1,42778.1,42834.9,2296.0
20260512.0,100.0,42833.9,42858.2,42812.6,42834.9,1162.0
20260512.0,115.0,42847.1,42877.5,42822.8,42839.0,928.0
20260512.0,130.0,42833.9,42905.9,42815.7,42897.8,860.0
20260512.0,145.0,42904.9,42951.5,42887.7,42923.2,1142.0
20260512.0,200.0,42928.2,42935.3,42888.7,42889.7,396.0
20260512.0,215.0,42893.7,42964.7,42891.8,42943.5,1038.0
20260512.0,230.0,42943.5,42946.4,42910.0,42943.5,418.0
20260512.0,245.0,42939.4,42948.5,42899.9,42912.0,260.0
20260512.0,300.0,42907.9,42925.1,42867.4,42869.4,384.0
20260512.0,315.0,42866.3,42927.2,42861.3,42893.7,592.0
20260512.0,330.0,42888.7,42889.6,42840.0,42846.1,464.0
20260512.0,345.0,42851.1,42884.6,42841.0,42884.6,290.0
20260512.0,400.0,42879.5,42926.2,42875.5,42896.8,516.0
20260512.0,415.0,42895.8,42897.7,42807.6,42887.7,1230.0
20260512.0,430.0,42887.7,42894.7,42869.4,42886.6,142.0
20260512.0,445.0,42887.7,42890.6,42875.5,42887.7,104.0
20260512.0,500.0,42890.7,42893.7,42876.5,42892.7,358.0
20260512.0,900.0,42813.6,42861.2,42781.2,42806.5,6326.0
20260512.0,915.0,42810.5,42978.9,42805.5,42864.3,10748.0
20260512.0,930.0,42865.3,42866.3,42526.5,42618.8,17268.0
20260512.0,945.0,42619.8,42625.8,42212.0,42426.0,18454.0
20260512.0,1000.0,42425.0,42499.0,42361.2,42419.9,8620.0
20260512.0,1015.0,42425.0,42603.5,42351.0,42586.3,8524.0
20260512.0,1030.0,42586.3,42600.5,42478.8,42566.0,4304.0
20260512.0,1045.0,42564.0,42565.0,42468.7,42529.5,2962.0
20260512.0,1100.0,42530.5,42708.0,42529.6,42664.5,6738.0
20260512.0,1115.0,42666.5,42761.8,42609.7,42727.4,6118.0
20260512.0,1130.0,42725.3,42728.3,42667.5,42690.8,2146.0
20260512.0,1145.0,42697.9,42778.0,42691.9,42734.5,2998.0
20260512.0,1200.0,42739.5,42753.7,42696.0,42729.4,2200.0
20260512.0,1215.0,42732.4,42844.0,42729.4,42772.0,5166.0
20260512.0,1230.0,42775.0,42836.9,42760.9,42801.4,3408.0
20260512.0,1245.0,42797.4,42853.1,42795.4,42841.0,4056.0
20260512.0,1300.0,42844.0,42864.3,42661.5,42662.4,6386.0
20260512.0,1315.0,42665.5,42743.5,42613.8,42647.2,6302.0
20260512.0,1330.0,42650.2,42657.3,42519.4,42526.5,8792.0
20260512.0,1345.0,42528.5,42535.6,42289.1,42301.2,13932.0
20260512.0,1515.0,42204.9,42222.1,42086.2,42203.9,6206.0
20260512.0,1530.0,42198.8,42306.3,42196.8,42245.4,2750.0
20260512.0,1545.0,42248.5,42273.8,42222.2,42224.1,1270.0
20260512.0,1600.0,42228.2,42240.3,42175.5,42233.3,1998.0
20260512.0,1615.0,42232.3,42242.4,42141.0,42165.3,2588.0
20260512.0,1630.0,42159.2,42231.2,42135.9,42220.1,1576.0
20260512.0,1645.0,42222.1,42231.2,42168.4,42188.6,1122.0
20260512.0,1700.0,42185.6,42208.9,42149.1,42170.4,1160.0
20260512.0,1715.0,42170.4,42173.4,42101.4,42170.4,1756.0
20260512.0,1730.0,42170.4,42179.5,42127.8,42135.9,886.0
20260512.0,1745.0,42144.0,42234.2,42144.0,42195.7,1826.0
20260512.0,1800.0,42199.8,42203.8,42156.2,42171.4,632.0
20260512.0,1815.0,42166.3,42206.8,42156.2,42190.7,696.0
20260512.0,1830.0,42192.7,42194.7,42131.9,42147.0,678.0
20260512.0,1845.0,42154.1,42164.2,42093.3,42123.7,1264.0
20260512.0,1900.0,42120.7,42153.1,42095.3,42133.8,1082.0
20260512.0,1915.0,42140.9,42152.1,42007.1,42053.7,3644.0
20260512.0,1930.0,42056.7,42062.8,41991.9,42038.5,1822.0
20260512.0,1945.0,42037.5,42049.6,42004.0,42041.5,1144.0
20260512.0,2000.0,42037.5,42042.5,41948.2,41966.4,2320.0
20260512.0,2015.0,41970.5,41970.5,41861.0,41934.0,3268.0
20260512.0,2030.0,41932.0,41944.1,41837.7,41914.7,2408.0
20260512.0,2045.0,41917.8,42103.4,41849.8,42009.1,7734.0
20260512.0,2100.0,42012.1,42061.8,42004.0,42016.2,1876.0
20260512.0,2115.0,42013.1,42035.4,41959.4,41980.7,1828.0
20260512.0,2130.0,41976.6,41978.6,41917.8,41965.4,1892.0
20260512.0,2145.0,41966.4,42160.2,41907.7,42160.2,8332.0
20260512.0,2200.0,42153.1,42168.3,41846.8,41896.4,6928.0
20260512.0,2215.0,41898.5,41985.7,41863.0,41966.4,4952.0
20260512.0,2230.0,41967.5,41984.7,41755.5,41791.9,5392.0
20260512.0,2245.0,41791.9,41857.8,41668.2,41786.9,7858.0
20260512.0,2300.0,41783.8,41790.9,41617.5,41639.8,5822.0
20260512.0,2315.0,41638.8,41677.3,41566.8,41569.8,4102.0
20260512.0,2330.0,41568.7,41589.0,41411.5,41458.2,7542.0
20260512.0,2345.0,41460.2,41561.6,41456.2,41524.1,5002.0
20260513.0,0.0,41528.2,41551.5,41395.3,41421.6,3102.0
20260513.0,15.0,41425.7,41555.5,41374.0,41543.4,4332.0
20260513.0,30.0,41541.4,41552.5,41407.5,41427.7,2050.0
20260513.0,45.0,41425.7,41456.1,41342.6,41393.2,3220.0
20260513.0,100.0,41394.2,41412.5,41332.4,41347.6,2096.0
20260513.0,115.0,41352.7,41519.0,41352.7,41502.8,3158.0
20260513.0,130.0,41504.8,41562.6,41413.6,41441.9,4760.0
20260513.0,145.0,41437.9,41489.6,41426.8,41470.3,1436.0
20260513.0,200.0,41472.4,41505.8,41436.9,41502.8,968.0
20260513.0,215.0,41496.7,41539.3,41482.6,41528.2,1200.0
20260513.0,230.0,41525.1,41615.4,41511.0,41597.2,1690.0
20260513.0,245.0,41595.1,41644.8,41581.0,41623.5,1218.0
20260513.0,300.0,41622.5,41678.3,41588.1,41608.3,1132.0
20260513.0,315.0,41606.3,41715.8,41605.3,41696.6,1330.0
20260513.0,330.0,41699.6,41717.8,41662.1,41692.5,724.0
20260513.0,345.0,41692.5,41764.5,41692.6,41759.5,1064.0
20260513.0,400.0,41758.5,41782.8,41728.1,41767.6,780.0
20260513.0,415.0,41760.5,41769.6,41659.1,41727.0,880.0
20260513.0,430.0,41725.0,41744.2,41699.7,41724.0,440.0
20260513.0,445.0,41723.0,41762.5,41716.9,41760.5,394.0
20260513.0,500.0,41760.5,41766.5,41730.1,41734.1,584.0
20260513.0,900.0,41837.6,41867.0,41580.0,41816.3,14420.0
20260513.0,915.0,41819.3,41976.5,41766.6,41926.9,15390.0
20260513.0,930.0,41925.9,41946.1,41739.2,41942.1,12228.0
20260513.0,945.0,41938.0,42051.6,41914.8,41958.3,11228.0
20260513.0,1000.0,41952.2,42141.9,41944.2,42080.1,10780.0
20260513.0,1015.0,42073.0,42120.6,41874.2,41901.5,8510.0
20260513.0,1030.0,41901.5,41995.8,41854.9,41989.8,5854.0
20260513.0,1045.0,41988.8,42013.1,41791.0,41816.3,5942.0
20260513.0,1100.0,41818.3,41868.0,41775.8,41791.9,5102.0
20260513.0,1115.0,41791.9,41834.5,41764.6,41823.4,4300.0
20260513.0,1130.0,41822.4,42001.9,41815.3,41988.8,5856.0
20260513.0,1145.0,41988.8,42158.1,41975.6,42158.2,6830.0
20260513.0,1200.0,42156.2,42164.2,42008.1,42017.2,5762.0
20260513.0,1215.0,42013.1,42061.8,41996.9,42028.3,2724.0
20260513.0,1230.0,42027.3,42046.5,41960.4,42032.4,3374.0
20260513.0,1245.0,42036.5,42080.0,41976.6,41992.8,2488.0
20260513.0,1300.0,41991.8,42076.0,41989.8,42049.6,3270.0
20260513.0,1315.0,42047.6,42186.6,41985.8,42184.6,6304.0
20260513.0,1330.0,42180.5,42208.9,42062.9,42074.0,8338.0
20260513.0,1345.0,42074.0,42123.7,42026.4,42072.0,8744.0
20260513.0,1515.0,42102.4,42115.5,41975.6,42024.3,2782.0
20260513.0,1530.0,42022.2,42041.5,41996.9,42022.2,1118.0
20260513.0,1545.0,42025.3,42110.5,42021.3,42093.3,1594.0
20260513.0,1600.0,42097.3,42133.8,42079.1,42129.8,1488.0
20260513.0,1615.0,42133.8,42255.5,42128.8,42224.1,3506.0
20260513.0,1630.0,42225.2,42247.4,42188.7,42194.7,1394.0
20260513.0,1645.0,42197.8,42204.8,42171.4,42176.5,886.0
20260513.0,1700.0,42182.5,42189.6,42084.2,42107.5,1788.0
20260513.0,1715.0,42110.5,42147.0,42053.7,42077.0,1460.0
20260513.0,1730.0,42074.0,42109.4,42035.5,42055.7,1540.0
20260513.0,1745.0,42053.7,42090.2,42023.3,42083.1,1316.0
20260513.0,1800.0,42086.2,42123.7,42064.9,42113.6,894.0
20260513.0,1815.0,42111.5,42169.3,42088.2,42102.4,1252.0
20260513.0,1830.0,42097.3,42103.4,42033.5,42061.8,990.0
20260513.0,1845.0,42065.9,42107.4,42054.8,42103.4,690.0
20260513.0,1900.0,42104.4,42127.7,42085.2,42096.3,606.0
20260513.0,1915.0,42091.2,42097.3,42047.7,42077.0,964.0
20260513.0,1930.0,42073.0,42089.2,42010.1,42047.6,1138.0
20260513.0,1945.0,42047.6,42101.3,42040.6,42097.3,590.0
20260513.0,2000.0,42094.3,42121.6,42074.0,42105.4,804.0
20260513.0,2015.0,42105.4,42159.2,42098.4,42144.0,1220.0
20260513.0,2030.0,42146.0,42157.1,42062.9,42098.3,1082.0
20260513.0,2045.0,42098.3,42098.3,41803.2,41891.4,6188.0
20260513.0,2100.0,41894.4,41925.8,41847.8,41894.4,2778.0
20260513.0,2115.0,41897.5,42006.0,41892.4,41997.9,2394.0
20260513.0,2130.0,42000.9,42035.4,41985.8,42017.2,1264.0
20260513.0,2145.0,42016.2,42096.3,41899.5,42041.5,7238.0
20260513.0,2200.0,42038.5,42115.5,41863.0,42055.7,8314.0
20260513.0,2215.0,42062.8,42091.2,42003.0,42060.8,3252.0
20260513.0,2230.0,42060.8,42225.1,42034.5,42159.2,5924.0
20260513.0,2245.0,42156.2,42224.1,42128.8,42173.4,4046.0
20260513.0,2300.0,42169.4,42204.8,42114.6,42169.4,2826.0
20260513.0,2315.0,42167.3,42188.6,42083.2,42109.5,2642.0
20260513.0,2330.0,42109.5,42138.9,42086.2,42124.7,1560.0
20260513.0,2345.0,42124.7,42246.4,42081.1,42227.2,3474.0
20260514.0,0.0,42227.2,42230.2,42098.4,42127.8,2634.0
20260514.0,15.0,42129.8,42230.2,42126.8,42223.1,1842.0
20260514.0,30.0,42228.2,42314.4,42189.7,42302.3,3622.0
20260514.0,45.0,42299.2,42326.6,42254.6,42296.2,1980.0
20260514.0,100.0,42297.2,42333.7,42268.8,42311.4,1470.0
20260514.0,115.0,42316.5,42399.6,42316.5,42388.5,1962.0
20260514.0,130.0,42382.4,42433.1,42377.4,42429.1,1398.0
20260514.0,145.0,42433.1,42443.2,42383.5,42404.7,880.0
20260514.0,200.0,42402.7,42410.8,42320.6,42322.6,790.0
20260514.0,215.0,42326.6,42406.7,42313.5,42406.8,1526.0
20260514.0,230.0,42406.8,42438.2,42397.7,42399.7,816.0
20260514.0,245.0,42397.6,42403.7,42354.1,42354.0,490.0
20260514.0,300.0,42346.9,42365.1,42316.5,42318.5,912.0
20260514.0,315.0,42324.6,42367.1,42324.6,42362.1,314.0
20260514.0,330.0,42361.1,42385.4,42324.6,42328.6,382.0
20260514.0,345.0,42334.7,42349.9,42319.6,42347.9,164.0
20260514.0,400.0,42341.8,42365.1,42290.1,42318.5,836.0
20260514.0,415.0,42315.4,42346.9,42296.2,42342.8,500.0
20260514.0,430.0,42339.8,42359.0,42333.8,42346.9,134.0
20260514.0,445.0,42347.9,42377.3,42343.9,42362.1,230.0
20260514.0,500.0,42360.1,42369.2,42350.0,42363.1,352.0
20260514.0,900.0,42557.9,42607.6,42478.8,42607.6,9038.0
20260514.0,915.0,42607.6,42852.1,42602.6,42743.6,15772.0
20260514.0,930.0,42743.6,42743.5,42431.2,42573.1,13084.0
20260514.0,945.0,42573.1,42596.4,42367.2,42395.6,8592.0
20260514.0,1000.0,42401.7,42458.4,42255.6,42300.2,12116.0
20260514.0,1015.0,42306.3,42413.8,42220.1,42370.2,7990.0
20260514.0,1030.0,42367.2,42479.8,42335.8,42339.8,5812.0
20260514.0,1045.0,42339.8,42440.2,42260.7,42306.3,4220.0
20260514.0,1100.0,42306.3,42321.5,42145.1,42201.8,7620.0
20260514.0,1115.0,42202.8,42280.9,42163.3,42276.9,4538.0
20260514.0,1130.0,42273.9,42326.6,42133.9,42274.9,6386.0
20260514.0,1145.0,42274.9,42279.9,42170.4,42257.6,4556.0
20260514.0,1200.0,42262.7,42300.2,42229.3,42260.7,3194.0
20260514.0,1215.0,42264.7,42350.9,42162.3,42343.9,5640.0
20260514.0,1230.0,42344.9,42400.6,42306.4,42396.6,3674.0
20260514.0,1245.0,42395.6,42456.4,42392.6,42424.0,4900.0
20260514.0,1300.0,42425.0,42449.3,42340.9,42356.0,4818.0
20260514.0,1315.0,42359.1,42360.0,42212.0,42217.0,7088.0
20260514.0,1330.0,42215.0,42320.5,42100.4,42320.5,10634.0
20260514.0,1345.0,42316.5,42374.2,42206.9,42206.9,10618.0
20260514.0,1515.0,42361.1,42419.9,42338.8,42377.3,3176.0
20260514.0,1530.0,42372.3,42439.2,42372.3,42424.0,1700.0
20260514.0,1545.0,42426.0,42518.3,42412.9,42469.7,2642.0
20260514.0,1600.0,42474.7,42495.0,42367.2,42386.5,1438.0
20260514.0,1615.0,42386.5,42455.4,42361.2,42454.4,1804.0
20260514.0,1630.0,42454.4,42502.1,42454.5,42496.0,1444.0
20260514.0,1645.0,42500.1,42528.5,42446.4,42446.3,2018.0
20260514.0,1700.0,42448.4,42502.1,42433.2,42496.0,1312.0
20260514.0,1715.0,42500.1,42511.2,42441.3,42451.4,1428.0
20260514.0,1730.0,42448.4,42454.4,42397.7,42411.8,1036.0
20260514.0,1745.0,42413.9,42443.2,42319.6,42372.3,2440.0
20260514.0,1800.0,42372.3,42460.5,42371.3,42444.3,1226.0
20260514.0,1815.0,42442.3,42567.0,42441.3,42504.2,2638.0
20260514.0,1830.0,42498.1,42539.6,42471.7,42483.9,1372.0
20260514.0,1845.0,42482.8,42502.1,42454.5,42463.6,652.0
20260514.0,1900.0,42468.6,42534.5,42462.6,42505.2,864.0
20260514.0,1915.0,42509.2,42524.4,42480.9,42509.2,618.0
20260514.0,1930.0,42508.2,42522.4,42462.6,42486.9,474.0
20260514.0,1945.0,42483.9,42507.1,42480.9,42499.1,474.0
20260514.0,2000.0,42499.1,42550.8,42498.1,42516.3,916.0
20260514.0,2015.0,42514.3,42573.1,42514.3,42554.9,1104.0
20260514.0,2030.0,42554.9,42575.1,42522.5,42523.4,820.0
20260514.0,2045.0,42523.4,42524.4,42467.7,42476.8,1214.0
20260514.0,2100.0,42478.8,42502.1,42417.0,42451.4,1614.0
20260514.0,2115.0,42448.4,42464.5,42423.0,42448.4,1304.0
20260514.0,2130.0,42451.4,42461.5,42379.4,42385.5,1504.0
20260514.0,2145.0,42386.5,42600.5,42341.9,42562.0,7486.0
20260514.0,2200.0,42563.0,42656.3,42529.6,42569.1,8552.0
20260514.0,2215.0,42562.0,42697.9,42539.7,42681.7,6592.0
20260514.0,2230.0,42681.7,42806.4,42680.7,42776.1,6412.0
20260514.0,2245.0,42778.1,42941.4,42774.1,42909.0,7378.0
20260514.0,2300.0,42910.0,42936.3,42823.8,42852.1,4102.0
20260514.0,2315.0,42854.2,42880.5,42815.7,42873.4,2372.0
20260514.0,2330.0,42874.5,42900.8,42855.2,42872.4,1858.0
20260514.0,2345.0,42872.4,42909.9,42842.0,42859.2,1546.0
20260515.0,0.0,42863.3,42905.9,42836.0,42891.7,1836.0
20260515.0,15.0,42892.7,42959.6,42889.7,42930.3,2548.0
20260515.0,30.0,42931.3,42958.6,42882.6,42901.9,1460.0
20260515.0,45.0,42897.8,42927.2,42877.6,42891.7,1084.0
20260515.0,100.0,42889.7,42932.2,42862.3,42929.2,1150.0
20260515.0,115.0,42930.3,42993.1,42875.5,42880.5,3112.0
20260515.0,130.0,42880.5,42888.6,42803.5,42859.2,2364.0
20260515.0,145.0,42863.3,42925.1,42852.2,42912.0,1118.0
20260515.0,200.0,42918.1,42958.6,42918.1,42931.3,938.0
20260515.0,215.0,42930.3,42935.3,42873.5,42904.9,1126.0
20260515.0,230.0,42910.0,42937.3,42892.8,42910.0,402.0
20260515.0,245.0,42913.0,42948.5,42908.0,42931.3,426.0
20260515.0,300.0,42930.3,42978.9,42920.2,42961.7,574.0
20260515.0,315.0,42961.7,42979.9,42953.6,42960.7,354.0
20260515.0,330.0,42960.7,42986.0,42948.6,42954.6,330.0
20260515.0,345.0,42950.6,42982.0,42948.6,42964.8,272.0
20260515.0,400.0,42964.8,42974.9,42928.3,42945.5,558.0
20260515.0,415.0,42948.5,42962.7,42927.3,42957.7,442.0
20260515.0,430.0,42957.7,42957.6,42935.4,42937.4,166.0
20260515.0,445.0,42936.3,42958.6,42933.4,42954.6,202.0
20260515.0,500.0,42951.6,42975.9,42918.1,42974.9,758.0
20260515.0,900.0,42896.8,42980.9,42846.1,42911.0,8472.0
20260515.0,915.0,42911.0,43071.2,42863.4,42926.2,16482.0
20260515.0,930.0,42930.3,42954.6,42654.4,42689.8,13734.0
20260515.0,945.0,42689.8,42745.6,42560.0,42715.2,12264.0
20260515.0,1000.0,42718.2,42733.4,42249.6,42298.2,17578.0
20260515.0,1015.0,42300.2,42380.3,42210.0,42303.3,13638.0
20260515.0,1030.0,42297.2,42457.4,42268.8,42298.2,9318.0
20260515.0,1045.0,42298.2,42439.2,42237.4,42403.7,7278.0
20260515.0,1100.0,42397.6,42448.3,42286.1,42374.3,7332.0
20260515.0,1115.0,42377.3,42402.7,42252.6,42267.8,5810.0
20260515.0,1130.0,42267.8,42294.1,42154.2,42225.2,8504.0
20260515.0,1145.0,42228.2,42291.1,42023.3,42237.3,12232.0
20260515.0,1200.0,42239.4,42303.2,42206.9,42234.3,8956.0
20260515.0,1215.0,42235.3,42260.6,42112.6,42199.8,9344.0
20260515.0,1230.0,42199.8,42229.2,42059.8,42066.9,5706.0
20260515.0,1245.0,42065.9,42150.0,42003.0,42007.0,8092.0
20260515.0,1300.0,42003.0,42010.0,41795.0,41819.3,10412.0
20260515.0,1315.0,41822.4,41827.4,41674.3,41777.7,16334.0
20260515.0,1330.0,41777.7,41813.2,41704.7,41796.0,10596.0
20260515.0,1345.0,41794.0,41802.0,41571.8,41608.3,16250.0
20260515.0,1515.0,41752.4,41807.1,41703.7,41793.0,4306.0
20260515.0,1530.0,41793.0,41822.3,41713.9,41749.3,2748.0
20260515.0,1545.0,41752.4,41755.4,41584.0,41599.2,2520.0
20260515.0,1600.0,41596.1,41609.3,41435.9,41451.1,3250.0
20260515.0,1615.0,41454.1,41467.2,41362.8,41434.8,4294.0
20260515.0,1630.0,41425.7,41425.6,41227.9,41240.0,4128.0
20260515.0,1645.0,41238.0,41379.0,41187.3,41376.0,3792.0
20260515.0,1700.0,41378.0,41417.5,41279.7,41318.2,2708.0
20260515.0,1715.0,41319.2,41336.4,41261.4,41290.8,2086.0
20260515.0,1730.0,41290.8,41293.8,41167.0,41286.7,3210.0
20260515.0,1745.0,41278.6,41342.5,41254.3,41277.6,2036.0
20260515.0,1800.0,41272.5,41284.6,41186.3,41231.9,2312.0
20260515.0,1815.0,41234.0,41408.4,41200.5,41389.2,2484.0
20260515.0,1830.0,41393.2,41475.4,41377.1,41396.3,3382.0
20260515.0,1845.0,41398.3,41482.5,41339.5,41399.3,2694.0
20260515.0,1900.0,41405.4,41568.7,41405.5,41530.2,4920.0
20260515.0,1915.0,41538.3,41571.7,41480.5,41514.0,2366.0
20260515.0,1930.0,41512.9,41529.1,41391.3,41419.6,2308.0
20260515.0,1945.0,41416.6,41428.7,41281.7,41306.0,2486.0
20260515.0,2000.0,41306.0,41393.2,41302.0,41306.0,2230.0
20260515.0,2015.0,41301.9,41304.9,41209.7,41218.7,2362.0
20260515.0,2030.0,41215.7,41296.8,41202.5,41232.9,2070.0
20260515.0,2045.0,41235.0,41278.5,41185.3,41240.0,2194.0
20260515.0,2100.0,41239.0,41355.6,41236.0,41335.4,1816.0
20260515.0,2115.0,41332.4,41356.7,41283.7,41313.1,1540.0
20260515.0,2130.0,41313.1,41380.0,41285.7,41346.6,2090.0
20260515.0,2145.0,41345.5,41361.7,41144.7,41162.9,7226.0
20260515.0,2200.0,41161.9,41359.7,41036.2,41188.3,9492.0
20260515.0,2215.0,41205.5,41398.3,41131.5,41376.0,6534.0
20260515.0,2230.0,41376.0,41486.5,41318.2,41351.6,7216.0
20260515.0,2245.0,41342.5,41437.8,41342.6,41428.7,3514.0
20260515.0,2300.0,41423.7,41434.8,41296.9,41334.4,2758.0
20260515.0,2315.0,41338.4,41368.8,41261.4,41323.2,2678.0
20260515.0,2330.0,41330.3,41444.9,41322.3,41445.0,2438.0
20260515.0,2345.0,41446.0,41477.4,41283.7,41316.1,3638.0
20260516.0,0.0,41316.1,41321.2,41221.8,41310.0,2854.0
20260516.0,15.0,41311.1,41347.5,41286.8,41314.1,1476.0
20260516.0,30.0,41309.0,41371.9,41261.4,41362.8,1578.0
20260516.0,45.0,41362.8,41394.2,41345.6,41394.2,1246.0
20260516.0,100.0,41391.2,41404.3,41298.9,41319.2,1548.0
20260516.0,115.0,41320.2,41380.0,41303.0,41380.0,900.0
20260516.0,130.0,41380.0,41460.1,41338.5,41431.8,1740.0
20260516.0,145.0,41430.8,41522.0,41425.7,41473.4,1786.0
20260516.0,200.0,41475.4,41525.1,41464.3,41512.9,948.0
20260516.0,215.0,41511.9,41550.4,41503.9,41503.8,1336.0
20260516.0,230.0,41504.8,41513.9,41410.5,41437.9,1106.0
20260516.0,245.0,41439.9,41443.9,41360.8,41436.9,972.0
20260516.0,300.0,41438.9,41477.4,41412.6,41457.1,384.0
20260516.0,315.0,41450.0,41455.1,41337.5,41370.9,836.0
20260516.0,330.0,41374.0,41373.9,41325.3,41353.7,436.0
20260516.0,345.0,41354.7,41398.3,41342.6,41342.5,456.0
20260516.0,400.0,41342.5,41356.7,41239.1,41240.0,1344.0
20260516.0,415.0,41246.1,41253.2,41088.9,41114.2,1932.0
20260516.0,430.0,41115.2,41149.7,41091.0,41122.4,354.0
20260516.0,445.0,41118.3,41146.6,41083.8,41097.0,508.0
20260516.0,500.0,41102.1,41124.3,41093.0,41100.0,472.0
20260518.0,900.0,40784.5,41121.3,40753.1,41097.0,13824.0
20260518.0,915.0,41099.0,41217.7,40853.5,40869.7,22036.0
20260518.0,930.0,40872.8,41124.3,40827.2,41055.4,14890.0
20260518.0,945.0,41055.4,41153.8,41013.8,41091.9,13962.0
20260518.0,1000.0,41095.0,41273.5,41043.3,41201.5,12764.0
20260518.0,1015.0,41198.4,41302.9,41095.0,41288.7,10484.0
20260518.0,1030.0,41287.7,41404.3,41247.2,41387.1,9878.0
20260518.0,1045.0,41384.1,41413.5,41336.5,41352.7,9386.0
20260518.0,1100.0,41349.6,41383.0,41190.4,41210.6,14292.0
20260518.0,1115.0,41222.8,41365.8,41219.8,41257.3,13040.0
20260518.0,1130.0,41257.3,41296.8,41197.5,41276.6,10454.0
20260518.0,1145.0,41276.6,41433.8,41194.4,41390.2,10924.0
20260518.0,1200.0,41390.2,41428.7,41357.8,41363.8,9346.0
20260518.0,1215.0,41366.9,41585.9,41332.4,41544.4,10510.0
20260518.0,1230.0,41544.4,41570.7,41349.7,41362.8,11250.0
20260518.0,1245.0,41362.8,41551.5,41349.7,41537.3,14142.0
20260518.0,1300.0,41535.3,41569.7,41442.0,41504.8,12110.0
20260518.0,1315.0,41504.8,41553.5,41442.0,41460.2,12942.0
20260518.0,1330.0,41459.2,41504.8,41404.4,41416.6,17220.0
20260518.0,1345.0,41415.6,41450.0,41368.9,41400.3,12440.0
20260518.0,1515.0,41557.6,41584.9,41419.7,41431.8,3056.0
20260518.0,1530.0,41437.9,41584.9,41402.4,41580.9,2472.0
20260518.0,1545.0,41581.9,41668.1,41513.0,41528.2,3046.0
20260518.0,1600.0,41525.1,41637.7,41519.1,41591.1,1670.0
20260518.0,1615.0,41591.1,41700.6,41591.1,41648.9,2124.0
20260518.0,1630.0,41646.9,41719.9,41607.4,41715.9,1974.0
20260518.0,1645.0,41717.9,41740.2,41682.4,41686.4,1522.0
20260518.0,1700.0,41686.4,41764.5,41682.4,41750.4,1506.0
20260518.0,1715.0,41753.4,41773.6,41697.6,41709.8,1502.0
20260518.0,1730.0,41703.7,41746.2,41697.6,41715.9,866.0
20260518.0,1745.0,41717.9,41750.3,41704.7,41741.2,812.0
20260518.0,1800.0,41743.2,41752.3,41674.3,41721.9,1052.0
20260518.0,1815.0,41720.9,41733.1,41596.2,41637.7,2142.0
20260518.0,1830.0,41636.7,41666.1,41626.6,41637.7,870.0
20260518.0,1845.0,41639.8,41642.8,41556.6,41626.6,1378.0
20260518.0,1900.0,41624.5,41659.0,41604.3,41609.3,470.0
20260518.0,1915.0,41610.3,41623.5,41458.2,41584.0,2240.0
20260518.0,1930.0,41584.0,41644.8,41573.9,41594.1,872.0
20260518.0,1945.0,41594.1,41875.1,41594.2,41830.5,4540.0
20260518.0,2000.0,41841.7,41848.7,41750.4,41784.8,1646.0
20260518.0,2015.0,41773.7,41814.2,41756.5,41785.9,802.0
20260518.0,2030.0,41798.0,41824.4,41755.5,41799.0,1120.0
20260518.0,2045.0,41793.0,41978.6,41778.8,41972.5,4146.0
20260518.0,2100.0,41973.5,42037.4,41973.6,42006.0,3588.0
20260518.0,2115.0,42005.0,42032.3,41962.4,42004.0,2652.0
20260518.0,2130.0,42002.0,42052.6,41967.5,41967.5,1946.0
20260518.0,2145.0,41967.5,41982.6,41703.7,41705.7,9140.0
20260518.0,2200.0,41708.8,41864.9,41658.1,41762.5,7454.0
20260518.0,2215.0,41754.4,41763.5,41556.6,41743.2,6834.0
20260518.0,2230.0,41748.3,41797.0,41588.1,41621.5,3624.0
20260518.0,2245.0,41626.6,41642.8,41388.2,41508.9,7052.0
20260518.0,2300.0,41511.9,41544.3,41384.2,41522.1,4000.0
20260518.0,2315.0,41522.1,41604.2,41413.6,41480.5,6688.0
20260518.0,2330.0,41476.4,41483.5,41304.0,41320.2,4072.0
20260518.0,2345.0,41317.1,41532.2,41307.0,41466.3,3314.0
20260519.0,0.0,41464.3,41501.7,41408.5,41438.9,1310.0
20260519.0,15.0,41448.0,41464.2,41380.1,41464.3,1534.0
20260519.0,30.0,41462.2,41518.0,41254.3,41294.8,3324.0
20260519.0,45.0,41296.9,41344.5,41232.0,41267.4,3112.0
20260519.0,100.0,41272.5,41412.5,41241.1,41364.8,2320.0
20260519.0,115.0,41357.7,41416.5,41297.9,41362.8,1456.0
20260519.0,130.0,41359.8,41404.3,41350.7,41399.3,582.0
20260519.0,145.0,41401.3,41425.6,41331.4,41397.3,1308.0
20260519.0,200.0,41392.2,41411.4,41348.6,41396.3,484.0
20260519.0,215.0,41399.3,41399.3,41258.3,41258.3,1174.0
20260519.0,230.0,41258.3,41264.3,41113.3,41166.0,1844.0
20260519.0,245.0,41174.1,41239.0,41150.8,41225.8,888.0
20260519.0,300.0,41225.8,41238.0,41120.4,41163.9,898.0
20260519.0,315.0,41154.8,41492.6,41139.6,41387.1,5264.0
20260519.0,330.0,41381.1,41420.6,41289.8,41340.5,1034.0
20260519.0,345.0,41337.4,41496.7,41322.3,41476.4,916.0
20260519.0,400.0,41475.4,41554.5,41465.3,41530.2,1324.0
20260519.0,415.0,41529.2,41540.3,41474.4,41502.8,618.0
20260519.0,430.0,41503.8,41522.0,41488.6,41509.9,116.0
20260519.0,445.0,41512.9,41518.0,41481.5,41504.8,254.0
20260519.0,500.0,41504.8,41511.9,41472.4,41472.4,294.0
20260519.0,900.0,41484.5,41526.1,41257.3,41272.5,8832.0
20260519.0,915.0,41275.5,41499.7,41220.8,41411.5,14702.0
20260519.0,930.0,41411.5,41456.1,41269.5,41366.9,8880.0
20260519.0,945.0,41366.9,41500.7,41281.7,41454.1,10380.0
20260519.0,1000.0,41454.1,41459.1,41167.0,41173.1,13196.0
20260519.0,1015.0,41176.1,41176.1,41027.0,41078.7,12916.0
20260519.0,1030.0,41077.7,41111.1,40980.4,40987.4,11570.0
20260519.0,1045.0,40987.4,41099.0,40937.8,41089.9,11030.0
20260519.0,1100.0,41087.9,41155.8,40979.4,41012.8,9046.0
20260519.0,1115.0,41015.8,41181.1,40963.1,41122.4,8742.0
20260519.0,1130.0,41125.4,41163.9,41060.5,41141.6,8874.0
20260519.0,1145.0,41141.6,41183.2,41088.9,41119.3,8426.0
20260519.0,1200.0,41119.3,41119.3,40952.0,40989.4,8700.0
20260519.0,1215.0,40987.4,41003.6,40836.3,40890.0,11684.0
20260519.0,1230.0,40890.0,40930.6,40841.4,40917.4,7852.0
20260519.0,1245.0,40926.5,40964.0,40867.8,40890.0,11358.0
20260519.0,1300.0,40889.0,40950.8,40865.7,40879.9,10766.0
20260519.0,1315.0,40879.9,40935.6,40798.8,40886.0,15298.0
20260519.0,1330.0,40886.0,40906.2,40772.4,40906.3,19240.0
20260519.0,1345.0,40902.2,40933.6,40810.9,40833.2,10834.0
20260519.0,1515.0,40935.7,41134.5,40927.6,40976.3,3598.0
20260519.0,1530.0,40983.4,41014.8,40940.8,41007.7,1180.0
20260519.0,1545.0,41013.8,41085.8,40946.9,41060.5,2012.0
20260519.0,1600.0,41055.4,41133.5,41053.4,41057.4,1562.0
20260519.0,1615.0,41062.5,41081.7,40932.7,40958.0,1652.0
20260519.0,1630.0,40961.0,40980.3,40854.6,40854.5,1586.0
20260519.0,1645.0,40855.5,40946.8,40852.5,40938.7,804.0
20260519.0,1700.0,40941.8,40954.9,40870.8,40872.8,636.0
20260519.0,1715.0,40870.7,40873.7,40787.6,40816.0,1462.0
20260519.0,1730.0,40810.9,40814.9,40572.5,40607.0,4150.0
20260519.0,1745.0,40609.0,40641.4,40538.0,40598.8,2254.0
20260519.0,1800.0,40599.9,40680.0,40592.8,40652.6,1484.0
20260519.0,1815.0,40652.6,40714.5,40648.6,40702.3,1090.0
20260519.0,1830.0,40696.2,40700.3,40652.7,40679.0,488.0
20260519.0,1845.0,40687.1,40756.1,40576.6,40625.2,1916.0
20260519.0,1900.0,40627.3,40740.8,40615.1,40740.9,1258.0
20260519.0,1915.0,40740.9,40787.5,40676.0,40682.0,1406.0
20260519.0,1930.0,40681.0,40696.2,40632.4,40657.7,866.0
20260519.0,1945.0,40657.7,40697.2,40627.3,40641.5,614.0
20260519.0,2000.0,40633.3,40641.4,40559.3,40566.4,996.0
20260519.0,2015.0,40561.3,40575.5,40497.4,40556.2,2322.0
20260519.0,2030.0,40560.3,40570.4,40473.1,40517.7,1556.0
20260519.0,2045.0,40515.7,40632.3,40510.6,40600.9,1690.0
20260519.0,2100.0,40608.0,40618.1,40565.4,40580.6,692.0
20260519.0,2115.0,40584.6,40608.9,40452.8,40524.8,2046.0
20260519.0,2130.0,40530.9,40533.9,40412.2,40452.8,2334.0
20260519.0,2145.0,40456.8,40804.7,40456.9,40646.5,8812.0
20260519.0,2200.0,40640.4,40777.4,40570.5,40664.8,4744.0
20260519.0,2215.0,40673.9,40677.9,40423.4,40447.7,6150.0
20260519.0,2230.0,40448.7,40453.7,40312.8,40397.0,5656.0
20260519.0,2245.0,40414.2,40487.2,40379.8,40413.2,3534.0
20260519.0,2300.0,40412.2,40533.9,40345.3,40517.7,3078.0
20260519.0,2315.0,40520.7,40573.4,40466.0,40551.2,2698.0
20260519.0,2330.0,40553.2,40610.0,40472.1,40509.6,3004.0
20260519.0,2345.0,40504.5,40667.8,40497.4,40658.7,2570.0
20260520.0,0.0,40662.8,40700.3,40613.1,40676.0,2138.0
20260520.0,15.0,40676.0,40757.1,40668.9,40727.7,2814.0
20260520.0,30.0,40728.7,40874.8,40722.7,40872.8,3018.0
20260520.0,45.0,40869.7,40983.3,40864.7,40983.4,2796.0
20260520.0,100.0,40984.4,41011.7,40922.5,41001.6,1644.0
20260520.0,115.0,40996.5,41102.0,40980.4,41085.8,2028.0
20260520.0,130.0,41090.9,41121.3,41024.0,41050.3,1652.0
20260520.0,145.0,41047.3,41088.8,41019.9,41026.0,986.0
20260520.0,200.0,41026.0,41030.0,40937.8,41014.8,1428.0
20260520.0,215.0,41022.9,41057.4,41017.9,41021.9,674.0
20260520.0,230.0,41019.9,41025.9,40879.9,40899.2,1494.0
20260520.0,245.0,40894.1,40975.2,40882.0,40902.2,728.0
20260520.0,300.0,40896.1,40920.4,40818.0,40844.4,810.0
20260520.0,315.0,40844.4,40943.7,40840.4,40935.7,736.0
20260520.0,330.0,40935.7,40935.6,40753.1,40821.0,764.0
20260520.0,345.0,40825.1,40859.5,40778.5,40778.4,458.0
20260520.0,400.0,40778.4,40791.6,40581.7,40717.5,1392.0
20260520.0,415.0,40718.6,40762.1,40705.4,40747.0,470.0
20260520.0,430.0,40750.0,40750.0,40704.4,40714.5,162.0
20260520.0,445.0,40711.5,40716.5,40700.4,40702.3,150.0
20260520.0,500.0,40703.3,40738.8,40691.2,40723.6,310.0
20260520.0,900.0,40633.3,40758.1,40531.9,40748.0,5938.0
20260520.0,915.0,40748.0,40905.2,40552.2,40870.7,9186.0
20260520.0,930.0,40873.8,40915.3,40708.5,40711.5,5622.0
20260520.0,945.0,40711.5,40835.2,40597.9,40828.1,6774.0
20260520.0,1000.0,40830.2,40924.5,40783.5,40886.0,4858.0
20260520.0,1015.0,40887.0,40911.3,40792.7,40877.8,3382.0
20260520.0,1030.0,40879.9,40992.4,40835.3,40835.2,4836.0
20260520.0,1045.0,40835.2,40835.2,40662.8,40672.9,4332.0
20260520.0,1100.0,40672.9,40739.8,40638.5,40643.5,2546.0
20260520.0,1115.0,40650.6,40695.2,40582.7,40589.7,2136.0
20260520.0,1130.0,40589.7,40646.5,40560.3,40596.8,2660.0
20260520.0,1145.0,40601.9,40617.1,40460.9,40524.8,3992.0
20260520.0,1200.0,40524.8,40646.1,40511.7,40630.0,3150.0
20260520.0,1215.0,40632.0,40772.5,40624.0,40772.6,3604.0
20260520.0,1230.0,40775.6,40782.7,40697.8,40728.1,2020.0
20260520.0,1245.0,40739.2,40739.2,40557.2,40561.2,3362.0
20260520.0,1300.0,40559.2,40587.4,40473.3,40496.5,4232.0
20260520.0,1315.0,40496.5,40694.7,40495.5,40616.8,5820.0
20260520.0,1330.0,40613.8,40627.9,40511.7,40571.3,6646.0
20260520.0,1345.0,40571.3,40652.2,40562.3,40592.6,9304.0
20260520.0,1515.0,40730.1,40818.1,40680.6,40801.9,4990.0
20260520.0,1530.0,40803.9,40920.2,40794.9,40869.7,2946.0
20260520.0,1545.0,40870.7,40889.9,40836.4,40875.8,1604.0
20260520.0,1600.0,40868.7,40870.6,40795.9,40803.9,1536.0
20260520.0,1615.0,40807.0,40947.5,40807.0,40925.3,2298.0
20260520.0,1630.0,40918.2,40956.6,40879.8,40953.6,1194.0
20260520.0,1645.0,40956.7,41012.2,40937.5,40993.1,1952.0
20260520.0,1700.0,40991.1,41025.4,40948.6,40971.8,1660.0
20260520.0,1715.0,40969.8,41021.3,40932.4,40935.4,1408.0
20260520.0,1730.0,40932.4,40993.0,40932.4,40980.9,1062.0
20260520.0,1745.0,40983.0,41041.6,40983.0,41023.4,1382.0
20260520.0,1800.0,41025.4,41099.2,41025.5,41062.9,1972.0
20260520.0,1815.0,41063.9,41110.4,41049.8,41077.0,1290.0
20260520.0,1830.0,41076.0,41087.1,41040.7,41078.0,738.0
20260520.0,1845.0,41079.0,41113.4,41070.0,41082.1,956.0
20260520.0,1900.0,41084.1,41114.4,41043.7,41058.8,882.0
20260520.0,1915.0,41063.9,41092.1,41052.8,41061.9,560.0
20260520.0,1930.0,41061.9,41086.1,41061.9,41086.1,298.0
20260520.0,1945.0,41086.1,41104.3,41023.5,41044.7,988.0
20260520.0,2000.0,41043.6,41060.8,41003.2,41025.4,1382.0
20260520.0,2015.0,41024.4,41099.2,41018.4,41097.3,914.0
20260520.0,2030.0,41097.3,41157.9,41097.3,41134.7,2196.0
20260520.0,2045.0,41141.8,41160.9,41106.4,41118.5,1104.0
20260520.0,2100.0,41116.5,41154.9,41090.2,41098.3,932.0
20260520.0,2115.0,41092.2,41128.6,41090.2,41093.2,670.0
20260520.0,2130.0,41093.2,41117.4,41036.6,41068.9,1368.0
20260520.0,2145.0,41068.9,41199.4,41058.9,41196.4,5312.0
20260520.0,2200.0,41198.4,41242.8,41118.5,41146.8,4764.0
20260520.0,2215.0,41148.8,41210.5,41045.7,41137.7,4864.0
20260520.0,2230.0,41142.8,41377.4,41133.7,41333.9,7960.0
20260520.0,2245.0,41343.0,41452.2,41332.0,41381.5,5560.0
20260520.0,2300.0,41384.5,41400.6,41314.8,41352.1,2284.0
20260520.0,2315.0,41350.1,41392.5,41341.1,41357.2,1222.0
20260520.0,2330.0,41353.1,41540.2,41352.2,41387.5,7574.0
20260520.0,2345.0,41380.5,41458.3,41373.4,41439.1,1374.0
20260521.0,0.0,41442.1,41479.5,41410.8,41441.1,1682.0
20260521.0,15.0,41444.2,41477.5,41424.0,41437.1,1244.0
20260521.0,30.0,41431.0,41432.0,41289.5,41321.8,2834.0
20260521.0,45.0,41325.8,41397.6,41312.7,41396.6,1594.0
20260521.0,100.0,41393.6,41411.8,41311.7,41365.3,898.0
20260521.0,115.0,41366.3,41401.6,41316.8,41379.4,1198.0
20260521.0,130.0,41388.5,41421.9,41361.3,41405.7,778.0
20260521.0,145.0,41410.8,41440.1,41380.5,41400.7,608.0
20260521.0,200.0,41400.7,41416.8,41383.5,41416.9,244.0
20260521.0,215.0,41409.8,41463.3,41398.7,41451.3,860.0
20260521.0,230.0,41458.3,41471.4,41423.0,41465.4,1072.0
20260521.0,245.0,41467.4,41567.5,41467.5,41508.9,2198.0
20260521.0,300.0,41503.8,41521.0,41473.6,41474.5,606.0
20260521.0,315.0,41472.5,41508.9,41466.5,41493.7,398.0
20260521.0,330.0,41498.8,41529.1,41495.8,41508.9,286.0
20260521.0,345.0,41506.9,41546.3,41494.8,41530.1,310.0
20260521.0,400.0,41531.2,41549.3,41486.7,41525.1,646.0
20260521.0,415.0,41530.1,41532.1,41474.6,41517.0,342.0
20260521.0,430.0,41516.0,41536.2,41368.4,41528.1,854.0
20260521.0,445.0,41519.0,41528.1,41459.4,41468.4,284.0
20260521.0,500.0,41468.4,41477.5,41434.1,41458.3,436.0
20260521.0,900.0,41435.1,41625.2,41425.0,41596.9,8510.0
20260521.0,915.0,41595.9,41814.3,41528.2,41806.3,14506.0
20260521.0,930.0,41807.3,41936.7,41778.0,41904.4,9132.0
20260521.0,945.0,41904.4,41961.0,41818.4,41862.9,7000.0
20260521.0,1000.0,41868.0,41953.9,41832.6,41950.9,4962.0
20260521.0,1015.0,41951.9,42014.6,41919.6,41953.9,5478.0
20260521.0,1030.0,41957.0,42020.6,41939.8,41951.9,3678.0
20260521.0,1045.0,41945.8,41968.0,41852.8,41957.0,4740.0
20260521.0,1100.0,41954.9,42014.6,41907.5,41991.4,3098.0
20260521.0,1115.0,41987.3,42089.4,41972.2,42069.2,5094.0
20260521.0,1130.0,42069.2,42121.8,41982.3,42099.6,4560.0
20260521.0,1145.0,42099.6,42131.9,42062.2,42122.8,3660.0
20260521.0,1200.0,42120.8,42132.9,42045.0,42063.2,2702.0
20260521.0,1215.0,42058.1,42142.0,42053.1,42109.7,2302.0
20260521.0,1230.0,42106.7,42140.0,42097.6,42109.7,1540.0
20260521.0,1245.0,42108.7,42115.7,42087.5,42110.7,1270.0
20260521.0,1300.0,42110.7,42135.9,42074.3,42123.9,2080.0
20260521.0,1315.0,42120.8,42127.8,42038.9,42040.9,3166.0
20260521.0,1330.0,42040.9,42093.5,42002.5,42030.8,6024.0
20260521.0,1345.0,42031.8,42055.0,41932.7,41946.9,15170.0
20260521.0,1515.0,41785.0,41819.4,41675.8,41781.0,6834.0
20260521.0,1530.0,41777.9,41867.9,41743.6,41833.6,3046.0
20260521.0,1545.0,41834.6,41923.5,41831.6,41898.3,2162.0
20260521.0,1600.0,41897.3,41937.7,41889.2,41921.6,1166.0
20260521.0,1615.0,41920.6,42071.2,41899.4,42071.3,3200.0
20260521.0,1630.0,42068.2,42118.7,41962.1,42027.8,3854.0
20260521.0,1645.0,42030.8,42034.8,41959.0,41974.2,1234.0
20260521.0,1700.0,41977.2,41980.2,41924.6,41956.0,1070.0
20260521.0,1715.0,41956.0,42038.8,41949.9,42022.7,1666.0
20260521.0,1730.0,42025.7,42071.2,42010.6,42061.1,888.0
20260521.0,1745.0,42060.1,42077.3,41962.1,41975.2,1116.0
20260521.0,1800.0,41977.2,42028.7,41970.2,42024.7,506.0
20260521.0,1815.0,42024.7,42046.9,42015.7,42037.9,602.0
20260521.0,1830.0,42036.9,42045.9,41745.6,41815.4,4928.0
20260521.0,1845.0,41826.5,41873.0,41725.4,41811.3,4518.0
20260521.0,1900.0,41813.3,41814.3,41720.3,41779.0,2470.0
20260521.0,1915.0,41774.9,41834.5,41742.6,41822.4,1642.0
20260521.0,1930.0,41822.4,41906.3,41820.5,41862.9,2296.0
20260521.0,1945.0,41862.9,41878.0,41807.3,41836.6,874.0
20260521.0,2000.0,41832.6,41856.8,41795.2,41812.3,742.0
20260521.0,2015.0,41814.4,41848.7,41797.2,41811.3,528.0
20260521.0,2030.0,41810.3,41832.5,41765.9,41800.2,980.0
20260521.0,2045.0,41797.2,41899.3,41777.0,41846.7,2702.0
20260521.0,2100.0,41834.6,41859.8,41769.9,41792.1,1536.0
20260521.0,2115.0,41787.0,41847.7,41777.0,41812.3,934.0
20260521.0,2130.0,41804.2,41835.5,41777.0,41835.6,942.0
20260521.0,2145.0,41840.7,41928.6,41779.0,41896.3,5666.0
20260521.0,2200.0,41893.2,42130.9,41867.0,42058.1,9348.0
20260521.0,2215.0,42055.1,42098.5,41974.2,41998.4,4870.0
20260521.0,2230.0,41999.4,42022.7,41812.4,41896.3,5856.0
20260521.0,2245.0,41892.2,41978.2,41875.1,41938.8,2738.0
20260521.0,2300.0,41938.8,41953.9,41849.8,41927.6,2026.0
20260521.0,2315.0,41931.7,41966.0,41809.3,41929.7,3738.0
20260521.0,2330.0,41927.6,41963.0,41914.5,41922.6,1522.0
20260521.0,2345.0,41926.6,41962.0,41856.9,41947.9,1530.0
20260522.0,0.0,41949.9,41994.3,41949.9,41952.9,1308.0
20260522.0,15.0,41956.0,42006.5,41949.9,41967.1,1536.0
20260522.0,30.0,41967.1,41974.1,41905.4,41949.9,1032.0
20260522.0,45.0,41945.8,41984.2,41936.8,41950.9,570.0
20260522.0,100.0,41953.9,41965.0,41913.5,41952.9,632.0
20260522.0,115.0,41954.9,42100.5,41955.0,42054.1,3626.0
20260522.0,130.0,42061.1,42317.0,42058.2,42268.5,6090.0
20260522.0,145.0,42267.5,42358.5,42242.2,42349.4,2204.0
20260522.0,200.0,42351.4,42449.5,42323.2,42400.0,2246.0
20260522.0,215.0,42400.0,42442.4,42351.5,42356.5,2164.0
20260522.0,230.0,42362.5,42363.5,42300.9,42349.4,1102.0
20260522.0,245.0,42346.4,42361.5,42319.1,42348.4,500.0
20260522.0,300.0,42347.4,42354.4,42031.9,42119.8,5356.0
20260522.0,315.0,42121.8,42221.9,42110.8,42217.9,1642.0
20260522.0,330.0,42226.0,42257.3,42202.8,42232.1,800.0
20260522.0,345.0,42235.1,42253.3,42192.7,42199.7,614.0
20260522.0,400.0,42201.7,42249.2,42168.4,42214.9,1410.0
20260522.0,415.0,42220.9,42252.3,42176.5,42220.9,460.0
20260522.0,430.0,42220.9,42221.9,42195.7,42206.8,152.0
20260522.0,445.0,42211.8,42243.1,42207.8,42222.0,226.0
20260522.0,500.0,42223.0,42269.4,42221.0,42268.5,414.0
20260522.0,900.0,42678.1,42735.7,42368.7,42394.9,14486.0
20260522.0,915.0,42393.9,42509.2,42267.5,42453.6,13522.0
20260522.0,930.0,42449.5,42523.3,42399.0,42423.2,7470.0
20260522.0,945.0,42423.2,42552.6,42378.8,42523.4,7722.0
20260522.0,1000.0,42525.4,42597.1,42494.1,42573.9,5574.0
20260522.0,1015.0,42571.9,42582.0,42451.6,42537.5,3566.0
20260522.0,1030.0,42534.5,42609.3,42531.5,42553.7,3934.0
20260522.0,1045.0,42549.7,42618.4,42539.6,42574.9,2710.0
20260522.0,1100.0,42573.9,42630.5,42517.3,42530.4,2940.0
20260522.0,1115.0,42530.4,42550.6,42336.3,42444.5,5658.0
20260522.0,1130.0,42444.5,42547.6,42392.9,42542.6,3546.0
20260522.0,1145.0,42542.6,42677.1,42536.6,42666.0,4642.0
20260522.0,1200.0,42661.9,42681.1,42637.7,42665.0,2034.0
20260522.0,1215.0,42664.0,42847.0,42664.0,42847.0,6720.0
20260522.0,1230.0,42847.0,42878.3,42795.5,42812.6,4356.0
20260522.0,1245.0,42813.6,42884.4,42788.4,42878.4,3776.0
20260522.0,1300.0,42873.3,42940.0,42834.9,42922.9,4116.0
20260522.0,1315.0,42919.8,42942.0,42901.7,42928.9,2402.0
20260522.0,1330.0,42922.9,42950.1,42888.5,42919.8,4812.0
20260522.0,1345.0,42921.9,42987.6,42905.7,42926.9,11160.0
20260522.0,1515.0,42896.6,42912.7,42834.9,42872.3,3138.0
20260522.0,1530.0,42879.4,43029.0,42878.4,43009.9,2406.0
20260522.0,1545.0,43006.8,43014.9,42897.6,42954.2,1580.0
20260522.0,1600.0,42947.2,42977.4,42929.0,42973.4,650.0
20260522.0,1615.0,42975.5,43000.7,42942.1,42958.3,964.0
20260522.0,1630.0,42971.4,43065.4,42971.5,43032.1,2220.0
20260522.0,1645.0,43034.1,43040.2,42911.8,42964.3,2120.0
20260522.0,1700.0,42965.4,42987.6,42906.7,42915.8,1032.0
20260522.0,1715.0,42913.8,42914.7,42846.1,42864.2,2114.0
20260522.0,1730.0,42862.2,42907.7,42837.0,42880.4,1752.0
20260522.0,1745.0,42880.4,42940.0,42857.2,42940.1,1158.0
20260522.0,1800.0,42940.1,42957.2,42919.9,42925.9,770.0
20260522.0,1815.0,42924.9,42929.9,42877.4,42884.4,700.0
20260522.0,1830.0,42880.4,42905.6,42846.1,42852.1,914.0
20260522.0,1845.0,42852.1,42870.2,42813.7,42834.9,1720.0
20260522.0,1900.0,42833.9,42860.1,42813.7,42828.8,682.0
20260522.0,1915.0,42837.9,42876.3,42822.8,42832.9,738.0
20260522.0,1930.0,42836.9,42855.1,42819.8,42829.8,512.0
20260522.0,1945.0,42826.8,42894.5,42821.8,42891.5,834.0
20260522.0,2000.0,42888.5,42928.9,42882.5,42896.6,1188.0
20260522.0,2015.0,42899.6,43000.7,42864.3,42975.5,2594.0
20260522.0,2030.0,42975.5,43009.8,42923.9,42951.2,1670.0
20260522.0,2045.0,42952.2,42980.5,42943.2,42971.4,586.0
20260522.0,2100.0,42972.4,43023.0,42971.5,43019.0,928.0
20260522.0,2115.0,43022.0,43056.3,42966.4,43014.9,2148.0
20260522.0,2130.0,43016.9,43026.0,42962.4,43012.9,1050.0
20260522.0,2145.0,43004.8,43109.9,42942.1,43006.8,6516.0
20260522.0,2200.0,43010.9,43069.5,42960.3,43063.5,2504.0
20260522.0,2215.0,43063.5,43064.4,42950.2,42986.6,2902.0
20260522.0,2230.0,42984.6,43018.9,42894.6,42973.4,2478.0
20260522.0,2245.0,42975.5,43070.5,42959.3,43042.2,2946.0
20260522.0,2300.0,43047.3,43066.4,43012.9,43046.3,1542.0
20260522.0,2315.0,43049.3,43106.9,43038.2,43093.8,2214.0
20260522.0,2330.0,43094.8,43160.5,43092.8,43158.5,2742.0
20260522.0,2345.0,43161.6,43208.0,43152.5,43190.9,2826.0
20260523.0,0.0,43189.9,43190.9,43148.5,43165.6,1172.0
20260523.0,15.0,43163.6,43185.8,43138.4,43172.7,898.0
20260523.0,30.0,43170.7,43188.8,43132.3,43188.9,1124.0
20260523.0,45.0,43188.9,43227.3,43162.6,43166.6,1206.0
20260523.0,100.0,43170.7,43200.0,43165.7,43196.0,662.0
20260523.0,115.0,43198.0,43248.5,43198.0,43225.3,1206.0
20260523.0,130.0,43229.3,43282.9,43151.5,43272.8,2624.0
20260523.0,145.0,43278.9,43306.2,43232.4,43246.5,1518.0
20260523.0,200.0,43243.5,43268.7,43233.4,43257.7,754.0
20260523.0,215.0,43262.7,43268.7,43213.2,43235.4,930.0
20260523.0,230.0,43230.3,43245.5,43216.2,43222.3,372.0
20260523.0,245.0,43221.2,43230.3,43170.7,43219.2,810.0
20260523.0,300.0,43219.2,43221.2,43181.9,43198.0,402.0
20260523.0,315.0,43199.0,43207.0,43124.2,43138.3,1316.0
20260523.0,330.0,43142.4,43142.3,43074.6,43084.7,1202.0
20260523.0,345.0,43085.7,43114.0,43066.5,43078.6,664.0
20260523.0,400.0,43077.6,43077.6,42997.8,43018.0,1304.0
20260523.0,415.0,43030.1,43060.4,43010.9,43056.4,540.0
20260523.0,430.0,43058.4,43075.6,43052.4,43061.4,280.0
20260523.0,445.0,43059.4,43064.4,43019.0,43040.2,506.0
20260523.0,500.0,43042.2,43121.1,43035.2,43121.1,518.0
20260525.0,900.0,43688.5,43833.1,43495.4,43807.9,13346.0
20260525.0,915.0,43813.9,44242.7,43814.0,44195.2,15948.0
20260525.0,930.0,44196.3,44396.5,44179.1,44375.3,10428.0
20260525.0,945.0,44380.3,44510.8,44349.0,44466.3,9372.0
20260525.0,1000.0,44460.2,44541.1,44404.7,44476.4,5136.0
20260525.0,1015.0,44477.4,44553.2,44418.8,44441.0,5456.0
20260525.0,1030.0,44437.0,44451.1,44205.4,44333.8,8326.0
20260525.0,1045.0,44339.9,44391.4,44270.1,44339.9,3198.0
20260525.0,1100.0,44340.9,44354.0,44254.0,44288.3,2492.0
20260525.0,1115.0,44291.3,44344.9,44227.7,44255.9,3170.0
20260525.0,1130.0,44253.9,44276.1,44199.3,44217.5,3344.0
20260525.0,1145.0,44219.5,44277.1,44199.3,44203.3,2336.0
20260525.0,1200.0,44202.3,44241.7,44139.7,44219.5,3986.0
20260525.0,1215.0,44216.5,44297.4,44216.5,44278.2,2718.0
20260525.0,1230.0,44281.2,44333.8,44269.1,44294.4,2086.0
20260525.0,1245.0,44290.3,44292.3,44238.8,44274.1,2086.0
20260525.0,1300.0,44268.1,44316.6,44244.9,44280.2,2276.0
20260525.0,1315.0,44279.2,44303.4,44219.6,44231.7,3608.0
20260525.0,1330.0,44231.7,44359.1,44223.6,44359.1,5500.0
20260525.0,1345.0,44359.1,44424.8,44288.4,44378.3,11804.0
20260525.0,1515.0,44371.2,44455.1,44329.8,44377.3,3276.0
20260525.0,1530.0,44375.3,44408.6,44306.6,44383.4,1992.0
20260525.0,1545.0,44384.4,44468.3,44381.4,44424.8,2310.0
20260525.0,1600.0,44426.9,44478.4,44415.8,44467.3,898.0
20260525.0,1615.0,44470.4,44471.3,44413.8,44421.8,846.0
20260525.0,1630.0,44421.8,44436.9,44409.7,44421.8,496.0
20260525.0,1645.0,44419.8,44454.1,44416.8,44427.9,606.0
20260525.0,1700.0,44427.9,44446.0,44427.9,44440.0,310.0
20260525.0,1715.0,44438.0,44490.5,44436.0,44471.4,1128.0
20260525.0,1730.0,44470.4,44479.4,44449.2,44463.3,408.0
20260525.0,1745.0,44466.3,44498.6,44465.4,44490.6,644.0
20260525.0,1800.0,44487.6,44487.5,44456.2,44461.3,292.0
20260525.0,1815.0,44466.3,44472.3,44459.3,44467.3,194.0
20260525.0,1830.0,44472.4,44488.5,44463.3,44468.3,316.0
20260525.0,1845.0,44467.3,44510.8,44461.3,44509.8,642.0
20260525.0,1900.0,44510.8,44540.1,44502.8,44520.9,990.0
20260525.0,1915.0,44519.9,44552.2,44501.8,44542.2,902.0
20260525.0,1930.0,44542.2,44587.6,44539.2,44563.4,1778.0
20260525.0,1945.0,44567.5,44595.7,44563.5,44592.7,654.0
20260525.0,2000.0,44593.8,44652.4,44588.7,44631.2,2122.0
20260525.0,2015.0,44632.2,44634.2,44586.7,44593.8,1134.0
20260525.0,2030.0,44588.7,44628.1,44571.6,44612.0,1130.0
20260525.0,2045.0,44610.9,44610.9,44589.8,44609.9,388.0
20260525.0,2100.0,44609.9,44620.0,44563.5,44563.4,1076.0
20260525.0,2115.0,44561.4,44623.0,44553.3,44608.9,890.0
20260525.0,2130.0,44606.9,44606.9,44578.6,44591.7,588.0
20260525.0,2145.0,44588.7,44605.8,44563.5,44576.6,1104.0
20260525.0,2200.0,44584.6,44681.7,44582.7,44667.6,1838.0
20260525.0,2215.0,44669.6,44773.7,44669.7,44759.6,2718.0
20260525.0,2230.0,44759.6,44809.1,44729.3,44738.4,2448.0
20260525.0,2245.0,44738.4,44746.4,44719.2,44733.3,1290.0
20260525.0,2300.0,44725.2,44772.7,44721.2,44758.6,844.0
20260525.0,2315.0,44757.6,44855.7,44738.4,44826.4,2714.0
20260525.0,2330.0,44832.4,44850.6,44809.2,44821.3,1416.0
20260525.0,2345.0,44818.3,44824.3,44786.0,44808.2,738.0
20260526.0,0.0,44811.2,44818.2,44790.0,44796.0,506.0
20260526.0,15.0,44802.1,44828.4,44790.0,44817.3,696.0
20260526.0,30.0,44818.3,44828.4,44808.2,44813.2,346.0
20260526.0,45.0,44812.2,44833.4,44809.2,44831.4,296.0
20260526.0,100.0,44832.4,44886.0,44828.5,44875.9,1462.0
20260526.0,115.0,44879.0,44906.2,44869.9,44878.0,774.0
20260526.0,130.0,44878.0,44877.9,44804.2,44844.6,786.0
20260526.0,145.0,44845.6,44845.5,44823.4,44824.4,270.0
20260526.0,200.0,44825.4,44834.4,44788.0,44797.0,446.0
20260526.0,215.0,44799.1,44850.6,44792.0,44844.6,324.0
20260526.0,230.0,44847.6,44849.6,44836.5,44837.5,132.0
20260526.0,245.0,44837.5,44838.5,44826.4,44838.5,80.0
20260526.0,300.0,44841.6,44861.7,44841.6,44858.7,156.0
20260526.0,315.0,44858.7,44858.7,44836.5,44845.6,192.0
20260526.0,330.0,44837.5,44844.5,44822.4,44832.4,142.0
20260526.0,345.0,44838.5,44846.6,44837.6,44843.6,58.0
20260526.0,400.0,44844.6,44856.7,44844.6,44854.7,74.0
20260526.0,415.0,44856.7,44884.0,44847.7,44873.9,260.0
20260526.0,430.0,44872.9,44880.9,44863.9,44878.0,64.0
20260526.0,445.0,44877.0,44882.0,44858.8,44865.8,218.0
20260526.0,500.0,44864.8,44896.1,44838.6,44896.2,454.0
20260526.0,900.0,44779.9,44785.9,44504.8,44662.5,13052.0
20260526.0,915.0,44661.5,44767.7,44364.2,44501.7,16310.0
20260526.0,930.0,44500.7,44548.2,44392.5,44428.9,7218.0
20260526.0,945.0,44436.0,44512.8,44117.4,44312.6,13946.0
20260526.0,1000.0,44309.5,44459.2,44296.4,44330.8,9030.0
20260526.0,1015.0,44335.8,44400.5,44277.2,44311.6,4836.0
20260526.0,1030.0,44312.6,44398.5,44240.8,44392.5,4486.0
20260526.0,1045.0,44391.5,44457.2,44320.7,44337.9,5030.0
20260526.0,1100.0,44336.8,44338.8,44266.1,44310.6,3178.0
20260526.0,1115.0,44315.6,44319.6,44229.7,44243.8,3000.0
20260526.0,1130.0,44242.8,44354.0,44230.7,44328.8,2398.0
20260526.0,1145.0,44325.7,44376.2,44262.1,44262.0,2536.0
20260526.0,1200.0,44262.0,44310.5,44195.3,44299.4,3780.0
20260526.0,1215.0,44297.4,44310.5,44218.6,44309.5,2156.0
20260526.0,1230.0,44310.6,44334.8,44287.3,44292.3,1814.0
20260526.0,1245.0,44290.3,44353.0,44259.0,44322.7,3540.0
20260526.0,1300.0,44319.7,44359.1,44282.3,44336.8,2478.0
20260526.0,1315.0,44335.8,44344.9,44276.2,44327.7,2604.0
20260526.0,1330.0,44327.7,44332.8,44266.1,44310.6,4520.0
20260526.0,1345.0,44311.6,44395.5,44308.6,44394.5,6858.0
20260526.0,1515.0,44449.1,44495.6,44360.2,44419.8,2910.0
20260526.0,1530.0,44421.8,44424.8,44356.1,44371.2,1166.0
20260526.0,1545.0,44370.2,44396.5,44287.3,44392.5,1814.0
20260526.0,1600.0,44395.5,44428.8,44375.3,44417.8,1016.0
20260526.0,1615.0,44419.8,44458.2,44389.5,44425.9,1028.0
20260526.0,1630.0,44425.9,44467.3,44412.8,44463.3,976.0
20260526.0,1645.0,44459.2,44485.5,44431.0,44476.4,874.0
20260526.0,1700.0,44474.4,44560.3,44446.1,44537.1,2228.0
20260526.0,1715.0,44537.1,44556.3,44460.3,44462.3,1456.0
20260526.0,1730.0,44462.3,44557.3,44451.2,44555.3,1734.0
20260526.0,1745.0,44558.4,44580.6,44543.2,44553.3,1078.0
20260526.0,1800.0,44555.3,44589.7,44542.2,44576.6,646.0
20260526.0,1815.0,44576.6,44625.1,44558.4,44624.1,848.0
20260526.0,1830.0,44626.1,44680.7,44614.0,44665.6,1728.0
20260526.0,1845.0,44664.6,44700.9,44644.4,44650.4,1440.0
20260526.0,1900.0,44651.4,44668.5,44615.0,44616.0,1024.0
20260526.0,1915.0,44617.0,44645.3,44611.0,44610.9,568.0
20260526.0,1930.0,44609.9,44657.4,44610.0,44651.4,660.0
20260526.0,1945.0,44649.4,44672.6,44556.4,44625.1,2482.0
20260526.0,2000.0,44622.1,44654.4,44616.1,44631.2,562.0
20260526.0,2015.0,44630.2,44645.3,44583.7,44629.2,992.0
20260526.0,2030.0,44627.1,44664.5,44616.1,44654.4,920.0
20260526.0,2045.0,44659.5,44697.9,44648.4,44677.7,836.0
20260526.0,2100.0,44676.7,44692.8,44672.7,44673.7,454.0
20260526.0,2115.0,44671.6,44677.6,44632.2,44655.4,840.0
20260526.0,2130.0,44659.5,44681.7,44637.3,44665.6,722.0
20260526.0,2145.0,44662.5,44936.6,44642.4,44925.5,8594.0
20260526.0,2200.0,44927.5,45008.4,44866.9,44906.3,7494.0
20260526.0,2215.0,44906.3,44941.6,44760.7,44891.1,4940.0
20260526.0,2230.0,44893.1,44991.2,44861.8,44938.6,3726.0
20260526.0,2245.0,44940.7,45003.3,44927.6,44939.7,2618.0
20260526.0,2300.0,44937.6,44963.9,44870.9,44887.1,2790.0
20260526.0,2315.0,44887.1,44906.2,44815.3,44895.2,2856.0
20260526.0,2330.0,44894.1,44896.1,44812.3,44852.7,1930.0
20260526.0,2345.0,44849.6,44871.8,44798.1,44828.4,2082.0
20260527.0,0.0,44829.4,44858.7,44726.3,44797.0,3150.0
20260527.0,15.0,44798.1,44893.1,44798.1,44812.2,2206.0
20260527.0,30.0,44810.2,44865.8,44797.1,44865.8,1090.0
20260527.0,45.0,44864.8,44886.0,44829.5,44834.5,778.0
20260527.0,100.0,44830.4,44862.7,44817.3,44857.7,582.0
20260527.0,115.0,44851.7,44939.6,44847.7,44931.6,1436.0
20260527.0,130.0,44930.6,44942.6,44884.1,44912.4,730.0
20260527.0,145.0,44908.3,44932.5,44894.2,44903.2,476.0
20260527.0,200.0,44903.2,44949.7,44902.3,44932.6,606.0
20260527.0,215.0,44932.6,44972.0,44918.5,44951.8,864.0
20260527.0,230.0,44951.8,44973.0,44947.8,44952.8,362.0
20260527.0,245.0,44950.8,44971.0,44937.7,44939.7,272.0
20260527.0,300.0,44942.7,44959.8,44922.5,44922.5,468.0
20260527.0,315.0,44929.5,44956.8,44918.5,44952.8,638.0
20260527.0,330.0,44947.8,44971.0,44945.8,44954.8,320.0
20260527.0,345.0,44954.8,44990.2,44954.9,44980.1,774.0
20260527.0,400.0,44977.1,44995.2,44948.8,44960.9,658.0
20260527.0,415.0,44959.9,44963.9,44939.7,44953.8,338.0
20260527.0,430.0,44952.8,44959.8,44938.7,44938.6,156.0
20260527.0,445.0,44942.7,44947.7,44938.7,44943.7,136.0
20260527.0,500.0,44939.7,44960.8,44935.7,44945.7,440.0
20260527.0,900.0,44998.3,45210.7,44920.5,45207.7,11032.0
20260527.0,915.0,45202.6,45519.2,45195.6,45500.0,16498.0
20260527.0,930.0,45500.0,45665.8,45289.7,45485.8,15762.0
20260527.0,945.0,45487.9,45488.8,45168.3,45321.0,11918.0
20260527.0,1000.0,45322.0,45353.3,45188.5,45190.5,6004.0
20260527.0,1015.0,45189.5,45502.0,45188.5,45460.5,7644.0
20260527.0,1030.0,45466.6,45565.7,45429.2,45493.9,4716.0
20260527.0,1045.0,45498.0,45638.5,45494.0,45634.5,5278.0
20260527.0,1100.0,45636.5,45816.5,45616.4,45699.2,8510.0
20260527.0,1115.0,45698.2,45706.3,45600.2,45645.6,4008.0
20260527.0,1130.0,45641.6,45697.2,45573.9,45615.3,3696.0
20260527.0,1145.0,45614.3,45635.5,45526.3,45561.7,3466.0
20260527.0,1200.0,45563.7,45571.8,45429.2,45459.5,4892.0
20260527.0,1215.0,45459.5,45499.9,45314.9,45314.9,5122.0
20260527.0,1230.0,45313.9,45318.9,44877.0,44889.1,16622.0
20260527.0,1245.0,44886.1,45163.1,44842.6,45104.5,10588.0
20260527.0,1300.0,45106.5,45212.7,45052.0,45134.9,5646.0
20260527.0,1315.0,45141.9,45277.4,45073.2,45250.2,9244.0
20260527.0,1330.0,45248.1,45253.2,45149.1,45206.7,7280.0
20260527.0,1345.0,45206.7,45330.0,45178.4,45309.8,9838.0
20260527.0,1515.0,45172.3,45314.8,45115.7,45311.9,3964.0
20260527.0,1530.0,45312.9,45367.4,45281.6,45313.9,1710.0
20260527.0,1545.0,45313.9,45340.1,45248.2,45273.4,1072.0
20260527.0,1600.0,45281.5,45320.9,45208.7,45312.9,1670.0
20260527.0,1615.0,45309.8,45365.4,45252.2,45345.2,1456.0
20260527.0,1630.0,45342.2,45474.7,45334.2,45457.5,2778.0
20260527.0,1645.0,45459.5,45469.6,45419.1,45445.4,1016.0
20260527.0,1700.0,45443.3,45499.9,45431.3,45486.8,1444.0
20260527.0,1715.0,45485.8,45510.1,45423.2,45476.7,1848.0
20260527.0,1730.0,45478.7,45553.5,45456.5,45536.4,1742.0
20260527.0,1745.0,45536.4,45603.1,45508.1,45587.0,2278.0
20260527.0,1800.0,45588.0,45665.8,45564.8,45644.6,1876.0
20260527.0,1815.0,45643.6,45760.9,45643.7,45757.9,3214.0
20260527.0,1830.0,45756.9,45767.0,45667.9,45667.9,2588.0
20260527.0,1845.0,45667.9,45694.1,45618.4,45690.1,1796.0
20260527.0,1900.0,45687.1,45745.7,45685.1,45711.4,1766.0
20260527.0,1915.0,45714.4,45850.9,45714.5,45842.9,3902.0
20260527.0,1930.0,45843.9,45933.8,45779.2,45904.6,4064.0
20260527.0,1945.0,45903.5,45934.9,45876.3,45917.7,1640.0
20260527.0,2000.0,45918.7,45997.6,45916.7,45957.2,2302.0
20260527.0,2015.0,45957.2,46003.6,45924.8,45963.2,2090.0
20260527.0,2030.0,45961.2,46153.3,45907.6,46083.6,6538.0
20260527.0,2045.0,46082.6,46132.1,46034.1,46058.3,1804.0
20260527.0,2100.0,46060.3,46066.3,45960.2,45979.4,2200.0
20260527.0,2115.0,45975.4,46054.2,45968.3,46006.7,1656.0
20260527.0,2130.0,46012.8,46042.1,45935.0,45950.1,2020.0
20260527.0,2145.0,45953.1,46008.7,45622.4,45622.4,11176.0
20260527.0,2200.0,45630.5,45914.6,45584.0,45877.3,10274.0
20260527.0,2215.0,45879.3,45906.5,45665.9,45677.0,5758.0
20260527.0,2230.0,45674.0,45770.0,45345.3,45429.2,11518.0
20260527.0,2245.0,45424.1,45564.7,45317.0,45468.6,8886.0
20260527.0,2300.0,45478.7,45606.1,45417.1,45423.1,5306.0
20260527.0,2315.0,45424.1,45536.4,45360.5,45483.8,3740.0
20260527.0,2330.0,45478.7,45479.7,45251.2,45427.2,5666.0
20260527.0,2345.0,45435.3,45506.0,45290.7,45295.7,3896.0
20260528.0,0.0,45292.6,45395.8,45229.0,45389.7,4176.0
20260528.0,15.0,45391.8,45578.8,45361.5,45552.6,4036.0
20260528.0,30.0,45554.6,45567.7,45488.9,45529.3,2106.0
20260528.0,45.0,45530.3,45652.7,45504.1,45648.7,2894.0
20260528.0,100.0,45652.7,45690.1,45538.5,45562.7,2692.0
20260528.0,115.0,45569.8,45573.8,45372.6,45452.5,2568.0
20260528.0,130.0,45457.5,45550.5,45452.5,45524.3,1242.0
20260528.0,145.0,45534.4,45591.0,45514.2,45517.2,1046.0
20260528.0,200.0,45520.2,45616.3,45512.2,45566.7,1068.0
20260528.0,215.0,45561.7,45633.4,45555.7,45625.4,750.0
20260528.0,230.0,45629.5,45666.8,45627.5,45658.8,714.0
20260528.0,245.0,45660.8,45702.2,45622.4,45689.1,894.0
20260528.0,300.0,45686.1,45712.3,45648.7,45706.3,624.0
20260528.0,315.0,45708.3,45750.8,45694.2,45738.7,904.0
20260528.0,330.0,45739.7,45765.9,45691.2,45705.3,678.0
20260528.0,345.0,45707.3,45805.4,45707.4,45788.2,1094.0
20260528.0,400.0,45787.2,45789.2,45623.4,45646.6,1574.0
20260528.0,415.0,45653.7,45679.0,45617.4,45678.0,658.0
20260528.0,430.0,45686.1,45712.3,45675.0,45675.0,406.0
20260528.0,445.0,45682.0,45744.7,45678.0,45737.7,314.0
20260528.0,500.0,45730.6,45759.9,45693.2,45755.9,616.0
20260528.0,900.0,45690.1,45756.8,45333.2,45572.8,11450.0
20260528.0,915.0,45566.7,45684.0,45424.2,45680.0,9570.0
20260528.0,930.0,45677.0,45681.0,45446.4,45476.7,7946.0
20260528.0,945.0,45485.8,45573.8,45427.2,45513.1,5580.0
20260528.0,1000.0,45504.0,45843.8,45441.4,45821.6,9944.0
20260528.0,1015.0,45820.6,45866.1,45462.6,45472.7,8410.0
20260528.0,1030.0,45473.7,45514.1,45305.8,45305.8,6884.0
20260528.0,1045.0,45305.8,45421.0,45305.8,45326.0,4746.0
20260528.0,1100.0,45330.1,45502.0,45318.0,45397.8,4614.0
20260528.0,1115.0,45392.8,45463.5,45346.3,45368.5,2970.0
20260528.0,1130.0,45365.5,45392.7,44940.7,44940.7,11698.0
20260528.0,1145.0,44940.7,44958.8,43954.6,44300.4,38784.0
20260528.0,1200.0,44300.4,44609.9,44266.1,44363.1,12440.0
20260528.0,1215.0,44355.1,44549.2,44188.2,44237.7,11040.0
20260528.0,1230.0,44236.7,44298.4,44158.9,44298.4,5988.0
20260528.0,1245.0,44290.3,44419.7,44250.9,44282.2,5690.0
20260528.0,1300.0,44287.3,44289.3,44079.0,44178.1,6560.0
20260528.0,1315.0,44178.1,44371.2,43986.9,44306.5,9770.0
20260528.0,1330.0,44310.6,44378.3,44123.5,44378.3,9068.0
20260528.0,1345.0,44376.3,44417.7,44286.3,44342.9,12848.0
20260528.0,1515.0,44466.3,44650.3,44448.2,44587.7,6028.0
20260528.0,1530.0,44583.6,44596.7,44521.0,44573.5,1686.0
20260528.0,1545.0,44579.6,44642.3,44550.3,44632.2,1904.0
20260528.0,1600.0,44633.2,44646.3,44523.0,44619.0,1944.0
20260528.0,1615.0,44625.1,44708.0,44595.8,44662.5,2822.0
20260528.0,1630.0,44663.5,44696.9,44587.7,44630.2,1902.0
20260528.0,1645.0,44635.2,44702.9,44631.2,44668.6,1730.0
20260528.0,1700.0,44669.6,44735.3,44640.3,44729.3,1634.0
20260528.0,1715.0,44727.3,44789.9,44659.5,44683.8,3376.0
20260528.0,1730.0,44694.9,44751.5,44674.7,44696.9,1338.0
20260528.0,1745.0,44697.9,44697.9,44551.3,44593.8,2522.0
20260528.0,1800.0,44590.7,44745.4,44582.7,44745.5,1642.0
20260528.0,1815.0,44743.4,44743.4,44644.4,44644.3,1450.0
20260528.0,1830.0,44643.3,44692.8,44595.8,44686.8,1458.0
20260528.0,1845.0,44681.7,44698.9,44596.8,44603.9,1172.0
20260528.0,1900.0,44603.9,44651.4,44498.7,44565.4,3042.0
20260528.0,1915.0,44576.6,44650.3,44543.2,44559.4,1904.0
20260528.0,1930.0,44555.3,44655.4,44548.3,44623.1,1304.0
20260528.0,1945.0,44618.0,44751.5,44614.0,44749.5,2078.0
20260528.0,2000.0,44749.5,44773.7,44685.8,44703.0,1396.0
20260528.0,2015.0,44697.9,44755.5,44668.6,44749.5,906.0
20260528.0,2030.0,44745.5,44748.4,44673.7,44723.2,720.0
20260528.0,2045.0,44721.2,44895.1,44718.2,44890.1,3672.0
20260528.0,2100.0,44889.1,44965.9,44855.8,44949.8,3234.0
20260528.0,2115.0,44945.7,45002.3,44890.1,44891.1,2760.0
20260528.0,2130.0,44895.2,44979.1,44891.2,44975.1,1238.0
20260528.0,2145.0,44975.1,45078.2,44806.2,44819.3,8070.0
20260528.0,2200.0,44823.3,44906.2,44731.4,44868.9,4908.0
20260528.0,2215.0,44868.9,45214.7,44810.2,45204.7,10170.0
20260528.0,2230.0,45208.7,45251.1,45031.7,45166.2,8498.0
20260528.0,2245.0,45170.3,45210.7,45086.4,45183.4,4054.0
20260528.0,2300.0,45182.4,45210.7,45093.4,45201.6,4000.0
20260528.0,2315.0,45202.6,45282.5,45193.6,45242.1,3414.0
20260528.0,2330.0,45241.1,45351.3,45198.6,45333.1,3250.0
20260528.0,2345.0,45337.1,45342.2,45246.2,45259.3,2366.0
20260529.0,0.0,45255.2,45304.7,45228.0,45293.7,1428.0
20260529.0,15.0,45293.7,45341.1,45260.3,45323.0,1452.0
20260529.0,30.0,45322.0,45406.9,45311.9,45370.5,2088.0
20260529.0,45.0,45376.6,45391.7,45337.2,45379.6,824.0
20260529.0,100.0,45380.6,45387.7,45314.9,45372.5,970.0
20260529.0,115.0,45373.6,45388.7,45317.0,45327.0,678.0
20260529.0,130.0,45326.0,45339.1,45251.2,45262.3,1152.0
20260529.0,145.0,45263.3,45319.9,45229.0,45311.9,936.0
20260529.0,200.0,45308.8,45364.4,45308.9,45337.1,824.0
20260529.0,215.0,45340.2,45384.6,45297.8,45304.8,874.0
20260529.0,230.0,45306.8,45350.2,45290.7,45312.9,984.0
20260529.0,245.0,45306.8,45321.9,45212.8,45237.0,1230.0
20260529.0,300.0,45235.0,45275.4,45176.4,45226.9,1070.0
20260529.0,315.0,45224.9,45282.5,45208.7,45223.9,462.0
20260529.0,330.0,45222.9,45251.1,45212.8,45240.1,338.0
20260529.0,345.0,45244.1,45287.5,45244.1,45249.2,292.0
20260529.0,400.0,45247.1,45270.3,45220.9,45239.0,544.0
20260529.0,415.0,45234.0,45283.5,45230.0,45278.5,484.0
20260529.0,430.0,45277.5,45309.8,45273.5,45304.8,372.0
20260529.0,445.0,45301.7,45304.7,45279.5,45291.6,106.0
20260529.0,500.0,45285.6,45313.8,45283.6,45300.7,382.0
20260529.0,900.0,45165.2,45397.8,45165.3,45387.7,10418.0
20260529.0,915.0,45391.8,45493.9,45171.3,45349.3,13484.0
20260529.0,930.0,45347.3,45469.6,45241.1,45330.1,8210.0
20260529.0,945.0,45327.0,45620.3,45299.8,45619.3,9820.0
20260529.0,1000.0,45616.3,45672.9,45367.5,45579.9,10068.0
20260529.0,1015.0,45580.9,45694.1,45543.5,45681.0,6368.0
20260529.0,1030.0,45679.0,45756.8,45524.3,45558.7,8016.0
20260529.0,1045.0,45552.6,45642.5,45540.5,45576.9,3132.0
20260529.0,1100.0,45576.9,45632.4,45550.6,45560.7,2664.0
20260529.0,1115.0,45560.7,45713.3,45560.7,45656.8,4344.0
20260529.0,1130.0,45654.7,45713.3,45644.7,45681.0,2132.0
20260529.0,1145.0,45676.0,45726.5,45641.6,45711.4,2792.0
20260529.0,1200.0,45710.4,45807.4,45697.3,45776.1,4286.0
20260529.0,1215.0,45774.1,45822.6,45762.0,45822.6,3536.0
20260529.0,1230.0,45820.6,45851.9,45792.3,45818.6,3012.0
20260529.0,1245.0,45817.6,45947.0,45803.5,45890.4,5158.0
20260529.0,1300.0,45896.5,45910.6,45812.6,45909.6,3906.0
20260529.0,1315.0,45907.6,45990.5,45871.2,45887.4,5818.0
20260529.0,1330.0,45891.4,45933.8,45832.8,45844.9,8586.0
20260529.0,1345.0,45842.9,45871.1,45716.5,45802.4,16842.0
20260529.0,1515.0,45881.3,45966.2,45836.8,45921.8,3500.0
20260529.0,1530.0,45919.7,45929.8,45825.7,45825.7,1876.0
20260529.0,1545.0,45825.7,45864.1,45768.1,45829.7,2016.0
20260529.0,1600.0,45825.7,45856.0,45818.6,45822.6,882.0
20260529.0,1615.0,45824.7,45890.3,45810.5,45861.1,1546.0
20260529.0,1630.0,45867.1,45906.5,45827.7,45861.1,964.0
20260529.0,1645.0,45862.1,45889.3,45851.0,45856.0,534.0
20260529.0,1700.0,45861.1,45878.2,45822.7,45868.1,710.0
20260529.0,1715.0,45871.2,46070.4,45867.2,46070.4,3186.0
20260529.0,1730.0,46071.4,46112.9,46028.0,46103.8,2620.0
20260529.0,1745.0,46104.8,46111.9,46045.2,46063.4,2008.0
20260529.0,1800.0,46064.4,46078.5,45999.7,46004.7,1794.0
20260529.0,1815.0,46003.7,46004.6,45720.5,45875.2,5858.0
20260529.0,1830.0,45872.2,45887.3,45820.7,45876.2,1280.0
20260529.0,1845.0,45875.2,45913.6,45825.7,45900.5,1150.0
20260529.0,1900.0,45900.5,45954.1,45898.5,45926.8,1122.0
20260529.0,1915.0,45924.8,45999.6,45922.8,45986.5,1352.0
20260529.0,1930.0,45982.4,46015.8,45943.0,45945.0,1086.0
20260529.0,1945.0,45943.0,45957.1,45869.2,45942.0,1654.0
20260529.0,2000.0,45941.0,45985.4,45861.1,45973.3,1510.0
20260529.0,2015.0,45973.3,45983.4,45845.9,45865.1,1252.0
20260529.0,2030.0,45862.1,45916.6,45844.9,45916.7,730.0
20260529.0,2045.0,45916.7,45928.8,45828.8,45889.4,1200.0
20260529.0,2100.0,45889.4,45935.9,45854.0,45932.9,828.0
20260529.0,2115.0,45935.9,45957.1,45891.5,45891.4,818.0
20260529.0,2130.0,45893.4,45922.7,45844.9,45919.7,1186.0
20260529.0,2145.0,45916.7,45946.0,45768.1,45883.3,5442.0
20260529.0,2200.0,45886.4,45998.6,45853.0,45931.9,3312.0
20260529.0,2215.0,45940.0,45966.2,45776.2,45817.6,4090.0
20260529.0,2230.0,45817.6,45827.6,45564.8,45650.7,7548.0
20260529.0,2245.0,45656.8,45706.3,45384.7,45390.8,8000.0
20260529.0,2300.0,45392.8,45695.1,45370.6,45603.2,7244.0
20260529.0,2315.0,45605.2,45708.3,45554.7,45705.3,3956.0
20260529.0,2330.0,45690.1,45696.2,45526.3,45529.3,3520.0
20260529.0,2345.0,45538.4,45623.3,45524.3,45572.8,2698.0
20260530.0,0.0,45573.8,45603.1,45525.3,45563.7,1644.0
20260530.0,15.0,45570.8,45667.8,45554.7,45638.6,2054.0
20260530.0,30.0,45632.5,45661.8,45585.0,45596.1,980.0
20260530.0,45.0,45596.1,45644.6,45552.6,45606.2,2320.0
20260530.0,100.0,45608.2,45631.4,45558.7,45600.1,1008.0
20260530.0,115.0,45601.1,45616.3,45544.5,45569.8,876.0
20260530.0,130.0,45569.8,45586.9,45501.1,45540.4,1984.0
20260530.0,145.0,45542.5,45605.1,45509.1,45519.2,1242.0
20260530.0,200.0,45519.2,45550.5,45454.5,45457.5,1276.0
20260530.0,215.0,45461.6,45586.9,45455.5,45541.5,1876.0
20260530.0,230.0,45542.5,45593.0,45533.4,45577.9,696.0
20260530.0,245.0,45584.9,45615.2,45578.9,45599.1,456.0
20260530.0,300.0,45593.0,45595.0,45479.8,45497.0,812.0
20260530.0,315.0,45508.1,45560.6,45499.0,45548.5,546.0
20260530.0,330.0,45543.5,45561.6,45526.3,45560.7,246.0
20260530.0,345.0,45560.7,45622.3,45555.7,45610.2,542.0
20260530.0,400.0,45610.2,45615.2,45547.6,45561.7,948.0
20260530.0,415.0,45563.7,45600.1,45555.7,45600.1,484.0
20260530.0,430.0,45600.1,45634.5,45594.1,45602.1,426.0
20260530.0,445.0,45599.1,45602.1,45578.9,45584.9,272.0
20260530.0,500.0,45586.0,45594.0,45556.7,45583.9,388.0
20260601.0,900.0,46002.7,46158.4,45923.8,46103.8,15128.0
20260601.0,915.0,46104.8,46491.1,46011.8,46333.4,17524.0
20260601.0,930.0,46330.4,46464.8,46312.2,46412.3,6980.0
20260601.0,945.0,46414.3,46576.1,46402.2,46567.0,8414.0
20260601.0,1000.0,46566.0,46687.4,46503.4,46661.1,6384.0
20260601.0,1015.0,46656.0,46748.0,46571.1,46632.8,6840.0
20260601.0,1030.0,46637.8,46995.8,46532.7,46980.7,11154.0
20260601.0,1045.0,46977.7,46982.7,46660.1,46733.9,7508.0
20260601.0,1100.0,46734.9,46739.9,46546.9,46566.0,7490.0
20260601.0,1115.0,46565.0,46746.0,46561.0,46578.2,5814.0
20260601.0,1130.0,46583.2,46641.8,46529.7,46597.4,3830.0
20260601.0,1145.0,46593.3,46677.2,46293.0,46337.4,8886.0
20260601.0,1200.0,46336.4,46564.0,46313.2,46482.1,5276.0
20260601.0,1215.0,46480.1,46590.3,46462.9,46561.0,3240.0
20260601.0,1230.0,46557.9,46610.5,46495.3,46589.3,3624.0
20260601.0,1245.0,46582.2,46644.9,46515.5,46637.8,3894.0
20260601.0,1300.0,46637.8,46646.9,46537.8,46555.9,3580.0
20260601.0,1315.0,46554.9,46590.3,46486.2,46553.9,4840.0
20260601.0,1330.0,46549.8,46549.8,46415.4,46442.6,6918.0
20260601.0,1345.0,46450.7,46659.0,46449.8,46561.0,14196.0
20260601.0,1515.0,46606.5,46619.6,46523.6,46544.8,2296.0
20260601.0,1530.0,46539.7,46560.9,46483.1,46507.4,1008.0
20260601.0,1545.0,46523.6,46589.2,46477.1,46502.3,1690.0
20260601.0,1600.0,46497.3,46598.3,46490.2,46595.4,964.0
20260601.0,1615.0,46598.4,46616.6,46514.5,46518.5,1240.0
20260601.0,1630.0,46515.5,46552.8,46505.4,46523.6,588.0
20260601.0,1645.0,46527.6,46544.7,46479.1,46522.5,816.0
20260601.0,1700.0,46529.6,46590.3,46500.3,46590.3,934.0
20260601.0,1715.0,46590.3,46643.9,46583.3,46590.3,1576.0
20260601.0,1730.0,46590.3,46626.7,46576.2,46604.5,664.0
20260601.0,1745.0,46607.5,46625.7,46587.3,46607.5,586.0
20260601.0,1800.0,46606.5,46614.5,46561.0,46598.4,896.0
20260601.0,1815.0,46601.4,46770.3,46601.5,46761.2,2492.0
20260601.0,1830.0,46763.3,46773.3,46680.4,46714.7,1598.0
20260601.0,1845.0,46714.7,46794.6,46714.8,46781.5,1366.0
20260601.0,1900.0,46786.5,46795.6,46737.0,46758.2,998.0
20260601.0,1915.0,46756.2,46758.2,46692.5,46712.7,1050.0
20260601.0,1930.0,46713.7,46727.8,46682.4,46687.4,576.0
20260601.0,1945.0,46686.4,46772.3,46677.3,46744.0,1234.0
20260601.0,2000.0,46741.0,46746.0,46705.7,46711.7,552.0
20260601.0,2015.0,46710.7,46733.9,46579.2,46583.2,1788.0
20260601.0,2030.0,46589.3,46661.1,46526.6,46629.8,1950.0
20260601.0,2045.0,46629.8,46722.8,46584.3,46717.7,1606.0
20260601.0,2100.0,46717.7,46737.9,46662.2,46683.4,1146.0
20260601.0,2115.0,46688.4,46688.4,46267.7,46367.8,7514.0
20260601.0,2130.0,46368.8,46491.1,46269.7,46365.8,5476.0
20260601.0,2145.0,46369.8,46670.2,46295.0,46559.0,9380.0
20260601.0,2200.0,46557.9,46637.8,46382.0,46382.0,5402.0
20260601.0,2215.0,46379.9,46660.0,46374.9,46600.4,6938.0
20260601.0,2230.0,46599.4,46735.9,46571.1,46686.4,7028.0
20260601.0,2245.0,46688.4,46822.9,46660.1,46752.1,5546.0
20260601.0,2300.0,46748.1,46791.5,46696.6,46730.9,3660.0
20260601.0,2315.0,46730.9,46837.0,46684.4,46809.8,4076.0
20260601.0,2330.0,46812.8,46890.6,46812.9,46874.5,2794.0
20260601.0,2345.0,46869.5,46988.8,46869.5,46968.6,5446.0
20260602.0,0.0,46968.6,46972.6,46905.9,46927.1,1390.0
20260602.0,15.0,46929.1,46993.8,46906.9,46913.0,2200.0
20260602.0,30.0,46909.9,46975.6,46865.5,46966.6,1378.0
20260602.0,45.0,46968.6,46983.7,46904.9,46922.1,1338.0
20260602.0,100.0,46921.0,47152.6,46890.7,47139.5,4336.0
20260602.0,115.0,47144.6,47183.0,47074.8,47131.4,2394.0
20260602.0,130.0,47127.4,47202.2,47082.9,47196.1,1518.0
20260602.0,145.0,47202.2,47280.0,47154.7,47246.7,2808.0
20260602.0,200.0,47251.8,47277.0,47232.6,47241.7,1412.0
20260602.0,215.0,47242.7,47246.7,47136.5,47157.7,1176.0
20260602.0,230.0,47156.7,47191.0,47112.3,47152.7,932.0
20260602.0,245.0,47153.7,47174.9,47121.4,47155.7,786.0
20260602.0,300.0,47149.6,47150.6,47064.7,47083.9,802.0
20260602.0,315.0,47075.8,47098.0,47003.0,47050.5,1252.0
20260602.0,330.0,47050.5,47065.6,46988.9,47019.2,648.0
20260602.0,345.0,47016.1,47055.5,46996.9,47044.4,552.0
20260602.0,400.0,47042.4,47063.6,46946.4,46954.4,1068.0
20260602.0,415.0,46963.5,47072.7,46902.9,47070.7,1394.0
20260602.0,430.0,47052.5,47067.6,47035.4,47053.5,350.0
20260602.0,445.0,47047.5,47103.0,47043.5,47091.0,346.0
20260602.0,500.0,47095.0,47095.0,47061.7,47077.8,570.0
20260602.0,900.0,46672.2,46756.1,46415.4,46595.4,12874.0
20260602.0,915.0,46588.3,46676.2,46348.6,46584.2,16808.0
20260602.0,930.0,46582.2,46582.2,46122.1,46390.0,14378.0
20260602.0,945.0,46393.1,46562.9,46262.7,46314.2,9194.0
20260602.0,1000.0,46309.1,46322.2,46103.9,46201.9,8300.0
20260602.0,1015.0,46203.9,46347.5,46148.4,46214.1,6214.0
20260602.0,1030.0,46207.0,46346.5,46183.8,46312.2,4452.0
20260602.0,1045.0,46314.2,46483.0,46310.2,46436.6,4320.0
20260602.0,1100.0,46435.6,46461.8,46221.2,46248.4,4536.0
20260602.0,1115.0,46249.5,46270.6,46162.5,46162.5,3818.0
20260602.0,1130.0,46164.5,46190.7,45851.0,45937.9,11804.0
20260602.0,1145.0,45941.0,46190.7,45867.2,46170.6,8126.0
20260602.0,1200.0,46163.5,46281.8,46144.3,46272.7,5796.0
20260602.0,1215.0,46273.7,46406.2,46246.5,46304.1,4666.0
20260602.0,1230.0,46304.1,46389.0,46247.5,46355.7,3078.0
20260602.0,1245.0,46342.5,46381.9,46292.0,46329.4,1970.0
20260602.0,1300.0,46330.4,46532.6,46322.3,46526.6,4786.0
20260602.0,1315.0,46520.5,46621.6,46472.0,46611.5,4916.0
20260602.0,1330.0,46614.6,46625.7,46525.6,46592.3,7002.0
20260602.0,1345.0,46594.4,46692.4,46594.4,46613.6,10268.0
20260602.0,1515.0,46773.4,46783.4,46705.7,46758.2,3188.0
20260602.0,1530.0,46755.2,46779.4,46722.9,46722.8,1182.0
20260602.0,1545.0,46721.8,46810.7,46713.7,46793.6,1614.0
20260602.0,1600.0,46799.7,46802.7,46753.2,46769.3,804.0
20260602.0,1615.0,46769.3,46859.3,46769.4,46825.0,1772.0
20260602.0,1630.0,46818.9,46854.2,46814.9,46822.9,918.0
20260602.0,1645.0,46821.9,46886.6,46819.9,46835.1,1188.0
20260602.0,1700.0,46832.0,46872.4,46829.1,46845.2,646.0
20260602.0,1715.0,46839.1,46842.1,46773.4,46788.5,1462.0
20260602.0,1730.0,46789.6,46859.3,46788.6,46820.9,1514.0
20260602.0,1745.0,46822.9,46923.0,46799.7,46898.8,1404.0
20260602.0,1800.0,46902.8,46920.0,46872.5,46884.6,848.0
20260602.0,1815.0,46881.6,46887.6,46830.1,46862.4,694.0
20260602.0,1830.0,46866.4,46895.7,46855.3,46861.4,404.0
20260602.0,1845.0,46868.4,46876.5,46819.9,46830.0,616.0
20260602.0,1900.0,46830.0,46847.2,46786.6,46834.1,1050.0
20260602.0,1915.0,46834.1,46868.4,46796.7,46838.1,634.0
20260602.0,1930.0,46845.2,46871.4,46821.0,46857.3,470.0
20260602.0,1945.0,46859.3,46901.8,46859.4,46877.6,816.0
20260602.0,2000.0,46878.6,46889.6,46864.5,46866.4,512.0
20260602.0,2015.0,46866.4,46907.8,46864.5,46877.6,532.0
20260602.0,2030.0,46877.6,46958.4,46860.4,46946.3,1614.0
20260602.0,2045.0,46946.3,46971.6,46904.9,46967.6,1414.0
20260602.0,2100.0,46969.6,46971.6,46886.7,46888.7,1030.0
20260602.0,2115.0,46888.7,46926.0,46738.0,46820.9,3714.0
20260602.0,2130.0,46817.9,46889.6,46798.7,46871.5,1498.0
20260602.0,2145.0,46874.5,47011.0,46759.3,46984.8,7928.0
20260602.0,2200.0,46985.8,47132.4,46985.8,47121.3,6392.0
20260602.0,2215.0,47123.3,47129.3,47051.6,47102.1,3112.0
20260602.0,2230.0,47097.0,47110.1,46951.4,46999.9,4354.0
20260602.0,2245.0,46995.9,47169.8,46993.9,47168.8,4032.0
20260602.0,2300.0,47166.8,47205.2,47122.4,47204.2,2716.0
20260602.0,2315.0,47204.2,47257.8,47180.0,47249.8,3234.0
20260602.0,2330.0,47250.8,47277.0,47236.7,47253.8,1814.0
20260602.0,2345.0,47251.8,47302.3,47231.6,47274.0,2352.0
20260603.0,0.0,47280.1,47305.3,47269.0,47298.3,1424.0
20260603.0,15.0,47298.3,47318.5,47221.5,47229.5,2566.0
20260603.0,30.0,47236.6,47248.7,47164.8,47169.9,1874.0
20260603.0,45.0,47169.9,47197.1,47135.5,47165.8,1462.0
20260603.0,100.0,47170.9,47227.5,47163.8,47214.4,1056.0
20260603.0,115.0,47216.4,47221.4,47167.9,47172.9,984.0
20260603.0,130.0,47170.9,47170.8,47089.0,47104.1,1610.0
20260603.0,145.0,47103.1,47142.5,47066.7,47098.0,1152.0
20260603.0,200.0,47102.1,47148.6,47099.1,47139.5,524.0
20260603.0,215.0,47142.5,47203.2,47139.6,47190.1,834.0
20260603.0,230.0,47189.1,47203.2,47161.8,47196.1,556.0
20260603.0,245.0,47197.2,47209.2,47153.7,47160.7,560.0
20260603.0,300.0,47158.7,47223.4,47139.6,47220.4,504.0
20260603.0,315.0,47221.4,47258.8,47220.5,47247.7,980.0
20260603.0,330.0,47248.7,47258.8,47208.3,47213.3,450.0
20260603.0,345.0,47208.3,47261.8,47208.3,47259.9,444.0
20260603.0,400.0,47262.9,47298.3,47257.9,47292.2,998.0
20260603.0,415.0,47293.2,47293.2,47228.6,47256.8,604.0
20260603.0,430.0,47261.9,47263.9,47224.5,47233.6,238.0
20260603.0,445.0,47229.5,47253.8,47218.5,47227.5,202.0
20260603.0,500.0,47230.5,47237.6,47208.3,47219.4,396.0
20260603.0,900.0,47251.8,47437.8,47242.7,47380.2,8834.0
20260603.0,915.0,47384.3,47393.3,47235.6,47254.8,11328.0
20260603.0,930.0,47260.9,47401.4,47215.4,47398.4,6622.0
20260603.0,945.0,47399.4,47530.9,47228.6,47325.6,13450.0
20260603.0,1000.0,47322.6,47430.8,47081.9,47421.7,10564.0
20260603.0,1015.0,47422.7,47477.3,47334.8,47412.6,5208.0
20260603.0,1030.0,47407.5,47458.1,47197.2,47230.5,5738.0
20260603.0,1045.0,47237.6,47316.5,47164.8,47212.3,5160.0
20260603.0,1100.0,47215.4,47287.1,47187.1,47287.2,3570.0
20260603.0,1115.0,47287.2,47307.4,47230.6,47241.7,2988.0
20260603.0,1130.0,47250.8,47379.2,47234.6,47284.1,3378.0
20260603.0,1145.0,47288.2,47365.0,47288.2,47348.9,2636.0
20260603.0,1200.0,47347.9,47372.1,47242.7,47285.2,3304.0
20260603.0,1215.0,47289.2,47344.8,47259.9,47298.3,2066.0
20260603.0,1230.0,47297.3,47320.5,47263.0,47315.5,1642.0
20260603.0,1245.0,47315.5,47427.7,47297.3,47403.5,3900.0
20260603.0,1300.0,47398.4,47410.5,47287.2,47298.3,2926.0
20260603.0,1315.0,47295.3,47374.1,47212.4,47342.8,4506.0
20260603.0,1330.0,47342.8,47408.5,47317.6,47357.0,4942.0
20260603.0,1345.0,47356.0,47433.8,47312.5,47403.5,9784.0
20260603.0,1515.0,47324.6,47525.8,47299.4,47478.3,4086.0
20260603.0,1530.0,47484.4,47499.5,47346.9,47346.9,2128.0
20260603.0,1545.0,47347.9,47388.3,47334.8,47350.9,1488.0
20260603.0,1600.0,47353.9,47422.7,47349.9,47421.7,1240.0
20260603.0,1615.0,47420.7,47437.8,47319.6,47397.4,2266.0
20260603.0,1630.0,47396.4,47406.5,47327.7,47397.4,1262.0
20260603.0,1645.0,47399.4,47399.4,47309.5,47335.7,1222.0
20260603.0,1700.0,47334.7,47357.9,47317.6,47344.8,554.0
20260603.0,1715.0,47345.8,47388.3,47324.7,47380.2,960.0
20260603.0,1730.0,47380.2,47424.7,47372.2,47415.6,1184.0
20260603.0,1745.0,47408.5,47408.5,47370.2,47391.4,528.0
20260603.0,1800.0,47392.4,47392.3,47340.8,47346.9,762.0
20260603.0,1815.0,47344.8,47468.2,47324.7,47404.5,3038.0
20260603.0,1830.0,47400.5,47400.4,47355.0,47388.3,690.0
20260603.0,1845.0,47386.3,47411.5,47340.8,47341.8,728.0
20260603.0,1900.0,47342.8,47362.0,47332.7,47352.9,750.0
20260603.0,1915.0,47353.9,47372.1,47324.7,47339.8,786.0
20260603.0,1930.0,47336.7,47341.7,47252.8,47293.2,2370.0
20260603.0,1945.0,47299.3,47329.6,47293.3,47308.4,574.0
20260603.0,2000.0,47306.4,47333.7,47297.3,47324.6,516.0
20260603.0,2015.0,47320.6,47369.1,47313.5,47348.9,924.0
20260603.0,2030.0,47353.9,47354.9,47258.9,47294.3,1436.0
20260603.0,2045.0,47287.2,47288.1,47136.5,47212.3,4016.0
20260603.0,2100.0,47217.4,47247.7,47182.0,47213.3,1342.0
20260603.0,2115.0,47211.3,47268.9,47211.4,47250.8,1118.0
20260603.0,2130.0,47255.8,47291.2,47234.6,47284.1,1256.0
20260603.0,2145.0,47290.2,47337.7,47036.4,47048.5,9172.0
20260603.0,2200.0,47052.5,47088.9,46866.5,46993.9,10566.0
20260603.0,2215.0,46996.9,47122.3,46967.6,47119.3,5708.0
20260603.0,2230.0,47116.2,47178.9,47062.7,47165.8,4930.0
20260603.0,2245.0,47160.7,47189.0,47094.0,47124.3,3370.0
20260603.0,2300.0,47129.4,47185.0,47098.1,47126.4,2730.0
20260603.0,2315.0,47126.4,47207.2,47124.4,47159.7,3174.0
20260603.0,2330.0,47162.8,47215.3,47075.8,47162.8,3512.0
20260603.0,2345.0,47155.7,47188.0,47059.7,47064.7,2460.0
20260604.0,0.0,47074.8,47108.1,47015.2,47083.9,2328.0
20260604.0,15.0,47086.9,47126.3,47068.8,47117.3,1320.0
20260604.0,30.0,47111.2,47111.1,46969.6,47014.1,2268.0
20260604.0,45.0,47025.2,47061.6,46962.6,46998.9,1648.0
20260604.0,100.0,47003.0,47110.1,46998.0,47110.2,1776.0
20260604.0,115.0,47109.2,47141.5,47054.6,47060.6,1542.0
20260604.0,130.0,47066.7,47107.1,47044.5,47103.1,546.0
20260604.0,145.0,47101.1,47136.4,47068.8,47131.4,692.0
20260604.0,200.0,47136.5,47255.8,47128.4,47245.7,2370.0
20260604.0,215.0,47246.7,47268.9,47199.2,47209.3,1252.0
20260604.0,230.0,47211.3,47281.1,47177.0,47280.1,1064.0
20260604.0,245.0,47276.1,47289.2,47219.5,47230.5,646.0
20260604.0,300.0,47240.7,47260.8,47211.4,47233.6,406.0
20260604.0,315.0,47235.6,47268.9,47210.4,47228.5,454.0
20260604.0,330.0,47215.4,47260.8,47178.0,47209.3,476.0
20260604.0,345.0,47209.3,47274.0,47208.3,47260.9,380.0
20260604.0,400.0,47254.8,47278.0,47183.1,47198.2,768.0
20260604.0,415.0,47197.2,47205.2,47152.7,47165.8,608.0
20260604.0,430.0,47171.9,47173.8,47091.0,47098.0,820.0
20260604.0,445.0,47099.1,47106.1,47001.0,47003.0,694.0
20260604.0,500.0,47009.0,47081.8,47006.1,47068.7,684.0
20260604.0,900.0,47036.3,47041.4,46842.2,46903.8,10282.0
20260604.0,915.0,46908.9,47112.2,46884.7,46982.7,11534.0
20260604.0,930.0,46986.8,47028.2,46859.4,46975.7,7188.0
20260604.0,945.0,46974.6,47107.1,46866.5,46876.5,7444.0
20260604.0,1000.0,46879.6,46937.2,46743.1,46829.0,10190.0
20260604.0,1015.0,46835.1,46874.5,46706.7,46712.7,8244.0
20260604.0,1030.0,46711.7,46919.0,46667.2,46843.2,8006.0
20260604.0,1045.0,46840.1,46870.4,46739.0,46816.9,3784.0
20260604.0,1100.0,46816.9,46872.4,46774.4,46813.8,2978.0
20260604.0,1115.0,46807.8,47006.0,46805.8,46972.6,5004.0
20260604.0,1130.0,46973.6,47075.7,46945.4,47068.7,3680.0
20260604.0,1145.0,47070.7,47119.2,46938.3,46952.4,4770.0
20260604.0,1200.0,46947.3,47011.0,46905.9,47011.1,3152.0
20260604.0,1215.0,47013.1,47017.1,46957.5,47017.1,1958.0
20260604.0,1230.0,47019.2,47076.8,47008.1,47013.1,2650.0
20260604.0,1245.0,47014.1,47061.6,46995.9,47027.2,1958.0
20260604.0,1300.0,47029.3,47089.9,47016.2,47089.9,2550.0
20260604.0,1315.0,47085.9,47085.9,46895.8,46945.3,4680.0
20260604.0,1330.0,46945.3,46961.4,46752.2,46804.7,6950.0
20260604.0,1345.0,46806.8,46872.4,46718.8,46822.9,11990.0
20260604.0,1515.0,46901.8,46922.0,46781.5,46844.2,3394.0
20260604.0,1530.0,46843.2,46852.2,46741.1,46844.2,2538.0
20260604.0,1545.0,46835.1,46891.7,46814.9,46821.9,1558.0
20260604.0,1600.0,46820.9,46836.0,46784.5,46817.9,742.0
20260604.0,1615.0,46811.8,46811.8,46430.6,46436.6,6918.0
20260604.0,1630.0,46433.5,46475.0,46287.9,46391.1,7552.0
20260604.0,1645.0,46391.1,46433.5,46343.6,46392.1,2548.0
20260604.0,1700.0,46391.1,46400.1,46298.1,46310.1,2122.0
20260604.0,1715.0,46308.1,46313.1,46113.0,46122.0,5542.0
20260604.0,1730.0,46114.9,46210.0,46072.5,46196.9,3996.0
20260604.0,1745.0,46191.8,46262.6,46172.6,46246.4,2156.0
20260604.0,1800.0,46245.4,46367.7,46242.4,46311.2,3476.0
20260604.0,1815.0,46306.1,46326.3,46264.7,46281.8,1298.0
20260604.0,1830.0,46282.8,46287.8,46167.6,46177.6,1972.0
20260604.0,1845.0,46178.7,46204.9,46125.1,46147.3,1620.0
20260604.0,1900.0,46146.3,46188.7,46078.6,46180.7,2124.0
20260604.0,1915.0,46184.7,46237.3,46171.6,46190.8,1538.0
20260604.0,1930.0,46194.8,46274.7,46191.9,46260.6,1424.0
20260604.0,1945.0,46264.6,46267.6,46105.9,46139.2,2020.0
20260604.0,2000.0,46145.3,46257.5,46136.2,46251.5,1352.0
20260604.0,2015.0,46251.5,46257.5,46163.5,46181.7,1320.0
20260604.0,2030.0,46182.7,46212.0,46162.5,46210.0,860.0
20260604.0,2045.0,46210.0,46351.6,46210.1,46346.6,2972.0
20260604.0,2100.0,46346.6,46384.9,46307.2,46331.4,1696.0
20260604.0,2115.0,46329.4,46351.6,46286.9,46339.5,1184.0
20260604.0,2130.0,46336.4,46377.9,46265.7,46269.7,1494.0
20260604.0,2145.0,46275.8,46462.8,46191.9,46206.0,8470.0
20260604.0,2200.0,46210.0,46311.1,46109.9,46150.3,6870.0
20260604.0,2215.0,46154.4,46233.2,45995.6,46205.0,8688.0
20260604.0,2230.0,46202.9,46392.0,46197.9,46388.0,5818.0
20260604.0,2245.0,46388.0,46400.1,46284.9,46286.9,4216.0
20260604.0,2300.0,46285.9,46515.4,46285.9,46512.4,4828.0
20260604.0,2315.0,46511.4,46687.4,46456.8,46677.3,6460.0
20260604.0,2330.0,46674.3,46719.7,46651.0,46676.3,3860.0
20260604.0,2345.0,46680.3,46756.1,46652.1,46708.6,3972.0
20260605.0,0.0,46707.6,46712.6,46605.5,46707.6,3446.0
20260605.0,15.0,46708.6,46733.9,46675.3,46703.6,1914.0
20260605.0,30.0,46702.6,46879.5,46700.6,46832.0,3990.0
20260605.0,45.0,46833.0,46834.0,46746.1,46816.9,2106.0
20260605.0,100.0,46813.8,46847.2,46790.6,46828.0,1388.0
20260605.0,115.0,46828.0,46836.0,46757.2,46788.5,1286.0
20260605.0,130.0,46798.7,46854.2,46768.4,46846.2,994.0
20260605.0,145.0,46849.2,46913.9,46844.2,46904.9,1630.0
20260605.0,200.0,46907.9,46980.7,46883.7,46970.6,1750.0
20260605.0,215.0,46969.6,47043.4,46966.6,47012.1,1826.0
20260605.0,230.0,47009.0,47018.1,46961.5,46999.9,830.0
20260605.0,245.0,47000.9,47015.1,46975.7,47004.0,624.0
20260605.0,300.0,47000.9,47061.6,46992.9,47005.0,1020.0
20260605.0,315.0,47010.0,47069.7,47003.0,47019.2,692.0
20260605.0,330.0,47019.2,47050.5,46980.8,47049.5,538.0
20260605.0,345.0,47049.5,47081.8,47015.2,47020.2,702.0
20260605.0,400.0,47022.2,47027.2,46931.2,46943.3,1162.0
20260605.0,415.0,46949.4,46959.4,46850.3,46880.6,1126.0
20260605.0,430.0,46873.5,46875.5,46805.8,46829.0,616.0
20260605.0,445.0,46834.1,46849.2,46804.8,46834.1,370.0
20260605.0,500.0,46836.1,46872.4,46808.8,46871.5,624.0
20260605.0,900.0,46189.8,46237.3,45942.0,46065.4,15888.0
20260605.0,915.0,46065.4,46249.4,45623.4,45663.8,19310.0
20260605.0,930.0,45663.8,45708.3,45165.3,45450.4,23486.0
20260605.0,945.0,45450.4,45817.5,45449.5,45711.4,14178.0
20260605.0,1000.0,45718.5,45994.5,45704.3,45963.2,10478.0
20260605.0,1015.0,45966.3,46084.5,45864.2,45979.4,7646.0
20260605.0,1030.0,45981.4,46296.9,45977.4,46247.4,9118.0
20260605.0,1045.0,46244.4,46308.1,46042.2,46148.3,9226.0
20260605.0,1100.0,46150.3,46167.5,46036.1,46076.5,4516.0
20260605.0,1115.0,46078.5,46171.5,46046.2,46091.7,3574.0
20260605.0,1130.0,46098.8,46163.4,45922.8,45930.9,4570.0
20260605.0,1145.0,45936.9,46031.9,45859.1,45911.6,5906.0
20260605.0,1200.0,45909.6,45936.9,45660.9,45785.2,7824.0
20260605.0,1215.0,45788.2,45812.5,45656.8,45764.0,5186.0
20260605.0,1230.0,45757.9,45800.3,45684.1,45702.3,4918.0
20260605.0,1245.0,45705.3,45854.9,45626.5,45722.5,9088.0
20260605.0,1300.0,45715.4,45834.7,45708.4,45759.9,5294.0
20260605.0,1315.0,45754.9,45773.0,45665.9,45694.2,5324.0
20260605.0,1330.0,45695.2,45829.7,45680.1,45710.4,7462.0
20260605.0,1345.0,45711.4,45904.5,45691.2,45727.6,15734.0
20260605.0,1515.0,45616.3,45679.0,45521.3,45592.0,4994.0
20260605.0,1530.0,45594.1,45764.9,45550.6,45749.8,3146.0
20260605.0,1545.0,45738.7,45802.4,45644.7,45668.9,2826.0
20260605.0,1600.0,45670.9,45675.9,45584.0,45596.1,2502.0
20260605.0,1615.0,45598.1,45619.3,45424.2,45482.8,4704.0
20260605.0,1630.0,45483.8,45736.6,45457.6,45736.7,3758.0
20260605.0,1645.0,45736.7,45751.8,45617.4,45629.5,2426.0
20260605.0,1700.0,45630.5,45659.7,45597.1,45641.6,908.0
20260605.0,1715.0,45635.5,45809.4,45603.2,45790.3,3730.0
20260605.0,1730.0,45794.3,45828.7,45663.9,45676.0,2742.0
20260605.0,1745.0,45679.0,45685.0,45596.1,45632.5,1738.0
20260605.0,1800.0,45633.5,45711.3,45631.5,45663.8,958.0
20260605.0,1815.0,45655.7,45710.3,45651.8,45703.3,670.0
20260605.0,1830.0,45702.3,45760.9,45696.3,45743.7,1034.0
20260605.0,1845.0,45741.7,45767.0,45709.4,45746.8,726.0
20260605.0,1900.0,45743.7,45746.7,45707.4,45728.6,404.0
20260605.0,1915.0,45719.5,45733.6,45644.7,45644.6,1072.0
20260605.0,1930.0,45656.8,45660.8,45547.6,45659.8,2150.0
20260605.0,1945.0,45651.7,45665.8,45594.1,45599.1,876.0
20260605.0,2000.0,45598.1,45605.1,45519.3,45527.3,1326.0
20260605.0,2015.0,45526.3,45534.3,45448.5,45469.6,2444.0
20260605.0,2030.0,45469.6,45534.3,45454.5,45481.8,1220.0
20260605.0,2045.0,45493.9,45546.5,45217.9,45362.4,6732.0
20260605.0,2100.0,45365.5,45392.7,45172.3,45197.6,3992.0
20260605.0,2115.0,45196.6,45216.7,45102.5,45174.3,4240.0
20260605.0,2130.0,45170.3,45203.6,44983.2,45038.8,6560.0
20260605.0,2145.0,45033.7,45140.9,44850.7,44873.9,11086.0
20260605.0,2200.0,44869.9,44958.8,44715.2,44716.1,8076.0
20260605.0,2215.0,44720.2,44929.5,44705.1,44905.3,7482.0
20260605.0,2230.0,44902.2,44952.8,44746.5,44778.8,4816.0
20260605.0,2245.0,44781.9,45051.9,44771.8,44947.8,5692.0
20260605.0,2300.0,44953.8,45006.4,44904.3,44971.0,3050.0
20260605.0,2315.0,44978.1,44983.1,44713.1,44713.1,4928.0
20260605.0,2330.0,44712.1,44832.4,44710.1,44794.0,3318.0
20260605.0,2345.0,44794.0,44853.6,44635.3,44736.4,5000.0
20260606.0,0.0,44734.3,44768.7,44659.5,44689.8,2478.0
20260606.0,15.0,44681.7,44689.8,44508.8,44551.3,5252.0
20260606.0,30.0,44554.3,44578.5,44485.6,44498.7,3350.0
20260606.0,45.0,44497.7,44503.7,44297.5,44321.7,6890.0
20260606.0,100.0,44327.7,44512.8,44259.0,44454.2,5630.0
20260606.0,115.0,44460.2,44475.4,44311.6,44359.1,2798.0
20260606.0,130.0,44359.1,44412.7,44268.1,44383.4,2976.0
20260606.0,145.0,44377.3,44488.5,44287.3,44293.4,2990.0
20260606.0,200.0,44297.4,44380.3,44297.5,44367.2,1536.0
20260606.0,215.0,44374.3,44384.3,44132.6,44136.6,3010.0
20260606.0,230.0,44134.6,44158.8,44023.4,44064.8,3624.0
20260606.0,245.0,44066.8,44093.0,43895.9,44003.1,3516.0
20260606.0,300.0,43996.0,44006.1,43827.1,43923.2,5202.0
20260606.0,315.0,43920.1,43944.4,43499.4,43531.8,5306.0
20260606.0,330.0,43538.8,43758.3,43425.6,43749.2,5634.0
20260606.0,345.0,43748.2,43774.4,43573.3,43666.3,2836.0
20260606.0,400.0,43662.2,43782.5,43536.9,43562.1,4296.0
20260606.0,415.0,43564.1,43567.1,42902.7,42941.1,8664.0
20260606.0,430.0,42926.9,42941.0,42614.4,42614.4,6040.0
20260606.0,445.0,42629.6,43390.1,41245.0,42450.5,8364.0
20260606.0,500.0,42469.8,42973.4,42397.0,42702.4,3562.0
20260608.0,900.0,42827.8,43185.8,42707.5,43093.8,24604.0
20260608.0,915.0,43098.9,43848.3,42984.6,43789.7,33886.0
20260608.0,930.0,43788.7,43794.7,43168.7,43223.3,20356.0
20260608.0,945.0,43224.3,43541.8,43110.0,43518.6,13364.0
20260608.0,1000.0,43516.6,43742.1,43393.2,43709.8,8590.0
20260608.0,1015.0,43718.9,44040.5,43698.7,43992.0,11694.0
20260608.0,1030.0,43983.9,44044.5,43764.4,44004.1,7272.0
20260608.0,1045.0,44006.1,44006.1,43784.7,43944.4,5726.0
20260608.0,1100.0,43939.4,44097.1,43932.3,43994.0,6942.0
20260608.0,1115.0,44000.0,44113.3,43871.6,43932.3,6484.0
20260608.0,1130.0,43930.3,44086.0,43794.8,44038.5,5786.0
20260608.0,1145.0,44044.5,44153.7,44029.4,44088.0,4742.0
20260608.0,1200.0,44095.1,44108.2,43999.1,44039.5,3796.0
20260608.0,1215.0,44033.4,44081.9,43887.8,43968.7,5510.0
20260608.0,1230.0,43970.7,44026.3,43786.7,43851.4,5644.0
20260608.0,1245.0,43852.4,43945.4,43739.1,43754.3,5848.0
20260608.0,1300.0,43756.3,43935.3,43741.2,43854.4,6374.0
20260608.0,1315.0,43855.4,44045.5,43855.5,43913.1,6226.0
20260608.0,1330.0,43916.1,43978.8,43749.3,43783.6,7056.0
20260608.0,1345.0,43789.7,43826.0,43483.3,43572.2,26676.0
20260608.0,1515.0,43782.6,44094.1,43708.8,44039.5,6410.0
20260608.0,1530.0,44037.5,44260.9,44008.2,44217.5,6046.0
20260608.0,1545.0,44223.6,44236.7,44121.5,44192.2,2962.0
20260608.0,1600.0,44191.2,44337.8,44176.1,44287.3,3738.0
20260608.0,1615.0,44280.2,44312.5,44160.9,44229.6,3562.0
20260608.0,1630.0,44222.6,44296.3,44186.2,44246.8,1364.0
20260608.0,1645.0,44240.8,44329.7,44105.3,44166.9,2872.0
20260608.0,1700.0,44170.0,44221.5,44088.1,44143.7,2326.0
20260608.0,1715.0,44153.8,44224.5,44078.0,44180.1,1720.0
20260608.0,1730.0,44185.1,44239.7,44166.0,44181.1,1196.0
20260608.0,1745.0,44172.0,44292.3,44107.3,44285.3,2244.0
20260608.0,1800.0,44284.3,44388.4,44267.1,44374.3,2742.0
20260608.0,1815.0,44376.3,44381.3,44249.9,44312.6,1868.0
20260608.0,1830.0,44312.6,44322.6,44218.6,44265.0,1324.0
20260608.0,1845.0,44264.0,44370.2,44260.0,44351.0,2622.0
20260608.0,1900.0,44355.1,44357.0,44256.0,44271.1,1540.0
20260608.0,1915.0,44268.1,44504.7,44236.8,44504.7,3536.0
20260608.0,1930.0,44501.7,44580.6,44498.7,44573.5,3244.0
20260608.0,1945.0,44579.6,44644.3,44572.6,44597.8,2346.0
20260608.0,2000.0,44594.8,44605.8,44529.1,44567.5,1798.0
20260608.0,2015.0,44567.5,44609.9,44524.0,44577.6,1732.0
20260608.0,2030.0,44578.6,44618.0,44559.4,44590.7,1056.0
20260608.0,2045.0,44595.8,44631.1,44541.2,44603.9,1820.0
20260608.0,2100.0,44604.9,44656.4,44583.7,44654.4,2402.0
20260608.0,2115.0,44656.5,44689.8,44613.0,44651.4,2890.0
20260608.0,2130.0,44654.4,44670.6,44575.6,44584.6,2120.0
20260608.0,2145.0,44584.6,44730.2,44409.7,44648.4,9686.0
20260608.0,2200.0,44647.4,44740.4,44355.1,44357.1,7006.0
20260608.0,2215.0,44364.2,44536.1,44307.6,44498.7,7566.0
20260608.0,2230.0,44497.7,44630.1,44353.1,44607.9,5250.0
20260608.0,2245.0,44607.9,44764.6,44583.7,44627.1,7214.0
20260608.0,2300.0,44623.1,44715.1,44611.0,44681.7,3352.0
20260608.0,2315.0,44682.8,44780.8,44659.5,44711.1,3854.0
20260608.0,2330.0,44711.1,44794.0,44630.2,44644.3,3538.0
20260608.0,2345.0,44647.4,44672.6,44463.3,44671.6,4558.0
20260609.0,0.0,44669.6,44688.8,44506.8,44544.2,2518.0
20260609.0,15.0,44543.2,44647.3,44538.2,44615.0,2298.0
20260609.0,30.0,44618.0,44715.1,44599.9,44601.8,2218.0
20260609.0,45.0,44608.9,44643.3,44578.6,44619.0,1464.0
20260609.0,100.0,44632.2,44678.7,44608.0,44607.9,1046.0
20260609.0,115.0,44605.9,44619.0,44401.6,44480.5,2900.0
20260609.0,130.0,44488.6,44569.4,44388.5,44569.5,2242.0
20260609.0,145.0,44564.4,44580.6,44432.0,44431.9,1300.0
20260609.0,200.0,44436.0,44567.4,44435.0,44507.8,1158.0
20260609.0,215.0,44520.9,44646.3,44521.0,44586.7,1220.0
20260609.0,230.0,44588.7,44619.0,44576.6,44601.8,510.0
20260609.0,245.0,44616.0,44637.2,44517.9,44529.0,734.0
20260609.0,300.0,44527.0,44573.5,44513.9,44526.0,436.0
20260609.0,315.0,44526.0,44571.5,44403.7,44407.6,1080.0
20260609.0,330.0,44414.7,44453.1,44287.3,44394.5,2016.0
20260609.0,345.0,44401.6,44520.9,44377.4,44386.4,1126.0
20260609.0,400.0,44384.4,44529.0,44381.4,44463.3,1304.0
20260609.0,415.0,44468.3,44497.6,44379.4,44472.4,1116.0
20260609.0,430.0,44481.5,44481.4,44427.9,44466.3,390.0
20260609.0,445.0,44467.3,44494.6,44455.2,44494.6,228.0
20260609.0,500.0,44496.7,44525.9,44482.5,44501.7,556.0
20260609.0,900.0,44159.9,44330.7,44049.7,44279.2,12460.0
20260609.0,915.0,44279.2,44462.2,44224.6,44363.1,14774.0
20260609.0,930.0,44361.1,44591.7,44112.4,44471.4,14758.0
20260609.0,945.0,44472.4,44733.3,44377.4,44594.8,11640.0
20260609.0,1000.0,44596.8,44749.5,44580.7,44712.1,6580.0
20260609.0,1015.0,44709.1,44856.7,44681.8,44818.3,6746.0
20260609.0,1030.0,44819.3,44866.8,44698.0,44799.1,6434.0
20260609.0,1045.0,44795.0,44913.3,44756.6,44909.3,6752.0
20260609.0,1100.0,44913.4,44976.0,44828.5,44907.3,6346.0
20260609.0,1115.0,44904.3,44948.7,44845.6,44948.8,3768.0
20260609.0,1130.0,44948.8,45060.0,44943.8,45045.9,6156.0
20260609.0,1145.0,45045.9,45170.2,45019.6,45155.1,5640.0
20260609.0,1200.0,45151.0,45199.5,45067.1,45102.5,5540.0
20260609.0,1215.0,45101.5,45124.7,45032.8,45073.2,3456.0
20260609.0,1230.0,45075.2,45160.1,45016.6,45158.1,4504.0
20260609.0,1245.0,45160.1,45226.9,45102.5,45107.6,4664.0
20260609.0,1300.0,45111.6,45169.2,45110.6,45141.9,3260.0
20260609.0,1315.0,45146.0,45197.5,45114.7,45144.0,3924.0
20260609.0,1330.0,45145.0,45147.0,45046.9,45052.9,6000.0
20260609.0,1345.0,45052.9,45261.2,45027.7,45175.3,14744.0
20260609.0,1515.0,45210.7,45404.9,45196.6,45335.1,6514.0
20260609.0,1530.0,45336.1,45349.2,45112.7,45171.3,4344.0
20260609.0,1545.0,45176.3,45182.4,45037.8,45112.6,3060.0
20260609.0,1600.0,45110.6,45168.2,45017.6,45057.0,2120.0
20260609.0,1615.0,45060.0,45143.9,44912.4,45130.8,4830.0
20260609.0,1630.0,45123.7,45130.8,45048.9,45108.6,1128.0
20260609.0,1645.0,45113.6,45217.8,45069.2,45190.5,2574.0
20260609.0,1700.0,45190.5,45217.8,45150.1,45199.6,1998.0
20260609.0,1715.0,45195.5,45310.8,45195.6,45241.1,2246.0
20260609.0,1730.0,45244.1,45288.6,45243.1,45274.4,1010.0
20260609.0,1745.0,45278.5,45291.6,45170.3,45253.2,1178.0
20260609.0,1800.0,45247.1,45306.8,45245.2,45271.4,1088.0
20260609.0,1815.0,45271.4,45344.2,45048.9,45230.9,4294.0
20260609.0,1830.0,45234.0,45237.0,45143.0,45208.7,1294.0
20260609.0,1845.0,45207.7,45207.6,45052.0,45117.7,1426.0
20260609.0,1900.0,45115.6,45188.4,45063.1,45171.3,1286.0
20260609.0,1915.0,45163.2,45210.7,45160.2,45196.6,990.0
20260609.0,1930.0,45191.5,45240.0,45157.2,45229.9,1012.0
20260609.0,1945.0,45220.8,45247.1,45198.6,45221.8,580.0
20260609.0,2000.0,45222.9,45230.9,45155.1,45158.1,704.0
20260609.0,2015.0,45157.1,45190.4,45114.7,45126.8,888.0
20260609.0,2030.0,45120.7,45152.0,45089.4,45136.9,958.0
20260609.0,2045.0,45138.9,45214.7,45132.9,45154.1,1162.0
20260609.0,2100.0,45150.0,45216.7,45111.7,45210.7,1128.0
20260609.0,2115.0,45208.7,45288.6,45190.5,45228.9,2040.0
20260609.0,2130.0,45227.9,45259.2,45146.0,45225.9,1862.0
20260609.0,2145.0,45223.9,45394.8,45191.6,45296.7,9882.0
20260609.0,2200.0,45301.7,45587.9,45220.9,45234.0,10566.0
20260609.0,2215.0,45232.0,45249.1,44849.7,44927.5,13482.0
20260609.0,2230.0,44930.6,45039.7,44753.6,44894.1,11930.0
20260609.0,2245.0,44896.2,44907.2,44548.3,44596.8,7430.0
20260609.0,2300.0,44591.7,44667.5,44383.4,44646.3,12496.0
20260609.0,2315.0,44639.3,44684.7,44487.6,44650.4,7040.0
20260609.0,2330.0,44645.3,44669.6,43944.5,43961.6,11054.0
20260609.0,2345.0,43961.6,44249.8,43872.7,44104.2,13238.0
20260610.0,0.0,44115.3,44198.2,43610.7,43668.3,8724.0
20260610.0,15.0,43664.3,43943.4,43494.4,43522.7,9946.0
20260610.0,30.0,43512.5,43541.8,43128.2,43431.6,12250.0
20260610.0,45.0,43415.4,43485.2,42817.7,43159.6,10058.0
20260610.0,100.0,43153.5,43387.1,42988.7,43382.1,5428.0
20260610.0,115.0,43382.1,43781.5,43337.6,43697.6,8658.0
20260610.0,130.0,43689.5,44003.0,43626.9,43772.5,10612.0
20260610.0,145.0,43774.5,43993.9,43674.4,43863.5,4358.0
20260610.0,200.0,43864.5,43928.2,43647.1,43841.3,3450.0
20260610.0,215.0,43863.5,43935.3,43775.6,43890.8,2164.0
20260610.0,230.0,43891.8,44110.2,43845.3,44096.1,3214.0
20260610.0,245.0,44088.0,44290.3,44079.0,44101.2,3504.0
20260610.0,300.0,44101.2,44351.0,44101.2,44319.7,1770.0
20260610.0,315.0,44315.6,44370.2,44100.2,44118.4,2024.0
20260610.0,330.0,44120.4,44217.5,43940.4,44188.2,2908.0
20260610.0,345.0,44186.1,44227.6,44018.3,44068.8,1602.0
20260610.0,400.0,44089.1,44300.4,44027.4,44285.3,2010.0
20260610.0,415.0,44282.2,44314.5,44184.2,44242.8,962.0
20260610.0,430.0,44233.7,44307.5,44233.7,44292.3,368.0
20260610.0,445.0,44291.3,44356.0,44270.1,44323.7,396.0
20260610.0,500.0,44339.9,44379.3,44303.5,44379.3,520.0
20260610.0,900.0,44339.9,44598.8,44221.6,44595.8,12498.0
20260610.0,915.0,44597.8,44925.4,44479.5,44884.0,16320.0
20260610.0,930.0,44883.0,44989.2,44665.6,44813.2,13274.0
20260610.0,945.0,44813.2,44870.8,44561.4,44584.6,10432.0
20260610.0,1000.0,44584.6,44712.0,44414.8,44473.4,10966.0
20260610.0,1015.0,44475.4,44552.2,44121.5,44410.7,12290.0
20260610.0,1030.0,44414.7,44497.6,44306.6,44451.1,7832.0
20260610.0,1045.0,44457.2,44525.9,44354.1,44469.3,5358.0
20260610.0,1100.0,44470.4,44536.1,44229.7,44265.0,7812.0
20260610.0,1115.0,44262.0,44546.2,44256.0,44513.8,5768.0
20260610.0,1130.0,44519.9,44674.6,44439.1,44487.6,7858.0
20260610.0,1145.0,44489.6,44496.6,44277.2,44297.4,4974.0
20260610.0,1200.0,44292.3,44396.5,44270.1,44357.1,5318.0
20260610.0,1215.0,44360.1,44389.4,44000.1,44061.7,11180.0
20260610.0,1230.0,44063.8,44175.0,44035.5,44065.8,7300.0
20260610.0,1245.0,44063.8,44068.8,43800.8,43855.4,10582.0
20260610.0,1300.0,43856.4,43993.9,43811.0,43917.1,7762.0
20260610.0,1315.0,43911.0,44034.4,43849.4,43910.0,7198.0
20260610.0,1330.0,43904.0,43923.1,43618.8,43896.9,12202.0
20260610.0,1345.0,43893.8,43940.3,43743.2,43918.1,17004.0
20260610.0,1515.0,44086.0,44270.0,43908.1,43982.9,8288.0
20260610.0,1530.0,43981.8,44031.3,43855.5,43963.6,2976.0
20260610.0,1545.0,43966.7,44022.2,43881.8,43931.3,1258.0
20260610.0,1600.0,43930.3,43977.7,43877.7,43946.4,938.0
20260610.0,1615.0,43950.5,43956.5,43629.9,43673.4,5418.0
20260610.0,1630.0,43681.4,43755.2,43644.1,43704.7,2422.0
20260610.0,1645.0,43715.8,43771.4,43426.6,43449.8,3708.0
20260610.0,1700.0,43451.9,43506.4,43274.9,43338.6,4712.0
20260610.0,1715.0,43334.5,43341.6,43056.4,43061.4,4788.0
20260610.0,1730.0,43061.4,43271.8,43044.3,43268.8,3854.0
20260610.0,1745.0,43266.8,43355.7,43208.1,43238.4,3456.0
20260610.0,1800.0,43238.4,43309.2,43191.0,43305.2,1706.0
20260610.0,1815.0,43309.2,43317.3,43123.2,43124.2,1830.0
20260610.0,1830.0,43128.2,43192.9,42989.7,43172.7,3512.0
20260610.0,1845.0,43167.6,43346.6,43154.5,43345.7,2726.0
20260610.0,1900.0,43345.7,43465.0,43317.4,43459.9,4158.0
20260610.0,1915.0,43465.0,43513.5,42956.3,43212.1,6928.0
20260610.0,1930.0,43217.2,43314.2,43047.3,43100.9,3366.0
20260610.0,1945.0,43097.9,43129.2,42945.2,43001.8,2856.0
20260610.0,2000.0,42987.6,43153.4,42947.2,43073.6,1764.0
20260610.0,2015.0,43069.5,43216.1,43041.3,43101.9,1952.0
20260610.0,2030.0,43099.9,43266.7,43055.4,43238.4,1916.0
20260610.0,2045.0,43249.6,44022.2,43249.6,43804.8,16424.0
20260610.0,2100.0,43794.7,43891.8,43689.6,43699.7,3634.0
20260610.0,2115.0,43710.8,43789.6,43564.2,43737.1,3634.0
20260610.0,2130.0,43731.0,43820.0,43678.5,43722.9,2252.0
20260610.0,2145.0,43727.0,44114.3,43495.4,44108.3,14656.0
20260610.0,2200.0,44111.3,44268.0,43899.0,43971.7,11632.0
20260610.0,2215.0,43975.8,44244.8,43825.1,44140.6,6936.0
20260610.0,2230.0,44137.6,44365.1,44040.6,44305.5,7882.0
20260610.0,2245.0,44293.4,44475.4,44226.7,44243.8,6522.0
20260610.0,2300.0,44234.7,44256.9,43682.5,43801.8,10766.0
20260610.0,2315.0,43806.9,43965.6,43618.8,43632.9,8940.0
20260610.0,2330.0,43624.8,43719.8,43380.1,43557.0,9096.0
20260610.0,2345.0,43556.0,43717.8,43460.0,43693.6,5696.0
20260611.0,0.0,43690.5,43769.4,43265.8,43713.8,12972.0
20260611.0,15.0,43716.8,43792.7,43528.8,43577.3,5136.0
20260611.0,30.0,43588.4,43667.2,43525.7,43621.8,2522.0
20260611.0,45.0,43620.8,43801.8,43556.1,43631.9,3450.0
20260611.0,100.0,43630.9,43659.1,43514.6,43621.8,2628.0
20260611.0,115.0,43624.8,43731.0,43457.0,43477.1,2238.0
20260611.0,130.0,43463.0,43598.5,43453.9,43544.9,1328.0
20260611.0,145.0,43532.8,43552.9,43402.3,43405.3,1330.0
20260611.0,200.0,43400.3,43742.1,43397.3,43714.8,3366.0
20260611.0,215.0,43708.8,43797.7,43670.4,43724.9,1856.0
20260611.0,230.0,43712.8,43747.1,43598.6,43651.1,1356.0
20260611.0,245.0,43640.0,43646.0,43507.5,43538.8,1462.0
20260611.0,300.0,43540.9,43562.0,43427.6,43505.5,1042.0
20260611.0,315.0,43505.5,43572.2,43399.3,43427.6,1026.0
20260611.0,330.0,43432.6,43432.6,43127.2,43318.3,3224.0
20260611.0,345.0,43299.1,43539.8,43248.6,43452.9,1994.0
20260611.0,400.0,43444.8,43513.5,43265.8,43287.0,2034.0
20260611.0,415.0,43286.0,43294.0,43086.8,43143.4,1188.0
20260611.0,430.0,43154.5,43193.9,43074.6,43153.5,614.0
20260611.0,445.0,43132.2,43142.3,43041.3,43067.5,672.0
20260611.0,500.0,43060.4,43101.8,43001.8,43101.9,664.0
20260611.0,900.0,43130.2,43693.5,43081.7,43572.2,11952.0
20260611.0,915.0,43575.2,43940.3,43378.1,43938.3,17048.0
20260611.0,930.0,43934.3,44006.1,43708.8,43883.7,12866.0
20260611.0,945.0,43880.7,43900.9,43491.3,43611.7,11232.0
20260611.0,1000.0,43615.7,43625.8,43249.6,43249.6,12674.0
20260611.0,1015.0,43257.7,43453.8,43163.6,43182.8,12394.0
20260611.0,1030.0,43181.8,43252.6,42734.8,42735.8,18350.0
20260611.0,1045.0,42745.9,43031.0,42530.5,42938.0,15454.0
20260611.0,1100.0,42944.1,43229.3,42926.0,43180.8,10874.0
20260611.0,1115.0,43180.8,43314.2,43053.4,43067.5,8746.0
20260611.0,1130.0,43067.5,43205.0,42986.6,43201.0,6160.0
20260611.0,1145.0,43201.0,43524.6,43165.7,43475.1,12086.0
20260611.0,1200.0,43472.1,43693.5,43428.6,43677.4,7242.0
20260611.0,1215.0,43685.5,43728.9,43560.1,43645.0,5326.0
20260611.0,1230.0,43644.0,43714.8,43479.2,43665.3,7136.0
20260611.0,1245.0,43663.2,43858.4,43592.5,43829.1,6816.0
20260611.0,1300.0,43824.1,43882.7,43685.5,43749.2,5638.0
20260611.0,1315.0,43745.2,43761.3,43630.9,43727.0,6164.0
20260611.0,1330.0,43720.9,43746.1,43539.9,43666.3,7820.0
20260611.0,1345.0,43660.2,43749.2,43563.2,43735.1,14746.0
20260611.0,1515.0,43870.6,43938.3,43728.0,43789.7,5072.0
20260611.0,1530.0,43786.6,43966.6,43764.4,43946.4,2956.0
20260611.0,1545.0,43940.4,43979.8,43917.2,43950.5,1544.0
20260611.0,1600.0,43948.5,43950.4,43852.4,43878.7,1428.0
20260611.0,1615.0,43875.6,44115.3,43873.7,44110.3,3730.0
20260611.0,1630.0,44109.3,44111.3,44040.6,44062.8,1604.0
20260611.0,1645.0,44057.7,44126.4,44040.6,44087.0,1310.0
20260611.0,1700.0,44088.0,44102.1,44040.6,44083.0,792.0
20260611.0,1715.0,44083.0,44121.4,44023.4,44047.6,1294.0
20260611.0,1730.0,44050.6,44087.0,43980.9,44034.4,1436.0
20260611.0,1745.0,44034.4,44093.0,43957.6,44065.8,1440.0
20260611.0,1800.0,44068.8,44123.4,44025.4,44037.5,1306.0
20260611.0,1815.0,44034.4,44089.0,43999.1,44003.1,922.0
20260611.0,1830.0,44009.1,44037.4,43977.8,43989.9,764.0
20260611.0,1845.0,43994.0,44080.9,43994.0,44053.7,548.0
20260611.0,1900.0,44058.7,44095.1,44019.3,44027.4,756.0
20260611.0,1915.0,44026.3,44029.3,43883.8,43955.5,2574.0
20260611.0,1930.0,43951.5,44023.3,43902.0,43983.9,1290.0
20260611.0,1945.0,43979.8,44103.2,43976.8,44077.9,2358.0
20260611.0,2000.0,44074.9,44099.1,44050.7,44065.8,618.0
20260611.0,2015.0,44069.8,44156.8,44057.7,44114.3,1734.0
20260611.0,2030.0,44105.2,44111.3,43491.3,43775.5,9398.0
20260611.0,2045.0,43758.3,43827.0,43563.2,43759.3,5388.0
20260611.0,2100.0,43761.3,43939.3,43743.2,43900.9,3354.0
20260611.0,2115.0,43897.9,43913.0,43712.8,43749.2,3328.0
20260611.0,2130.0,43756.3,43828.1,43742.2,43805.9,1358.0
20260611.0,2145.0,43807.9,44010.1,43715.9,43924.2,6692.0
20260611.0,2200.0,43911.0,44328.7,43892.9,44215.5,11058.0
20260611.0,2215.0,44211.4,44401.5,44103.3,44117.4,7418.0
20260611.0,2230.0,44117.4,44212.4,43970.8,44144.7,7622.0
20260611.0,2245.0,44146.7,44249.8,44063.8,44065.8,3910.0
20260611.0,2300.0,44068.8,44118.3,43771.5,43820.0,6340.0
20260611.0,2315.0,43824.1,44036.4,43736.1,43997.0,6770.0
20260611.0,2330.0,43997.0,44128.4,43962.7,44001.1,4396.0
20260611.0,2345.0,44003.1,44194.2,43999.1,44092.1,3576.0
20260612.0,0.0,44095.1,44162.8,44048.6,44143.7,2402.0
20260612.0,15.0,44146.7,44265.0,44085.1,44239.8,3374.0
20260612.0,30.0,44252.9,44272.1,44121.5,44131.5,2380.0
20260612.0,45.0,44130.5,44234.6,44098.2,44137.6,2670.0
20260612.0,100.0,44136.6,44161.8,43992.0,43994.0,2116.0
20260612.0,115.0,43992.0,44081.9,43928.3,43978.8,2772.0
20260612.0,130.0,43985.9,44497.6,43886.8,44491.6,6174.0
20260612.0,145.0,44489.6,44856.7,44487.6,44846.6,10858.0
20260612.0,200.0,44845.6,44891.1,44640.3,44758.6,3722.0
20260612.0,215.0,44757.6,44791.9,44402.6,44643.3,5002.0
20260612.0,230.0,44637.2,44737.3,44560.4,44682.8,2894.0
20260612.0,245.0,44688.8,44767.7,44652.5,44755.6,1566.0
20260612.0,300.0,44752.5,44869.8,44743.5,44790.0,1882.0
20260612.0,315.0,44790.0,44971.0,44747.5,44947.8,3016.0
20260612.0,330.0,44951.8,44996.2,44900.3,44968.0,1452.0
20260612.0,345.0,44970.0,45105.5,44966.0,45051.9,2416.0
20260612.0,400.0,45046.9,45052.9,44849.7,44980.1,2788.0
20260612.0,415.0,44986.2,45030.6,44873.0,45023.6,1398.0
20260612.0,430.0,45028.7,45046.8,44993.3,45001.4,440.0
20260612.0,445.0,44998.3,45013.4,44879.0,44909.3,774.0
20260612.0,500.0,44907.3,44931.5,44881.0,44889.1,666.0
20260612.0,900.0,45442.3,45444.3,45204.7,45339.2,12290.0
20260612.0,915.0,45339.2,45368.5,44823.4,44964.9,15888.0
20260612.0,930.0,44964.9,45051.9,44578.6,44579.6,12852.0
20260612.0,945.0,44582.6,44780.8,44548.3,44682.8,13318.0
20260612.0,1000.0,44680.7,44886.0,44668.6,44846.6,8480.0
20260612.0,1015.0,44850.7,44946.7,44771.8,44821.3,9308.0
20260612.0,1030.0,44826.4,44915.3,44727.3,44758.6,6230.0
20260612.0,1045.0,44758.6,44980.1,44753.6,44865.8,6770.0
20260612.0,1100.0,44864.8,44946.7,44821.4,44924.5,4232.0
20260612.0,1115.0,44922.5,44967.9,44824.4,44875.9,5790.0
20260612.0,1130.0,44872.9,44921.4,44715.2,44734.3,8250.0
20260612.0,1145.0,44732.3,44913.3,44707.1,44829.4,5822.0
20260612.0,1200.0,44839.5,44846.6,44674.7,44823.3,5512.0
20260612.0,1215.0,44826.4,44901.2,44757.7,44896.2,4872.0
20260612.0,1230.0,44893.1,44917.4,44758.7,44897.2,5746.0
20260612.0,1245.0,44893.1,44927.5,44856.8,44880.0,4796.0
20260612.0,1300.0,44880.0,44926.5,44814.3,44850.7,5182.0
20260612.0,1315.0,44850.7,44911.3,44693.9,44750.5,7236.0
20260612.0,1330.0,44750.5,44801.0,44644.4,44785.9,9638.0
20260612.0,1345.0,44787.9,44859.7,44624.1,44692.9,17232.0
20260612.0,1515.0,44455.2,44468.3,44211.5,44258.0,6706.0
20260612.0,1530.0,44258.0,44403.6,44231.7,44372.2,2694.0
20260612.0,1545.0,44364.2,44543.1,44333.9,44540.1,2664.0
20260612.0,1600.0,44536.1,44705.0,44495.7,44684.8,3000.0
20260612.0,1615.0,44688.8,44790.9,44644.4,44719.2,3050.0
20260612.0,1630.0,44722.2,44945.7,44696.0,44870.9,3802.0
20260612.0,1645.0,44874.9,44909.3,44765.7,44776.8,2098.0
20260612.0,1700.0,44776.8,44855.7,44748.5,44820.3,1792.0
20260612.0,1715.0,44821.3,44901.2,44819.3,44901.2,1208.0
20260612.0,1730.0,44894.1,44994.2,44891.2,44991.2,2510.0
20260612.0,1745.0,44992.3,45052.9,44970.1,44980.1,2258.0
20260612.0,1800.0,44979.1,45020.5,44941.7,44978.1,1294.0
20260612.0,1815.0,44970.0,45028.6,44924.5,44968.0,1516.0
20260612.0,1830.0,44970.0,44986.1,44835.5,44866.8,2174.0
20260612.0,1845.0,44870.9,44938.6,44856.8,44926.5,982.0
20260612.0,1900.0,44927.5,44947.7,44893.2,44903.2,738.0
20260612.0,1915.0,44911.3,45000.3,44910.4,44991.2,1024.0
20260612.0,1930.0,44990.2,45063.0,44982.2,45039.8,1614.0
20260612.0,1945.0,45031.7,45048.8,44963.0,45020.6,1176.0
20260612.0,2000.0,45026.6,45047.8,44979.2,44994.3,820.0
20260612.0,2015.0,44999.3,45003.3,44905.3,44926.5,1214.0
20260612.0,2030.0,44935.6,44946.7,44860.8,44877.0,1552.0
20260612.0,2045.0,44872.9,44932.5,44808.2,44845.6,1828.0
20260612.0,2100.0,44854.7,44880.9,44713.1,44786.9,2514.0
20260612.0,2115.0,44785.9,44883.0,44733.4,44873.9,2212.0
20260612.0,2130.0,44873.9,44926.5,44828.5,44893.1,1484.0
20260612.0,2145.0,44903.2,44951.7,44653.5,44653.4,9730.0
20260612.0,2200.0,44653.4,44864.8,44568.5,44794.0,5338.0
20260612.0,2215.0,44803.1,45052.9,44796.1,44973.0,6362.0
20260612.0,2230.0,44974.0,45055.9,44913.4,44956.9,3480.0
20260612.0,2245.0,44968.0,45037.7,44716.2,44743.4,5064.0
20260612.0,2300.0,44739.4,45054.9,44671.7,45055.0,8768.0
20260612.0,2315.0,45051.9,45102.4,44979.2,45089.4,4476.0
20260612.0,2330.0,45089.4,45171.2,45050.0,45151.0,3640.0
20260612.0,2345.0,45154.1,45174.3,44963.0,44969.0,4436.0
20260613.0,0.0,44978.1,45059.0,44808.2,44829.4,4706.0
20260613.0,15.0,44836.5,45080.2,44820.4,45034.7,5420.0
20260613.0,30.0,45029.7,45099.4,44981.2,45030.7,2148.0
20260613.0,45.0,45034.7,45117.6,45017.6,45086.3,1760.0
20260613.0,100.0,45092.4,45165.2,45082.3,45162.2,1888.0
20260613.0,115.0,45162.2,45274.4,45145.0,45251.2,3746.0
20260613.0,130.0,45252.2,45304.7,45227.0,45261.3,1410.0
20260613.0,145.0,45261.3,45285.5,45220.9,45272.4,1136.0
20260613.0,200.0,45265.3,45319.9,45194.6,45244.1,1694.0
20260613.0,215.0,45244.1,45289.6,45190.5,45230.9,1060.0
20260613.0,230.0,45229.9,45269.3,45184.5,45269.4,576.0
20260613.0,245.0,45266.3,45296.6,45259.3,45269.4,398.0
20260613.0,300.0,45269.4,45281.5,45197.6,45197.6,514.0
20260613.0,315.0,45211.7,45275.4,45207.7,45220.8,658.0
20260613.0,330.0,45213.8,45260.2,45204.7,45210.7,408.0
20260613.0,345.0,45215.8,45230.9,45135.9,45209.7,1110.0
20260613.0,400.0,45196.6,45206.6,45156.2,45197.6,484.0
20260613.0,415.0,45199.6,45234.9,45160.2,45212.7,316.0
20260613.0,430.0,45212.7,45233.9,45195.6,45209.7,212.0
20260613.0,445.0,45198.6,45215.7,45195.6,45213.8,284.0
20260613.0,500.0,45221.8,45223.8,45198.6,45214.8,304.0
20260615.0,900.0,46272.7,46429.4,46179.7,46333.4,14310.0
20260615.0,915.0,46337.4,46397.1,45937.0,46099.8,19148.0
20260615.0,930.0,46102.8,46138.1,45858.1,46013.8,10572.0
20260615.0,945.0,46013.8,46255.5,45957.2,46189.8,16228.0
20260615.0,1000.0,46193.8,46266.6,46095.8,46178.7,11776.0
20260615.0,1015.0,46178.7,46189.7,46027.0,46037.1,9620.0
20260615.0,1030.0,46037.1,46129.0,46007.8,46128.1,9962.0
20260615.0,1045.0,46125.0,46179.6,46019.9,46041.1,9728.0
20260615.0,1100.0,46041.1,46227.2,46031.0,46216.1,14808.0
20260615.0,1115.0,46214.1,46234.2,46131.2,46173.6,13048.0
20260615.0,1130.0,46169.6,46208.9,46141.3,46170.6,12318.0
20260615.0,1145.0,46170.6,46249.4,46090.7,46110.9,11976.0
20260615.0,1200.0,46107.9,46140.2,46054.3,46113.9,9940.0
20260615.0,1215.0,46113.9,46125.0,46025.0,46101.8,9018.0
20260615.0,1230.0,46101.8,46162.4,46095.8,46140.2,9104.0
20260615.0,1245.0,46139.2,46142.2,46038.1,46078.5,10262.0
20260615.0,1300.0,46078.5,46122.0,46046.2,46111.9,10416.0
20260615.0,1315.0,46108.9,46176.6,46074.5,46128.1,12386.0
20260615.0,1330.0,46128.1,46141.2,46043.2,46120.0,14066.0
20260615.0,1345.0,46120.0,46173.5,46084.6,46100.8,13736.0
20260615.0,1515.0,46067.4,46237.3,46066.4,46192.8,2716.0
20260615.0,1530.0,46189.8,46305.0,46189.8,46240.4,1706.0
20260615.0,1545.0,46239.3,46283.8,46224.2,46280.8,852.0
20260615.0,1600.0,46279.8,46314.1,46242.4,46283.8,1350.0
20260615.0,1615.0,46282.8,46378.9,46272.8,46374.9,1890.0
20260615.0,1630.0,46374.9,46407.2,46346.6,46404.2,1348.0
20260615.0,1645.0,46394.1,46402.1,46354.7,46354.6,960.0
20260615.0,1700.0,46358.7,46377.9,46298.1,46337.4,1348.0
20260615.0,1715.0,46334.4,46379.9,46303.1,46312.2,1166.0
20260615.0,1730.0,46308.1,46325.3,46280.9,46304.1,1184.0
20260615.0,1745.0,46301.0,46312.1,46277.8,46290.9,670.0
20260615.0,1800.0,46285.9,46348.5,46278.8,46339.5,970.0
20260615.0,1815.0,46333.4,46363.7,46320.3,46361.7,446.0
20260615.0,1830.0,46363.7,46379.9,46341.5,46360.7,580.0
20260615.0,1845.0,46362.7,46365.7,46328.4,46350.6,520.0
20260615.0,1900.0,46353.6,46388.0,46348.6,46382.0,566.0
20260615.0,1915.0,46373.9,46520.5,46371.9,46519.5,2852.0
20260615.0,1930.0,46521.5,46601.4,46521.6,46592.3,2492.0
20260615.0,1945.0,46593.3,46596.3,46511.5,46520.5,1610.0
20260615.0,2000.0,46525.6,46617.6,46516.5,46586.3,1084.0
20260615.0,2015.0,46585.2,46600.4,46547.9,46576.1,784.0
20260615.0,2030.0,46574.1,46582.2,46527.6,46574.1,764.0
20260615.0,2045.0,46574.1,46635.8,46573.2,46613.6,1576.0
20260615.0,2100.0,46612.6,46619.6,46567.1,46609.5,924.0
20260615.0,2115.0,46603.5,46610.5,46567.1,46601.4,742.0
20260615.0,2130.0,46602.4,46647.9,46571.1,46609.5,1402.0
20260615.0,2145.0,46609.5,46675.2,46438.6,46509.4,6114.0
20260615.0,2200.0,46514.4,46632.7,46419.4,46427.5,3628.0
20260615.0,2215.0,46430.5,46546.8,46416.4,46528.6,3478.0
20260615.0,2230.0,46528.6,46606.4,46486.2,46594.4,2112.0
20260615.0,2245.0,46597.4,46603.4,46502.4,46506.4,1708.0
20260615.0,2300.0,46507.4,46598.3,46492.2,46525.6,1750.0
20260615.0,2315.0,46534.7,46579.1,46520.6,46549.8,1172.0
20260615.0,2330.0,46542.8,46606.4,46525.6,46592.3,1212.0
20260615.0,2345.0,46589.3,46660.0,46553.9,46646.9,2708.0
20260616.0,0.0,46650.0,46755.1,46650.0,46742.0,2498.0
20260616.0,15.0,46743.0,46790.5,46743.1,46777.4,1656.0
20260616.0,30.0,46774.4,46784.4,46715.8,46780.5,1186.0
20260616.0,45.0,46780.5,46791.5,46718.8,46765.3,872.0
20260616.0,100.0,46762.2,46766.2,46728.9,46755.2,760.0
20260616.0,115.0,46753.1,46765.2,46685.4,46710.7,1400.0
20260616.0,130.0,46705.6,46756.1,46695.5,46744.0,510.0
20260616.0,145.0,46743.0,46743.0,46703.6,46719.8,450.0
20260616.0,200.0,46717.7,46744.0,46701.6,46705.6,362.0
20260616.0,215.0,46710.7,46727.8,46662.2,46722.8,628.0
20260616.0,230.0,46722.8,46745.0,46692.5,46692.5,350.0
20260616.0,245.0,46694.5,46761.2,46674.3,46740.0,418.0
20260616.0,300.0,46744.0,46771.3,46733.0,46732.9,388.0
20260616.0,315.0,46733.9,46751.1,46681.4,46712.7,550.0
20260616.0,330.0,46712.7,46746.0,46700.6,46707.6,300.0
20260616.0,345.0,46704.6,46731.9,46671.3,46716.7,814.0
20260616.0,400.0,46716.7,46731.9,46699.6,46730.9,764.0
20260616.0,415.0,46730.9,46731.9,46696.6,46720.8,414.0
20260616.0,430.0,46721.8,46748.0,46721.8,46743.0,360.0
20260616.0,445.0,46747.1,46755.1,46736.0,46737.0,364.0
20260616.0,500.0,46741.0,46778.4,46730.9,46774.4,462.0
20260616.0,900.0,46651.0,46725.8,46441.7,46524.6,11662.0
20260616.0,915.0,46524.6,46526.5,46044.2,46166.5,16894.0
20260616.0,930.0,46176.6,46235.2,45982.5,46164.5,11648.0
20260616.0,945.0,46164.5,46298.0,46092.7,46276.8,13366.0
20260616.0,1000.0,46276.8,46318.2,46211.1,46243.4,9452.0
20260616.0,1015.0,46242.4,46330.3,46075.5,46145.3,10582.0
20260616.0,1030.0,46145.3,46265.6,46112.0,46160.4,8162.0
20260616.0,1045.0,46160.4,46303.0,46156.5,46296.0,9994.0
20260616.0,1100.0,46296.0,46301.0,46141.3,46187.8,8756.0
20260616.0,1115.0,46187.8,46251.4,46157.5,46157.4,6822.0
20260616.0,1130.0,46157.4,46319.2,46155.4,46302.0,7336.0
20260616.0,1145.0,46297.0,46419.3,46293.0,46393.1,10584.0
20260616.0,1200.0,46393.1,46471.9,46363.8,46439.6,7432.0
20260616.0,1215.0,46437.6,46458.8,46358.7,46401.2,7422.0
20260616.0,1230.0,46401.2,46429.4,46351.7,46392.1,7434.0
20260616.0,1245.0,46392.1,46394.0,46311.2,46347.6,10394.0
20260616.0,1300.0,46346.6,46357.6,46257.6,46294.0,10288.0
20260616.0,1315.0,46294.0,46382.9,46283.9,46362.7,11816.0
20260616.0,1330.0,46359.7,46403.1,46325.4,46403.2,17004.0
20260616.0,1345.0,46400.2,46412.2,46261.6,46295.0,11410.0
20260616.0,1515.0,46358.7,46377.9,46307.2,46315.2,2162.0
20260616.0,1530.0,46316.2,46353.6,46270.7,46309.1,966.0
20260616.0,1545.0,46309.1,46313.1,46210.1,46222.1,1424.0
20260616.0,1600.0,46226.2,46281.8,46192.9,46277.8,882.0
20260616.0,1615.0,46269.7,46359.7,46237.4,46342.5,1288.0
20260616.0,1630.0,46341.5,46423.4,46331.4,46416.3,1388.0
20260616.0,1645.0,46415.3,46457.8,46357.7,46391.1,1310.0
20260616.0,1700.0,46387.0,46422.4,46359.8,46400.2,742.0
20260616.0,1715.0,46401.2,46423.4,46373.9,46375.9,614.0
20260616.0,1730.0,46377.9,46377.9,46327.4,46336.4,640.0
20260616.0,1745.0,46342.5,46388.0,46341.5,46373.9,488.0
20260616.0,1800.0,46373.9,46395.1,46346.6,46365.8,326.0
20260616.0,1815.0,46368.8,46394.0,46357.7,46375.9,252.0
20260616.0,1830.0,46376.9,46383.9,46338.5,46363.7,534.0
20260616.0,1845.0,46366.8,46418.3,46366.8,46409.3,686.0
20260616.0,1900.0,46405.2,46406.2,46380.0,46404.2,480.0
20260616.0,1915.0,46401.2,46404.2,46370.9,46376.9,442.0
20260616.0,1930.0,46375.9,46401.1,46330.4,46361.7,780.0
20260616.0,1945.0,46357.7,46366.7,46294.0,46331.4,884.0
20260616.0,2000.0,46329.4,46338.4,46298.1,46322.3,476.0
20260616.0,2015.0,46321.3,46368.8,46306.1,46317.2,680.0
20260616.0,2030.0,46312.2,46314.1,46217.1,46256.5,1616.0
20260616.0,2045.0,46255.5,46298.0,46234.3,46264.6,988.0
20260616.0,2100.0,46266.6,46334.4,46254.6,46303.1,1196.0
20260616.0,2115.0,46303.1,46311.1,46252.5,46270.7,908.0
20260616.0,2130.0,46274.7,46295.9,46244.4,46248.4,744.0
20260616.0,2145.0,46245.4,46378.9,46232.3,46300.0,3492.0
20260616.0,2200.0,46308.1,46385.9,46262.7,46280.8,1994.0
20260616.0,2215.0,46282.8,46345.5,46261.6,46277.8,1864.0
20260616.0,2230.0,46277.8,46294.9,45770.1,45852.0,10438.0
20260616.0,2245.0,45845.9,45975.3,45740.8,45937.9,7858.0
20260616.0,2300.0,45940.0,45982.4,45800.4,45840.8,3904.0
20260616.0,2315.0,45841.9,46003.6,45837.9,45954.1,3764.0
20260616.0,2330.0,45955.1,46002.6,45848.0,45906.6,2916.0
20260616.0,2345.0,45903.5,45940.9,45794.4,45840.8,2968.0
20260617.0,0.0,45840.8,45906.5,45702.3,45842.9,4862.0
20260617.0,15.0,45846.9,45964.2,45842.9,45919.7,2444.0
20260617.0,30.0,45924.8,45954.1,45886.4,45911.6,1324.0
20260617.0,45.0,45918.7,45918.7,45837.9,45894.4,1260.0
20260617.0,100.0,45893.4,45935.9,45867.2,45920.7,714.0
20260617.0,115.0,45911.6,45935.9,45873.3,45911.6,518.0
20260617.0,130.0,45904.6,45916.6,45824.7,45896.5,688.0
20260617.0,145.0,45884.3,45915.6,45834.8,45892.4,548.0
20260617.0,200.0,45889.4,45945.0,45872.2,45899.5,574.0
20260617.0,215.0,45898.5,45919.7,45885.4,45895.5,246.0
20260617.0,230.0,45893.4,45913.6,45869.2,45904.6,350.0
20260617.0,245.0,45896.5,45896.4,45850.0,45875.2,340.0
20260617.0,300.0,45878.3,45878.2,45734.7,45764.0,1174.0
20260617.0,315.0,45764.0,45775.0,45613.3,45635.5,2370.0
20260617.0,330.0,45630.5,45774.0,45578.9,45771.1,1432.0
20260617.0,345.0,45763.0,45807.4,45642.6,45653.7,1406.0
20260617.0,400.0,45648.7,45648.6,45518.2,45522.2,1444.0
20260617.0,415.0,45524.3,45610.2,45456.5,45486.8,1644.0
20260617.0,430.0,45495.9,45534.3,45439.4,45507.1,502.0
20260617.0,445.0,45507.1,45537.4,45502.1,45518.2,316.0
20260617.0,500.0,45527.3,45544.4,45495.0,45534.4,506.0
20260617.0,900.0,45863.1,45928.8,45692.2,45828.7,6436.0
20260617.0,915.0,45828.7,45971.3,45679.1,45897.5,8238.0
20260617.0,930.0,45905.6,45993.5,45813.6,45979.4,5650.0
20260617.0,945.0,45979.4,46025.9,45885.4,45904.6,5206.0
20260617.0,1000.0,45905.6,45998.6,45895.5,45971.3,4374.0
20260617.0,1015.0,45977.4,45992.5,45918.8,45992.6,3228.0
20260617.0,1030.0,45992.6,46022.8,45943.0,45972.3,3022.0
20260617.0,1045.0,45972.3,45998.6,45921.8,45944.0,2412.0
20260617.0,1100.0,45954.1,45971.3,45918.8,45949.1,1956.0
20260617.0,1115.0,45949.1,45959.1,45780.2,45797.3,3112.0
20260617.0,1130.0,45795.3,45806.4,45628.5,45743.7,4230.0
20260617.0,1145.0,45744.8,45967.2,45726.6,45959.2,3320.0
20260617.0,1200.0,45959.2,46027.7,45931.0,45993.5,2396.0
20260617.0,1215.0,45996.5,46063.0,45956.2,46060.0,1926.0
20260617.0,1230.0,46062.1,46312.1,46061.1,46251.7,4590.0
20260617.0,1245.0,46255.7,46275.8,46082.3,46089.3,4078.0
20260617.0,1300.0,46084.2,46195.1,46078.2,46182.1,2838.0
20260617.0,1315.0,46183.1,46367.6,46145.8,46300.1,6130.0
20260617.0,1330.0,46302.1,46437.2,46287.0,46404.0,5516.0
20260617.0,1345.0,46409.0,46462.4,46384.9,46428.2,6520.0
20260617.0,1515.0,46495.8,46741.8,46483.7,46686.4,6550.0
20260617.0,1530.0,46686.4,46706.5,46652.2,46655.1,1770.0
20260617.0,1545.0,46651.1,46786.2,46649.1,46718.7,2510.0
20260617.0,1600.0,46725.7,46744.8,46711.7,46732.8,746.0
20260617.0,1615.0,46729.8,46752.9,46618.9,46643.0,2180.0
20260617.0,1630.0,46643.0,46665.2,46588.6,46609.7,1856.0
20260617.0,1645.0,46608.7,46625.8,46514.0,46529.1,1558.0
20260617.0,1700.0,46529.1,46631.9,46505.9,46606.7,1254.0
20260617.0,1715.0,46612.8,46649.0,46571.5,46586.5,966.0
20260617.0,1730.0,46583.5,46610.7,46535.2,46595.6,980.0
20260617.0,1745.0,46598.6,46638.9,46543.2,46567.4,918.0
20260617.0,1800.0,46567.4,46588.5,46525.1,46570.4,736.0
20260617.0,1815.0,46572.4,46576.4,46485.7,46548.2,1034.0
20260617.0,1830.0,46548.2,46572.4,46502.9,46550.2,574.0
20260617.0,1845.0,46548.2,46568.3,46513.0,46567.4,442.0
20260617.0,1900.0,46567.4,46614.7,46534.1,46534.1,1230.0
20260617.0,1915.0,46540.1,46546.1,46501.9,46512.9,744.0
20260617.0,1930.0,46512.9,46555.2,46513.0,46534.1,486.0
20260617.0,1945.0,46529.1,46555.2,46435.3,46456.4,966.0
20260617.0,2000.0,46454.4,46487.6,46391.9,46469.5,1968.0
20260617.0,2015.0,46464.5,46517.9,46439.3,46509.9,1044.0
20260617.0,2030.0,46512.9,46576.4,46503.9,46546.2,902.0
20260617.0,2045.0,46548.2,46621.8,46543.2,46607.7,1668.0
20260617.0,2100.0,46607.7,46616.8,46556.3,46569.4,730.0
20260617.0,2115.0,46569.4,46601.6,46554.3,46574.4,556.0
20260617.0,2130.0,46587.6,46647.0,46586.6,46647.1,1108.0
20260617.0,2145.0,46632.9,46763.0,46597.7,46742.9,4428.0
20260617.0,2200.0,46746.9,46768.0,46529.1,46529.1,4330.0
20260617.0,2215.0,46536.1,46694.4,46521.0,46669.3,3654.0
20260617.0,2230.0,46669.3,46872.9,46664.3,46823.6,5402.0
20260617.0,2245.0,46827.6,46853.8,46721.7,46792.3,3430.0
20260617.0,2300.0,46796.3,46818.5,46594.7,46675.3,4638.0
20260617.0,2315.0,46680.3,46748.9,46673.3,46744.9,1848.0
20260617.0,2330.0,46741.9,46833.6,46735.9,46830.6,2224.0
20260617.0,2345.0,46827.6,46855.8,46781.3,46801.4,1746.0
20260618.0,0.0,46806.4,46855.8,46797.4,46847.8,1088.0
20260618.0,15.0,46850.8,46956.7,46850.9,46915.4,3476.0
20260618.0,30.0,46915.4,46995.0,46905.3,46980.9,1430.0
20260618.0,45.0,46980.9,47002.0,46898.3,46935.5,1928.0
20260618.0,100.0,46931.5,46931.4,46854.9,46911.3,1516.0
20260618.0,115.0,46913.3,46951.6,46865.0,46942.6,1668.0
20260618.0,130.0,46937.5,46976.8,46919.4,46961.8,596.0
20260618.0,145.0,46952.7,46954.6,46901.3,46911.3,624.0
20260618.0,200.0,46909.3,47042.4,46895.2,47012.2,1460.0
20260618.0,215.0,47019.2,47022.2,46106.5,46580.5,11740.0
20260618.0,230.0,46580.5,46719.6,46463.5,46566.4,3060.0
20260618.0,245.0,46567.4,47008.1,46526.1,47004.1,4900.0
20260618.0,300.0,47005.1,47027.3,46732.8,46800.4,2932.0
20260618.0,315.0,46816.5,46928.4,46623.9,46815.5,2698.0
20260618.0,330.0,46830.6,46830.6,46419.2,46497.8,2888.0
20260618.0,345.0,46486.7,46567.3,46260.8,46290.0,2726.0
20260618.0,400.0,46303.1,46401.9,46180.1,46256.7,2394.0
20260618.0,415.0,46264.8,46426.1,46155.9,46333.4,2004.0
20260618.0,430.0,46337.4,46412.0,46271.9,46360.6,480.0
20260618.0,445.0,46361.6,46477.6,46361.7,46441.3,556.0
20260618.0,500.0,46438.3,46451.3,46372.8,46433.2,436.0
20260618.0,900.0,46871.0,46914.3,46715.7,46747.9,9776.0
20260618.0,915.0,46745.9,46966.7,46719.7,46865.9,14884.0
20260618.0,930.0,46865.9,46962.7,46758.1,46847.8,7990.0
20260618.0,945.0,46857.9,46952.6,46828.7,46872.0,5240.0
20260618.0,1000.0,46870.0,46896.1,46700.6,46785.2,8028.0
20260618.0,1015.0,46778.2,47010.1,46744.9,47005.1,7320.0
20260618.0,1030.0,47007.1,47108.0,46881.1,46896.2,7600.0
20260618.0,1045.0,46895.2,46976.8,46867.0,46943.6,3066.0
20260618.0,1100.0,46936.5,46945.6,46774.2,46829.6,4854.0
20260618.0,1115.0,46831.6,46855.8,46742.9,46764.1,3650.0
20260618.0,1130.0,46766.1,46849.7,46752.0,46772.1,2690.0
20260618.0,1145.0,46776.2,46825.5,46667.3,46787.3,3818.0
20260618.0,1200.0,46791.3,46885.0,46783.3,46824.6,3108.0
20260618.0,1215.0,46826.6,46846.7,46695.5,46698.5,3770.0
20260618.0,1230.0,46701.5,46730.7,46671.3,46703.5,2282.0
20260618.0,1245.0,46701.5,46774.1,46659.2,46752.0,3022.0
20260618.0,1300.0,46750.9,46851.8,46728.8,46821.6,2816.0
20260618.0,1315.0,46821.6,46977.8,46789.3,46932.5,4802.0
20260618.0,1330.0,46932.5,47057.5,46932.6,47042.4,8314.0
20260618.0,1345.0,47036.4,47181.6,46994.1,47172.6,13338.0
20260618.0,1515.0,47154.4,47276.4,47132.3,47206.8,3298.0
20260618.0,1530.0,47212.9,47257.2,47173.6,47241.1,1486.0
20260618.0,1545.0,47243.2,47247.1,47191.8,47224.0,926.0
20260618.0,1600.0,47224.0,47289.5,47193.8,47289.6,890.0
20260618.0,1615.0,47289.6,47395.4,47275.5,47323.9,2698.0
20260618.0,1630.0,47329.9,47336.9,47260.4,47272.4,1142.0
20260618.0,1645.0,47278.5,47332.9,47264.4,47309.7,1094.0
20260618.0,1700.0,47304.7,47314.7,47185.7,47216.9,1486.0
20260618.0,1715.0,47214.9,47281.4,47173.6,47221.0,1576.0
20260618.0,1730.0,47242.2,47265.3,47224.0,47236.1,434.0
20260618.0,1745.0,47235.1,47297.6,47215.0,47282.5,692.0
20260618.0,1800.0,47283.5,47348.0,47274.5,47325.9,950.0
20260618.0,1815.0,47327.9,47332.9,47287.6,47318.8,566.0
20260618.0,1830.0,47317.8,47327.8,47292.6,47310.7,456.0
20260618.0,1845.0,47310.7,47324.8,47215.0,47219.0,1078.0
20260618.0,1900.0,47216.9,47245.1,47197.8,47236.1,1068.0
20260618.0,1915.0,47238.1,47266.3,47180.7,47216.9,1242.0
20260618.0,1930.0,47214.9,47237.1,47180.7,47223.0,670.0
20260618.0,1945.0,47227.0,47243.1,47136.3,47194.7,1656.0
20260618.0,2000.0,47197.8,47237.1,47156.5,47235.1,824.0
20260618.0,2015.0,47236.1,47271.4,47209.9,47270.4,958.0
20260618.0,2030.0,47271.4,47297.6,47244.2,47286.5,990.0
20260618.0,2045.0,47286.5,47331.9,47280.5,47303.7,1060.0
20260618.0,2100.0,47305.7,47382.3,47281.5,47350.1,1538.0
20260618.0,2115.0,47350.1,47354.1,47302.7,47336.0,1266.0
20260618.0,2130.0,47340.0,47424.7,47328.9,47388.4,2150.0
20260618.0,2145.0,47385.4,47556.8,47367.3,47471.1,7038.0
20260618.0,2200.0,47473.1,47553.8,47464.1,47521.5,3572.0
20260618.0,2215.0,47525.6,47594.1,47496.4,47552.8,3688.0
20260618.0,2230.0,47550.8,47681.9,47522.6,47627.4,3742.0
20260618.0,2245.0,47619.4,47692.0,47590.2,47657.7,2584.0
20260618.0,2300.0,47660.7,47704.1,47645.7,47666.8,1886.0
20260618.0,2315.0,47670.8,47681.9,47631.5,47641.6,1838.0
20260618.0,2330.0,47637.5,47665.7,47595.2,47603.2,1542.0
20260618.0,2345.0,47607.3,47644.5,47538.7,47619.4,2630.0
20260619.0,0.0,47617.4,47685.9,47592.2,47681.9,1584.0
20260619.0,15.0,47680.9,47758.5,47681.0,47741.4,2860.0
20260619.0,30.0,47741.4,47782.7,47718.3,47758.6,1324.0
20260619.0,45.0,47759.6,47796.8,47747.5,47783.8,1020.0
20260619.0,100.0,47785.8,47798.9,47731.4,47772.7,1142.0
20260619.0,115.0,47772.7,47865.4,47743.5,47858.4,1422.0
20260619.0,130.0,47858.4,47894.7,47842.3,47889.7,762.0
20260619.0,145.0,47889.7,47956.2,47886.7,47951.2,1398.0
20260619.0,200.0,47953.2,47959.2,47924.0,47932.1,680.0
20260619.0,215.0,47937.1,47969.3,47909.9,47950.2,642.0
20260619.0,230.0,47948.2,47979.4,47930.1,47935.1,702.0
20260619.0,245.0,47933.1,47938.1,47897.8,47922.0,644.0
20260619.0,300.0,47923.0,47957.2,47916.0,47939.1,428.0
20260619.0,315.0,47935.1,47943.1,47856.5,47879.6,1098.0
20260619.0,330.0,47883.6,47948.1,47867.6,47899.8,786.0
20260619.0,345.0,47897.8,47995.5,47886.7,47989.5,842.0
20260619.0,400.0,47988.5,48030.8,47950.3,47954.2,1380.0
20260619.0,415.0,47960.3,47981.4,47912.9,47978.5,662.0
20260619.0,430.0,47975.4,48006.6,47971.4,47992.6,264.0
20260619.0,445.0,47991.6,48011.7,47974.5,47974.4,408.0
20260619.0,500.0,47975.4,47984.5,47930.1,47975.4,738.0
20260622.0,900.0,47869.5,48132.7,47779.8,48101.5,11730.0
20260622.0,915.0,48103.5,48304.2,47965.4,48203.4,14198.0
20260622.0,930.0,48208.4,48460.5,48162.1,48381.9,10232.0
20260622.0,945.0,48389.0,48615.9,48368.8,48496.9,7248.0
20260622.0,1000.0,48495.9,48537.2,48281.1,48493.9,7812.0
20260622.0,1015.0,48498.9,48637.0,48464.7,48542.3,6006.0
20260622.0,1030.0,48542.3,48745.0,48535.3,48614.9,5508.0
20260622.0,1045.0,48605.8,48693.5,48530.2,48607.8,3744.0
20260622.0,1100.0,48612.9,48669.3,48555.4,48571.5,3278.0
20260622.0,1115.0,48568.5,48609.8,48474.7,48534.2,2884.0
20260622.0,1130.0,48539.2,48646.1,48539.3,48572.5,2164.0
20260622.0,1145.0,48578.6,48649.1,48576.6,48603.8,1758.0
20260622.0,1200.0,48605.8,48666.3,48530.2,48562.4,2546.0
20260622.0,1215.0,48565.5,48604.8,48545.4,48557.4,1496.0
20260622.0,1230.0,48553.4,48646.1,48533.2,48579.6,2440.0
20260622.0,1245.0,48582.6,48604.8,48441.5,48479.7,3978.0
20260622.0,1300.0,48487.8,48679.4,48477.8,48662.3,3952.0
20260622.0,1315.0,48662.3,48767.1,48614.9,48719.8,4454.0
20260622.0,1330.0,48718.8,48819.6,48716.8,48819.6,5310.0
20260622.0,1345.0,48820.7,48894.2,48682.5,48830.7,16078.0
20260622.0,1515.0,48949.8,49096.0,48906.4,49083.9,4906.0
20260622.0,1530.0,49084.9,49200.9,49074.9,49155.5,3084.0
20260622.0,1545.0,49155.5,49192.8,49114.2,49132.3,2014.0
20260622.0,1600.0,49129.3,49160.5,49091.0,49101.1,972.0
20260622.0,1615.0,49099.0,49133.3,48989.1,49056.7,2342.0
20260622.0,1630.0,49064.7,49100.0,49032.5,49069.8,734.0
20260622.0,1645.0,49066.8,49100.0,49059.8,49090.0,506.0
20260622.0,1700.0,49092.0,49132.3,49065.8,49124.3,594.0
20260622.0,1715.0,49126.3,49296.7,49105.1,49254.4,2688.0
20260622.0,1730.0,49258.4,49306.8,49232.2,49287.7,1060.0
20260622.0,1745.0,49282.6,49301.7,49239.3,49276.6,996.0
20260622.0,1800.0,49270.5,49321.9,49257.4,49275.5,1116.0
20260622.0,1815.0,49276.6,49418.7,49271.6,49394.6,1852.0
20260622.0,1830.0,49394.6,49419.7,49388.6,49406.7,1158.0
20260622.0,1845.0,49406.7,49406.6,49352.3,49366.3,980.0
20260622.0,1900.0,49367.3,49389.5,49347.2,49347.2,500.0
20260622.0,1915.0,49349.2,49575.1,49327.0,49368.3,3890.0
20260622.0,1930.0,49375.4,49417.7,49330.1,49393.6,1162.0
20260622.0,1945.0,49388.5,49466.1,49387.6,49426.8,936.0
20260622.0,2000.0,49425.8,49446.0,49373.4,49436.9,888.0
20260622.0,2015.0,49442.0,49493.4,49420.8,49488.4,804.0
20260622.0,2030.0,49485.3,49552.9,49467.2,49544.9,890.0
20260622.0,2045.0,49545.9,49584.1,49520.7,49525.7,1464.0
20260622.0,2100.0,49526.7,49530.7,49483.4,49488.4,942.0
20260622.0,2115.0,49493.4,49580.1,49490.4,49568.0,1332.0
20260622.0,2130.0,49574.1,49575.1,49505.6,49520.6,1144.0
20260622.0,2145.0,49514.6,49619.4,49330.1,49341.1,7708.0
20260622.0,2200.0,49345.1,49518.6,49340.1,49506.5,2696.0
20260622.0,2215.0,49496.4,49664.8,49473.3,49562.0,4088.0
20260622.0,2230.0,49564.0,49622.5,49400.7,49422.8,3612.0
20260622.0,2245.0,49431.9,49467.1,49291.7,49308.8,4522.0
20260622.0,2300.0,49317.9,49425.8,49187.8,49361.3,5054.0
20260622.0,2315.0,49357.2,49441.9,49344.2,49392.5,2546.0
20260622.0,2330.0,49392.5,49412.7,49309.9,49343.1,2320.0
20260622.0,2345.0,49343.1,49452.0,49288.7,49407.7,1884.0
20260623.0,0.0,49423.8,49456.0,49261.5,49278.6,1910.0
20260623.0,15.0,49280.6,49289.6,49125.3,49266.5,3236.0
20260623.0,30.0,49266.5,49321.9,49222.1,49298.7,1328.0
20260623.0,45.0,49288.7,49303.7,49190.9,49252.3,852.0
20260623.0,100.0,49249.3,49315.8,49217.1,49297.7,1132.0
20260623.0,115.0,49292.7,49345.1,49227.2,49241.3,780.0
20260623.0,130.0,49258.4,49321.9,49258.5,49299.8,344.0
20260623.0,145.0,49293.7,49317.9,49251.4,49270.5,292.0
20260623.0,200.0,49272.5,49305.8,49259.5,49266.5,508.0
20260623.0,215.0,49266.5,49279.5,49214.1,49236.2,508.0
20260623.0,230.0,49230.2,49279.5,49211.0,49223.1,400.0
20260623.0,245.0,49237.2,49245.2,49149.5,49150.5,886.0
20260623.0,300.0,49150.5,49200.9,49146.5,49159.6,394.0
20260623.0,315.0,49171.7,49233.1,49155.6,49198.9,438.0
20260623.0,330.0,49199.9,49199.9,49137.4,49150.5,426.0
20260623.0,345.0,49149.5,49226.1,49149.5,49160.6,326.0
20260623.0,400.0,49167.6,49265.4,49160.6,49242.3,784.0
20260623.0,415.0,49245.3,49261.4,49203.0,49248.3,434.0
20260623.0,430.0,49252.3,49281.5,49232.2,49232.2,214.0
20260623.0,445.0,49236.2,49276.5,49236.3,49272.5,102.0
20260623.0,500.0,49274.5,49317.9,49266.5,49304.8,416.0
20260623.0,900.0,49069.8,49131.3,48622.0,48882.2,11498.0
20260623.0,915.0,48877.1,49028.4,48724.9,48792.4,15548.0
20260623.0,930.0,48792.4,48854.9,48574.6,48822.7,13046.0
20260623.0,945.0,48828.7,48877.1,48502.0,48541.3,8624.0
20260623.0,1000.0,48536.2,48676.4,48373.9,48568.5,12258.0
20260623.0,1015.0,48580.6,48620.9,48405.2,48553.4,7098.0
20260623.0,1030.0,48548.3,48652.2,48428.3,48544.3,9070.0
20260623.0,1045.0,48551.4,48611.8,48474.7,48586.7,6466.0
20260623.0,1100.0,48590.7,48605.8,48390.0,48407.1,5954.0
20260623.0,1115.0,48413.2,48488.8,48292.2,48344.6,7638.0
20260623.0,1130.0,48346.6,48358.7,48270.0,48303.2,3946.0
20260623.0,1145.0,48300.2,48320.3,48079.4,48229.6,7562.0
20260623.0,1200.0,48223.5,48475.7,48188.3,48472.7,7658.0
20260623.0,1215.0,48471.7,48509.9,48367.8,48384.9,4016.0
20260623.0,1230.0,48388.0,48389.9,48222.6,48321.4,4564.0
20260623.0,1245.0,48329.5,48329.4,48212.5,48223.5,2394.0
20260623.0,1300.0,48222.5,48242.7,48010.8,48024.8,6234.0
20260623.0,1315.0,48030.9,48095.4,47984.6,48063.2,5036.0
20260623.0,1330.0,48062.2,48105.5,47903.9,47923.0,6096.0
20260623.0,1345.0,47927.0,47951.2,47813.1,47845.3,12884.0
20260623.0,1515.0,47345.0,47478.1,47134.3,47395.5,8900.0
20260623.0,1530.0,47398.5,47405.5,47145.4,47193.7,3890.0
20260623.0,1545.0,47187.7,47189.7,46901.3,46928.5,6454.0
20260623.0,1600.0,46934.5,47003.1,46833.7,46880.1,3612.0
20260623.0,1615.0,46885.1,46919.3,46629.0,46655.1,6668.0
20260623.0,1630.0,46655.1,46677.3,46419.2,46499.8,5606.0
20260623.0,1645.0,46494.8,46804.4,46492.8,46711.6,5148.0
20260623.0,1700.0,46719.7,46719.6,46564.4,46699.5,2534.0
20260623.0,1715.0,46704.6,46999.0,46699.6,46902.2,3974.0
20260623.0,1730.0,46908.3,47066.6,46908.3,47028.3,4620.0
20260623.0,1745.0,47024.3,47040.4,46949.7,46953.7,2658.0
20260623.0,1800.0,46960.7,47044.4,46928.5,46985.0,1638.0
20260623.0,1815.0,46988.0,47088.8,46930.5,46942.6,2052.0
20260623.0,1830.0,46945.6,46966.7,46761.1,46783.2,1990.0
20260623.0,1845.0,46773.1,46785.2,46608.8,46765.1,2572.0
20260623.0,1900.0,46766.1,46809.4,46670.3,46787.3,1806.0
20260623.0,1915.0,46791.3,46877.0,46720.7,46869.0,1812.0
20260623.0,1930.0,46864.9,46911.3,46782.3,46794.3,1474.0
20260623.0,1945.0,46799.4,47007.1,46772.2,46992.0,2250.0
20260623.0,2000.0,46992.0,47046.4,46944.7,47003.1,1546.0
20260623.0,2015.0,47002.1,47013.1,46863.0,46886.1,1540.0
20260623.0,2030.0,46884.1,46891.1,46795.4,46865.9,1460.0
20260623.0,2045.0,46859.9,46920.3,46758.1,46844.8,2142.0
20260623.0,2100.0,46840.7,46852.8,46785.3,46823.6,1082.0
20260623.0,2115.0,46823.6,46826.5,46688.5,46748.9,2056.0
20260623.0,2130.0,46739.9,46804.4,46610.8,46681.4,2846.0
20260623.0,2145.0,46676.3,46876.0,46581.5,46742.9,7724.0
20260623.0,2200.0,46725.7,47010.1,46670.3,46985.0,6994.0
20260623.0,2215.0,46985.0,47078.7,46917.4,47024.3,6488.0
20260623.0,2230.0,47024.3,47101.9,46904.3,46960.7,5204.0
20260623.0,2245.0,46955.7,46975.8,46806.5,46831.6,3766.0
20260623.0,2300.0,46838.7,46927.4,46756.0,46866.9,2856.0
20260623.0,2315.0,46865.9,46914.3,46768.1,46800.4,2190.0
20260623.0,2330.0,46807.4,46817.5,46647.1,46672.3,3156.0
20260623.0,2345.0,46669.3,46803.3,46669.3,46722.7,2126.0
20260624.0,0.0,46726.7,46887.1,46696.5,46854.8,2008.0
20260624.0,15.0,46851.8,46986.9,46828.7,46963.8,2124.0
20260624.0,30.0,46963.8,46976.8,46850.9,46889.1,1358.0
20260624.0,45.0,46889.1,46950.6,46836.7,46943.6,982.0
20260624.0,100.0,46950.7,46951.6,46810.5,46840.7,1250.0
20260624.0,115.0,46842.7,46881.0,46765.1,46836.7,1458.0
20260624.0,130.0,46838.7,46895.1,46788.3,46846.8,710.0
20260624.0,145.0,46853.8,46875.0,46787.3,46794.3,948.0
20260624.0,200.0,46792.3,46818.5,46671.3,46671.3,1354.0
20260624.0,215.0,46672.3,46775.1,46661.2,46707.6,958.0
20260624.0,230.0,46711.6,46730.7,46660.2,46691.4,648.0
20260624.0,245.0,46683.4,46699.5,46481.7,46481.6,2044.0
20260624.0,300.0,46481.6,46632.9,46455.5,46630.9,1410.0
20260624.0,315.0,46631.9,46793.3,46615.8,46682.4,1560.0
20260624.0,330.0,46676.3,46736.8,46567.4,46712.6,1006.0
20260624.0,345.0,46710.6,46729.7,46590.6,46636.0,614.0
20260624.0,400.0,46640.0,46650.0,46515.0,46515.9,1288.0
20260624.0,415.0,46521.0,46689.4,46504.9,46666.2,856.0
20260624.0,430.0,46662.2,46705.5,46657.2,46701.5,380.0
20260624.0,445.0,46697.5,46719.6,46694.5,46707.6,202.0
20260624.0,500.0,46699.5,46704.5,46599.7,46605.7,768.0
20260624.0,900.0,47262.3,47473.1,46889.2,47102.0,18044.0
20260624.0,915.0,47098.9,47115.0,46703.6,46835.7,18712.0
20260624.0,930.0,46840.7,47079.7,46750.0,46891.1,11958.0
20260624.0,945.0,46888.1,47062.6,46864.0,46892.2,7016.0
20260624.0,1000.0,46904.3,47169.5,46855.9,47098.9,8314.0
20260624.0,1015.0,47095.9,47131.2,46846.8,46909.3,7030.0
20260624.0,1030.0,46904.3,46971.8,46654.2,46937.5,11536.0
20260624.0,1045.0,46937.5,46994.0,46603.7,46695.5,8072.0
20260624.0,1100.0,46695.5,46725.7,46421.2,46429.2,10640.0
20260624.0,1115.0,46429.2,46633.9,46294.1,46592.6,11404.0
20260624.0,1130.0,46589.6,46654.1,46402.0,46654.1,6980.0
20260624.0,1145.0,46649.1,46694.4,46583.6,46603.7,5418.0
20260624.0,1200.0,46600.7,46677.3,46534.1,46672.3,3590.0
20260624.0,1215.0,46672.3,46679.3,46442.4,46480.6,3888.0
20260624.0,1230.0,46483.7,46540.1,46367.7,46476.6,5278.0
20260624.0,1245.0,46475.6,46936.5,46475.6,46872.0,9282.0
20260624.0,1300.0,46875.0,46891.1,46779.2,46847.8,6496.0
20260624.0,1315.0,46845.8,46956.7,46809.5,46916.4,6040.0
20260624.0,1330.0,46914.3,47087.8,46750.0,46768.1,12672.0
20260624.0,1345.0,46767.1,46902.2,46679.4,46787.3,20060.0
20260624.0,1515.0,46761.0,46837.6,46584.6,46607.7,5556.0
20260624.0,1530.0,46613.8,46629.9,46403.0,46415.1,4006.0
20260624.0,1545.0,46415.1,46484.6,46165.0,46348.5,7360.0
20260624.0,1600.0,46335.4,46373.7,46116.6,46141.7,4182.0
20260624.0,1615.0,46136.7,46350.5,46099.4,46349.5,3682.0
20260624.0,1630.0,46346.5,46366.6,46185.2,46246.6,2972.0
20260624.0,1645.0,46248.7,46316.2,46205.3,46241.6,1528.0
20260624.0,1700.0,46243.6,46255.7,46175.1,46186.1,1414.0
20260624.0,1715.0,46205.3,46268.8,46132.7,46242.6,2150.0
20260624.0,1730.0,46236.5,46247.6,46036.9,46052.0,3744.0
20260624.0,1745.0,46061.0,46080.2,45933.0,45935.0,3420.0
20260624.0,1800.0,45933.0,46051.9,45892.7,46028.8,3124.0
20260624.0,1815.0,46026.8,46046.9,45913.8,46038.9,1722.0
20260624.0,1830.0,46041.9,46161.9,46033.9,46161.9,1856.0
20260624.0,1845.0,46164.9,46267.8,46144.8,46226.5,1936.0
20260624.0,1900.0,46231.5,46235.5,46109.5,46113.5,1018.0
20260624.0,1915.0,46123.6,46244.6,46033.9,46041.9,2076.0
20260624.0,1930.0,46040.9,46079.2,46004.6,46042.9,1218.0
20260624.0,1945.0,46040.9,46177.0,46040.9,46159.9,1292.0
20260624.0,2000.0,46162.9,46292.0,46136.7,46262.8,1436.0
20260624.0,2015.0,46265.8,46273.8,46176.1,46216.4,1034.0
20260624.0,2030.0,46225.5,46269.8,46161.0,46167.0,1262.0
20260624.0,2045.0,46167.0,46177.0,46049.0,46059.0,1856.0
20260624.0,2100.0,46061.0,46071.1,45914.8,45933.0,2774.0
20260624.0,2115.0,45929.9,45983.3,45753.5,45789.7,5580.0
20260624.0,2130.0,45795.8,45914.7,45724.2,45861.3,4102.0
20260624.0,2145.0,45842.2,46179.0,45648.6,45781.7,11728.0
20260624.0,2200.0,45781.7,46144.7,45726.2,45993.5,7622.0
20260624.0,2215.0,46007.6,46113.4,45957.2,46026.8,4068.0
20260624.0,2230.0,46024.7,46087.2,45759.5,46030.8,4166.0
20260624.0,2245.0,46043.9,46224.4,46040.9,46203.3,4310.0
20260624.0,2300.0,46202.3,46280.9,46124.6,46266.8,3586.0
20260624.0,2315.0,46266.8,46351.5,46123.6,46185.1,4366.0
20260624.0,2330.0,46180.1,46247.6,46082.3,46226.5,2622.0
20260624.0,2345.0,46228.5,46238.5,46114.6,46153.8,1840.0
20260625.0,0.0,46149.8,46231.5,46094.4,46173.0,1868.0
20260625.0,15.0,46168.0,46227.4,46133.7,46200.2,1138.0
20260625.0,30.0,46203.3,46255.7,46171.0,46220.4,940.0
20260625.0,45.0,46219.4,46220.4,45986.5,46059.0,2564.0
20260625.0,100.0,46050.0,46092.3,45993.5,46013.6,1078.0
20260625.0,115.0,46011.6,46082.2,45885.6,45900.7,1652.0
20260625.0,130.0,45899.7,45937.9,45485.2,45551.7,6496.0
20260625.0,145.0,45549.7,45643.4,45451.9,45576.9,4076.0
20260625.0,200.0,45571.9,45719.1,45560.8,45594.1,1660.0
20260625.0,215.0,45595.1,45729.2,45570.9,45691.9,1160.0
20260625.0,230.0,45690.9,45982.3,45690.9,45941.0,2552.0
20260625.0,245.0,45933.0,45953.1,45782.7,45830.1,1012.0
20260625.0,300.0,45836.1,45843.1,45670.8,45722.1,1428.0
20260625.0,315.0,45730.2,45836.1,45580.0,45692.9,1596.0
20260625.0,330.0,45684.8,45846.2,45627.4,45827.0,1058.0
20260625.0,345.0,45833.1,45921.8,45776.7,45855.3,1564.0
20260625.0,400.0,45862.3,46139.7,45836.2,46060.0,2428.0
20260625.0,415.0,46059.0,46743.8,46032.9,46695.5,7168.0
20260625.0,430.0,46693.5,47017.2,46572.5,46981.9,5154.0
20260625.0,445.0,46972.8,47230.0,46972.9,47194.7,4206.0
20260625.0,500.0,47191.7,47318.8,47163.5,47314.8,2386.0
20260625.0,900.0,47398.5,47402.5,46909.4,47349.1,23188.0
20260625.0,915.0,47348.1,47379.3,46871.0,46945.6,17124.0
20260625.0,930.0,46954.7,47176.5,46892.2,46956.7,7546.0
20260625.0,945.0,46951.7,47218.9,46887.2,47007.1,7518.0
20260625.0,1000.0,47007.1,47163.4,46941.6,46960.7,6180.0
20260625.0,1015.0,46961.8,47133.2,46580.5,46606.7,10208.0
20260625.0,1030.0,46610.8,46922.4,46488.8,46826.6,11306.0
20260625.0,1045.0,46830.6,46944.6,46748.0,46770.1,4182.0
20260625.0,1100.0,46775.2,46919.3,46695.5,46918.4,3690.0
20260625.0,1115.0,46918.4,47033.3,46841.8,46893.2,4142.0
20260625.0,1130.0,46892.2,47026.3,46857.9,46888.1,3808.0
20260625.0,1145.0,46891.1,47024.2,46781.3,46819.5,3690.0
20260625.0,1200.0,46815.5,46925.4,46786.3,46877.0,2922.0
20260625.0,1215.0,46883.1,46914.3,46828.7,46881.1,2146.0
20260625.0,1230.0,46873.0,46944.6,46795.4,46830.6,2978.0
20260625.0,1245.0,46838.7,46906.2,46755.0,46898.2,3352.0
20260625.0,1300.0,46901.2,46958.7,46871.0,46904.3,3326.0
20260625.0,1315.0,46899.2,47102.9,46885.1,47021.3,6204.0
20260625.0,1330.0,47019.2,47028.3,46860.9,46927.5,6364.0
20260625.0,1345.0,46932.5,46970.8,46836.7,46945.6,11696.0
20260625.0,1515.0,46830.6,47053.5,46830.7,46977.9,3154.0
20260625.0,1530.0,46977.9,47062.6,46963.8,46979.9,1414.0
20260625.0,1545.0,46985.0,47058.5,46954.7,47030.3,1092.0
20260625.0,1600.0,47030.3,47042.4,46992.1,47037.4,864.0
20260625.0,1615.0,47037.4,47097.9,46976.9,47002.1,1848.0
20260625.0,1630.0,46999.1,47006.1,46946.7,46949.6,1174.0
20260625.0,1645.0,46951.7,47024.2,46945.7,47006.1,770.0
20260625.0,1700.0,47006.1,47011.1,46883.1,46926.5,1370.0
20260625.0,1715.0,46931.5,47000.0,46903.3,46964.8,1382.0
20260625.0,1730.0,46965.8,47000.0,46893.2,46929.5,1112.0
20260625.0,1745.0,46933.5,46965.7,46924.5,46929.5,530.0
20260625.0,1800.0,46923.4,46923.4,46762.1,46805.4,2656.0
20260625.0,1815.0,46808.4,46872.9,46788.3,46866.9,880.0
20260625.0,1830.0,46866.9,46881.0,46809.5,46869.0,698.0
20260625.0,1845.0,46869.0,46943.5,46869.0,46887.1,1060.0
20260625.0,1900.0,46899.2,46956.7,46871.0,46909.3,608.0
20260625.0,1915.0,46916.4,46994.0,46916.4,46929.5,1118.0
20260625.0,1930.0,46928.5,46953.6,46854.9,46877.0,910.0
20260625.0,1945.0,46866.9,46898.2,46810.5,46890.1,1114.0
20260625.0,2000.0,46885.1,46912.3,46871.0,46883.1,482.0
20260625.0,2015.0,46887.1,47018.2,46859.9,46954.7,1758.0
20260625.0,2030.0,46951.7,46994.0,46923.5,46958.7,996.0
20260625.0,2045.0,46961.8,47288.5,46961.8,47137.3,9280.0
20260625.0,2100.0,47141.3,47258.2,47127.2,47214.9,2106.0
20260625.0,2115.0,47219.0,47244.1,47155.5,47172.6,1294.0
20260625.0,2130.0,47173.6,47177.5,47096.0,47137.3,1700.0
20260625.0,2145.0,47135.2,47194.7,46536.2,46558.3,11772.0
20260625.0,2200.0,46562.3,46633.9,45729.3,45762.5,38900.0
20260625.0,2215.0,45768.5,46359.6,45702.0,46156.9,23580.0
20260625.0,2230.0,46153.8,46372.7,46072.2,46213.4,7420.0
20260625.0,2245.0,46216.4,46352.5,46152.9,46220.4,4626.0
20260625.0,2300.0,46214.4,46427.1,46169.0,46252.7,5368.0
20260625.0,2315.0,46265.8,46407.0,46057.1,46077.2,4666.0
20260625.0,2330.0,46085.3,46277.9,45969.3,46176.0,4482.0
20260625.0,2345.0,46178.0,46314.2,46166.0,46314.2,2094.0
20260626.0,0.0,46302.1,46396.9,46246.7,46266.8,2456.0
20260626.0,15.0,46265.8,46531.0,46246.7,46522.0,5522.0
20260626.0,30.0,46524.0,46699.5,46467.6,46496.8,5438.0
20260626.0,45.0,46501.8,46506.8,46208.4,46230.5,3932.0
20260626.0,100.0,46220.4,46236.5,46124.6,46186.1,3632.0
20260626.0,115.0,46193.2,46232.5,46137.8,46167.0,2044.0
20260626.0,130.0,46174.0,46254.7,46060.1,46146.8,2720.0
20260626.0,145.0,46149.8,46157.8,46064.1,46085.3,1582.0
20260626.0,200.0,46084.2,46153.8,45979.4,46145.8,2168.0
20260626.0,215.0,46146.8,46150.8,45983.4,46101.4,1962.0
20260626.0,230.0,46093.3,46231.5,46065.1,46227.5,2018.0
20260626.0,245.0,46226.5,46228.4,46025.8,46093.3,880.0
20260626.0,300.0,46094.3,46138.7,45998.6,46107.4,860.0
20260626.0,315.0,46111.5,46111.4,45929.0,45959.2,1180.0
20260626.0,330.0,45948.1,46087.2,45894.7,46071.1,1228.0
20260626.0,345.0,46072.1,46087.2,45986.5,46037.8,624.0
20260626.0,400.0,46031.8,46131.6,45914.8,46127.6,1028.0
20260626.0,415.0,46127.6,46283.9,46096.4,46187.1,1218.0
20260626.0,430.0,46188.1,46240.5,46187.2,46211.3,372.0
20260626.0,445.0,46219.4,46227.4,46149.9,46158.9,528.0
20260626.0,500.0,46153.8,46213.3,46149.9,46200.2,526.0
20260626.0,900.0,46103.4,46200.2,45983.4,46055.0,8908.0
20260626.0,915.0,46054.0,46185.1,45791.8,46068.1,16800.0
20260626.0,930.0,46074.2,46318.2,46056.1,46212.3,7686.0
20260626.0,945.0,46214.4,46291.0,45744.4,45794.8,12274.0
20260626.0,1000.0,45793.8,45827.0,45551.7,45779.6,17676.0
20260626.0,1015.0,45776.6,45880.5,45676.8,45752.4,7622.0
20260626.0,1030.0,45754.4,45771.5,45557.8,45647.5,8354.0
20260626.0,1045.0,45647.5,45730.2,45430.7,45473.0,10372.0
20260626.0,1100.0,45469.0,45503.2,45325.8,45385.3,8760.0
20260626.0,1115.0,45385.3,45394.3,44646.0,45158.3,20028.0
20260626.0,1130.0,45156.3,45247.0,45065.6,45199.7,10422.0
20260626.0,1145.0,45206.7,45285.4,45051.5,45285.4,6248.0
20260626.0,1200.0,45285.4,45531.5,45136.2,45482.1,7924.0
20260626.0,1215.0,45483.1,45551.6,45370.2,45492.2,4656.0
20260626.0,1230.0,45492.2,45543.6,45319.8,45388.3,4596.0
20260626.0,1245.0,45390.3,45421.5,45140.2,45210.8,5348.0
20260626.0,1300.0,45217.8,45221.8,45086.8,45131.1,4400.0
20260626.0,1315.0,45129.1,45150.2,45023.2,45081.7,7838.0
20260626.0,1330.0,45083.7,45116.9,44903.2,45011.1,12020.0
20260626.0,1345.0,45014.1,45194.6,44746.9,44755.9,22826.0
20260626.0,1515.0,45287.4,45352.9,45051.5,45196.7,6674.0
20260626.0,1530.0,45190.6,45269.2,45159.4,45266.2,2472.0
20260626.0,1545.0,45266.2,45311.6,45205.8,45214.8,2250.0
20260626.0,1600.0,45213.8,45330.8,45182.6,45298.5,2022.0
20260626.0,1615.0,45300.5,45413.5,45136.2,45168.4,3062.0
20260626.0,1630.0,45170.4,45192.6,45075.7,45166.4,2074.0
20260626.0,1645.0,45154.3,45168.4,44902.2,44902.1,2476.0
20260626.0,1700.0,44906.2,44923.3,44515.9,44716.5,5740.0
20260626.0,1715.0,44719.6,44890.0,44678.3,44868.8,3246.0
20260626.0,1730.0,44861.8,44914.2,44746.9,44870.9,2232.0
20260626.0,1745.0,44864.8,45002.9,44789.2,44978.8,2158.0
20260626.0,1800.0,44980.8,45029.2,44865.9,44882.0,2032.0
20260626.0,1815.0,44882.0,44891.0,44765.0,44873.9,1322.0
20260626.0,1830.0,44868.8,44908.1,44783.2,44822.5,870.0
20260626.0,1845.0,44820.4,44871.8,44649.0,44675.2,2154.0
20260626.0,1900.0,44672.2,44759.9,44615.7,44717.6,1880.0
20260626.0,1915.0,44719.6,44868.8,44704.5,44824.5,1558.0
20260626.0,1930.0,44818.4,44820.4,44665.2,44677.2,1040.0
20260626.0,1945.0,44679.2,44761.9,44662.1,44694.4,946.0
20260626.0,2000.0,44692.3,44730.6,44578.4,44682.3,1610.0
20260626.0,2015.0,44683.3,44923.3,44653.1,44876.9,2208.0
20260626.0,2030.0,44876.9,44930.3,44775.1,44838.6,1228.0
20260626.0,2045.0,44834.6,44846.6,44682.3,44713.5,1414.0
20260626.0,2100.0,44703.4,44767.9,44664.1,44752.9,1176.0
20260626.0,2115.0,44758.9,44758.9,44648.0,44735.7,1208.0
20260626.0,2130.0,44733.7,44834.5,44556.2,44834.6,3250.0
20260626.0,2145.0,44826.5,44919.2,44591.5,44810.3,7504.0
20260626.0,2200.0,44803.3,45062.5,44673.2,45025.2,5498.0
20260626.0,2215.0,45040.3,45266.2,45040.4,45210.8,7098.0
20260626.0,2230.0,45210.8,45278.3,45112.0,45185.6,4266.0
20260626.0,2245.0,45182.5,45219.8,45051.5,45090.7,3304.0
20260626.0,2300.0,45091.8,45199.6,45046.4,45103.9,2524.0
20260626.0,2315.0,45104.9,45148.2,44935.5,44949.5,3166.0
20260626.0,2330.0,44949.5,45310.6,44882.0,45301.6,4464.0
20260626.0,2345.0,45294.5,45519.4,45224.9,45481.1,6436.0
20260627.0,0.0,45484.1,45504.2,45272.3,45421.6,4060.0
20260627.0,15.0,45425.6,45468.9,45399.4,45469.0,2278.0
20260627.0,30.0,45469.0,45499.2,45344.0,45474.0,2424.0
20260627.0,45.0,45477.1,45646.5,45477.1,45603.1,3362.0
20260627.0,100.0,45599.1,45655.5,45565.9,45624.3,1506.0
20260627.0,115.0,45611.2,45762.4,45582.0,45701.0,2906.0
20260627.0,130.0,45696.9,45709.0,45596.1,45690.9,1502.0
20260627.0,145.0,45690.9,45739.2,45612.3,45665.7,1274.0
20260627.0,200.0,45679.8,45679.7,45522.5,45533.5,1074.0
20260627.0,215.0,45536.6,45571.8,45420.6,45456.9,1604.0
20260627.0,230.0,45458.9,45489.1,45349.0,45389.3,1418.0
20260627.0,245.0,45391.3,45457.8,45352.0,45388.3,1008.0
20260627.0,300.0,45389.3,45389.3,45205.8,45261.2,2132.0
20260627.0,315.0,45261.2,45483.1,45235.0,45473.0,1510.0
20260627.0,330.0,45469.0,45481.0,45346.0,45401.4,878.0
20260627.0,345.0,45404.4,45565.8,45351.0,45562.8,1058.0
20260627.0,400.0,45560.8,45578.9,45378.3,45401.4,1942.0
20260627.0,415.0,45392.3,45502.2,45290.5,45384.3,1286.0
20260627.0,430.0,45380.2,45442.7,45375.2,45403.4,448.0
20260627.0,445.0,45402.4,45413.5,45309.7,45356.0,712.0
20260627.0,500.0,45353.0,45424.6,45329.8,45383.2,750.0
20260629.0,900.0,45185.6,45486.1,44755.9,45346.9,20072.0
20260629.0,915.0,45353.0,45882.5,45158.4,45602.1,21952.0
20260629.0,930.0,45597.1,45786.7,45414.6,45579.9,8716.0
20260629.0,945.0,45584.0,46017.6,45561.8,45983.4,11050.0
20260629.0,1000.0,45981.4,46030.7,45797.8,45805.9,6272.0
20260629.0,1015.0,45804.9,45888.5,45457.9,45492.2,8420.0
20260629.0,1030.0,45480.1,45808.8,45454.9,45771.6,5724.0
20260629.0,1045.0,45772.6,45827.0,45718.2,45778.6,2762.0
20260629.0,1100.0,45781.7,45811.9,45604.2,45742.3,5246.0
20260629.0,1115.0,45744.3,45891.5,45687.9,45687.9,3502.0
20260629.0,1130.0,45684.8,45764.5,45637.5,45704.0,2560.0
20260629.0,1145.0,45705.0,45767.5,45398.4,45448.8,5940.0
20260629.0,1200.0,45447.8,45803.8,45436.8,45776.6,6156.0
20260629.0,1215.0,45780.6,45783.6,45610.2,45638.4,3080.0
20260629.0,1230.0,45641.5,45663.6,45517.4,45520.4,3362.0
20260629.0,1245.0,45521.4,45605.1,45425.7,45457.9,3594.0
20260629.0,1300.0,45460.9,45655.5,45412.5,45492.2,3440.0
20260629.0,1315.0,45502.3,45649.5,45446.8,45636.4,4356.0
20260629.0,1330.0,45634.4,45770.5,45617.3,45662.6,7048.0
20260629.0,1345.0,45662.6,45975.3,45628.4,45943.0,13522.0
20260629.0,1515.0,45973.3,46077.1,45920.9,46025.7,3844.0
20260629.0,1530.0,46024.7,46128.6,45985.5,46109.5,2080.0
20260629.0,1545.0,46112.5,46227.4,46041.9,46189.1,2854.0
20260629.0,1600.0,46188.1,46193.1,46132.7,46163.9,1108.0
20260629.0,1615.0,46159.9,46263.7,46140.8,46213.4,2256.0
20260629.0,1630.0,46215.4,46291.0,46183.1,46203.3,1398.0
20260629.0,1645.0,46192.2,46225.4,46145.8,46185.1,1242.0
20260629.0,1700.0,46183.1,46275.8,46134.7,46143.8,1496.0
20260629.0,1715.0,46140.7,46192.1,46120.6,46183.1,1084.0
20260629.0,1730.0,46175.0,46235.5,46155.9,46220.4,1108.0
20260629.0,1745.0,46220.4,46227.4,46162.0,46176.0,580.0
20260629.0,1800.0,46181.1,46205.2,46124.6,46186.1,746.0
20260629.0,1815.0,46189.1,46260.7,46184.2,46205.3,810.0
20260629.0,1830.0,46211.3,46256.7,46175.1,46256.7,570.0
20260629.0,1845.0,46260.8,46358.5,46234.6,46321.3,1750.0
20260629.0,1900.0,46317.2,46369.6,46281.0,46345.5,1382.0
20260629.0,1915.0,46350.5,46375.7,46269.9,46276.9,1284.0
20260629.0,1930.0,46282.9,46287.9,46234.6,46247.6,972.0
20260629.0,1945.0,46246.6,46324.2,46216.4,46266.8,2460.0
20260629.0,2000.0,46267.8,46304.1,46250.7,46266.8,494.0
20260629.0,2015.0,46260.8,46334.3,46240.6,46317.2,792.0
20260629.0,2030.0,46319.3,46342.4,46283.0,46295.0,694.0
20260629.0,2045.0,46295.0,46302.1,46152.9,46204.3,1636.0
20260629.0,2100.0,46206.3,46270.8,46203.3,46267.8,874.0
20260629.0,2115.0,46269.8,46323.2,46267.9,46298.1,890.0
20260629.0,2130.0,46296.1,46300.0,46182.1,46200.2,1094.0
20260629.0,2145.0,46195.2,46362.6,46018.7,46347.5,7500.0
20260629.0,2200.0,46351.5,46405.9,45959.2,46014.7,7300.0
20260629.0,2215.0,46031.8,46033.8,45520.5,45527.5,11044.0
20260629.0,2230.0,45519.4,45912.7,45426.7,45891.6,8528.0
20260629.0,2245.0,45881.5,46048.9,45866.4,45912.8,5162.0
20260629.0,2300.0,45903.7,46180.0,45802.9,46179.1,4936.0
20260629.0,2315.0,46170.0,46210.3,46102.5,46180.1,2868.0
20260629.0,2330.0,46180.1,46251.6,46047.0,46243.6,3126.0
20260629.0,2345.0,46242.6,46339.4,46213.4,46329.3,2310.0
20260630.0,0.0,46320.3,46487.6,46270.9,46484.7,4262.0
20260630.0,15.0,46485.7,46613.7,46485.7,46613.8,4134.0
20260630.0,30.0,46612.8,46732.7,46594.7,46639.0,3872.0
20260630.0,45.0,46648.1,46668.2,46583.6,46650.1,1764.0
20260630.0,100.0,46650.1,46791.2,46629.0,46764.1,1972.0
20260630.0,115.0,46768.1,46853.8,46756.0,46828.6,2026.0
20260630.0,130.0,46821.6,46832.6,46716.7,46764.1,1566.0
20260630.0,145.0,46761.0,46786.2,46712.7,46764.1,1036.0
20260630.0,200.0,46760.0,46810.4,46736.9,46766.1,684.0
20260630.0,215.0,46772.1,46820.5,46748.0,46805.4,630.0
20260630.0,230.0,46804.4,46818.5,46750.0,46753.0,564.0
20260630.0,245.0,46760.0,46872.9,46748.0,46861.9,774.0
20260630.0,300.0,46860.9,46876.0,46784.3,46790.3,516.0
20260630.0,315.0,46795.3,46801.3,46688.5,46737.8,1226.0
20260630.0,330.0,46724.7,46809.4,46724.8,46773.1,336.0
20260630.0,345.0,46773.1,46805.4,46740.9,46762.0,364.0
20260630.0,400.0,46778.2,46826.5,46741.9,46807.4,1114.0
20260630.0,415.0,46807.4,46807.4,46695.5,46775.2,1026.0
20260630.0,430.0,46774.1,46776.1,46749.0,46748.9,218.0
20260630.0,445.0,46756.0,46761.0,46732.8,46741.9,178.0
20260630.0,500.0,46742.9,46778.1,46718.7,46761.0,440.0
20260630.0,900.0,46497.8,46655.1,46318.3,46650.1,14512.0
20260630.0,915.0,46649.1,46809.4,46462.5,46678.3,15080.0
20260630.0,930.0,46678.3,46960.7,46630.0,46906.3,9818.0
20260630.0,945.0,46907.3,47050.5,46739.9,46875.0,9018.0
20260630.0,1000.0,46868.0,46969.8,46727.8,46969.8,4838.0
20260630.0,1015.0,46969.8,46975.8,46740.9,46740.9,4066.0
20260630.0,1030.0,46745.9,47012.1,46601.7,47000.1,7310.0
20260630.0,1045.0,47000.1,47141.2,46985.0,47042.4,7308.0
20260630.0,1100.0,47037.4,47078.7,46920.4,46927.5,2952.0
20260630.0,1115.0,46921.4,46936.5,46806.5,46808.4,3918.0
20260630.0,1130.0,46814.5,46919.3,46808.5,46914.3,2738.0
20260630.0,1145.0,46915.4,46987.9,46898.3,46939.6,2424.0
20260630.0,1200.0,46934.5,47015.2,46916.4,46980.9,2072.0
20260630.0,1215.0,46976.9,47128.1,46976.9,47093.9,3054.0
20260630.0,1230.0,47096.9,47186.6,47070.7,47181.6,2744.0
20260630.0,1245.0,47179.6,47220.9,47155.5,47205.8,2954.0
20260630.0,1300.0,47202.8,47242.1,47164.5,47167.5,3078.0
20260630.0,1315.0,47164.5,47211.8,47143.4,47177.6,3402.0
20260630.0,1330.0,47176.6,47186.6,47038.5,47070.7,6314.0
20260630.0,1345.0,47080.8,47287.5,46957.8,47133.2,23966.0
20260630.0,1515.0,47086.8,47102.9,46989.0,47020.3,3804.0
20260630.0,1530.0,47024.3,47140.2,47024.3,47074.7,1148.0
20260630.0,1545.0,47085.8,47118.0,47069.7,47083.8,818.0
20260630.0,1600.0,47087.8,47089.8,46929.5,47015.2,2022.0
20260630.0,1615.0,47013.2,47064.6,46982.0,46981.9,1238.0
20260630.0,1630.0,46977.9,47036.3,46909.4,47032.4,1208.0
20260630.0,1645.0,47034.4,47042.4,46765.1,46869.0,2592.0
20260630.0,1700.0,46868.0,46946.6,46830.7,46934.5,1286.0
20260630.0,1715.0,46933.5,46956.7,46859.9,46931.5,1168.0
20260630.0,1730.0,46935.5,46976.8,46910.4,46911.3,1028.0
20260630.0,1745.0,46914.3,46936.5,46859.9,46926.5,812.0
20260630.0,1800.0,46930.5,46967.8,46920.4,46941.6,638.0
20260630.0,1815.0,46946.6,46989.9,46937.6,46967.8,624.0
20260630.0,1830.0,46965.8,46983.9,46942.6,46973.9,374.0
20260630.0,1845.0,46974.9,47002.0,46917.4,46977.9,622.0
20260630.0,1900.0,46970.8,47128.1,46961.8,47092.9,1330.0
20260630.0,1915.0,47097.9,47171.5,47070.7,47158.4,1588.0
20260630.0,1930.0,47160.5,47183.6,47063.7,47113.0,1432.0
20260630.0,1945.0,47114.1,47150.3,47094.9,47143.3,586.0
20260630.0,2000.0,47143.3,47188.6,47104.0,47108.0,1134.0
20260630.0,2015.0,47104.0,47125.1,47005.2,47013.2,1048.0
20260630.0,2030.0,47020.3,47062.6,46985.0,46997.1,1174.0
20260630.0,2045.0,46993.0,47058.5,46963.8,47032.4,1020.0
20260630.0,2100.0,47032.4,47049.5,46973.9,46985.0,598.0
20260630.0,2115.0,46983.9,47062.6,46984.0,47020.3,572.0
20260630.0,2130.0,47019.2,47113.0,46999.1,47093.9,1076.0
20260630.0,2145.0,47095.9,47352.0,47036.4,47286.5,7292.0
20260630.0,2200.0,47286.5,47505.4,47286.6,47502.4,5644.0
20260630.0,2215.0,47505.4,47606.2,47438.9,47600.2,5456.0
20260630.0,2230.0,47592.1,47766.6,47576.1,47733.4,5184.0
20260630.0,2245.0,47727.3,47788.8,47658.8,47721.3,3904.0
20260630.0,2300.0,47716.2,47723.2,47586.1,47614.3,2458.0
20260630.0,2315.0,47615.3,47762.6,47615.4,47720.2,2228.0
20260630.0,2330.0,47720.2,47728.3,47643.6,47648.6,1598.0
20260630.0,2345.0,47650.6,47708.1,47617.4,47672.8,1186.0
20260701.0,0.0,47677.9,47728.3,47656.7,47678.9,996.0
20260701.0,15.0,47676.9,47746.4,47669.9,47729.3,1426.0
20260701.0,30.0,47728.3,47760.5,47717.3,47720.2,590.0
20260701.0,45.0,47720.2,47736.3,47692.1,47728.3,492.0
20260701.0,100.0,47732.3,47844.3,47727.4,47783.8,2204.0
20260701.0,115.0,47780.8,47827.1,47763.7,47797.9,610.0
20260701.0,130.0,47790.8,47834.2,47788.9,47795.9,306.0
20260701.0,145.0,47795.9,47857.4,47770.7,47840.3,612.0
20260701.0,200.0,47838.3,47868.5,47819.1,47843.3,590.0
20260701.0,215.0,47851.4,47883.6,47835.3,47853.4,588.0
20260701.0,230.0,47859.4,47893.7,47857.5,47890.7,432.0
20260701.0,245.0,47878.6,47918.9,47865.5,47913.9,812.0
20260701.0,300.0,47918.9,47930.0,47884.7,47896.8,544.0
20260701.0,315.0,47894.7,47913.8,47859.5,47900.8,624.0
20260701.0,330.0,47898.8,47911.8,47822.2,47828.2,526.0
20260701.0,345.0,47821.1,47893.7,47805.0,47892.7,550.0
20260701.0,400.0,47893.7,47929.0,47853.4,47864.5,794.0
20260701.0,415.0,47867.5,47902.8,47815.1,47879.6,560.0
20260701.0,430.0,47875.6,47876.5,47843.3,47859.4,162.0
20260701.0,445.0,47853.4,47856.4,47827.2,47835.2,240.0
20260701.0,500.0,47834.2,47839.2,47812.1,47837.2,418.0
20260701.0,900.0,47926.0,48106.5,47816.1,48043.0,10578.0
20260701.0,915.0,48039.0,48098.4,47612.4,47660.7,15286.0
20260701.0,930.0,47654.7,47796.8,47537.7,47733.4,9030.0
20260701.0,945.0,47718.2,47786.8,47417.7,47472.1,9522.0
20260701.0,1000.0,47471.1,47591.1,47313.8,47468.1,9930.0
20260701.0,1015.0,47476.2,47496.3,47299.7,47430.8,6774.0
20260701.0,1030.0,47429.8,47651.6,47429.8,47524.6,6296.0
20260701.0,1045.0,47520.5,47702.0,47496.4,47658.7,4340.0
20260701.0,1100.0,47659.7,47680.9,47577.1,47599.2,2276.0
20260701.0,1115.0,47600.2,47758.5,47516.5,47706.1,3936.0
20260701.0,1130.0,47710.2,47714.1,47524.6,47576.0,2938.0
20260701.0,1145.0,47571.0,47677.8,47552.9,47615.3,2710.0
20260701.0,1200.0,47608.3,47792.8,47601.3,47728.3,3704.0
20260701.0,1215.0,47728.3,47728.3,47535.7,47540.7,3042.0
20260701.0,1230.0,47538.7,47607.2,47501.4,47597.2,3590.0
20260701.0,1245.0,47591.1,47675.8,47579.1,47643.6,2218.0
20260701.0,1300.0,47642.6,47693.0,47606.3,47614.3,2912.0
20260701.0,1315.0,47611.3,47687.9,47574.0,47643.6,2514.0
20260701.0,1330.0,47643.6,47673.8,47521.6,47662.7,5940.0
20260701.0,1345.0,47661.7,47704.1,47607.3,47638.5,8624.0
20260701.0,1515.0,47577.0,47599.2,47393.5,47409.6,2978.0
20260701.0,1530.0,47408.6,47508.4,47359.2,47503.4,1546.0
20260701.0,1545.0,47505.4,47539.6,47489.3,47534.7,1068.0
20260701.0,1600.0,47534.7,47632.4,47515.5,47629.5,1468.0
20260701.0,1615.0,47631.5,47637.5,47551.9,47604.2,1068.0
20260701.0,1630.0,47597.2,47620.3,47541.8,47552.8,540.0
20260701.0,1645.0,47554.8,47657.7,47514.5,47650.6,1206.0
20260701.0,1700.0,47645.6,47656.6,47595.2,47642.6,756.0
20260701.0,1715.0,47642.6,47643.5,47536.7,47577.0,1090.0
20260701.0,1730.0,47578.0,47613.3,47578.1,47590.1,478.0
20260701.0,1745.0,47583.1,47643.5,47581.1,47633.5,624.0
20260701.0,1800.0,47636.5,47768.6,47636.6,47763.6,2054.0
20260701.0,1815.0,47763.6,47824.1,47695.1,47708.1,1534.0
20260701.0,1830.0,47703.1,47773.6,47689.0,47760.6,914.0
20260701.0,1845.0,47758.6,47845.3,47753.6,47770.7,1326.0
20260701.0,1900.0,47768.7,47903.8,47766.7,47902.8,1494.0
20260701.0,1915.0,47899.8,47958.2,47876.6,47878.6,1758.0
20260701.0,1930.0,47880.6,47889.6,47848.4,47860.4,772.0
20260701.0,1945.0,47859.4,47869.5,47803.0,47839.3,930.0
20260701.0,2000.0,47839.3,47839.2,47698.1,47727.3,1530.0
20260701.0,2015.0,47728.3,47745.4,47650.7,47708.1,1644.0
20260701.0,2030.0,47706.1,47768.6,47706.2,47751.5,818.0
20260701.0,2045.0,47746.5,47775.7,47455.0,47538.7,4210.0
20260701.0,2100.0,47543.7,47551.8,47445.9,47499.4,2420.0
20260701.0,2115.0,47499.4,47558.8,47413.7,47440.9,1876.0
20260701.0,2130.0,47449.9,47556.8,47308.8,47387.4,2950.0
20260701.0,2145.0,47383.4,47494.3,47014.3,47123.1,12388.0
20260701.0,2200.0,47123.1,47386.3,47090.9,47326.9,6572.0
20260701.0,2215.0,47332.9,47396.4,47223.0,47293.6,3762.0
20260701.0,2230.0,47299.6,47355.1,47236.2,47286.5,2140.0
20260701.0,2245.0,47285.5,47288.5,47038.5,47078.8,5134.0
20260701.0,2300.0,47074.7,47117.0,46902.3,46959.7,5652.0
20260701.0,2315.0,46961.8,47037.4,46853.9,47009.2,5354.0
20260701.0,2330.0,47010.2,47158.4,47009.2,47157.4,3888.0
20260701.0,2345.0,47158.4,47160.4,47038.5,47049.5,3082.0
20260702.0,0.0,47044.5,47048.4,46871.0,46878.0,2592.0
20260702.0,15.0,46883.1,46985.9,46878.1,46894.2,2300.0
20260702.0,30.0,46890.1,46981.9,46882.1,46939.6,1564.0
20260702.0,45.0,46937.5,46967.8,46825.6,46876.0,1794.0
20260702.0,100.0,46879.0,46920.3,46725.8,46745.9,2326.0
20260702.0,115.0,46745.9,46828.6,46687.5,46725.7,2608.0
20260702.0,130.0,46733.8,46820.5,46703.6,46772.1,1044.0
20260702.0,145.0,46770.1,46806.4,46727.8,46728.8,762.0
20260702.0,200.0,46738.8,46760.0,46670.3,46682.4,1054.0
20260702.0,215.0,46687.4,46763.0,46675.4,46719.7,864.0
20260702.0,230.0,46723.7,46777.1,46659.2,46721.7,1208.0
20260702.0,245.0,46719.7,46739.8,46661.2,46682.4,724.0
20260702.0,300.0,46684.4,46684.3,46536.2,46632.9,2240.0
20260702.0,315.0,46629.9,46889.1,46629.0,46818.5,2236.0
20260702.0,330.0,46820.5,46888.1,46778.2,46849.8,942.0
20260702.0,345.0,46841.7,46928.4,46727.8,46735.8,928.0
20260702.0,400.0,46739.9,46786.2,46620.9,46674.3,1296.0
20260702.0,415.0,46670.3,46691.4,46600.7,46674.3,482.0
20260702.0,430.0,46659.2,46679.3,46629.0,46669.3,230.0
20260702.0,445.0,46667.2,46720.6,46617.9,46718.7,326.0
20260702.0,500.0,46719.7,46760.0,46719.7,46754.0,416.0
20260702.0,900.0,46598.6,46612.7,46175.1,46508.9,14100.0
20260702.0,915.0,46519.0,46870.9,46432.3,46757.0,15598.0
20260702.0,930.0,46764.1,46941.5,46657.2,46921.4,11966.0
20260702.0,945.0,46924.4,47128.1,46900.3,47055.6,8208.0
20260702.0,1000.0,47060.6,47197.7,47039.5,47148.3,5622.0
20260702.0,1015.0,47153.4,47208.8,47068.7,47160.5,4524.0
20260702.0,1030.0,47161.5,47257.2,47087.9,47148.3,5982.0
20260702.0,1045.0,47147.3,47286.5,47068.7,47279.5,4252.0
20260702.0,1100.0,47278.5,47334.9,47118.1,47243.2,4688.0
20260702.0,1115.0,47245.2,47255.2,47023.3,47085.8,4098.0
20260702.0,1130.0,47081.8,47139.2,46959.8,46993.0,3902.0
20260702.0,1145.0,46991.0,47150.3,46986.0,47020.3,3106.0
20260702.0,1200.0,47028.3,47100.9,46966.8,47016.2,2944.0
20260702.0,1215.0,47017.2,47088.8,46941.6,47022.3,2976.0
20260702.0,1230.0,47020.3,47136.2,46946.7,47107.0,2890.0
20260702.0,1245.0,47106.0,47111.0,46888.2,46892.2,3478.0
20260702.0,1300.0,46891.1,47120.1,46867.0,47105.0,3552.0
20260702.0,1315.0,47115.1,47369.2,47073.8,47321.8,5546.0
20260702.0,1330.0,47317.8,47392.4,47246.2,47258.3,6310.0
20260702.0,1345.0,47254.3,47263.3,46993.1,47001.1,12004.0
20260702.0,1515.0,46699.5,46702.5,46369.7,46396.9,6868.0
20260702.0,1530.0,46390.9,46483.6,46327.4,46463.5,3156.0
20260702.0,1545.0,46472.6,46636.9,46424.2,46630.9,2678.0
20260702.0,1600.0,46629.9,46653.1,46535.2,46562.3,1818.0
20260702.0,1615.0,46561.3,46622.8,46380.8,46401.0,2418.0
20260702.0,1630.0,46408.0,46635.9,46401.0,46609.7,1646.0
20260702.0,1645.0,46606.7,46684.3,46585.6,46651.1,1498.0
20260702.0,1700.0,46655.1,46759.0,46629.0,46749.9,1618.0
20260702.0,1715.0,46747.9,46771.1,46600.7,46649.1,1676.0
20260702.0,1730.0,46655.1,46663.1,46556.3,46639.0,1266.0
20260702.0,1745.0,46632.9,46743.8,46627.9,46697.5,1224.0
20260702.0,1800.0,46695.5,46717.6,46620.9,46627.9,506.0
20260702.0,1815.0,46626.9,46633.9,46509.9,46542.2,1234.0
20260702.0,1830.0,46537.1,46631.9,46514.0,46613.8,864.0
20260702.0,1845.0,46617.8,46699.5,46606.8,46647.1,1110.0
20260702.0,1900.0,46644.0,46717.6,46608.8,46714.6,642.0
20260702.0,1915.0,46707.6,46743.8,46652.2,46711.6,944.0
20260702.0,1930.0,46714.6,46739.8,46640.1,46732.8,682.0
20260702.0,1945.0,46731.8,46850.8,46687.5,46847.8,1814.0
20260702.0,2000.0,46844.8,46906.2,46835.7,46839.7,1470.0
20260702.0,2015.0,46835.7,46986.9,46805.5,46974.9,1996.0
20260702.0,2030.0,46971.8,47090.8,46947.7,47055.6,2512.0
20260702.0,2045.0,47067.7,47411.6,47002.1,47308.7,7866.0
20260702.0,2100.0,47305.7,47363.1,47193.8,47254.3,2996.0
20260702.0,2115.0,47262.3,47309.7,47154.5,47262.3,2402.0
20260702.0,2130.0,47258.3,47347.0,47203.9,47213.9,1898.0
20260702.0,2145.0,47210.9,47474.1,47087.9,47370.2,8096.0
20260702.0,2200.0,47377.3,47623.4,47334.0,47605.3,7098.0
20260702.0,2215.0,47606.3,47630.4,47430.8,47558.9,4612.0
20260702.0,2230.0,47553.8,47553.8,47008.2,47083.8,8060.0
20260702.0,2245.0,47089.8,47201.8,46776.2,46866.9,9676.0
20260702.0,2300.0,46876.0,47052.5,46830.7,47017.2,6420.0
20260702.0,2315.0,47019.2,47076.7,46647.1,46799.4,7158.0
20260702.0,2330.0,46800.4,46848.7,46544.2,46630.9,5324.0
20260702.0,2345.0,46625.9,46946.6,46622.9,46793.3,4564.0
20260703.0,0.0,46789.3,46862.9,46674.3,46716.7,2546.0
20260703.0,15.0,46719.7,46740.8,46570.5,46719.7,3122.0
20260703.0,30.0,46725.7,46749.9,46275.9,46296.1,7344.0
20260703.0,45.0,46299.1,46302.1,46105.5,46172.0,7196.0
20260703.0,100.0,46171.0,46182.0,45943.1,46027.8,5570.0
20260703.0,115.0,46030.8,46097.3,45905.8,45990.4,4372.0
20260703.0,130.0,45997.5,46088.2,45958.2,46014.7,2206.0
20260703.0,145.0,46015.7,46121.5,45831.1,45865.4,4290.0
20260703.0,200.0,45859.3,45882.5,45678.8,45715.1,3492.0
20260703.0,215.0,45720.1,45983.3,45661.7,45902.7,3662.0
20260703.0,230.0,45901.7,46053.9,45817.0,46043.9,2074.0
20260703.0,245.0,46043.9,46094.3,45974.4,45983.4,1568.0
20260703.0,300.0,45988.4,46054.9,45914.8,46010.6,1196.0
20260703.0,315.0,46016.7,46043.9,45849.3,45901.7,1150.0
20260703.0,330.0,45899.7,45966.2,45762.5,45930.9,1176.0
20260703.0,345.0,45933.0,46019.6,45907.8,45972.3,1012.0
20260703.0,400.0,45963.2,46195.1,45949.1,46169.0,1762.0
20260703.0,415.0,46169.0,46195.1,45961.2,46119.5,1792.0
20260703.0,430.0,46122.6,46140.7,46087.3,46101.4,308.0
20260703.0,445.0,46096.3,46135.6,46056.1,46072.1,454.0
20260703.0,500.0,46072.1,46114.5,46056.1,46062.1,404.0
20260703.0,900.0,46094.3,46303.1,46001.6,46286.0,9760.0
20260703.0,915.0,46287.0,46636.9,46155.9,46525.0,15960.0
20260703.0,930.0,46527.0,46749.9,46469.6,46683.4,7822.0
20260703.0,945.0,46681.4,46818.5,46567.4,46798.4,5886.0
20260703.0,1000.0,46800.4,46895.1,46691.5,46764.1,6546.0
20260703.0,1015.0,46759.0,46998.0,46736.9,46832.6,6086.0
20260703.0,1030.0,46835.7,47046.4,46825.6,47045.5,4176.0
20260703.0,1045.0,47045.5,47063.6,46879.1,46941.6,4236.0
20260703.0,1100.0,46946.6,47006.1,46853.9,46969.8,3978.0
20260703.0,1115.0,46971.8,46971.8,46840.8,46912.3,3100.0
20260703.0,1130.0,46911.3,47038.4,46911.4,47029.3,2674.0
20260703.0,1145.0,47027.3,47097.9,46850.9,46860.9,5018.0
20260703.0,1200.0,46856.9,47202.8,46843.8,47159.4,5166.0
20260703.0,1215.0,47162.5,47301.6,47130.2,47281.5,4588.0
20260703.0,1230.0,47279.5,47422.6,47279.5,47417.7,5738.0
20260703.0,1245.0,47417.7,47457.9,47331.0,47426.7,3404.0
20260703.0,1300.0,47432.8,47490.2,47380.4,47402.5,3980.0
20260703.0,1315.0,47403.5,47447.9,47366.3,47370.2,3388.0
20260703.0,1330.0,47370.2,47419.6,47255.3,47401.5,6158.0
20260703.0,1345.0,47395.5,47444.8,47355.2,47371.3,10184.0
20260703.0,1515.0,47435.8,47519.5,47351.1,47385.4,3620.0
20260703.0,1530.0,47385.4,47501.3,47376.3,47414.6,1222.0
20260703.0,1545.0,47417.7,47443.8,47378.4,47396.5,750.0
20260703.0,1600.0,47401.5,47438.8,47390.5,47409.6,424.0
20260703.0,1615.0,47405.5,47452.9,47385.4,47400.5,636.0
20260703.0,1630.0,47399.5,47430.7,47392.5,47411.6,470.0
20260703.0,1645.0,47407.6,47462.0,47400.6,47454.0,646.0
20260703.0,1700.0,47456.0,47461.0,47330.0,47370.2,1448.0
20260703.0,1715.0,47365.2,47428.7,47324.9,47424.7,828.0
20260703.0,1730.0,47422.7,47477.1,47422.7,47456.0,1028.0
20260703.0,1745.0,47458.0,47476.1,47425.8,47466.1,486.0
20260703.0,1800.0,47460.0,47466.0,47420.7,47420.7,318.0
20260703.0,1815.0,47420.7,47467.0,47403.6,47462.0,724.0
20260703.0,1830.0,47462.0,47466.0,47415.7,47431.8,240.0
20260703.0,1845.0,47435.8,47505.4,47432.8,47503.4,606.0
20260703.0,1900.0,47500.4,47505.4,47462.1,47474.1,362.0
20260703.0,1915.0,47467.1,47489.2,47440.9,47484.2,352.0
20260703.0,1930.0,47482.2,47493.3,47462.1,47476.2,248.0
20260703.0,1945.0,47477.2,47585.0,47473.2,47559.9,1644.0
20260703.0,2000.0,47561.9,47567.9,47522.6,47567.9,598.0
20260703.0,2015.0,47568.9,47718.2,47569.0,47660.7,2768.0
20260703.0,2030.0,47657.7,47663.7,47541.8,47575.0,1254.0
20260703.0,2045.0,47581.1,47598.1,47556.9,47567.9,582.0
20260703.0,2100.0,47573.0,47598.1,47551.9,47594.2,338.0
20260703.0,2115.0,47593.2,47636.5,47529.7,47540.7,894.0
20260703.0,2130.0,47549.8,47585.0,47538.7,47584.1,700.0
20260703.0,2145.0,47587.1,47640.5,47531.7,47628.5,1538.0
20260703.0,2200.0,47627.4,47710.1,47627.5,47709.1,1300.0
20260703.0,2215.0,47708.1,47743.4,47661.8,47675.9,1396.0
20260703.0,2230.0,47676.9,47726.2,47658.8,47688.0,692.0
20260703.0,2245.0,47684.9,47719.2,47664.8,47697.0,630.0
20260703.0,2300.0,47693.0,47801.9,47687.0,47796.9,1488.0
20260703.0,2315.0,47797.9,47881.6,47777.8,47856.4,1866.0
20260703.0,2330.0,47856.4,47864.4,47816.1,47825.1,980.0
20260703.0,2345.0,47823.1,47835.2,47803.0,47811.0,784.0
20260704.0,0.0,47811.0,47834.2,47735.4,47801.9,1156.0
20260704.0,15.0,47801.9,47829.1,47793.9,47822.1,566.0
20260704.0,30.0,47826.1,47855.3,47808.0,47811.0,654.0
20260704.0,45.0,47812.0,47829.1,47806.0,47809.0,194.0
20260704.0,100.0,47805.0,47804.9,47779.8,47796.9,328.0
20260704.0,115.0,47802.9,47826.1,47779.8,47798.9,274.0
20260704.0,130.0,47805.0,47813.0,47778.8,47784.8,288.0
20260704.0,145.0,47784.8,47805.9,47673.9,47700.1,960.0
20260704.0,200.0,47700.1,47769.6,47686.0,47688.0,460.0
20260704.0,215.0,47689.0,47707.1,47610.4,47679.9,1082.0
20260704.0,230.0,47685.9,47695.0,47656.7,47691.0,282.0
20260704.0,245.0,47698.1,47708.1,47671.9,47671.8,142.0
20260704.0,300.0,47672.8,47706.1,47672.9,47684.9,68.0
20260704.0,315.0,47681.9,47695.0,47675.9,47688.0,118.0
20260704.0,330.0,47684.9,47684.9,47647.7,47680.9,76.0
20260704.0,345.0,47676.9,47676.8,47639.6,47642.6,94.0
20260704.0,400.0,47642.6,47656.6,47203.9,47403.5,3056.0
20260704.0,415.0,47405.5,47405.5,46932.6,47338.0,2468.0
20260704.0,430.0,47314.8,47391.4,47314.8,47380.3,390.0
20260704.0,445.0,47365.2,47517.5,47364.2,47485.2,468.0
20260704.0,500.0,47494.3,47536.6,47474.2,47522.6,528.0
20260706.0,900.0,47688.0,47957.2,47660.8,47773.7,12140.0
20260706.0,915.0,47776.7,47798.9,47536.7,47680.9,10344.0
20260706.0,930.0,47687.0,47778.7,47508.5,47587.1,7074.0
20260706.0,945.0,47586.1,47905.8,47577.1,47826.1,10050.0
20260706.0,1000.0,47820.1,47890.7,47546.8,47609.3,7948.0
20260706.0,1015.0,47615.3,47743.4,47297.7,47388.4,7380.0
20260706.0,1030.0,47397.5,47574.9,47317.8,47324.9,6470.0
20260706.0,1045.0,47324.9,47377.3,47061.7,47070.7,7720.0
20260706.0,1100.0,47069.7,47199.7,46983.0,47127.2,7608.0
20260706.0,1115.0,47132.2,47243.1,47071.7,47153.4,4492.0
20260706.0,1130.0,47161.5,47279.4,47133.3,47244.2,3476.0
20260706.0,1145.0,47251.2,47390.4,47159.5,47219.0,3818.0
20260706.0,1200.0,47213.9,47370.2,47193.8,47352.1,3112.0
20260706.0,1215.0,47350.1,47413.6,47213.0,47400.5,3912.0
20260706.0,1230.0,47395.5,47461.0,47374.3,47435.8,3314.0
20260706.0,1245.0,47427.7,47514.4,47415.7,47462.0,2578.0
20260706.0,1300.0,47466.1,47479.1,47355.2,47403.5,3568.0
20260706.0,1315.0,47405.5,47426.7,47304.7,47378.3,3710.0
20260706.0,1330.0,47384.4,47427.7,47209.9,47212.9,4852.0
20260706.0,1345.0,47214.9,47303.6,47183.7,47290.6,6512.0
20260706.0,1515.0,47405.5,47488.2,47305.7,47360.2,2492.0
20260706.0,1530.0,47372.3,47439.8,47299.7,47316.8,1126.0
20260706.0,1545.0,47316.8,47466.0,47303.7,47466.1,1006.0
20260706.0,1600.0,47468.1,47481.1,47439.9,47447.9,624.0
20260706.0,1615.0,47440.9,47602.2,47435.9,47447.9,2594.0
20260706.0,1630.0,47447.9,47450.9,47353.2,47403.5,1416.0
20260706.0,1645.0,47401.5,47408.5,47316.8,47371.3,826.0
20260706.0,1700.0,47371.3,47418.6,47360.2,47405.5,350.0
20260706.0,1715.0,47403.5,47404.5,47234.1,47281.5,1964.0
20260706.0,1730.0,47279.5,47344.0,47271.5,47320.8,872.0
20260706.0,1745.0,47318.8,47370.2,47272.5,47343.0,1116.0
20260706.0,1800.0,47342.0,47393.4,47307.8,47363.2,604.0
20260706.0,1815.0,47357.1,47401.5,47326.9,47399.5,576.0
20260706.0,1830.0,47399.5,47400.5,47370.3,47381.3,336.0
20260706.0,1845.0,47381.3,47450.9,47357.2,47358.1,676.0
20260706.0,1900.0,47357.1,47373.2,47336.0,47370.2,332.0
20260706.0,1915.0,47368.2,47384.3,47247.2,47288.5,1410.0
20260706.0,1930.0,47293.6,47354.1,47279.5,47326.9,610.0
20260706.0,1945.0,47319.8,47355.1,47272.5,47298.6,452.0
20260706.0,2000.0,47298.6,47355.1,47276.5,47279.5,534.0
20260706.0,2015.0,47278.5,47358.1,47264.4,47343.0,836.0
20260706.0,2030.0,47339.0,47346.0,47192.8,47250.2,1402.0
20260706.0,2045.0,47250.2,47284.5,47215.0,47253.2,530.0
20260706.0,2100.0,47262.3,47329.9,47242.2,47316.8,668.0
20260706.0,2115.0,47324.9,47325.8,47186.7,47201.8,778.0
20260706.0,2130.0,47211.9,47286.5,47159.5,47276.4,1506.0
20260706.0,2145.0,47278.5,47685.9,47232.1,47643.6,9100.0
20260706.0,2200.0,47630.5,47728.3,47551.9,47641.6,4078.0
20260706.0,2215.0,47644.6,47876.5,47596.2,47855.4,5694.0
20260706.0,2230.0,47854.4,47909.8,47773.7,47792.9,3534.0
20260706.0,2245.0,47792.9,47869.5,47752.6,47843.3,2672.0
20260706.0,2300.0,47844.3,47844.3,47723.3,47773.7,1822.0
20260706.0,2315.0,47777.7,47833.2,47650.7,47703.1,2562.0
20260706.0,2330.0,47696.0,47849.3,47613.4,47849.3,2426.0
20260706.0,2345.0,47845.3,47873.5,47787.9,47811.0,1612.0
20260707.0,0.0,47811.0,47820.0,47744.5,47804.0,1126.0
20260707.0,15.0,47801.9,47840.2,47745.5,47794.9,1000.0
20260707.0,30.0,47790.8,47804.9,47746.5,47764.6,566.0
20260707.0,45.0,47758.6,47792.8,47719.3,47756.6,598.0
20260707.0,100.0,47751.5,47783.7,47703.1,47724.3,666.0
20260707.0,115.0,47729.3,47783.7,47696.1,47754.5,720.0
20260707.0,130.0,47754.5,47775.7,47677.9,47688.0,590.0
20260707.0,145.0,47682.9,47689.9,47586.1,47641.6,1234.0
20260707.0,200.0,47639.6,47700.0,47610.4,47644.6,634.0
20260707.0,215.0,47647.6,47725.2,47637.6,47695.0,484.0
20260707.0,230.0,47698.1,47775.7,47698.1,47734.4,794.0
20260707.0,245.0,47731.3,47763.6,47705.2,47761.6,384.0
20260707.0,300.0,47756.6,47773.6,47718.3,47747.5,304.0
20260707.0,315.0,47749.5,47792.8,47732.4,47743.4,470.0
20260707.0,330.0,47743.4,47801.9,47737.4,47765.6,322.0
20260707.0,345.0,47766.6,47766.6,47718.3,47744.4,370.0
20260707.0,400.0,47748.5,47760.5,47616.4,47658.7,898.0
20260707.0,415.0,47659.7,47693.0,47631.5,47682.9,384.0
20260707.0,430.0,47679.9,47701.0,47672.9,47676.9,202.0
20260707.0,445.0,47678.9,47708.1,47676.9,47706.1,222.0
20260707.0,500.0,47707.1,47761.5,47691.0,47748.5,486.0
20260707.0,900.0,47405.5,47416.6,47018.3,47260.3,11120.0
20260707.0,915.0,47257.3,47550.7,47219.0,47412.6,11954.0
20260707.0,930.0,47419.7,47443.8,47068.7,47148.3,10978.0
20260707.0,945.0,47134.2,47466.0,47059.6,47451.9,7852.0
20260707.0,1000.0,47459.0,47594.1,47342.1,47349.1,7970.0
20260707.0,1015.0,47356.1,47440.8,47306.8,47315.8,4216.0
20260707.0,1030.0,47322.8,47361.1,47128.2,47168.5,5286.0
20260707.0,1045.0,47164.5,47246.1,47115.1,47156.4,4410.0
20260707.0,1100.0,47155.4,47191.7,46956.8,47011.2,7864.0
20260707.0,1115.0,47012.2,47187.6,47002.1,47018.2,4676.0
20260707.0,1130.0,47018.2,47018.2,46516.0,46527.0,16878.0
20260707.0,1145.0,46538.1,46687.4,46453.5,46518.0,9356.0
20260707.0,1200.0,46519.0,46571.4,46391.9,46537.1,9534.0
20260707.0,1215.0,46532.1,46593.6,46373.8,46388.9,5692.0
20260707.0,1230.0,46384.8,46413.0,46144.8,46290.0,9656.0
20260707.0,1245.0,46290.0,46390.8,46226.5,46299.1,5416.0
20260707.0,1300.0,46298.1,46336.4,46195.2,46257.7,4310.0
20260707.0,1315.0,46257.7,46277.9,46081.3,46093.3,6212.0
20260707.0,1330.0,46093.3,46213.3,45992.5,46085.3,9486.0
20260707.0,1345.0,46084.2,46292.0,46046.0,46170.0,23298.0
20260707.0,1515.0,46361.6,46399.9,46201.3,46291.0,3780.0
20260707.0,1530.0,46290.0,46342.4,46172.0,46219.4,2066.0
20260707.0,1545.0,46213.4,46255.7,46122.6,46123.6,1326.0
20260707.0,1600.0,46122.6,46148.7,46002.6,46003.6,1784.0
20260707.0,1615.0,46006.6,46183.0,45892.7,46147.8,2918.0
20260707.0,1630.0,46151.8,46267.8,46142.8,46162.9,2092.0
20260707.0,1645.0,46170.0,46235.5,46134.7,46209.3,1050.0
20260707.0,1700.0,46210.3,46258.7,46165.0,46180.1,712.0
20260707.0,1715.0,46185.1,46250.6,46125.6,46224.4,1128.0
20260707.0,1730.0,46227.5,46240.5,46151.9,46157.9,642.0
20260707.0,1745.0,46155.9,46161.9,46053.0,46066.1,1326.0
20260707.0,1800.0,46064.1,46152.8,46023.8,46152.8,1054.0
20260707.0,1815.0,46151.8,46219.4,46100.4,46131.7,1110.0
20260707.0,1830.0,46138.7,46279.9,46126.7,46217.4,1376.0
20260707.0,1845.0,46215.4,46219.4,46127.7,46136.7,496.0
20260707.0,1900.0,46136.7,46180.0,46060.1,46180.1,1234.0
20260707.0,1915.0,46178.0,46178.0,45997.6,46020.7,1468.0
20260707.0,1930.0,46024.7,46114.5,46024.8,46075.2,1104.0
20260707.0,1945.0,46076.2,46090.2,45939.1,46010.6,2418.0
20260707.0,2000.0,46011.6,46244.6,46011.7,46218.4,4338.0
20260707.0,2015.0,46222.4,46264.7,46172.0,46225.5,2082.0
20260707.0,2030.0,46222.4,46323.2,46163.0,46254.7,2598.0
20260707.0,2045.0,46253.7,46267.8,46166.0,46205.3,1406.0
20260707.0,2100.0,46212.3,46215.3,46133.7,46192.2,1048.0
20260707.0,2115.0,46195.2,46202.2,46144.8,46197.2,684.0
20260707.0,2130.0,46189.1,46211.3,46007.6,46007.6,2092.0
20260707.0,2145.0,46005.6,46175.0,45867.4,46169.0,8104.0
20260707.0,2200.0,46173.0,46200.2,45809.9,45948.1,6648.0
20260707.0,2215.0,45950.1,46070.1,45741.4,45748.4,5756.0
20260707.0,2230.0,45751.4,45813.9,45609.2,45707.0,5330.0
20260707.0,2245.0,45701.0,45734.2,45442.8,45497.2,5866.0
20260707.0,2300.0,45499.2,45640.4,45478.1,45590.0,4120.0
20260707.0,2315.0,45589.0,45674.7,45525.5,45602.1,3044.0
20260707.0,2330.0,45598.1,45598.0,45379.3,45460.9,4192.0
20260707.0,2345.0,45457.9,45525.4,45358.1,45494.2,3050.0
20260708.0,0.0,45499.2,45643.4,45499.3,45635.4,3124.0
20260708.0,15.0,45637.4,45755.4,45617.3,45726.2,3712.0
20260708.0,30.0,45726.2,45870.4,45683.9,45811.9,3210.0
20260708.0,45.0,45807.9,45837.1,45731.3,45793.8,1738.0
20260708.0,100.0,45797.8,45828.0,45751.4,45806.9,1596.0
20260708.0,115.0,45810.9,45919.8,45773.6,45799.8,2144.0
20260708.0,130.0,45798.8,45850.2,45757.5,45801.8,1238.0
20260708.0,145.0,45808.9,45899.6,45804.9,45888.6,1544.0
20260708.0,200.0,45892.6,45892.6,45816.0,45875.5,716.0
20260708.0,215.0,45868.4,45876.4,45767.6,45779.6,884.0
20260708.0,230.0,45777.6,45827.0,45742.4,45762.5,782.0
20260708.0,245.0,45765.5,45776.6,45637.5,45660.6,1004.0
20260708.0,300.0,45668.7,45707.0,45527.5,45555.7,1896.0
20260708.0,315.0,45563.8,45585.9,45438.8,45474.0,1756.0
20260708.0,330.0,45470.0,45474.0,45291.5,45457.9,2948.0
20260708.0,345.0,45461.9,45579.9,45462.0,45489.2,1546.0
20260708.0,400.0,45481.1,45662.6,45473.1,45657.6,1074.0
20260708.0,415.0,45658.6,45712.0,45602.2,45695.9,774.0
20260708.0,430.0,45692.9,45711.0,45638.5,45650.5,330.0
20260708.0,445.0,45650.5,45701.9,45650.6,45686.8,188.0
20260708.0,500.0,45688.9,45701.9,45595.1,45597.1,432.0
20260708.0,900.0,45999.5,46295.0,45963.3,46295.0,14120.0
20260708.0,915.0,46293.0,46356.5,45993.5,46219.4,16740.0
20260708.0,930.0,46219.4,46235.5,45852.3,45892.6,11296.0
20260708.0,945.0,45886.6,45954.1,45666.7,45889.6,11832.0
20260708.0,1000.0,45888.6,46110.4,45840.2,45867.4,8228.0
20260708.0,1015.0,45867.4,45879.4,45630.4,45788.7,8006.0
20260708.0,1030.0,45781.7,46133.6,45766.6,46009.6,7622.0
20260708.0,1045.0,46016.7,46078.1,45818.0,46056.0,4714.0
20260708.0,1100.0,46050.0,46207.2,45955.2,46064.1,8524.0
20260708.0,1115.0,46067.1,46174.0,46065.1,46142.7,4320.0
20260708.0,1130.0,46134.7,46342.4,46126.7,46285.0,5462.0
20260708.0,1145.0,46277.9,46354.5,46082.3,46103.4,4314.0
20260708.0,1200.0,46106.4,46122.5,45898.7,45901.7,4100.0
20260708.0,1215.0,45902.7,45966.2,45850.3,45869.4,3774.0
20260708.0,1230.0,45875.5,45981.3,45831.1,45934.0,3916.0
20260708.0,1245.0,45931.9,45969.2,45745.4,45867.4,5334.0
20260708.0,1300.0,45861.3,45943.0,45768.6,45906.7,4382.0
20260708.0,1315.0,45906.7,46053.9,45836.2,45997.5,6134.0
20260708.0,1330.0,45997.5,46097.3,45933.0,46047.9,6588.0
20260708.0,1345.0,46048.9,46096.3,45923.9,45957.2,13244.0
20260708.0,1515.0,45850.2,45909.7,45698.0,45780.6,3062.0
20260708.0,1530.0,45774.6,46149.8,45739.3,46060.0,5972.0
20260708.0,1545.0,46053.0,46138.7,46018.7,46083.2,1900.0
20260708.0,1600.0,46087.3,46130.6,46069.2,46099.4,1096.0
20260708.0,1615.0,46093.3,46178.0,46017.7,46175.0,2142.0
20260708.0,1630.0,46173.0,46185.1,45421.6,45476.0,7988.0
20260708.0,1645.0,45474.0,45504.2,45079.7,45216.8,7168.0
20260708.0,1700.0,45234.0,45344.9,45115.0,45129.1,4110.0
20260708.0,1715.0,45129.1,45186.5,44973.8,44979.8,4308.0
20260708.0,1730.0,44981.8,45108.9,44959.7,45075.6,2462.0
20260708.0,1745.0,45064.5,45247.0,45059.5,45192.6,2996.0
20260708.0,1800.0,45192.6,45247.0,45129.1,45139.2,1326.0
20260708.0,1815.0,45150.3,45196.6,45096.8,45175.5,1454.0
20260708.0,1830.0,45179.5,45315.6,45159.4,45307.6,1884.0
20260708.0,1845.0,45302.6,45404.4,45286.5,45381.2,2568.0
20260708.0,1900.0,45379.2,45384.2,45306.6,45315.7,902.0
20260708.0,1915.0,45315.7,45347.9,45249.2,45332.8,1218.0
20260708.0,1930.0,45323.7,45358.0,45260.2,45266.2,586.0
20260708.0,1945.0,45263.2,45603.1,45229.0,45555.7,3566.0
20260708.0,2000.0,45552.7,45596.0,45446.8,45539.6,2750.0
20260708.0,2015.0,45538.6,45653.5,45464.0,45630.4,1758.0
20260708.0,2030.0,45620.3,45658.6,45567.9,45616.2,1102.0
20260708.0,2045.0,45610.2,45679.7,45580.0,45673.7,1058.0
20260708.0,2100.0,45675.8,45737.2,45566.9,45568.8,2390.0
20260708.0,2115.0,45571.9,45724.1,45551.7,45692.9,1554.0
20260708.0,2130.0,45688.9,45699.9,45539.6,45639.4,1702.0
20260708.0,2145.0,45636.4,46013.6,45636.5,45955.1,9836.0
20260708.0,2200.0,45950.1,46067.0,45845.3,45981.4,5684.0
20260708.0,2215.0,45973.3,46017.6,45766.6,45830.1,4036.0
20260708.0,2230.0,45823.0,46012.6,45756.5,45925.9,4544.0
20260708.0,2245.0,45913.8,45973.2,45756.5,45832.1,3358.0
20260708.0,2300.0,45836.1,45904.7,45651.6,45829.1,4094.0
20260708.0,2315.0,45834.1,45847.2,45650.6,45660.6,2482.0
20260708.0,2330.0,45665.7,45707.0,45474.1,45515.4,3672.0
20260708.0,2345.0,45516.4,45748.3,45489.2,45679.8,3742.0
20260709.0,0.0,45678.8,45702.9,45578.0,45656.6,1920.0
20260709.0,15.0,45657.6,45895.6,45648.6,45879.5,3226.0
20260709.0,30.0,45882.5,46004.5,45833.1,45952.1,3228.0
20260709.0,45.0,45940.0,46122.5,45902.7,46089.3,5014.0
20260709.0,100.0,46088.3,46236.5,46057.1,46227.5,3624.0
20260709.0,115.0,46229.5,46269.8,46149.9,46158.9,2044.0
20260709.0,130.0,46157.9,46334.3,46148.8,46329.3,2000.0
20260709.0,145.0,46329.3,46341.4,46183.1,46187.1,1990.0
20260709.0,200.0,46187.1,46200.2,46046.0,46129.6,1526.0
20260709.0,215.0,46131.7,46291.0,46117.6,46261.8,1816.0
20260709.0,230.0,46254.7,46277.9,46216.4,46224.4,674.0
20260709.0,245.0,46219.4,46255.7,46139.8,46243.6,884.0
20260709.0,300.0,46247.6,46279.9,46216.4,46271.9,426.0
20260709.0,315.0,46272.9,46337.4,46221.5,46265.8,710.0
20260709.0,330.0,46269.8,46291.0,46234.6,46285.0,494.0
20260709.0,345.0,46269.8,46298.0,46163.0,46225.5,738.0
20260709.0,400.0,46226.5,46380.7,46144.8,46335.4,1344.0
20260709.0,415.0,46328.3,46341.4,46174.1,46212.3,1344.0
20260709.0,430.0,46202.3,46206.2,46047.0,46085.3,808.0
20260709.0,445.0,46076.2,46109.4,45970.3,46105.4,822.0
20260709.0,500.0,46089.3,46140.7,46045.0,46121.6,518.0
20260709.0,900.0,46405.0,46458.4,46174.1,46206.3,10036.0
20260709.0,915.0,46214.4,46287.9,46003.6,46125.6,10918.0
20260709.0,930.0,46131.7,46273.8,46072.2,46243.6,5698.0
20260709.0,945.0,46245.6,46492.7,46141.8,46478.6,8768.0
20260709.0,1000.0,46478.6,46556.2,46018.7,46064.1,12966.0
20260709.0,1015.0,46060.0,46398.9,45973.3,46386.8,9502.0
20260709.0,1030.0,46384.8,46504.8,46293.1,46318.2,6440.0
20260709.0,1045.0,46316.2,46375.7,45980.4,45984.4,7330.0
20260709.0,1100.0,45989.4,45998.5,45825.1,45862.3,10186.0
20260709.0,1115.0,45872.4,45922.8,45738.3,45768.5,7156.0
20260709.0,1130.0,45767.5,46042.8,45722.2,46022.7,6734.0
20260709.0,1145.0,46024.7,46160.9,45993.5,46160.9,6256.0
20260709.0,1200.0,46157.9,46302.1,46153.9,46236.5,6308.0
20260709.0,1215.0,46236.5,46326.3,46220.5,46220.4,4210.0
20260709.0,1230.0,46220.4,46256.7,46009.7,46020.7,6000.0
20260709.0,1245.0,46021.7,46225.4,46014.7,46172.0,4342.0
20260709.0,1300.0,46172.0,46220.4,46098.4,46157.9,3130.0
20260709.0,1315.0,46157.9,46201.2,45985.5,46099.4,6788.0
20260709.0,1330.0,46102.4,46109.4,45885.6,45890.6,6992.0
20260709.0,1345.0,45896.6,46091.3,45779.7,46072.1,12972.0
20260709.0,1515.0,46195.2,46357.5,46180.1,46235.5,4608.0
20260709.0,1530.0,46239.6,46321.2,46186.2,46275.9,2276.0
20260709.0,1545.0,46275.9,46341.4,46232.6,46337.4,1896.0
20260709.0,1600.0,46340.4,46351.5,46240.6,46262.8,1478.0
20260709.0,1615.0,46262.8,46429.1,46233.6,46364.6,2620.0
20260709.0,1630.0,46362.6,46441.3,46342.5,46352.5,1224.0
20260709.0,1645.0,46354.6,46368.6,46276.9,46319.3,1258.0
20260709.0,1700.0,46326.3,46328.3,46255.8,46295.0,702.0
20260709.0,1715.0,46297.1,46363.6,46271.9,46293.0,1332.0
20260709.0,1730.0,46299.1,46334.3,46257.8,46321.3,830.0
20260709.0,1745.0,46313.2,46343.4,46199.3,46207.3,1398.0
20260709.0,1800.0,46215.4,46291.0,46213.4,46267.8,564.0
20260709.0,1815.0,46275.9,46311.1,46245.7,46261.8,470.0
20260709.0,1830.0,46274.9,46321.2,46241.6,46288.0,396.0
20260709.0,1845.0,46279.9,46290.0,46232.6,46271.9,506.0
20260709.0,1900.0,46272.9,46272.8,46095.4,46241.6,2856.0
20260709.0,1915.0,46240.6,46287.9,46193.2,46233.5,1046.0
20260709.0,1930.0,46230.5,46287.9,46187.2,46278.9,820.0
20260709.0,1945.0,46280.9,46408.0,46248.7,46378.8,1704.0
20260709.0,2000.0,46376.7,46477.6,46354.6,46452.4,2174.0
20260709.0,2015.0,46450.4,46509.8,46383.9,46397.9,3088.0
20260709.0,2030.0,46397.9,46492.7,46388.9,46492.7,1544.0
20260709.0,2045.0,46493.7,46604.6,46488.8,46524.0,3080.0
20260709.0,2100.0,46524.0,46553.2,46467.6,46539.1,1208.0
20260709.0,2115.0,46543.2,46618.8,46538.2,46593.6,2756.0
20260709.0,2130.0,46595.6,46673.2,46554.3,46659.2,2258.0
20260709.0,2145.0,46662.2,46831.6,46608.8,46784.2,8478.0
20260709.0,2200.0,46778.2,46829.6,46656.2,46783.2,4278.0
20260709.0,2215.0,46789.3,46875.0,46683.4,46709.6,3426.0
20260709.0,2230.0,46709.6,46709.5,46540.2,46674.3,6970.0
20260709.0,2245.0,46673.3,46760.0,46608.8,46745.9,2468.0
20260709.0,2300.0,46739.9,46793.3,46691.5,46729.8,2172.0
20260709.0,2315.0,46727.8,46823.5,46694.5,46811.5,1930.0
20260709.0,2330.0,46809.5,46835.6,46741.9,46780.2,1528.0
20260709.0,2345.0,46770.1,46844.7,46770.2,46814.5,972.0
20260710.0,0.0,46814.5,46836.6,46794.4,46807.4,748.0
20260710.0,15.0,46813.5,46896.1,46813.5,46844.8,2162.0
20260710.0,30.0,46842.7,46863.9,46766.1,46778.2,1114.0
20260710.0,45.0,46780.2,46815.5,46733.9,46798.4,1238.0
20260710.0,100.0,46795.3,46822.5,46782.3,46804.4,512.0
20260710.0,115.0,46800.4,46878.0,46796.4,46859.9,914.0
20260710.0,130.0,46859.9,46872.9,46843.8,46851.8,400.0
20260710.0,145.0,46855.8,46868.9,46836.7,46844.8,306.0
20260710.0,200.0,46840.7,46860.8,46789.3,46822.6,612.0
20260710.0,215.0,46827.6,46838.7,46796.4,46827.6,288.0
20260710.0,230.0,46821.6,46827.6,46750.0,46784.2,650.0
20260710.0,245.0,46800.4,46815.5,46777.2,46805.4,346.0
20260710.0,300.0,46805.4,46808.4,46778.2,46799.4,264.0
20260710.0,315.0,46801.4,46811.4,46703.6,46720.7,844.0
20260710.0,330.0,46715.6,46770.1,46687.5,46723.7,618.0
20260710.0,345.0,46721.7,46721.6,46649.1,46674.3,746.0
20260710.0,400.0,46679.3,46689.4,46570.5,46615.8,1342.0
20260710.0,415.0,46624.9,46680.3,46593.7,46679.3,748.0
20260710.0,430.0,46679.3,46712.6,46656.2,46656.1,356.0
20260710.0,445.0,46660.2,46679.3,46633.0,46649.1,352.0
20260710.0,500.0,46649.1,46680.3,46587.6,46680.3,670.0
20260713.0,900.0,46620.8,46778.1,46388.9,46482.7,11956.0
20260713.0,915.0,46477.6,46728.7,46377.8,46509.9,19940.0
20260713.0,930.0,46509.9,46689.4,46253.7,46343.5,13812.0
20260713.0,945.0,46346.5,46569.3,46209.4,46228.5,13228.0
20260713.0,1000.0,46234.5,46236.5,45983.4,46180.1,19780.0
20260713.0,1015.0,46181.1,46249.6,46077.2,46153.8,11322.0
20260713.0,1030.0,46153.8,46475.5,46125.6,46428.2,13090.0
20260713.0,1045.0,46428.2,46430.2,46245.7,46319.3,15882.0
20260713.0,1100.0,46315.2,46326.3,46210.4,46264.8,19492.0
20260713.0,1115.0,46264.8,46279.9,46069.2,46117.5,15542.0
20260713.0,1130.0,46117.5,46199.2,46057.1,46146.8,11240.0
20260713.0,1145.0,46143.8,46175.0,45944.1,45980.4,16076.0
20260713.0,1200.0,45980.4,46016.6,45863.4,45906.7,16010.0
20260713.0,1215.0,45904.7,45909.7,45641.5,45741.3,11976.0
20260713.0,1230.0,45744.3,45876.4,45709.1,45864.4,12890.0
20260713.0,1245.0,45866.4,45897.6,45766.6,45841.2,19034.0
20260713.0,1300.0,45841.2,45927.9,45778.7,45870.4,11736.0
20260713.0,1315.0,45870.4,46207.2,45826.1,46197.2,13772.0
20260713.0,1330.0,46194.2,46212.3,45837.2,45839.1,31602.0
20260713.0,1345.0,45838.1,46066.0,45791.8,46010.6,17732.0
20260713.0,1515.0,45926.9,46080.2,45922.9,46073.2,2096.0
20260713.0,1530.0,46069.1,46091.3,45992.5,46054.0,1178.0
20260713.0,1545.0,46058.0,46062.0,45945.1,46025.7,1176.0
20260713.0,1600.0,46028.8,46039.8,45987.5,46021.7,572.0
20260713.0,1615.0,46028.8,46159.8,46010.7,46124.6,2230.0
20260713.0,1630.0,46133.7,46185.1,46119.6,46122.6,1006.0
20260713.0,1645.0,46131.7,46205.2,46114.6,46195.2,956.0
20260713.0,1700.0,46190.2,46263.7,46163.0,46260.8,1398.0
20260713.0,1715.0,46261.8,46283.9,46171.0,46195.2,1334.0
20260713.0,1730.0,46198.2,46233.5,46179.1,46188.1,678.0
20260713.0,1745.0,46187.1,46225.4,46156.9,46200.2,630.0
20260713.0,1800.0,46199.2,46200.2,46132.7,46190.2,600.0
20260713.0,1815.0,46190.2,46216.3,46099.4,46113.5,942.0
20260713.0,1830.0,46115.5,46154.8,46084.3,46100.4,540.0
20260713.0,1845.0,46100.4,46139.7,46089.3,46098.4,506.0
20260713.0,1900.0,46096.3,46155.8,46096.4,46149.8,396.0
20260713.0,1915.0,46153.8,46239.5,46131.7,46178.0,1188.0
20260713.0,1930.0,46181.1,46195.1,46108.5,46177.0,694.0
20260713.0,1945.0,46167.0,46219.4,46159.9,46180.1,422.0
20260713.0,2000.0,46175.0,46180.0,46069.2,46078.2,828.0
20260713.0,2015.0,46084.2,46136.6,46011.7,46063.1,1528.0
20260713.0,2030.0,46069.1,46090.2,46008.6,46026.8,866.0
20260713.0,2045.0,46022.7,46047.9,45975.4,46034.8,1056.0
20260713.0,2100.0,46036.8,46130.6,46033.9,46120.6,1034.0
20260713.0,2115.0,46115.5,46142.7,46095.4,46111.5,642.0
20260713.0,2130.0,46107.4,46183.0,46084.3,46163.9,966.0
20260713.0,2145.0,46167.0,46191.1,45793.8,45824.0,7170.0
20260713.0,2200.0,45830.1,46002.5,45761.5,45964.2,5712.0
20260713.0,2215.0,45958.2,46027.7,45847.3,45982.4,3790.0
20260713.0,2230.0,45990.4,46107.4,45663.7,46097.4,7988.0
20260713.0,2245.0,46095.3,46138.7,45964.3,45992.5,3554.0
20260713.0,2300.0,45992.5,46082.2,45922.9,46075.2,2752.0
20260713.0,2315.0,46081.2,46138.7,45978.4,46012.6,2846.0
20260713.0,2330.0,45994.5,46074.1,45978.4,46021.7,1132.0
20260713.0,2345.0,46018.7,46044.9,45924.9,45925.9,1442.0
20260714.0,0.0,45934.0,45945.0,45855.3,45879.5,1750.0
20260714.0,15.0,45879.5,45929.9,45825.1,45858.3,1842.0
20260714.0,30.0,45860.3,45862.3,45758.5,45795.8,1790.0
20260714.0,45.0,45793.8,45794.7,45562.8,45701.0,4408.0
20260714.0,100.0,45697.9,45732.2,45580.0,45687.9,2048.0
20260714.0,115.0,45692.9,45822.0,45682.9,45773.6,1466.0
20260714.0,130.0,45772.6,45779.6,45689.9,45718.1,794.0
20260714.0,145.0,45723.2,45781.6,45687.9,45744.3,680.0
20260714.0,200.0,45751.4,45760.4,45634.4,45650.5,890.0
20260714.0,215.0,45648.5,45762.4,45625.4,45725.2,964.0
20260714.0,230.0,45727.2,45729.2,45631.4,45638.4,582.0
20260714.0,245.0,45630.4,45668.6,45592.1,45648.5,868.0
20260714.0,300.0,45647.5,45693.9,45620.3,45644.5,610.0
20260714.0,315.0,45651.5,45725.1,45600.2,45637.4,892.0
20260714.0,330.0,45622.3,45626.3,45512.4,45530.5,1722.0
20260714.0,345.0,45547.7,45621.2,45531.6,45610.2,1130.0
20260714.0,400.0,45604.1,45625.3,45563.8,45567.8,712.0
20260714.0,415.0,45562.8,45577.9,45489.2,45489.2,870.0
20260714.0,430.0,45489.2,45513.3,45436.8,45505.3,826.0
20260714.0,445.0,45495.2,45509.3,45454.9,45457.9,276.0
20260714.0,500.0,45455.9,45465.9,45420.6,45446.8,816.0
20260714.0,900.0,45434.7,45805.8,45434.7,45712.1,11412.0
20260714.0,915.0,45712.1,45856.2,45168.5,45191.6,20986.0
20260714.0,930.0,45203.7,45555.7,45105.9,45431.7,17536.0
20260714.0,945.0,45436.7,45459.9,45023.2,45180.5,16192.0
20260714.0,1000.0,45181.5,45229.9,44813.4,44928.4,19674.0
20260714.0,1015.0,44929.4,45009.0,44731.7,44735.7,15392.0
20260714.0,1030.0,44735.7,44744.7,44495.7,44594.5,17986.0
20260714.0,1045.0,44594.5,44814.3,44454.4,44688.3,16064.0
20260714.0,1100.0,44688.3,44766.9,44470.5,44559.2,17920.0
20260714.0,1115.0,44567.3,44589.4,44338.4,44368.6,13636.0
20260714.0,1130.0,44368.6,44547.0,44230.4,44540.0,11808.0
20260714.0,1145.0,44537.0,44597.5,44415.0,44474.5,14812.0
20260714.0,1200.0,44470.4,44808.3,44460.4,44796.2,16222.0
20260714.0,1215.0,44800.3,44846.6,44568.3,44629.8,15254.0
20260714.0,1230.0,44631.8,44825.4,44540.1,44780.1,18260.0
20260714.0,1245.0,44780.1,44983.8,44752.9,44934.4,17476.0
20260714.0,1300.0,44924.3,45081.6,44910.3,45056.5,16826.0
20260714.0,1315.0,45056.5,45185.5,44970.8,45160.3,15076.0
20260714.0,1330.0,45160.3,45298.5,45136.2,45194.6,18786.0
20260714.0,1345.0,45192.6,45282.3,45149.3,45201.7,18484.0
20260714.0,1515.0,45164.4,45254.1,45068.6,45195.6,2526.0
20260714.0,1530.0,45189.6,45226.9,45132.2,45138.2,1120.0
20260714.0,1545.0,45136.1,45136.1,45035.3,45063.5,1162.0
20260714.0,1600.0,45073.6,45140.1,45033.3,45127.1,764.0
20260714.0,1615.0,45132.1,45206.7,45070.6,45146.2,1298.0
20260714.0,1630.0,45157.3,45230.9,45154.3,45212.8,1186.0
20260714.0,1645.0,45207.7,45242.0,45186.6,45212.8,716.0
20260714.0,1700.0,45201.7,45201.6,45127.1,45160.3,682.0
20260714.0,1715.0,45157.3,45267.2,45124.1,45244.1,1016.0
20260714.0,1730.0,45238.0,45244.0,45183.6,45195.6,542.0
20260714.0,1745.0,45194.6,45242.0,45194.7,45206.7,398.0
20260714.0,1800.0,45197.7,45261.2,45192.7,45214.8,508.0
20260714.0,1815.0,45216.8,45238.0,45183.6,45193.6,430.0
20260714.0,1830.0,45197.7,45209.7,45148.3,45207.7,478.0
20260714.0,1845.0,45198.7,45252.1,45155.3,45207.7,880.0
20260714.0,1900.0,45204.7,45224.8,45179.6,45211.8,650.0
20260714.0,1915.0,45215.8,45284.4,45141.2,45277.3,1814.0
20260714.0,1930.0,45276.3,45382.2,45265.3,45337.9,1792.0
20260714.0,1945.0,45341.9,45401.4,45311.7,45313.7,1050.0
20260714.0,2000.0,45319.7,45381.2,45313.7,45364.1,552.0
20260714.0,2015.0,45351.0,45364.0,45271.3,45287.4,856.0
20260714.0,2030.0,45293.5,45535.5,45285.5,45521.4,2362.0
20260714.0,2045.0,45524.5,45741.3,45518.5,45693.9,6308.0
20260714.0,2100.0,45697.9,45702.9,45601.2,45620.3,1562.0
20260714.0,2115.0,45629.4,45675.7,45591.1,45645.5,1212.0
20260714.0,2130.0,45647.5,45715.0,45609.2,45672.7,1128.0
20260714.0,2145.0,45672.7,45716.0,45430.7,45497.2,4838.0
20260714.0,2200.0,45506.3,45603.1,45480.1,45581.9,2640.0
20260714.0,2215.0,45575.9,45613.2,45365.1,45391.3,3462.0
20260714.0,2230.0,45390.3,45498.2,45222.9,45451.8,4278.0
20260714.0,2245.0,45451.8,45609.1,45406.5,45519.4,3006.0
20260714.0,2300.0,45519.4,45591.0,45438.8,45562.8,1788.0
20260714.0,2315.0,45563.8,45699.9,45541.7,45652.6,3116.0
20260714.0,2330.0,45655.6,45709.0,45594.1,45639.4,2078.0
20260714.0,2345.0,45640.4,45660.6,45505.3,45574.9,1874.0
20260715.0,0.0,45578.9,45598.0,45489.2,45516.4,1056.0
20260715.0,15.0,45514.4,45524.4,45441.8,45500.2,1674.0
20260715.0,30.0,45494.2,45558.7,45454.9,45549.7,910.0
20260715.0,45.0,45549.7,45572.8,45518.5,45560.8,650.0
20260715.0,100.0,45558.8,45581.9,45516.4,45576.9,540.0
20260715.0,115.0,45579.9,45596.0,45546.7,45554.7,368.0
20260715.0,130.0,45549.7,45573.8,45517.4,45557.7,446.0
20260715.0,145.0,45559.8,45565.8,45517.4,45529.5,372.0
20260715.0,200.0,45529.5,45585.9,45512.4,45566.8,312.0
20260715.0,215.0,45567.8,45608.1,45550.7,45602.1,302.0
20260715.0,230.0,45602.1,45620.2,45592.1,45602.1,198.0
20260715.0,245.0,45607.2,45617.2,45515.4,45543.6,566.0
20260715.0,300.0,45535.6,45576.9,45519.5,45543.6,222.0
20260715.0,315.0,45557.7,45565.8,45484.2,45539.6,278.0
20260715.0,330.0,45522.4,45564.8,45509.4,45515.4,264.0
20260715.0,345.0,45510.3,45534.5,45469.0,45534.5,392.0
20260715.0,400.0,45521.4,45562.7,45516.4,45532.5,324.0
20260715.0,415.0,45546.6,45547.6,45461.0,45508.3,594.0
20260715.0,430.0,45508.3,45508.3,45477.1,45489.2,58.0
20260715.0,445.0,45489.2,45489.1,45428.7,45444.8,350.0
20260715.0,500.0,45438.7,45449.8,45338.9,45403.4,556.0
20260715.0,900.0,45744.3,45776.6,45561.8,45655.6,5820.0
20260715.0,915.0,45655.6,45708.0,45421.6,45561.8,6120.0
20260715.0,930.0,45550.7,45842.1,45519.5,45810.9,6464.0
20260715.0,945.0,45818.0,45897.6,45584.0,45602.1,6572.0
20260715.0,1000.0,45605.1,45872.4,45584.0,45872.4,4726.0
20260715.0,1015.0,45869.4,45917.8,45818.0,45839.1,3966.0
20260715.0,1030.0,45839.1,45934.9,45774.6,45820.0,3526.0
20260715.0,1045.0,45823.0,45925.8,45804.9,45882.5,2344.0
20260715.0,1100.0,45887.6,45956.1,45838.2,45864.4,2470.0
20260715.0,1115.0,45864.4,45912.7,45800.9,45890.6,2476.0
20260715.0,1130.0,45887.6,45991.4,45852.3,45963.2,2706.0
20260715.0,1145.0,45966.2,46064.0,45963.3,46026.8,2664.0
20260715.0,1200.0,46026.8,46135.7,46026.8,46085.7,2720.0
20260715.0,1215.0,46086.7,46115.7,45950.8,45998.8,2602.0
20260715.0,1230.0,46000.8,46084.7,45988.8,45993.8,1892.0
20260715.0,1245.0,45989.8,46036.7,45963.8,45988.8,3088.0
20260715.0,1300.0,45989.8,46080.7,45960.8,46066.7,2530.0
20260715.0,1315.0,46070.7,46159.7,46023.8,46096.7,4596.0
20260715.0,1330.0,46092.7,46124.7,45940.8,45967.8,6202.0
20260715.0,1345.0,45962.8,46090.7,45927.8,46040.8,13342.0
20260715.0,1515.0,46110.7,46234.7,46075.8,46220.7,4972.0
20260715.0,1530.0,46222.7,46250.7,46021.8,46089.7,2940.0
20260715.0,1545.0,46089.7,46145.7,46060.8,46143.7,1288.0
20260715.0,1600.0,46144.7,46220.7,46130.8,46179.7,1184.0
20260715.0,1615.0,46184.7,46198.7,46053.8,46072.7,1752.0
20260715.0,1630.0,46072.7,46084.7,46000.8,46076.7,1524.0
20260715.0,1645.0,46078.7,46105.7,46044.8,46104.7,948.0
20260715.0,1700.0,46100.7,46141.7,46091.8,46130.7,912.0
20260715.0,1715.0,46130.7,46140.7,46104.8,46122.7,590.0
20260715.0,1730.0,46121.7,46121.7,46080.8,46083.7,574.0
20260715.0,1745.0,46085.7,46106.7,46035.8,46090.7,1140.0
20260715.0,1800.0,46095.7,46099.7,46028.8,46041.8,810.0
20260715.0,1815.0,46044.8,46068.7,46015.8,46065.7,518.0
20260715.0,1830.0,46062.7,46075.7,45953.8,45966.8,1470.0
20260715.0,1845.0,45964.8,46025.7,45942.8,45967.8,1370.0
20260715.0,1900.0,45962.8,45994.7,45957.8,45982.8,510.0
20260715.0,1915.0,45994.8,46036.7,45929.8,45958.8,1310.0
20260715.0,1930.0,45956.8,46000.7,45955.8,45988.8,450.0
20260715.0,1945.0,45989.8,46038.7,45958.8,46000.8,994.0
20260715.0,2000.0,46003.8,46003.7,45935.8,45948.8,1040.0
20260715.0,2015.0,45957.8,45970.7,45850.8,45887.8,1582.0
20260715.0,2030.0,45889.8,45952.7,45856.8,45949.8,786.0
20260715.0,2045.0,45952.8,46064.7,45937.8,46029.8,2582.0
20260715.0,2100.0,46028.8,46120.7,46019.8,46099.7,1726.0
20260715.0,2115.0,46106.7,46140.7,46025.8,46028.8,1488.0
20260715.0,2130.0,46028.8,46066.7,46010.8,46059.7,1110.0
20260715.0,2145.0,46056.7,46077.7,45806.8,45852.8,5338.0
20260715.0,2200.0,45850.8,45956.7,45796.9,45956.8,4800.0
20260715.0,2215.0,45959.8,46024.7,45851.8,45875.8,3886.0
20260715.0,2230.0,45872.8,45891.7,45632.9,45718.8,6664.0
20260715.0,2245.0,45711.8,45722.8,45496.9,45618.8,6894.0
20260715.0,2300.0,45612.8,45627.8,45536.9,45618.8,3452.0
20260715.0,2315.0,45620.8,45647.8,45554.9,45567.8,2164.0
20260715.0,2330.0,45565.8,45635.8,45445.9,45635.8,4248.0
20260715.0,2345.0,45637.8,45643.8,45547.9,45563.8,1788.0
20260716.0,0.0,45554.8,45563.8,45475.9,45491.9,1944.0
20260716.0,15.0,45490.9,45519.8,45313.9,45328.9,4488.0
20260716.0,30.0,45326.9,45346.8,45246.0,45312.9,2806.0
20260716.0,45.0,45311.9,45340.8,45207.0,45297.9,2678.0
20260716.0,100.0,45299.9,45434.8,45279.0,45384.9,3240.0
20260716.0,115.0,45385.9,45501.8,45382.9,45448.9,1784.0
20260716.0,130.0,45443.9,45623.8,45441.9,45615.8,1964.0
20260716.0,145.0,45621.8,45646.8,45594.9,45615.8,1190.0
20260716.0,200.0,45617.8,45731.8,45594.9,45668.8,1628.0
20260716.0,215.0,45683.8,45815.7,45676.9,45772.8,1624.0
20260716.0,230.0,45768.8,45835.7,45720.9,45816.8,1118.0
20260716.0,245.0,45820.8,45840.7,45725.9,45732.8,698.0
20260716.0,300.0,45728.8,45746.8,45645.9,45670.8,1214.0
20260716.0,315.0,45676.8,45795.8,45671.9,45752.8,806.0
20260716.0,330.0,45756.8,45769.8,45676.9,45754.8,816.0
20260716.0,345.0,45770.8,45870.7,45723.9,45864.8,892.0
20260716.0,400.0,45863.8,45870.7,45774.9,45810.8,616.0
20260716.0,415.0,45810.8,45850.7,45756.9,45805.8,634.0
20260716.0,430.0,45804.8,45865.7,45804.8,45839.8,218.0
20260716.0,445.0,45845.8,45852.7,45830.8,45843.8,108.0
20260716.0,500.0,45841.8,45855.7,45801.8,45807.8,400.0
20260716.0,900.0,45509.9,45601.8,45413.9,45483.9,9868.0
20260716.0,915.0,45483.9,45630.8,45324.9,45484.9,15100.0
20260716.0,930.0,45471.9,45513.8,45221.0,45235.9,9630.0
20260716.0,945.0,45234.9,45458.8,45182.0,45215.9,10992.0
20260716.0,1000.0,45219.9,45540.8,45198.0,45377.9,9298.0
20260716.0,1015.0,45370.9,45376.8,45232.0,45312.9,4670.0
20260716.0,1030.0,45311.9,45651.8,45305.9,45597.8,6930.0
20260716.0,1045.0,45598.8,45763.8,45582.9,45706.8,5560.0
20260716.0,1100.0,45705.8,45934.7,45705.9,45875.8,6074.0
20260716.0,1115.0,45876.8,46008.7,45854.8,45998.8,4850.0
20260716.0,1130.0,45997.8,46018.7,45801.8,45834.8,5008.0
20260716.0,1145.0,45828.8,45985.7,45812.8,45900.8,3400.0
20260716.0,1200.0,45899.8,46082.7,45870.8,46080.7,3916.0
20260716.0,1215.0,46082.7,46114.7,45977.8,46079.7,3970.0
20260716.0,1230.0,46078.7,46078.7,45870.8,45903.8,3668.0
20260716.0,1245.0,45899.8,45934.7,45820.8,45820.8,3460.0
20260716.0,1300.0,45819.8,45900.7,45800.8,45860.8,3464.0
20260716.0,1315.0,45863.8,45944.7,45814.8,45940.8,3830.0
20260716.0,1330.0,45943.8,46059.7,45912.8,46048.7,5554.0
20260716.0,1345.0,46047.7,46238.7,45530.9,45690.8,20124.0
20260716.0,1515.0,45440.9,45440.8,44998.0,45009.0,8854.0
20260716.0,1530.0,45008.0,45196.9,44891.0,45138.9,3858.0
20260716.0,1545.0,45130.9,45180.9,45013.0,45013.0,2316.0
20260716.0,1600.0,45014.0,45023.9,44898.0,44948.0,2688.0
20260716.0,1615.0,44941.0,44947.9,44741.1,44764.0,4410.0
20260716.0,1630.0,44771.0,44903.9,44711.1,44869.0,3824.0
20260716.0,1645.0,44873.0,44945.9,44816.0,44831.0,1970.0
20260716.0,1700.0,44835.0,44982.9,44826.0,44978.0,1582.0
20260716.0,1715.0,44982.0,45085.9,44976.0,45049.0,2470.0
20260716.0,1730.0,45052.9,45075.9,44947.0,44956.0,1688.0
20260716.0,1745.0,44954.0,44976.9,44764.1,44768.0,2338.0
20260716.0,1800.0,44768.0,44787.0,44567.1,44641.0,5066.0
20260716.0,1815.0,44634.0,44814.9,44607.1,44736.0,2614.0
20260716.0,1830.0,44731.0,44753.0,44637.1,44731.0,1330.0
20260716.0,1845.0,44728.0,44790.0,44676.1,44706.0,1054.0
20260716.0,1900.0,44725.0,44740.0,44635.1,44696.0,1170.0
20260716.0,1915.0,44700.0,44703.0,44541.1,44587.0,2310.0
20260716.0,1930.0,44589.0,44696.0,44496.1,44617.0,2234.0
20260716.0,1945.0,44626.0,44654.0,44546.1,44617.0,1182.0
20260716.0,2000.0,44614.0,44644.0,44482.1,44634.0,2600.0
20260716.0,2015.0,44640.0,44674.0,44516.1,44575.0,1508.0
20260716.0,2030.0,44575.0,44626.0,44489.1,44605.0,1742.0
20260716.0,2045.0,44605.0,44623.0,44455.1,44495.1,2014.0
20260716.0,2100.0,44492.1,44543.0,44456.1,44507.1,1060.0
20260716.0,2115.0,44504.1,44668.0,44497.1,44657.0,2010.0
20260716.0,2130.0,44650.0,44734.0,44615.1,44687.0,2208.0
20260716.0,2145.0,44683.0,44890.9,44541.1,44570.0,8772.0
20260716.0,2200.0,44575.0,44780.0,44516.1,44725.0,4854.0
20260716.0,2215.0,44709.0,44937.9,44706.1,44866.0,4794.0
20260716.0,2230.0,44856.0,44906.9,44731.1,44898.0,2856.0
20260716.0,2245.0,44891.0,44934.9,44788.1,44823.0,2208.0
20260716.0,2300.0,44813.0,44878.9,44699.1,44830.0,2388.0
20260716.0,2315.0,44830.0,44873.9,44689.1,44729.0,1826.0
20260716.0,2330.0,44731.0,44893.9,44696.1,44835.0,1842.0
20260716.0,2345.0,44833.0,44914.9,44761.1,44801.0,2060.0
20260717.0,0.0,44794.0,44866.9,44750.1,44780.0,1396.0
20260717.0,15.0,44768.0,44777.0,44577.1,44594.0,2352.0
20260717.0,30.0,44587.0,44646.0,44547.1,44606.0,1604.0
20260717.0,45.0,44616.0,44666.0,44585.1,44585.0,710.0
20260717.0,100.0,44587.0,44684.0,44511.1,44669.0,1696.0
20260717.0,115.0,44666.0,44666.0,44567.1,44577.0,1050.0
20260717.0,130.0,44576.0,44677.0,44557.1,44657.0,556.0
20260717.0,145.0,44655.0,44668.0,44549.1,44554.1,700.0
20260717.0,200.0,44565.0,44624.0,44521.1,44582.0,804.0
20260717.0,215.0,44582.0,44647.0,44534.1,44591.0,918.0
20260717.0,230.0,44586.0,44717.0,44561.1,44664.0,976.0
20260717.0,245.0,44655.0,44655.0,44565.1,44644.0,792.0
20260717.0,300.0,44641.0,44662.0,44601.1,44613.0,280.0
20260717.0,315.0,44603.0,44699.0,44602.1,44626.0,564.0
20260717.0,330.0,44632.0,44634.0,44553.1,44610.0,500.0
20260717.0,345.0,44591.0,44628.0,44530.1,44572.0,520.0
20260717.0,400.0,44568.0,44772.0,44531.1,44753.0,1048.0
20260717.0,415.0,44760.0,44773.0,44696.1,44698.0,450.0
20260717.0,430.0,44700.0,44711.0,44676.1,44684.0,242.0
20260717.0,445.0,44683.0,44685.0,44655.1,44660.0,340.0
20260717.0,500.0,44660.0,44706.0,44653.1,44706.0,370.0
20260717.0,900.0,44241.1,44398.0,44036.2,44201.1,12708.0
20260717.0,915.0,44201.1,44503.0,44128.2,44439.1,18068.0
20260717.0,930.0,44437.1,44478.0,44201.2,44201.1,8392.0
20260717.0,945.0,44207.1,44230.1,43940.2,44029.2,14214.0
20260717.0,1000.0,44034.2,44150.1,43903.2,44051.2,9572.0
20260717.0,1015.0,44057.1,44071.1,43887.2,43957.2,6940.0
20260717.0,1030.0,43953.2,43990.1,43871.2,43920.2,5632.0
20260717.0,1045.0,43918.2,43924.1,43816.2,43876.2,5196.0
20260717.0,1100.0,43883.2,43930.1,43714.3,43804.2,7156.0
20260717.0,1115.0,43803.2,44051.1,43798.3,43866.2,8518.0
20260717.0,1130.0,43871.2,44038.1,43855.2,44000.2,5058.0
20260717.0,1145.0,44002.2,44008.1,43695.3,43702.2,6796.0
20260717.0,1200.0,43707.2,43715.2,43495.3,43495.3,7650.0
20260717.0,1215.0,43495.3,43541.2,43396.3,43481.3,7278.0
20260717.0,1230.0,43477.3,43529.2,43246.4,43296.3,9152.0
20260717.0,1245.0,43294.3,43322.2,43145.4,43265.3,8148.0
20260717.0,1300.0,43264.3,43348.2,43124.4,43127.3,8574.0
20260717.0,1315.0,43125.3,43176.3,42991.4,43165.3,9678.0
20260717.0,1330.0,43169.3,43238.3,42831.4,42834.4,14570.0
20260717.0,1345.0,42834.4,42921.3,42518.5,42716.4,33724.0
20260717.0,1515.0,42691.4,42991.3,42691.5,42919.4,5992.0
20260717.0,1530.0,42926.4,42987.3,42800.5,42941.4,2678.0
20260717.0,1545.0,42943.4,42967.3,42731.5,42821.4,2368.0
20260717.0,1600.0,42826.4,42828.3,42699.5,42706.4,1806.0
20260717.0,1615.0,42711.4,42881.3,42553.5,42632.4,3202.0
20260717.0,1630.0,42634.4,42640.4,42220.6,42341.5,5526.0
20260717.0,1645.0,42343.5,42423.4,42164.6,42297.5,3802.0
20260717.0,1700.0,42286.5,42513.4,42240.6,42425.5,3042.0
20260717.0,1715.0,42425.5,42657.4,42410.5,42636.4,3102.0
20260717.0,1730.0,42632.4,42757.4,42535.5,42751.4,2740.0
20260717.0,1745.0,42757.4,42801.4,42641.5,42673.4,2096.0
20260717.0,1800.0,42677.4,42787.4,42671.5,42739.4,1548.0
20260717.0,1815.0,42738.4,42951.3,42700.5,42936.4,3038.0
20260717.0,1830.0,42935.4,42979.3,42807.5,42930.4,2282.0
20260717.0,1845.0,42927.4,43036.3,42898.4,42995.4,2744.0
20260717.0,1900.0,42995.4,43018.3,42912.4,42949.4,1156.0
20260717.0,1915.0,42955.4,43025.3,42837.4,42896.4,1972.0
20260717.0,1930.0,42893.4,42949.3,42812.4,42940.4,1056.0
20260717.0,1945.0,42940.4,42955.3,42846.4,42870.4,862.0
20260717.0,2000.0,42864.4,43020.3,42832.4,42962.4,1324.0
20260717.0,2015.0,42962.4,43012.3,42845.4,42880.4,1250.0
20260717.0,2030.0,42890.4,42932.3,42812.4,42863.4,938.0
20260717.0,2045.0,42857.4,42907.3,42824.4,42891.4,608.0
20260717.0,2100.0,42878.4,42923.3,42755.5,42861.4,1362.0
20260717.0,2115.0,42863.4,42881.3,42715.5,42729.4,1666.0
20260717.0,2130.0,42725.4,42878.3,42702.5,42743.4,1956.0
20260717.0,2145.0,42752.4,42852.3,42507.5,42556.5,7048.0
20260717.0,2200.0,42560.5,43075.3,42549.5,43037.4,6350.0
20260717.0,2215.0,43038.4,43345.2,43016.4,43240.3,8206.0
20260717.0,2230.0,43243.3,43387.2,43217.4,43302.3,4402.0
20260717.0,2245.0,43294.3,43430.2,43174.4,43362.3,4742.0
20260717.0,2300.0,43360.3,43405.2,43249.4,43259.3,2640.0
20260717.0,2315.0,43271.3,43282.3,43129.4,43230.3,3626.0
20260717.0,2330.0,43226.3,43342.2,43192.4,43308.3,2758.0
20260717.0,2345.0,43311.3,43503.2,43233.4,43375.3,4698.0
20260718.0,0.0,43371.3,43580.2,43366.3,43547.3,3522.0
20260718.0,15.0,43551.3,43634.2,43454.3,43628.2,4768.0
20260718.0,30.0,43629.2,43679.2,43492.3,43575.2,3250.0
20260718.0,45.0,43571.2,43636.2,43538.3,43636.2,1456.0
20260718.0,100.0,43637.2,43715.2,43620.3,43666.2,2088.0
20260718.0,115.0,43659.2,43762.2,43650.3,43676.2,2056.0
20260718.0,130.0,43671.2,43737.2,43658.3,43715.2,1160.0
20260718.0,145.0,43718.2,43723.2,43537.3,43560.2,1492.0
20260718.0,200.0,43555.3,43610.2,43464.3,43479.3,1464.0
20260718.0,215.0,43485.3,43548.2,43443.3,43487.3,1064.0
20260718.0,230.0,43507.3,43549.2,43432.3,43549.3,778.0
20260718.0,245.0,43536.3,43582.2,43431.3,43456.3,1012.0
20260718.0,300.0,43456.3,43571.2,43437.3,43544.3,1230.0
20260718.0,315.0,43548.3,43551.2,43389.3,43401.3,1092.0
20260718.0,330.0,43394.3,43531.2,43369.3,43518.3,1094.0
20260718.0,345.0,43527.3,43627.2,43508.3,43599.2,1262.0
20260718.0,400.0,43609.2,43663.2,43557.3,43571.2,998.0
20260718.0,415.0,43558.3,43576.2,43466.3,43514.3,632.0
20260718.0,430.0,43508.3,43528.2,43500.3,43528.3,234.0
20260718.0,445.0,43530.3,43541.2,43499.3,43502.3,304.0
20260718.0,500.0,43507.3,43509.2,43466.3,43472.3,652.0
20260720.0,900.0,43491.3,43491.2,43092.4,43111.3,10384.0
20260720.0,915.0,43116.3,43468.2,42973.4,42976.4,22360.0
20260720.0,930.0,42986.4,43102.3,42471.5,42515.5,20694.0
20260720.0,945.0,42514.5,43008.3,42448.5,42811.4,14494.0
20260720.0,1000.0,42824.4,43151.3,42708.5,42904.4,8622.0
20260720.0,1015.0,42900.4,43250.3,42892.4,42979.4,7436.0
20260720.0,1030.0,42986.4,42998.3,42600.5,42750.4,8142.0
20260720.0,1045.0,42752.4,43118.3,42748.5,43041.4,6572.0
20260720.0,1100.0,43037.4,43202.3,43002.4,43024.4,4552.0
20260720.0,1115.0,43022.4,43142.3,42826.4,42961.4,5834.0
20260720.0,1130.0,42955.4,43036.3,42821.4,42848.4,3634.0
20260720.0,1145.0,42843.4,43002.3,42817.4,42948.4,3728.0
20260720.0,1200.0,42951.4,43211.3,42887.4,43034.4,4880.0
20260720.0,1215.0,43032.4,43171.3,42971.4,42979.4,3932.0
20260720.0,1230.0,42976.4,43123.3,42823.4,43056.4,5900.0
20260720.0,1245.0,43060.4,43286.3,42993.4,43241.3,6158.0
20260720.0,1300.0,43246.3,43251.3,42998.4,43001.4,4862.0
20260720.0,1315.0,43001.4,43033.3,42664.5,42811.4,8864.0
20260720.0,1330.0,42809.4,42867.3,42641.5,42649.4,9430.0
20260720.0,1345.0,42653.4,42748.4,42613.5,42632.4,10690.0
20260720.0,1515.0,42632.4,42834.3,42631.5,42781.4,2762.0
20260720.0,1530.0,42785.4,42979.3,42717.5,42971.4,2420.0
20260720.0,1545.0,42967.4,43124.3,42956.4,43059.4,2964.0
20260720.0,1600.0,43059.4,43096.3,42992.4,43073.3,1378.0
20260720.0,1615.0,43065.3,43164.3,43041.4,43143.3,2326.0
20260720.0,1630.0,43149.3,43181.3,43091.4,43126.3,1210.0
20260720.0,1645.0,43116.3,43129.3,43019.4,43032.4,1120.0
20260720.0,1700.0,43033.4,43133.3,43026.4,43118.3,682.0
20260720.0,1715.0,43117.3,43151.3,43057.4,43083.3,876.0
20260720.0,1730.0,43101.3,43137.3,43077.4,43120.3,642.0
20260720.0,1745.0,43120.3,43241.3,43116.4,43202.3,1638.0
20260720.0,1800.0,43201.3,43277.3,43165.4,43200.3,1054.0
20260720.0,1815.0,43205.3,43215.3,43148.4,43180.3,674.0
20260720.0,1830.0,43179.3,43267.3,43161.4,43249.3,772.0
20260720.0,1845.0,43245.3,43311.2,43216.4,43291.3,1018.0
20260720.0,1900.0,43294.3,43330.2,43279.4,43301.3,692.0
20260720.0,1915.0,43302.3,43432.2,43291.4,43415.3,1716.0
20260720.0,1930.0,43407.3,43427.2,43332.3,43358.3,814.0
20260720.0,1945.0,43361.3,43583.2,43350.3,43514.3,3314.0
20260720.0,2000.0,43522.3,43531.2,43432.3,43482.3,1376.0
20260720.0,2015.0,43477.3,43480.2,43268.4,43352.3,2802.0
20260720.0,2030.0,43352.3,43412.2,43324.3,43411.3,746.0
20260720.0,2045.0,43416.3,43431.2,43343.3,43349.3,762.0
20260720.0,2100.0,43346.3,43386.2,43291.4,43335.3,714.0
20260720.0,2115.0,43336.3,43396.2,43325.3,43343.3,892.0
20260720.0,2130.0,43342.3,43383.2,43334.3,43376.3,528.0
20260720.0,2145.0,43383.3,43546.2,43333.3,43526.3,4004.0
20260720.0,2200.0,43524.3,43548.2,43289.4,43325.3,4244.0
20260720.0,2215.0,43325.3,43441.2,43213.4,43288.3,3948.0
20260720.0,2230.0,43291.3,43417.2,43206.4,43397.3,3526.0
20260720.0,2245.0,43392.3,43445.2,43250.4,43294.3,2672.0
20260720.0,2300.0,43285.3,43356.2,43024.4,43082.3,3858.0
20260720.0,2315.0,43083.3,43266.3,43029.4,43184.3,3570.0
20260720.0,2330.0,43178.3,43348.2,43154.4,43321.3,2160.0
20260720.0,2345.0,43320.3,43356.2,43263.4,43315.3,1224.0
20260721.0,0.0,43319.3,43387.2,43228.4,43380.3,1598.0
20260721.0,15.0,43379.3,43466.2,43356.3,43426.3,1694.0
20260721.0,30.0,43433.3,43440.2,43347.3,43380.3,690.0
20260721.0,45.0,43389.3,43399.2,43222.4,43241.3,1774.0
20260721.0,100.0,43237.3,43294.3,43184.4,43229.3,1094.0
20260721.0,115.0,43236.3,43270.3,43191.4,43200.3,566.0
20260721.0,130.0,43198.3,43275.3,43167.4,43243.3,664.0
20260721.0,145.0,43249.3,43268.3,43167.4,43178.3,448.0
20260721.0,200.0,43182.3,43245.3,43177.4,43201.3,340.0
20260721.0,215.0,43221.3,43265.3,43208.4,43255.3,424.0
20260721.0,230.0,43251.3,43285.3,43141.4,43161.3,816.0
20260721.0,245.0,43157.3,43157.3,43036.4,43040.4,1018.0
20260721.0,300.0,43037.4,43076.3,42978.4,43036.4,1450.0
20260721.0,315.0,43040.4,43090.3,42893.4,42897.4,1438.0
20260721.0,330.0,42897.4,42992.3,42880.4,42978.4,1048.0
20260721.0,345.0,42977.4,43094.3,42968.4,43064.3,940.0
20260721.0,400.0,43078.3,43088.3,42905.4,42998.4,1006.0
20260721.0,415.0,43007.4,43042.3,42839.4,42841.4,1294.0
20260721.0,430.0,42851.4,42867.3,42832.4,42850.4,218.0
20260721.0,445.0,42861.4,42950.3,42852.4,42900.4,496.0
20260721.0,500.0,42904.4,42970.3,42903.4,42970.4,384.0
20260721.0,900.0,43288.3,43428.2,43188.4,43285.3,9158.0
20260721.0,915.0,43286.3,43791.2,43227.4,43746.2,15852.0
20260721.0,930.0,43753.2,43841.1,43632.3,43783.2,9782.0
20260721.0,945.0,43785.2,43975.1,43712.3,43733.2,11576.0
20260721.0,1000.0,43735.2,43849.1,43695.3,43811.2,5738.0
20260721.0,1015.0,43812.2,44025.1,43798.3,43828.2,8278.0
20260721.0,1030.0,43828.2,43951.1,43724.3,43786.2,5046.0
20260721.0,1045.0,43788.2,44037.1,43788.3,44028.2,4454.0
20260721.0,1100.0,44022.2,44041.1,43903.2,43930.2,3298.0
20260721.0,1115.0,43933.2,44079.1,43921.2,44036.2,3866.0
20260721.0,1130.0,44036.2,44086.1,44011.2,44068.1,2702.0
20260721.0,1145.0,44062.1,44177.1,44026.2,44150.1,4536.0
20260721.0,1200.0,44153.1,44200.1,44127.2,44164.1,2792.0
20260721.0,1215.0,44162.1,44226.1,44138.2,44176.1,3120.0
20260721.0,1230.0,44169.1,44235.1,44139.2,44189.1,2306.0
20260721.0,1245.0,44192.1,44277.1,44169.2,44230.1,3370.0
20260721.0,1300.0,44231.1,44231.1,44139.2,44167.1,2808.0
20260721.0,1315.0,44164.1,44245.1,44161.2,44181.1,2626.0
20260721.0,1330.0,44181.1,44305.1,44109.2,44296.1,7954.0
20260721.0,1345.0,44298.1,44395.0,44269.2,44368.1,12992.0
20260721.0,1515.0,44564.0,44564.0,44436.1,44448.1,3856.0
20260721.0,1530.0,44448.1,44482.0,44409.1,44457.1,1234.0
20260721.0,1545.0,44453.1,44495.0,44405.1,44471.1,852.0
20260721.0,1600.0,44467.1,44495.0,44433.1,44491.1,816.0
20260721.0,1615.0,44486.1,44502.0,44406.1,44491.1,1176.0
20260721.0,1630.0,44488.1,44551.0,44463.1,44551.1,1570.0
20260721.0,1645.0,44541.1,44630.0,44524.1,44630.0,2068.0
20260721.0,1700.0,44629.0,44632.0,44574.1,44596.0,852.0
20260721.0,1715.0,44594.0,44652.0,44589.1,44602.0,1048.0
20260721.0,1730.0,44610.0,44645.0,44576.1,44582.0,826.0
20260721.0,1745.0,44579.0,44601.0,44563.1,44594.0,622.0
20260721.0,1800.0,44586.0,44636.0,44586.1,44595.0,702.0
20260721.0,1815.0,44604.0,44680.0,44587.1,44656.0,1378.0
20260721.0,1830.0,44653.0,44668.0,44638.1,44641.0,398.0
20260721.0,1845.0,44641.0,44709.0,44621.1,44630.0,1336.0
20260721.0,1900.0,44631.0,44644.0,44601.1,44611.0,698.0
20260721.0,1915.0,44611.0,44649.0,44550.1,44591.0,1162.0
20260721.0,1930.0,44585.0,44603.0,44558.1,44601.0,630.0
20260721.0,1945.0,44606.0,44647.0,44594.1,44639.0,578.0
20260721.0,2000.0,44639.0,44647.0,44596.1,44603.0,528.0
20260721.0,2015.0,44617.0,44638.0,44587.1,44624.0,444.0
20260721.0,2030.0,44622.0,44629.0,44558.1,44562.0,744.0
20260721.0,2045.0,44558.0,44587.0,44541.1,44574.0,1286.0
20260721.0,2100.0,44576.0,44665.0,44575.1,44661.0,1008.0
20260721.0,2115.0,44662.0,44662.0,44600.1,44610.0,376.0
20260721.0,2130.0,44605.0,44749.0,44592.1,44747.0,1490.0
20260721.0,2145.0,44745.0,44750.0,44549.1,44573.0,4576.0
20260721.0,2200.0,44572.0,44669.0,44521.1,44609.0,3758.0
20260721.0,2215.0,44614.0,44681.0,44535.1,44631.0,2786.0
20260721.0,2230.0,44633.0,44796.0,44563.1,44791.0,4458.0
20260721.0,2245.0,44793.0,44824.9,44731.1,44815.0,2336.0
20260721.0,2300.0,44816.0,44840.9,44784.1,44831.0,1474.0
20260721.0,2315.0,44828.0,44948.9,44792.1,44941.0,2818.0
20260721.0,2330.0,44942.0,44988.9,44920.0,44951.0,2196.0
20260721.0,2345.0,44943.0,44945.9,44857.0,44866.0,1812.0
20260722.0,0.0,44865.0,44903.9,44841.0,44861.0,996.0
20260722.0,15.0,44863.0,44937.9,44858.0,44929.0,800.0
20260722.0,30.0,44927.0,44970.9,44925.0,44945.0,866.0
20260722.0,45.0,44951.0,44953.9,44924.0,44947.0,658.0
20260722.0,100.0,44944.0,44972.9,44934.0,44938.0,492.0
20260722.0,115.0,44939.0,44984.9,44934.0,44936.0,540.0
20260722.0,130.0,44941.0,44950.9,44929.0,44951.0,264.0
20260722.0,145.0,44950.0,44978.9,44924.0,44941.0,468.0
20260722.0,200.0,44945.0,44959.9,44923.0,44935.0,328.0
20260722.0,215.0,44935.0,44967.9,44928.0,44928.0,528.0
20260722.0,230.0,44925.0,44927.9,44869.0,44885.0,496.0
20260722.0,245.0,44878.0,44904.9,44862.0,44901.0,314.0
20260722.0,300.0,44908.0,44915.9,44883.0,44910.0,222.0
20260722.0,315.0,44917.0,44926.9,44891.0,44918.0,408.0
20260722.0,330.0,44914.0,44945.9,44882.0,44886.0,280.0
20260722.0,345.0,44887.0,44901.9,44875.0,44894.0,300.0
20260722.0,400.0,44894.0,44921.9,44883.0,44888.0,448.0
20260722.0,415.0,44887.0,44899.9,44844.0,44900.0,674.0
20260722.0,430.0,44895.0,44914.9,44886.0,44911.0,272.0
20260722.0,445.0,44913.0,44935.9,44911.0,44934.0,220.0
20260722.0,500.0,44934.0,44951.9,44928.0,44952.0,516.0
20260722.0,900.0,44991.0,45194.9,44985.0,45188.9,10360.0
20260722.0,915.0,45185.9,45348.8,45088.0,45281.9,15734.0
20260722.0,930.0,45282.9,45354.8,44972.0,45011.0,11538.0
20260722.0,945.0,45011.0,45048.9,44815.0,44983.0,10942.0
20260722.0,1000.0,44984.0,45111.9,44911.0,44926.0,7458.0
20260722.0,1015.0,44930.0,45033.9,44801.1,44993.0,8270.0
20260722.0,1030.0,44988.0,45059.9,44941.0,45020.0,4286.0
20260722.0,1045.0,45015.0,45022.9,44873.0,44924.0,3706.0
20260722.0,1100.0,44923.0,44998.9,44857.0,44928.0,2866.0
20260722.0,1115.0,44923.0,45005.9,44795.1,44824.0,4270.0
20260722.0,1130.0,44825.0,45090.9,44811.0,45090.9,5754.0
20260722.0,1145.0,45085.9,45110.9,44861.0,44890.0,3482.0
20260722.0,1200.0,44890.0,44994.9,44768.1,44846.0,5054.0
20260722.0,1215.0,44855.0,45038.9,44839.0,44973.0,4218.0
20260722.0,1230.0,44968.0,45053.9,44940.0,45005.0,2660.0
20260722.0,1245.0,45001.0,45026.9,44966.0,45006.0,2130.0
20260722.0,1300.0,45002.0,45017.9,44876.0,44955.0,3078.0
20260722.0,1315.0,44953.0,44967.9,44710.1,44743.0,5552.0
20260722.0,1330.0,44739.0,44757.0,44604.1,44723.0,10136.0
20260722.0,1345.0,44725.0,44804.9,44606.1,44622.0,10358.0
20260722.0,1515.0,44444.1,44616.0,44386.1,44587.0,4478.0
20260722.0,1530.0,44590.0,44702.0,44579.1,44682.0,1860.0
20260722.0,1545.0,44680.0,44691.0,44495.1,44604.0,2034.0
20260722.0,1600.0,44599.0,44619.0,44535.1,44565.0,1154.0
20260722.0,1615.0,44571.0,44655.0,44538.1,44578.0,1450.0
20260722.0,1630.0,44570.0,44652.0,44561.1,44652.0,628.0
20260722.0,1645.0,44655.0,44681.0,44612.1,44621.0,732.0
20260722.0,1700.0,44623.0,44688.0,44599.1,44666.0,610.0
20260722.0,1715.0,44667.0,44758.0,44654.1,44691.0,1416.0
20260722.0,1730.0,44690.0,44731.0,44683.1,44685.0,570.0
20260722.0,1745.0,44681.0,44685.0,44576.1,44637.0,1444.0
20260722.0,1800.0,44637.0,44639.0,44537.1,44604.0,1142.0
20260722.0,1815.0,44608.0,44664.0,44605.1,44640.0,732.0
20260722.0,1830.0,44636.0,44725.0,44636.1,44721.0,942.0
20260722.0,1845.0,44721.0,44724.0,44676.1,44687.0,446.0
20260722.0,1900.0,44687.0,44741.0,44682.1,44713.0,446.0
20260722.0,1915.0,44711.0,44747.0,44641.1,44645.0,760.0
20260722.0,1930.0,44644.0,44663.0,44601.1,44605.0,466.0
20260722.0,1945.0,44612.0,44631.0,44444.1,44487.1,1958.0
20260722.0,2000.0,44482.1,44559.0,44476.1,44497.1,926.0
20260722.0,2015.0,44504.1,44537.0,44471.1,44526.1,864.0
20260722.0,2030.0,44526.1,44536.0,44429.1,44491.1,1236.0
20260722.0,2045.0,44499.1,44605.0,44499.1,44543.1,1628.0
20260722.0,2100.0,44542.1,44553.0,44426.1,44481.1,1514.0
20260722.0,2115.0,44491.1,44595.0,44491.1,44576.0,822.0
20260722.0,2130.0,44571.0,44647.0,44567.1,44576.0,1328.0
20260722.0,2145.0,44579.0,44737.0,44557.1,44732.0,4340.0
20260722.0,2200.0,44730.0,44885.9,44687.1,44885.0,4484.0
20260722.0,2215.0,44886.0,44911.9,44808.0,44864.0,2624.0
20260722.0,2230.0,44862.0,44943.9,44795.1,44893.0,2694.0
20260722.0,2245.0,44897.0,44977.9,44864.0,44866.0,2694.0
20260722.0,2300.0,44867.0,44934.9,44849.0,44933.0,1382.0
20260722.0,2315.0,44932.0,45095.9,44932.0,45072.9,3442.0
20260722.0,2330.0,45075.9,45162.9,45071.0,45129.9,2084.0
20260722.0,2345.0,45130.9,45140.9,45056.0,45081.9,1510.0
20260723.0,0.0,45082.9,45139.9,45081.0,45131.9,990.0
20260723.0,15.0,45132.9,45145.9,45103.0,45126.9,692.0
20260723.0,30.0,45127.9,45135.9,45079.0,45102.9,776.0
20260723.0,45.0,45103.9,45132.9,45083.0,45095.9,674.0
20260723.0,100.0,45092.9,45178.9,45070.0,45140.9,1210.0
20260723.0,115.0,45142.9,45195.9,45138.0,45153.9,958.0
20260723.0,130.0,45157.9,45161.9,45107.0,45132.9,726.0
20260723.0,145.0,45140.9,45163.9,45105.0,45125.9,530.0
20260723.0,200.0,45122.9,45127.9,45032.0,45052.9,942.0
20260723.0,215.0,45062.9,45107.9,45036.0,45041.0,706.0
20260723.0,230.0,45041.0,45073.9,45039.0,45059.9,412.0
20260723.0,245.0,45060.9,45062.9,44999.0,45051.0,528.0
20260723.0,300.0,45048.0,45110.9,45038.0,45100.9,386.0
20260723.0,315.0,45093.9,45108.9,45008.0,45015.0,770.0
20260723.0,330.0,45015.0,45099.9,45010.0,45092.9,400.0
20260723.0,345.0,45082.9,45087.9,45006.0,45043.0,370.0
20260723.0,400.0,45041.0,45077.9,44974.0,44989.0,862.0
20260723.0,415.0,44991.0,45053.9,44791.1,45052.9,2824.0
20260723.0,430.0,45039.0,45130.9,45021.0,45061.9,992.0
20260723.0,445.0,45060.9,45068.9,45040.0,45049.0,244.0
20260723.0,500.0,45047.0,45046.9,44975.0,45025.0,722.0
20260723.0,900.0,45300.9,45329.8,45169.0,45182.9,7040.0
20260723.0,915.0,45185.9,45237.9,44857.0,44879.0,11510.0
20260723.0,930.0,44876.0,45015.9,44863.0,44955.0,6480.0
20260723.0,945.0,44961.0,45026.9,44844.0,44898.0,6110.0
20260723.0,1000.0,44891.0,45009.9,44828.0,44848.0,6022.0
20260723.0,1015.0,44849.0,44995.9,44818.0,44824.0,4436.0
20260723.0,1030.0,44825.0,44868.9,44453.1,44580.0,10408.0
20260723.0,1045.0,44581.0,44733.0,44507.1,44549.1,6192.0
20260723.0,1100.0,44553.1,44668.0,44534.1,44636.0,3430.0
20260723.0,1115.0,44641.0,44653.0,44477.1,44570.0,3350.0
20260723.0,1130.0,44570.0,44669.0,44491.1,44669.0,3732.0
20260723.0,1145.0,44668.0,44677.0,44570.1,44649.0,2684.0
20260723.0,1200.0,44647.0,44686.0,44588.1,44622.0,2102.0
20260723.0,1215.0,44623.0,44623.0,44436.1,44574.0,5346.0
20260723.0,1230.0,44587.0,44635.0,44478.1,44591.0,3722.0
20260723.0,1245.0,44594.0,44665.0,44587.1,44647.0,2258.0
20260723.0,1300.0,44653.0,44671.0,44541.1,44598.0,2668.0
20260723.0,1315.0,44600.0,44658.0,44531.1,44645.0,2962.0
20260723.0,1330.0,44647.0,44900.9,44633.1,44894.0,10056.0
20260723.0,1345.0,44893.0,44942.9,44814.0,44921.0,7998.0
20260723.0,1515.0,44844.0,44887.9,44661.1,44734.0,4042.0
20260723.0,1530.0,44734.0,44797.0,44721.1,44760.0,1360.0
20260723.0,1545.0,44757.0,44763.0,44653.1,44653.0,1674.0
20260723.0,1600.0,44655.0,44718.0,44617.1,44716.0,1630.0
20260723.0,1615.0,44719.0,44778.0,44670.1,44765.0,1554.0
20260723.0,1630.0,44766.0,44824.9,44755.1,44816.0,900.0
20260723.0,1645.0,44810.0,44829.9,44751.1,44758.0,708.0
20260723.0,1700.0,44761.0,44872.9,44758.1,44867.0,1124.0
20260723.0,1715.0,44865.0,45018.9,44841.0,44874.0,2496.0
20260723.0,1730.0,44876.0,44907.9,44864.0,44891.0,684.0
20260723.0,1745.0,44888.0,44890.9,44825.0,44862.0,766.0
20260723.0,1800.0,44865.0,44886.9,44781.1,44789.0,1194.0
20260723.0,1815.0,44801.0,44821.9,44757.1,44766.0,788.0
20260723.0,1830.0,44779.0,44821.9,44765.1,44813.0,682.0
20260723.0,1845.0,44813.0,44900.9,44811.0,44867.0,876.0
20260723.0,1900.0,44871.0,44888.9,44861.0,44882.0,300.0
20260723.0,1915.0,44880.0,44890.9,44794.1,44814.0,690.0
20260723.0,1930.0,44819.0,44829.9,44683.1,44700.0,1276.0
20260723.0,1945.0,44701.0,44724.0,44596.1,44609.0,2276.0
20260723.0,2000.0,44616.0,44716.0,44595.1,44665.0,1296.0
20260723.0,2015.0,44664.0,44667.0,44556.1,44564.0,1356.0
20260723.0,2030.0,44563.0,44615.0,44459.1,44507.1,2378.0
20260723.0,2045.0,44498.1,44509.0,44164.2,44178.1,6172.0
20260723.0,2100.0,44178.1,44225.1,44115.2,44174.1,3620.0
20260723.0,2115.0,44174.1,44202.1,44049.2,44049.2,3654.0
20260723.0,2130.0,44050.2,44178.1,44043.2,44157.1,2314.0
20260723.0,2145.0,44156.1,44501.0,44076.2,44486.1,8072.0
20260723.0,2200.0,44480.1,44496.0,44243.2,44261.1,6082.0
20260723.0,2215.0,44271.1,44443.0,44253.2,44360.1,4368.0
20260723.0,2230.0,44362.1,44444.0,44324.1,44390.1,2404.0
20260723.0,2245.0,44399.1,44414.0,44216.2,44240.1,4350.0
20260723.0,2300.0,44240.1,44298.1,44131.2,44201.1,3200.0
20260723.0,2315.0,44199.1,44210.1,44022.2,44054.2,3524.0
20260723.0,2330.0,44051.2,44149.1,43872.2,43915.2,5558.0
20260723.0,2345.0,43911.2,44054.1,43830.2,43984.2,3722.0
20260724.0,0.0,43979.2,44149.1,43963.2,44135.1,2676.0
20260724.0,15.0,44136.1,44259.1,44100.2,44229.1,2810.0
20260724.0,30.0,44229.1,44348.0,44179.2,44328.1,1596.0
20260724.0,45.0,44329.1,44391.0,44286.2,44322.1,1500.0
20260724.0,100.0,44321.1,44322.0,44228.2,44275.1,1352.0
20260724.0,115.0,44275.1,44296.1,44184.2,44266.1,1296.0
20260724.0,130.0,44266.1,44341.0,44249.2,44301.1,794.0
20260724.0,145.0,44298.1,44308.0,44174.2,44220.1,884.0
20260724.0,200.0,44205.1,44262.1,44151.2,44159.1,584.0
20260724.0,215.0,44160.1,44181.1,44122.2,44145.1,506.0
20260724.0,230.0,44145.1,44189.1,44132.2,44179.1,306.0
20260724.0,245.0,44190.1,44247.1,44163.2,44168.1,354.0
20260724.0,300.0,44171.1,44199.1,44120.2,44160.1,342.0
20260724.0,315.0,44166.1,44177.1,44089.2,44112.1,448.0
20260724.0,330.0,44112.1,44239.1,44112.2,44233.1,610.0
20260724.0,345.0,44238.1,44261.1,44169.2,44169.1,500.0
20260724.0,400.0,44178.1,44307.0,44138.2,44292.1,918.0
20260724.0,415.0,44308.1,44427.0,44291.2,44405.1,1258.0
20260724.0,430.0,44401.1,44435.0,44392.1,44414.1,392.0
20260724.0,445.0,44415.1,44429.0,44388.1,44402.1,314.0
20260724.0,500.0,44401.1,44410.0,44377.1,44382.1,350.0
20260724.0,900.0,44157.1,44312.0,44103.2,44192.1,7096.0
20260724.0,915.0,44195.1,44387.0,44009.2,44201.1,13956.0
20260724.0,930.0,44202.1,44481.0,44159.2,44339.1,8340.0
20260724.0,945.0,44347.1,44490.0,44275.2,44451.1,8018.0
20260724.0,1000.0,44446.1,44451.0,44177.2,44197.1,5730.0
20260724.0,1015.0,44202.1,44243.1,44104.2,44183.1,5278.0
20260724.0,1030.0,44186.1,44216.1,43964.2,44002.2,7680.0
20260724.0,1045.0,44002.2,44063.1,43699.3,43742.2,9150.0
20260724.0,1100.0,43741.2,43801.2,43645.3,43654.2,7174.0
20260724.0,1115.0,43658.2,43849.1,43644.3,43841.2,6798.0
20260724.0,1130.0,43840.2,44057.1,43815.2,44051.2,7484.0
20260724.0,1145.0,44050.2,44059.1,43867.2,43893.2,4220.0
20260724.0,1200.0,43889.2,43960.1,43750.3,43787.2,3192.0
20260724.0,1215.0,43786.2,43840.1,43718.3,43721.2,3634.0
20260724.0,1230.0,43721.2,43953.1,43696.3,43905.2,4850.0
20260724.0,1245.0,43901.2,43932.1,43754.3,43803.2,3516.0
20260724.0,1300.0,43803.2,43869.1,43760.3,43866.2,2338.0
20260724.0,1315.0,43862.2,43879.1,43730.3,43846.2,5440.0
20260724.0,1330.0,43844.2,43896.1,43765.3,43797.2,6898.0
20260724.0,1345.0,43796.2,43911.1,43631.3,43896.2,17578.0
20260724.0,1515.0,43811.2,44106.1,43796.3,44095.1,4502.0
20260724.0,1530.0,44081.1,44125.1,44064.2,44103.1,1670.0
20260724.0,1545.0,44105.1,44153.1,44058.2,44098.1,1368.0
20260724.0,1600.0,44097.1,44108.1,44080.2,44084.1,650.0
20260724.0,1615.0,44083.1,44091.1,43989.2,44007.2,1384.0
20260724.0,1630.0,44010.2,44086.1,44006.2,44084.1,956.0
20260724.0,1645.0,44081.1,44137.1,44072.2,44116.1,878.0
20260724.0,1700.0,44115.1,44126.1,44074.2,44111.1,384.0
20260724.0,1715.0,44107.1,44230.1,44072.2,44125.1,1874.0
20260724.0,1730.0,44122.1,44171.1,44098.2,44150.1,850.0
20260724.0,1745.0,44151.1,44202.1,44142.2,44172.1,830.0
20260724.0,1800.0,44172.1,44237.1,44159.2,44214.1,634.0
20260724.0,1815.0,44218.1,44233.1,44164.2,44184.1,482.0
20260724.0,1830.0,44182.1,44221.1,44152.2,44212.1,536.0
20260724.0,1845.0,44208.1,44226.1,44161.2,44168.1,548.0
20260724.0,1900.0,44173.1,44196.1,44139.2,44160.1,638.0
20260724.0,1915.0,44155.1,44200.1,44149.2,44191.1,506.0
20260724.0,1930.0,44191.1,44197.1,44152.2,44161.1,368.0
20260724.0,1945.0,44157.1,44181.1,44108.2,44129.1,672.0
20260724.0,2000.0,44130.1,44297.1,44054.2,44231.1,2548.0
20260724.0,2015.0,44244.1,44251.1,44127.2,44240.1,1456.0
20260724.0,2030.0,44233.1,44256.1,44155.2,44220.1,834.0
20260724.0,2045.0,44215.1,44216.1,44136.2,44139.1,574.0
20260724.0,2100.0,44135.1,44141.1,43992.2,43992.2,1560.0
20260724.0,2115.0,44001.2,44047.1,43957.2,44029.2,1412.0
20260724.0,2130.0,44029.2,44106.1,43961.2,43961.2,1484.0
20260724.0,2145.0,43972.2,44028.1,43731.3,43826.2,6152.0
20260724.0,2200.0,43840.2,43865.1,43512.3,43539.3,7274.0
20260724.0,2215.0,43541.3,43757.2,43491.3,43690.2,6194.0
20260724.0,2230.0,43691.2,43708.2,43436.3,43624.2,5414.0
20260724.0,2245.0,43616.2,43631.2,43402.3,43441.3,3546.0
20260724.0,2300.0,43436.3,43689.2,43378.3,43654.2,4134.0
20260724.0,2315.0,43661.2,43819.1,43510.3,43783.2,5170.0
20260724.0,2330.0,43777.2,43857.1,43711.3,43726.2,3640.0
20260724.0,2345.0,43726.2,43844.1,43679.3,43763.2,2622.0
20260725.0,0.0,43757.2,43910.1,43751.3,43900.2,1924.0
20260725.0,15.0,43902.2,44001.1,43831.2,43901.2,2718.0
20260725.0,30.0,43897.2,43925.1,43862.2,43872.2,1440.0
20260725.0,45.0,43863.2,43864.1,43726.3,43736.2,1984.0
20260725.0,100.0,43735.2,43768.2,43666.3,43737.2,2022.0
20260725.0,115.0,43737.2,43761.2,43601.3,43642.2,1966.0
20260725.0,130.0,43645.2,43798.2,43624.3,43792.2,1336.0
20260725.0,145.0,43797.2,43847.1,43737.3,43746.2,1024.0
20260725.0,200.0,43737.2,43781.2,43706.3,43737.2,728.0
20260725.0,215.0,43737.2,43768.2,43690.3,43700.2,658.0
20260725.0,230.0,43701.2,43714.2,43587.3,43601.2,1392.0
20260725.0,245.0,43602.2,43602.2,43441.3,43469.3,1738.0
20260725.0,300.0,43463.3,43537.2,43452.3,43511.3,1102.0
20260725.0,315.0,43519.3,43547.2,43285.4,43289.3,3112.0
20260725.0,330.0,43289.3,43370.2,43266.4,43326.3,1292.0
20260725.0,345.0,43340.3,43438.2,43329.3,43401.3,1492.0
20260725.0,400.0,43405.3,43428.2,43321.3,43421.3,1088.0
20260725.0,415.0,43416.3,43430.2,43349.3,43364.3,612.0
20260725.0,430.0,43370.3,43374.2,43348.3,43352.3,326.0
20260725.0,445.0,43343.3,43349.2,43303.4,43341.3,484.0
20260725.0,500.0,43338.3,43419.2,43322.3,43360.3,494.0
20260727.0,900.0,43879.2,44074.1,43681.3,43687.2,12840.0
20260727.0,915.0,43688.2,43741.2,43460.3,43525.3,15080.0
20260727.0,930.0,43540.3,43569.2,43167.4,43325.3,14752.0
20260727.0,945.0,43320.3,43681.2,43319.3,43534.3,13154.0
20260727.0,1000.0,43531.3,43690.2,43436.3,43683.2,5818.0
20260727.0,1015.0,43689.2,43714.2,43550.3,43578.2,4970.0
20260727.0,1030.0,43574.2,43761.2,43455.3,43713.2,6516.0
20260727.0,1045.0,43709.2,43740.2,43497.3,43661.2,6132.0
20260727.0,1100.0,43664.2,43679.2,43486.3,43495.3,3614.0
20260727.0,1115.0,43496.3,43593.2,43347.3,43453.3,5114.0
20260727.0,1130.0,43457.3,43523.2,43311.3,43316.3,3644.0
20260727.0,1145.0,43320.3,43392.2,43238.4,43302.3,4470.0
20260727.0,1200.0,43305.3,43380.2,43214.4,43312.3,3632.0
20260727.0,1215.0,43314.3,43431.2,43309.4,43373.3,2840.0
20260727.0,1230.0,43377.3,43508.2,43316.3,43429.3,4162.0
20260727.0,1245.0,43430.3,43543.2,43365.3,43538.3,3440.0
20260727.0,1300.0,43536.3,43636.2,43479.3,43570.2,3766.0
20260727.0,1315.0,43565.2,43777.2,43547.3,43761.2,5088.0
20260727.0,1330.0,43756.2,43881.1,43742.3,43825.2,6804.0
20260727.0,1345.0,43823.2,43912.1,43794.3,43898.2,6500.0
20260727.0,1515.0,43947.2,44151.1,43904.2,44051.2,3228.0
20260727.0,1530.0,44041.2,44054.1,44003.2,44036.2,776.0
20260727.0,1545.0,44036.2,44038.1,43934.2,43978.2,990.0
20260727.0,1600.0,43975.2,44021.1,43961.2,43973.2,1044.0
20260727.0,1615.0,43972.2,44064.1,43963.2,44061.1,1612.0
20260727.0,1630.0,44053.2,44063.1,44007.2,44048.2,588.0
20260727.0,1645.0,44046.2,44137.1,44037.2,44115.1,1004.0
20260727.0,1700.0,44118.1,44184.1,44096.2,44153.1,1212.0
20260727.0,1715.0,44154.1,44170.1,44101.2,44133.1,908.0
20260727.0,1730.0,44136.1,44165.1,44125.2,44130.1,622.0
20260727.0,1745.0,44128.1,44193.1,44119.2,44178.1,946.0
20260727.0,1800.0,44178.1,44199.1,44131.2,44180.1,522.0
20260727.0,1815.0,44175.1,44193.1,44113.2,44139.1,692.0
20260727.0,1830.0,44143.1,44163.1,44131.2,44145.1,332.0
20260727.0,1845.0,44150.1,44180.1,44126.2,44164.1,538.0
20260727.0,1900.0,44161.1,44216.1,44157.2,44166.1,592.0
20260727.0,1915.0,44163.1,44175.1,44105.2,44140.1,678.0
20260727.0,1930.0,44146.1,44156.1,44027.2,44030.2,1008.0
20260727.0,1945.0,44031.2,44151.1,44030.2,44127.1,1152.0
20260727.0,2000.0,44125.1,44147.1,44124.2,44138.1,300.0
20260727.0,2015.0,44141.1,44183.1,44070.2,44070.1,904.0
20260727.0,2030.0,44065.1,44107.1,44064.2,44097.1,506.0
20260727.0,2045.0,44092.1,44131.1,44056.2,44131.1,678.0
20260727.0,2100.0,44124.1,44205.1,44124.2,44205.1,994.0
20260727.0,2115.0,44205.1,44232.1,44099.2,44125.1,1646.0
20260727.0,2130.0,44124.1,44143.1,43990.2,44002.2,1900.0
20260727.0,2145.0,44006.2,44028.1,43675.3,43731.2,10126.0
20260727.0,2200.0,43739.2,43829.1,43547.3,43576.2,5060.0
20260727.0,2215.0,43584.2,43593.2,43335.3,43397.3,7170.0
20260727.0,2230.0,43396.3,43451.2,42982.4,42999.4,7458.0
20260727.0,2245.0,43002.4,43053.3,42778.5,42823.4,7240.0
20260727.0,2300.0,42829.4,43156.3,42828.4,43138.3,5952.0
20260727.0,2315.0,43139.3,43161.3,43023.4,43051.4,3546.0
20260727.0,2330.0,43054.4,43112.3,42877.4,42933.4,4232.0
20260727.0,2345.0,42935.4,42977.3,42813.4,42866.4,3128.0
20260728.0,0.0,42876.4,42980.3,42804.5,42963.4,2534.0
20260728.0,15.0,42961.4,43118.3,42948.4,43006.4,2844.0
20260728.0,30.0,43009.4,43185.3,42938.4,43104.3,3760.0
20260728.0,45.0,43102.3,43179.3,43018.4,43057.4,1794.0
20260728.0,100.0,43059.4,43098.3,42868.4,42912.4,2244.0
20260728.0,115.0,42915.4,42940.3,42811.5,42919.4,1752.0
20260728.0,130.0,42916.4,42931.3,42828.4,42836.4,826.0
20260728.0,145.0,42833.4,42951.3,42824.4,42907.4,1118.0
20260728.0,200.0,42911.4,42991.3,42871.4,42972.4,632.0
20260728.0,215.0,42984.4,42987.3,42922.4,42965.4,520.0
20260728.0,230.0,42961.4,42972.3,42889.4,42959.4,554.0
20260728.0,245.0,42951.4,42977.3,42875.4,42955.4,1384.0
20260728.0,300.0,42955.4,43140.3,42929.4,43135.3,1112.0
20260728.0,315.0,43134.3,43243.3,43099.4,43217.3,1696.0
20260728.0,330.0,43221.3,43327.2,43212.4,43324.3,1202.0
20260728.0,345.0,43325.3,43344.2,43227.4,43244.3,952.0
20260728.0,400.0,43231.3,43251.3,43159.4,43230.3,1626.0
20260728.0,415.0,43233.3,43241.3,43149.4,43186.3,664.0
20260728.0,430.0,43181.3,43193.3,43164.4,43167.3,218.0
20260728.0,445.0,43165.3,43195.3,43143.4,43176.3,470.0
20260728.0,500.0,43176.3,43180.3,43157.4,43163.3,346.0
20260728.0,900.0,42560.5,42618.4,42122.6,42200.5,12470.0
20260728.0,915.0,42198.5,42428.4,41988.6,41995.6,18750.0
20260728.0,930.0,41997.6,42364.4,41947.6,42305.5,12782.0
20260728.0,945.0,42306.5,42419.4,42134.6,42364.5,8826.0
20260728.0,1000.0,42367.5,42377.4,42028.6,42054.6,7820.0
20260728.0,1015.0,42052.6,42071.5,41896.6,41953.6,9840.0
20260728.0,1030.0,41944.6,42219.5,41900.6,42018.6,7262.0
20260728.0,1045.0,42017.6,42047.5,41909.6,41964.6,5410.0
20260728.0,1100.0,41959.6,42085.5,41876.6,41917.6,8178.0
20260728.0,1115.0,41910.6,41918.5,41684.7,41816.6,7738.0
20260728.0,1130.0,41807.6,42116.5,41791.7,41905.6,6770.0
20260728.0,1145.0,41903.6,42244.5,41815.7,42235.5,7272.0
20260728.0,1200.0,42232.5,42271.5,42161.6,42207.5,4400.0
20260728.0,1215.0,42204.5,42213.5,42001.6,42009.6,3176.0
20260728.0,1230.0,42014.6,42164.5,41996.6,42011.6,2722.0
20260728.0,1245.0,42010.6,42057.5,41969.6,41991.6,2806.0
20260728.0,1300.0,41990.6,42103.5,41896.6,41928.6,2994.0
20260728.0,1315.0,41931.6,42018.5,41801.7,41812.6,4836.0
20260728.0,1330.0,41812.6,41860.5,41659.7,41738.6,8184.0
20260728.0,1345.0,41736.6,41783.6,41507.7,41604.6,22900.0
20260728.0,1515.0,41770.6,41850.5,41601.7,41714.6,4174.0
20260728.0,1530.0,41707.6,41731.6,41594.7,41606.6,1494.0
20260728.0,1545.0,41609.6,41676.6,41513.7,41656.6,2094.0
20260728.0,1600.0,41656.6,41656.6,41525.7,41603.6,1420.0
20260728.0,1615.0,41605.6,41611.6,41377.7,41402.7,2814.0
20260728.0,1630.0,41414.7,41784.6,41410.7,41733.6,3008.0
20260728.0,1645.0,41735.6,41816.5,41659.7,41781.6,1646.0
20260728.0,1700.0,41779.6,41804.6,41693.7,41713.6,830.0
20260728.0,1715.0,41707.6,41754.6,41663.7,41685.6,958.0
20260728.0,1730.0,41685.6,41730.6,41669.7,41728.6,536.0
20260728.0,1745.0,41721.6,41724.6,41586.7,41595.6,1130.0
20260728.0,1800.0,41597.6,41631.6,41483.7,41515.7,1128.0
20260728.0,1815.0,41511.7,41557.6,41472.7,41508.7,1082.0
20260728.0,1830.0,41499.7,41577.6,41447.7,41569.6,996.0
20260728.0,1845.0,41571.6,41581.6,41391.7,41435.7,1672.0
20260728.0,1900.0,41441.7,41484.6,41405.7,41479.7,708.0
20260728.0,1915.0,41490.7,41526.6,41226.8,41227.7,3110.0
20260728.0,1930.0,41228.7,41425.6,41226.8,41277.7,2976.0
20260728.0,1945.0,41285.7,41375.6,41169.8,41231.7,2456.0
20260728.0,2000.0,41227.7,41503.6,41227.8,41496.7,2148.0
20260728.0,2015.0,41493.7,41737.6,41493.7,41628.6,3484.0
20260728.0,2030.0,41630.6,41697.6,41563.7,41659.6,1726.0
20260728.0,2045.0,41670.6,41706.6,41557.7,41664.6,1788.0
20260728.0,2100.0,41664.6,41719.6,41624.7,41664.6,1084.0
20260728.0,2115.0,41656.6,41711.6,41626.7,41684.6,1010.0
20260728.0,2130.0,41691.6,41758.6,41571.7,41631.6,2154.0
20260728.0,2145.0,41631.6,41715.6,41319.7,41403.7,7852.0
20260728.0,2200.0,41406.7,41598.6,41274.8,41398.7,6396.0
20260728.0,2215.0,41397.7,41611.6,41389.7,41424.7,4594.0
20260728.0,2230.0,41427.7,41510.6,41255.8,41481.7,5020.0
20260728.0,2245.0,41487.7,41622.6,41431.7,41576.6,3690.0
20260728.0,2300.0,41584.6,41750.6,41531.7,41645.6,3356.0
20260728.0,2315.0,41643.6,41708.6,41557.7,41647.6,3534.0
20260728.0,2330.0,41649.6,41962.5,41625.7,41887.6,5170.0
20260728.0,2345.0,41884.6,42026.5,41839.6,42014.6,2906.0
20260729.0,0.0,42010.6,42081.5,41994.6,42013.6,2480.0
20260729.0,15.0,42026.6,42099.5,41932.6,41957.6,2578.0
20260729.0,30.0,41963.6,42018.5,41914.6,41956.6,1160.0
20260729.0,45.0,41941.6,41988.5,41857.6,41981.6,1412.0
20260729.0,100.0,41978.6,42050.5,41931.6,42016.6,1196.0
20260729.0,115.0,42017.6,42037.5,41891.6,41924.6,1190.0
20260729.0,130.0,41913.6,41999.5,41909.6,41915.6,1148.0
20260729.0,145.0,41913.6,41959.5,41806.7,41816.6,826.0
20260729.0,200.0,41815.6,41832.5,41731.7,41787.6,992.0
20260729.0,215.0,41796.6,41845.5,41755.7,41766.6,600.0
20260729.0,230.0,41761.6,41821.5,41760.7,41778.6,384.0
20260729.0,245.0,41791.6,41857.5,41785.7,41827.6,476.0
20260729.0,300.0,41823.6,41901.5,41815.7,41894.6,618.0
20260729.0,315.0,41887.6,41983.5,41885.6,41949.6,738.0
20260729.0,330.0,41952.6,42018.5,41909.6,42009.6,582.0
20260729.0,345.0,42013.6,42025.5,41881.6,41920.6,682.0
20260729.0,400.0,41930.6,41955.5,41858.6,41863.6,672.0
20260729.0,415.0,41867.6,41876.5,41801.7,41828.6,684.0
20260729.0,430.0,41815.6,41924.5,41814.7,41909.6,266.0
20260729.0,445.0,41894.6,41905.5,41840.6,41846.6,328.0
20260729.0,500.0,41850.6,41898.5,41802.7,41880.6,372.0
20260729.0,900.0,41906.6,42061.5,41674.7,41689.6,9942.0
20260729.0,915.0,41692.6,41879.5,40967.8,41032.8,22094.0
20260729.0,930.0,41035.8,41601.6,40807.9,41405.7,22886.0
20260729.0,945.0,41408.7,41511.6,41020.8,41226.7,13216.0
20260729.0,1000.0,41225.7,41256.7,40585.9,40589.8,15544.0
20260729.0,1015.0,40583.8,40835.7,40514.9,40684.8,13630.0
20260729.0,1030.0,40680.8,40777.8,40361.9,40747.8,13482.0
20260729.0,1045.0,40748.8,40795.8,40353.9,40356.9,10140.0
20260729.0,1100.0,40356.9,40409.8,40046.0,40140.9,11960.0
20260729.0,1115.0,40134.9,40530.8,40047.0,40322.9,11900.0
20260729.0,1130.0,40324.9,40332.8,40087.0,40088.9,5222.0
20260729.0,1145.0,40086.9,40128.9,39988.0,40016.0,6680.0
20260729.0,1200.0,40021.0,40114.9,39774.1,39792.0,7360.0
20260729.0,1215.0,39792.0,39830.9,39599.1,39772.0,8604.0
20260729.0,1230.0,39773.0,39837.9,39622.1,39678.0,6514.0
20260729.0,1245.0,39677.0,39772.0,39466.1,39474.1,6560.0
20260729.0,1300.0,39480.1,40174.9,39434.1,40123.9,14514.0
20260729.0,1315.0,40123.9,40455.8,39987.0,40431.9,15264.0
20260729.0,1330.0,40428.9,40435.8,40205.0,40324.9,13954.0
20260729.0,1345.0,40320.9,40412.8,40157.0,40383.9,21770.0
20260729.0,1515.0,40652.8,40740.8,40518.9,40599.8,4372.0
20260729.0,1530.0,40608.8,40684.8,40590.9,40633.8,1820.0
20260729.0,1545.0,40631.8,40680.8,40587.9,40613.8,1234.0
20260729.0,1600.0,40604.8,40640.8,40549.9,40601.8,1246.0
20260729.0,1615.0,40607.8,40651.8,40519.9,40519.9,1660.0
20260729.0,1630.0,40522.9,40539.8,40331.9,40415.9,2870.0
20260729.0,1645.0,40417.9,40597.8,40393.9,40590.8,1834.0
20260729.0,1700.0,40591.8,40611.8,40554.9,40577.8,748.0
20260729.0,1715.0,40584.8,40769.8,40577.9,40745.8,2254.0
20260729.0,1730.0,40737.8,40773.8,40700.9,40717.8,1152.0
20260729.0,1745.0,40714.8,40879.7,40688.9,40856.8,2394.0
20260729.0,1800.0,40856.8,40949.7,40841.8,40910.8,2182.0
20260729.0,1815.0,40911.8,40973.7,40879.8,40902.8,1192.0
20260729.0,1830.0,40903.8,40921.7,40854.8,40903.8,1048.0
20260729.0,1845.0,40898.8,40905.7,40811.9,40831.8,1228.0
20260729.0,1900.0,40828.8,40831.7,40719.9,40736.8,1360.0
20260729.0,1915.0,40739.8,40861.7,40716.9,40836.8,1358.0
20260729.0,1930.0,40841.8,40918.7,40827.8,40872.8,846.0
20260729.0,1945.0,40869.8,40899.7,40807.9,40813.8,742.0
20260729.0,2000.0,40812.8,40895.7,40783.9,40895.8,892.0
20260729.0,2015.0,40886.8,40907.7,40773.9,40790.8,1000.0
20260729.0,2030.0,40784.8,40796.8,40455.9,40651.8,4218.0
20260729.0,2045.0,40648.8,40753.8,40607.9,40741.8,794.0
20260729.0,2100.0,40751.8,40776.8,40697.9,40714.8,742.0
20260729.0,2115.0,40720.8,40735.8,40644.9,40673.8,1002.0
20260729.0,2130.0,40669.8,40796.8,40657.9,40755.8,1110.0
20260729.0,2145.0,40747.8,40965.7,40656.9,40831.8,6420.0
20260729.0,2200.0,40828.8,40871.7,40435.9,40545.9,5976.0
20260729.0,2215.0,40551.9,40750.8,40439.9,40459.9,4332.0
20260729.0,2230.0,40462.9,40580.8,40234.0,40360.9,5096.0
20260729.0,2245.0,40362.9,40535.8,40118.0,40162.9,5396.0
20260729.0,2300.0,40159.9,40359.8,40120.0,40316.9,4004.0
20260729.0,2315.0,40314.9,40429.8,40248.0,40268.9,2982.0
20260729.0,2330.0,40264.9,40355.8,40195.0,40227.9,2100.0
20260729.0,2345.0,40231.9,40301.9,40165.0,40215.9,1862.0
20260730.0,0.0,40205.9,40247.9,40032.0,40162.9,2796.0
20260730.0,15.0,40170.9,40221.9,39923.0,39923.0,3054.0
20260730.0,30.0,39922.0,40219.9,39908.0,40206.9,2476.0
20260730.0,45.0,40197.9,40280.9,40149.0,40172.9,2182.0
20260730.0,100.0,40174.9,40371.8,40157.0,40353.9,1890.0
20260730.0,115.0,40357.9,40663.8,40346.9,40660.8,2868.0
20260730.0,130.0,40659.8,40682.8,40536.9,40552.9,1758.0
20260730.0,145.0,40548.9,40606.8,40470.9,40511.9,1176.0
20260730.0,200.0,40521.9,40644.8,40473.9,40635.8,1622.0
20260730.0,215.0,40644.8,41053.7,40644.9,40750.8,9546.0
20260730.0,230.0,40751.8,40859.7,40526.9,40617.8,3356.0
20260730.0,245.0,40621.8,41108.7,40532.9,41053.8,4384.0
20260730.0,300.0,41056.8,41201.7,41037.8,41157.7,2730.0
20260730.0,315.0,41150.7,41227.7,40777.9,40850.8,3220.0
20260730.0,330.0,40847.8,40919.7,40479.9,40607.8,2678.0
20260730.0,345.0,40616.8,40691.8,40124.0,40144.9,3554.0
20260730.0,400.0,40144.9,40151.9,39920.0,39940.0,2358.0
20260730.0,415.0,39946.0,39975.9,39566.1,39687.0,2636.0
20260730.0,430.0,39648.0,39740.0,39460.1,39528.1,1452.0
20260730.0,445.0,39512.1,39805.0,39439.1,39704.0,1328.0
20260730.0,500.0,39696.0,39742.0,39618.1,39637.0,688.0
20260730.0,900.0,39999.0,40264.9,39888.0,40091.9,14492.0
20260730.0,915.0,40095.9,40691.8,39693.1,40256.9,27050.0
20260730.0,930.0,40268.9,40541.8,39904.0,40498.9,12738.0
20260730.0,945.0,40483.9,41257.7,40479.9,41081.7,17820.0
20260730.0,1000.0,41074.7,41089.7,40824.8,40857.8,9758.0
20260730.0,1015.0,40857.8,41023.7,40691.9,40725.8,11272.0
20260730.0,1030.0,40721.8,40768.8,40415.9,40431.9,8218.0
20260730.0,1045.0,40437.9,40790.8,40339.9,40785.8,10304.0
20260730.0,1100.0,40781.8,40823.7,40469.9,40506.9,6730.0
20260730.0,1115.0,40514.9,40717.8,40346.9,40458.9,5816.0
20260730.0,1130.0,40460.9,40479.8,40222.0,40341.9,6684.0
20260730.0,1145.0,40341.9,40562.8,40230.0,40520.9,6484.0
20260730.0,1200.0,40520.9,40666.8,40414.9,40487.9,5506.0
20260730.0,1215.0,40494.9,40590.8,40329.9,40355.9,4494.0
20260730.0,1230.0,40355.9,40584.8,40224.0,40554.9,6622.0
20260730.0,1245.0,40553.9,40581.8,40214.0,40245.9,6004.0
20260730.0,1300.0,40241.9,40400.8,39880.0,39956.0,8366.0
20260730.0,1315.0,39962.0,40044.9,39788.1,40045.0,11120.0
20260730.0,1330.0,40048.0,40305.9,40016.0,40161.9,13114.0
20260730.0,1345.0,40160.9,40371.8,40086.0,40261.9,16072.0
20260730.0,1515.0,40027.0,40266.9,40025.0,40153.9,3586.0
20260730.0,1530.0,40157.9,40165.9,39934.0,39962.0,2396.0
20260730.0,1545.0,39960.0,40077.9,39858.0,40039.0,2674.0
20260730.0,1600.0,40046.0,40083.9,39980.0,39987.0,1162.0
20260730.0,1615.0,39990.0,40165.9,39922.0,40139.9,2024.0
20260730.0,1630.0,40121.9,40295.9,40086.0,40259.9,1914.0
20260730.0,1645.0,40268.9,40279.9,40174.0,40183.9,1248.0
20260730.0,1700.0,40180.9,40223.9,40143.0,40203.9,708.0
20260730.0,1715.0,40197.9,40319.9,40156.0,40281.9,1248.0
20260730.0,1730.0,40285.9,40351.8,40259.0,40281.9,1580.0
20260730.0,1745.0,40281.9,40351.8,40239.0,40267.9,1154.0
20260730.0,1800.0,40268.9,40308.9,40236.0,40248.9,962.0
20260730.0,1815.0,40239.9,40327.8,40200.0,40270.9,982.0
20260730.0,1830.0,40271.9,40511.8,40267.0,40494.9,1964.0
20260730.0,1845.0,40489.9,40576.8,40473.9,40538.9,1584.0
20260730.0,1900.0,40531.9,40601.8,40510.9,40518.9,1390.0
20260730.0,1915.0,40517.9,40651.8,40510.9,40594.8,1466.0
20260730.0,1930.0,40599.8,40664.8,40580.9,40664.8,990.0
20260730.0,1945.0,40657.8,40689.8,40588.9,40660.8,1068.0
20260730.0,2000.0,40657.8,40879.7,40657.9,40778.8,2302.0
20260730.0,2015.0,40778.8,40847.7,40726.9,40834.8,1556.0
20260730.0,2030.0,40836.8,40860.7,40756.9,40836.8,1032.0
20260730.0,2045.0,40838.8,40971.7,40825.8,40923.8,2948.0
20260730.0,2100.0,40911.8,40936.7,40873.8,40897.8,1088.0
20260730.0,2115.0,40897.8,41035.7,40882.8,40979.8,2526.0
20260730.0,2130.0,40980.8,41081.7,40938.8,41076.7,1568.0
20260730.0,2145.0,41072.7,41219.7,40945.8,41171.7,6744.0
20260730.0,2200.0,41163.7,41453.6,41161.8,41433.7,6858.0
20260730.0,2215.0,41432.7,41479.6,41337.7,41414.7,4318.0
20260730.0,2230.0,41421.7,41746.6,41404.7,41717.6,5982.0
20260730.0,2245.0,41716.6,41768.6,41629.7,41669.6,3982.0
20260730.0,2300.0,41665.6,41693.6,41497.7,41555.7,4038.0
20260730.0,2315.0,41563.7,41665.6,41481.7,41556.7,3296.0
20260730.0,2330.0,41558.7,41633.6,41517.7,41559.7,1428.0
20260730.0,2345.0,41538.7,41640.6,41522.7,41616.6,1532.0
20260731.0,0.0,41622.6,41683.6,41592.7,41626.6,1866.0
20260731.0,15.0,41630.6,41805.6,41606.7,41791.6,2224.0
20260731.0,30.0,41781.6,41816.5,41726.7,41743.6,1488.0
20260731.0,45.0,41731.6,41756.6,41633.7,41653.6,1122.0
20260731.0,100.0,41655.6,41723.6,41652.7,41707.6,778.0
20260731.0,115.0,41712.6,41788.6,41708.7,41766.6,1088.0
20260731.0,130.0,41766.6,41831.5,41733.7,41745.6,1128.0
20260731.0,145.0,41746.6,41775.6,41707.7,41765.6,700.0
20260731.0,200.0,41763.6,41773.6,41717.7,41733.6,428.0
20260731.0,215.0,41735.6,41774.6,41729.7,41770.6,540.0
20260731.0,230.0,41766.6,41770.6,41702.7,41732.6,474.0
20260731.0,245.0,41738.6,41747.6,41693.7,41720.6,410.0
20260731.0,300.0,41721.6,41740.6,41694.7,41739.6,432.0
20260731.0,315.0,41740.6,41865.5,41740.7,41839.6,986.0
20260731.0,330.0,41837.6,41861.5,41751.7,41751.6,836.0
20260731.0,345.0,41747.6,41766.6,41718.7,41752.6,526.0
20260731.0,400.0,41755.6,41771.6,41685.7,41697.6,628.0
20260731.0,415.0,41698.6,41811.6,41686.7,41795.6,1230.0
20260731.0,430.0,41802.6,41828.5,41779.7,41804.6,398.0
20260731.0,445.0,41805.6,41830.5,41741.7,41797.6,540.0
20260731.0,500.0,41795.6,41850.5,41774.7,41850.6,548.0
20260731.0,900.0,42322.5,42748.4,42296.6,42696.4,13946.0
20260731.0,915.0,42695.4,43271.3,42694.5,43218.3,24608.0
20260731.0,930.0,43213.3,43481.2,43178.4,43436.3,14780.0
20260731.0,945.0,43433.3,43489.2,43329.3,43458.3,10058.0
20260731.0,1000.0,43456.3,43497.2,43260.4,43390.3,10206.0
20260731.0,1015.0,43391.3,43511.2,43340.3,43363.3,6208.0
20260731.0,1030.0,43365.3,43489.2,43265.4,43456.3,6416.0
20260731.0,1045.0,43452.3,43546.2,43402.3,43534.3,6680.0
20260731.0,1100.0,43533.3,43777.2,43529.3,43764.2,7926.0
20260731.0,1115.0,43765.2,43767.2,43445.3,43498.3,7182.0
20260731.0,1130.0,43492.3,43735.2,43492.3,43711.2,5392.0
20260731.0,1145.0,43716.2,43731.2,43619.3,43632.2,3056.0
20260731.0,1200.0,43635.2,43641.2,43499.3,43522.3,4130.0
20260731.0,1215.0,43525.3,43534.2,43421.3,43429.3,3944.0
20260731.0,1230.0,43433.3,43560.2,43394.3,43555.3,4756.0
20260731.0,1245.0,43558.3,43884.1,43533.3,43881.2,7442.0
20260731.0,1300.0,43885.2,43942.1,43777.3,43783.2,6008.0
20260731.0,1315.0,43788.2,43895.1,43745.3,43856.2,6114.0
20260731.0,1330.0,43857.2,43892.1,43746.3,43790.2,9502.0
20260731.0,1345.0,43794.2,43889.1,43661.3,43669.2,24776.0
20260731.0,1515.0,43510.3,43666.2,43422.3,43621.2,4096.0
20260731.0,1530.0,43619.2,43864.1,43597.3,43854.2,2688.0
20260731.0,1545.0,43843.2,43846.1,43778.3,43804.2,1672.0
20260731.0,1600.0,43811.2,43861.1,43676.3,43713.2,2006.0
20260731.0,1615.0,43716.2,43731.2,43537.3,43645.2,3022.0
20260731.0,1630.0,43655.2,43751.2,43618.3,43728.2,1790.0
20260731.0,1645.0,43719.2,43736.2,43588.3,43591.2,1668.0
20260731.0,1700.0,43601.2,43639.2,43572.3,43587.2,2364.0
20260731.0,1715.0,43596.2,43680.2,43512.3,43632.2,2652.0
20260731.0,1730.0,43628.2,43641.2,43523.3,43533.3,1342.0
20260731.0,1745.0,43532.3,43551.2,43437.3,43519.3,3014.0
20260731.0,1800.0,43522.3,43570.2,43483.3,43510.3,1418.0
20260731.0,1815.0,43504.3,43631.2,43491.3,43619.2,1110.0
20260731.0,1830.0,43619.2,43637.2,43580.3,43621.2,886.0
20260731.0,1845.0,43619.2,43649.2,43581.3,43617.2,864.0
20260731.0,1900.0,43616.2,43632.2,43535.3,43562.2,752.0
20260731.0,1915.0,43564.2,43671.2,43559.3,43625.2,1146.0
20260731.0,1930.0,43626.2,43626.2,43534.3,43566.2,962.0
20260731.0,1945.0,43567.2,43569.2,43484.3,43494.3,968.0
20260731.0,2000.0,43500.3,43582.2,43500.3,43571.2,688.0
20260731.0,2015.0,43571.2,43571.2,43448.3,43455.3,1034.0
20260731.0,2030.0,43453.3,43467.2,43235.4,43371.3,3928.0
20260731.0,2045.0,43364.3,43395.2,43250.4,43271.3,1602.0
20260731.0,2100.0,43268.3,43381.2,43240.4,43306.3,1240.0
20260731.0,2115.0,43301.3,43404.2,43274.4,43354.3,1136.0
20260731.0,2130.0,43356.3,43482.2,43356.3,43396.3,1984.0
20260731.0,2145.0,43391.3,43428.2,42810.5,42819.4,10204.0
20260731.0,2200.0,42829.4,42906.3,42446.5,42577.4,10864.0
20260731.0,2215.0,42572.4,42647.4,42077.6,42182.5,10558.0
20260731.0,2230.0,42185.5,42542.4,42137.6,42533.5,9536.0
20260731.0,2245.0,42540.5,42683.4,42468.5,42551.5,6650.0
20260731.0,2300.0,42559.5,42755.4,42491.5,42670.4,4884.0
20260731.0,2315.0,42676.4,42804.4,42542.5,42642.4,4796.0
20260731.0,2330.0,42641.4,42765.4,42357.5,42503.5,4678.0
20260731.0,2345.0,42512.5,42703.4,42399.5,42618.4,5506.0
20260801.0,0.0,42627.4,42716.4,42521.5,42649.4,2402.0
20260801.0,15.0,42646.4,42698.4,42564.5,42618.4,1658.0
20260801.0,30.0,42636.4,42731.4,42554.5,42731.4,1710.0
20260801.0,45.0,42730.4,42839.3,42702.5,42718.4,2770.0
20260801.0,100.0,42711.4,42781.4,42678.5,42741.4,1344.0
20260801.0,115.0,42741.4,42891.3,42737.5,42846.4,1794.0
20260801.0,130.0,42843.4,42983.3,42813.4,42946.4,1528.0
20260801.0,145.0,42945.4,42998.3,42886.4,42895.4,1324.0
20260801.0,200.0,42896.4,42943.3,42834.4,42850.4,880.0
20260801.0,215.0,42853.4,42894.3,42717.5,42730.4,1346.0
20260801.0,230.0,42723.4,42799.4,42720.5,42777.4,752.0
20260801.0,245.0,42781.4,42828.3,42760.5,42769.4,740.0
20260801.0,300.0,42765.4,42825.3,42711.5,42752.4,774.0
20260801.0,315.0,42745.4,42799.4,42672.5,42726.4,984.0
20260801.0,330.0,42729.4,42805.4,42705.5,42749.4,594.0
20260801.0,345.0,42754.4,42787.4,42697.5,42771.4,606.0
20260801.0,400.0,42782.4,42839.3,42644.5,42662.4,1372.0
20260801.0,415.0,42673.4,42699.4,42612.5,42670.4,1028.0
20260801.0,430.0,42655.4,42672.4,42639.5,42664.4,266.0
20260801.0,445.0,42661.4,42704.4,42644.5,42691.4,508.0
20260801.0,500.0,42696.4,42802.4,42641.5,42641.4,1302.0
20260803.0,900.0,43177.3,43340.2,42980.4,43322.3,12230.0
20260803.0,915.0,43317.3,43425.2,43023.4,43351.3,19586.0
20260803.0,930.0,43351.3,43500.2,43180.4,43424.3,9802.0
20260803.0,945.0,43423.3,43491.2,43200.4,43411.3,7066.0
20260803.0,1000.0,43405.3,43540.2,43291.4,43539.3,6136.0
20260803.0,1015.0,43533.3,43660.2,43407.3,43654.2,6996.0
20260803.0,1030.0,43656.2,43827.1,43436.3,43485.3,9358.0
20260803.0,1045.0,43486.3,43577.2,43457.3,43461.3,4084.0
20260803.0,1100.0,43463.3,43569.2,43423.3,43533.3,7422.0
20260803.0,1115.0,43536.3,43538.2,43380.3,43414.3,5202.0
20260803.0,1130.0,43414.3,43443.2,43263.4,43299.3,5186.0
20260803.0,1145.0,43301.3,43420.2,43290.4,43391.3,3268.0
20260803.0,1200.0,43391.3,43576.2,43390.3,43418.3,5058.0
20260803.0,1215.0,43423.3,43466.2,43352.3,43414.3,2900.0
20260803.0,1230.0,43422.3,43540.2,43382.3,43489.3,3344.0
20260803.0,1245.0,43489.3,43502.2,43339.3,43419.3,4586.0
20260803.0,1300.0,43413.3,43486.2,43334.3,43346.3,3026.0
20260803.0,1315.0,43344.3,43411.2,43236.4,43276.3,4938.0
20260803.0,1330.0,43269.3,43348.2,43157.4,43317.3,7670.0
20260803.0,1345.0,43320.3,43381.2,43194.4,43221.3,11372.0
20260803.0,1515.0,42994.4,43115.3,42866.4,43019.4,5364.0
20260803.0,1530.0,43022.4,43065.3,42792.5,42929.4,4368.0
20260803.0,1545.0,42924.4,42930.3,42772.5,42781.4,2272.0
20260803.0,1600.0,42781.4,42873.3,42758.5,42834.4,1724.0
20260803.0,1615.0,42831.4,42856.3,42681.5,42856.4,2814.0
20260803.0,1630.0,42850.4,42853.3,42581.5,42612.4,2664.0
20260803.0,1645.0,42612.4,42752.4,42602.5,42713.4,1704.0
20260803.0,1700.0,42705.4,42841.3,42697.5,42841.4,1594.0
20260803.0,1715.0,42838.4,42877.3,42623.5,42708.4,1940.0
20260803.0,1730.0,42695.4,42738.4,42673.5,42681.4,1298.0
20260803.0,1745.0,42686.4,42735.4,42555.5,42557.5,1346.0
20260803.0,1800.0,42565.4,42640.4,42447.5,42586.4,2256.0
20260803.0,1815.0,42589.4,42615.4,42491.5,42539.5,1708.0
20260803.0,1830.0,42537.5,42602.4,42393.5,42514.5,2608.0
20260803.0,1845.0,42521.5,42576.4,42471.5,42531.5,1018.0
20260803.0,1900.0,42527.5,42649.4,42503.5,42606.4,1144.0
20260803.0,1915.0,42605.4,42619.4,42411.5,42427.5,1572.0
20260803.0,1930.0,42432.5,42499.4,42399.5,42399.5,1248.0
20260803.0,1945.0,42403.5,42481.4,42326.5,42357.5,1902.0
20260803.0,2000.0,42361.5,42369.4,42283.6,42301.5,1484.0
20260803.0,2015.0,42302.5,42354.4,42240.6,42352.5,1714.0
20260803.0,2030.0,42348.5,42386.4,42305.6,42352.5,1082.0
20260803.0,2045.0,42352.5,42422.4,42310.6,42400.5,1078.0
20260803.0,2100.0,42406.5,42415.4,42259.6,42308.5,1426.0
20260803.0,2115.0,42304.5,42354.4,42226.6,42321.5,1476.0
20260803.0,2130.0,42316.5,42401.4,42276.6,42357.5,1302.0
20260803.0,2145.0,42359.5,42494.4,42095.6,42266.5,9170.0
20260803.0,2200.0,42279.5,42470.4,42151.6,42470.5,3676.0
20260803.0,2215.0,42459.5,42535.4,42302.6,42433.5,4906.0
20260803.0,2230.0,42429.5,42629.4,42394.5,42623.4,3894.0
20260803.0,2245.0,42626.4,42631.4,42517.5,42548.5,3442.0
20260803.0,2300.0,42549.5,42809.4,42519.5,42778.4,4120.0
20260803.0,2315.0,42776.4,42782.4,42543.5,42560.5,2934.0
20260803.0,2330.0,42559.5,42614.4,42460.5,42471.5,2478.0
20260803.0,2345.0,42472.5,42655.4,42465.5,42621.4,1568.0
20260804.0,0.0,42633.4,42671.4,42586.5,42613.4,918.0
20260804.0,15.0,42624.4,42716.4,42614.5,42680.4,1112.0
20260804.0,30.0,42680.4,42768.4,42653.5,42674.4,1444.0
20260804.0,45.0,42669.4,42680.4,42600.5,42642.4,588.0
20260804.0,100.0,42642.4,42668.4,42597.5,42621.4,488.0
20260804.0,115.0,42619.4,42722.4,42591.5,42709.4,796.0
20260804.0,130.0,42702.4,42740.4,42696.5,42732.4,412.0
20260804.0,145.0,42736.4,42927.3,42736.5,42916.4,2348.0
20260804.0,200.0,42914.4,42984.3,42907.4,42975.4,1006.0
20260804.0,215.0,42981.4,43063.3,42981.4,43009.4,1276.0
20260804.0,230.0,43025.4,43072.3,42917.4,42929.4,906.0
20260804.0,245.0,42925.4,42965.3,42889.4,42926.4,552.0
20260804.0,300.0,42941.4,42961.3,42894.4,42914.4,380.0
20260804.0,315.0,42909.4,42995.3,42909.4,42936.4,462.0
20260804.0,330.0,42934.4,42973.3,42910.4,42921.4,560.0
20260804.0,345.0,42933.4,42948.3,42903.4,42946.4,320.0
20260804.0,400.0,42947.4,42969.3,42877.4,42920.4,660.0
20260804.0,415.0,42917.4,43039.3,42899.4,43016.4,540.0
20260804.0,430.0,43025.4,43097.3,43025.4,43061.3,734.0
20260804.0,445.0,43062.3,43156.3,43056.4,43139.3,954.0
20260804.0,500.0,43132.3,43143.3,43094.4,43143.3,292.0
20260804.0,900.0,42741.4,42870.3,42544.5,42859.4,13406.0
20260804.0,915.0,42850.4,42887.3,42551.5,42727.4,17230.0
20260804.0,930.0,42731.4,42984.3,42683.5,42958.4,11504.0
20260804.0,945.0,42961.4,43375.2,42961.4,43369.3,12570.0
20260804.0,1000.0,43365.3,43781.2,43355.3,43715.2,14076.0
20260804.0,1015.0,43716.2,43724.2,43266.4,43322.3,10896.0
20260804.0,1030.0,43321.3,43376.2,43159.4,43271.3,6722.0
20260804.0,1045.0,43287.3,43416.2,43271.4,43363.3,3370.0
20260804.0,1100.0,43372.3,43401.2,43194.4,43201.3,3434.0
20260804.0,1115.0,43199.3,43344.2,42988.4,42991.4,6914.0
20260804.0,1130.0,42997.4,43258.3,42919.4,43190.3,5970.0
20260804.0,1145.0,43196.3,43281.3,43042.4,43072.3,3714.0
20260804.0,1200.0,43072.3,43128.3,43041.4,43068.3,2682.0
20260804.0,1215.0,43071.3,43120.3,42931.4,42956.4,3716.0
20260804.0,1230.0,42960.4,43198.3,42950.4,43176.3,3424.0
20260804.0,1245.0,43182.3,43193.3,43040.4,43053.4,2688.0
20260804.0,1300.0,43051.4,43246.3,43020.4,43196.3,3560.0
20260804.0,1315.0,43189.3,43233.3,43022.4,43094.3,3684.0
20260804.0,1330.0,43100.3,43230.3,43050.4,43191.3,5904.0
20260804.0,1345.0,43185.3,43474.2,43172.4,43348.3,12158.0
20260804.0,1515.0,43444.3,43506.2,43388.3,43414.3,2334.0
20260804.0,1530.0,43413.3,43493.2,43378.3,43429.3,1294.0
20260804.0,1545.0,43429.3,43539.2,43393.3,43420.3,1900.0
20260804.0,1600.0,43416.3,43446.2,43357.3,43371.3,888.0
20260804.0,1615.0,43370.3,43568.2,43366.3,43553.3,2772.0
20260804.0,1630.0,43541.3,43668.2,43492.3,43538.3,2912.0
20260804.0,1645.0,43538.3,43538.2,43394.3,43425.3,1778.0
20260804.0,1700.0,43425.3,43446.2,43377.3,43415.3,898.0
20260804.0,1715.0,43414.3,43417.2,43269.4,43341.3,2036.0
20260804.0,1730.0,43341.3,43401.2,43224.4,43401.3,1582.0
20260804.0,1745.0,43400.3,43492.2,43393.3,43468.3,1446.0
20260804.0,1800.0,43473.3,43510.2,43433.3,43507.3,932.0
20260804.0,1815.0,43507.3,43585.2,43467.3,43574.2,1066.0
20260804.0,1830.0,43572.2,43634.2,43545.3,43605.2,1376.0
20260804.0,1845.0,43607.2,43717.2,43578.3,43696.2,2204.0
20260804.0,1900.0,43693.2,43740.2,43633.3,43668.2,1886.0
20260804.0,1915.0,43676.2,43764.2,43676.3,43752.2,1104.0
20260804.0,1930.0,43753.2,43878.1,43735.3,43878.2,2718.0
20260804.0,1945.0,43877.2,43919.1,43741.3,43899.2,2726.0
20260804.0,2000.0,43905.2,43967.1,43852.2,43942.2,2206.0
20260804.0,2015.0,43936.2,43945.1,43881.2,43894.2,992.0
20260804.0,2030.0,43890.2,43952.1,43870.2,43916.2,1268.0
20260804.0,2045.0,43918.2,43933.1,43853.2,43920.2,794.0
20260804.0,2100.0,43918.2,43924.1,43856.2,43898.2,570.0
20260804.0,2115.0,43903.2,44011.1,43881.2,43995.2,1622.0
20260804.0,2130.0,43995.2,44092.1,43907.2,43939.2,3462.0
20260804.0,2145.0,43933.2,44143.1,43837.2,44070.1,6800.0
20260804.0,2200.0,44083.1,44213.1,44064.2,44088.1,4888.0
20260804.0,2215.0,44104.1,44189.1,44024.2,44132.1,2990.0
20260804.0,2230.0,44141.1,44174.1,44037.2,44164.1,2268.0
20260804.0,2245.0,44157.1,44206.1,44113.2,44203.1,2024.0
20260804.0,2300.0,44196.1,44230.1,44148.2,44203.1,2024.0
20260804.0,2315.0,44203.1,44308.0,44201.2,44278.1,3046.0
20260804.0,2330.0,44272.1,44315.0,44258.2,44271.1,1642.0
20260804.0,2345.0,44273.1,44376.0,44267.2,44363.1,1958.0
20260805.0,0.0,44361.1,44411.0,44356.1,44381.1,1652.0
20260805.0,15.0,44380.1,44468.0,44379.1,44407.1,2380.0
20260805.0,30.0,44409.1,44483.0,44399.1,44461.1,1046.0
20260805.0,45.0,44459.1,44486.0,44440.1,44467.1,786.0
20260805.0,100.0,44463.1,44489.0,44449.1,44472.1,356.0
20260805.0,115.0,44472.1,44524.0,44470.1,44517.1,1012.0
20260805.0,130.0,44519.1,44603.0,44503.1,44576.0,1156.0
20260805.0,145.0,44572.0,44663.0,44557.1,44660.0,1436.0
20260805.0,200.0,44662.0,44671.0,44547.1,44578.0,1390.0
20260805.0,215.0,44574.0,44634.0,44546.1,44629.0,834.0
20260805.0,230.0,44631.0,44655.0,44608.1,44655.0,614.0
20260805.0,245.0,44657.0,44695.0,44587.1,44610.0,824.0
20260805.0,300.0,44636.0,44639.0,44621.1,44633.0,262.0
20260805.0,315.0,44639.0,44717.0,44639.1,44661.0,886.0
20260805.0,330.0,44661.0,44667.0,44621.1,44631.0,630.0
20260805.0,345.0,44640.0,44667.0,44627.1,44667.0,358.0
20260805.0,400.0,44661.0,44672.0,44572.1,44581.0,836.0
20260805.0,415.0,44589.0,44666.0,44581.1,44612.0,712.0
20260805.0,430.0,44609.0,44609.0,44294.2,44396.1,2874.0
20260805.0,445.0,44376.1,44471.0,44369.1,44450.1,488.0
20260805.0,500.0,44461.1,44530.0,44429.1,44530.1,484.0
20260805.0,900.0,44644.0,44669.0,44482.1,44644.0,8094.0
20260805.0,915.0,44646.0,44689.0,44363.1,44395.1,14818.0
20260805.0,930.0,44391.1,44439.0,44210.2,44393.1,11092.0
20260805.0,945.0,44399.1,44631.0,44332.1,44581.0,11312.0
20260805.0,1000.0,44579.0,44843.9,44575.1,44765.0,11740.0
20260805.0,1015.0,44768.0,44899.9,44768.1,44871.0,5992.0
20260805.0,1030.0,44874.0,44901.9,44749.1,44798.0,5512.0
20260805.0,1045.0,44791.0,44847.9,44708.1,44816.0,3904.0
20260805.0,1100.0,44816.0,44913.9,44785.1,44797.0,4656.0
20260805.0,1115.0,44808.0,44911.9,44775.1,44775.0,3918.0
20260805.0,1130.0,44778.0,44791.0,44604.1,44608.0,5636.0
20260805.0,1145.0,44610.0,44727.0,44531.1,44675.0,6102.0
20260805.0,1200.0,44674.0,44731.0,44583.1,44648.0,2616.0
20260805.0,1215.0,44647.0,44671.0,44553.1,44583.0,2158.0
20260805.0,1230.0,44577.0,44594.0,44337.1,44391.1,5720.0
20260805.0,1245.0,44388.1,44527.0,44376.1,44476.1,4404.0
20260805.0,1300.0,44477.1,44509.0,44359.1,44456.1,3546.0
20260805.0,1315.0,44453.1,44543.0,44403.1,44456.1,3958.0
20260805.0,1330.0,44457.1,44532.0,44373.1,44503.1,7334.0
20260805.0,1345.0,44503.1,44575.0,44478.1,44505.1,12648.0
20260805.0,1515.0,44571.0,44616.0,44390.1,44412.1,3030.0
20260805.0,1530.0,44416.1,44421.0,44276.2,44307.1,2742.0
20260805.0,1545.0,44303.1,44356.0,44243.2,44332.1,1876.0
20260805.0,1600.0,44331.1,44405.0,44328.1,44375.1,1546.0
20260805.0,1615.0,44376.1,44420.0,44225.2,44262.1,2602.0
20260805.0,1630.0,44258.1,44329.0,44214.2,44280.1,1816.0
20260805.0,1645.0,44281.1,44281.1,44122.2,44177.1,2828.0
20260805.0,1700.0,44181.1,44221.1,44150.2,44190.1,1124.0
20260805.0,1715.0,44190.1,44253.1,44133.2,44184.1,1540.0
20260805.0,1730.0,44187.1,44242.1,44150.2,44236.1,1018.0
20260805.0,1745.0,44238.1,44336.0,44232.2,44272.1,2204.0
20260805.0,1800.0,44268.1,44276.1,44183.2,44226.1,1012.0
20260805.0,1815.0,44226.1,44261.1,44210.2,44247.1,690.0
20260805.0,1830.0,44244.1,44306.0,44241.2,44286.1,912.0
20260805.0,1845.0,44286.1,44316.0,44261.2,44286.1,686.0
20260805.0,1900.0,44289.1,44372.0,44231.2,44347.1,1892.0
20260805.0,1915.0,44350.1,44411.0,44325.1,44386.1,1442.0
20260805.0,1930.0,44392.1,44431.0,44381.1,44404.1,770.0
20260805.0,1945.0,44399.1,44507.0,44372.1,44482.1,1690.0
20260805.0,2000.0,44481.1,44532.0,44391.1,44399.1,1674.0
20260805.0,2015.0,44396.1,44441.0,44326.1,44376.1,1750.0
20260805.0,2030.0,44376.1,44440.0,44327.1,44383.1,1468.0
20260805.0,2045.0,44379.1,44414.0,44299.2,44414.1,1264.0
20260805.0,2100.0,44416.1,44441.0,44358.1,44360.1,908.0
20260805.0,2115.0,44359.1,44396.0,44323.1,44331.1,618.0
20260805.0,2130.0,44335.1,44418.0,44273.2,44403.1,1750.0
20260805.0,2145.0,44400.1,44579.0,44287.2,44532.1,6230.0
20260805.0,2200.0,44540.1,44635.0,44481.1,44576.0,4612.0
20260805.0,2215.0,44567.0,44567.0,44324.1,44403.1,4900.0
20260805.0,2230.0,44404.1,44452.0,44246.2,44305.1,3456.0
20260805.0,2245.0,44305.1,44305.1,44135.2,44216.1,4250.0
20260805.0,2300.0,44206.1,44303.1,44089.2,44235.1,3818.0
20260805.0,2315.0,44234.1,44356.0,44208.2,44271.1,3190.0
20260805.0,2330.0,44276.1,44354.0,44210.2,44311.1,2164.0
20260805.0,2345.0,44312.1,44451.0,44311.1,44379.1,2372.0
20260806.0,0.0,44363.1,44402.0,44260.2,44308.1,1948.0
20260806.0,15.0,44304.1,44392.0,44301.2,44357.1,1170.0
20260806.0,30.0,44339.1,44485.0,44338.1,44482.1,1332.0
20260806.0,45.0,44485.1,44502.0,44389.1,44411.1,1058.0
20260806.0,100.0,44411.1,44443.0,44405.1,44428.1,546.0
20260806.0,115.0,44431.1,44438.0,44322.1,44349.1,702.0
20260806.0,130.0,44346.1,44386.0,44309.1,44341.1,568.0
20260806.0,145.0,44345.1,44395.0,44314.1,44369.1,312.0
20260806.0,200.0,44364.1,44401.0,44341.1,44390.1,292.0
20260806.0,215.0,44387.1,44407.0,44366.1,44371.1,504.0
20260806.0,230.0,44370.1,44410.0,44365.1,44405.1,220.0
20260806.0,245.0,44404.1,44407.0,44327.1,44341.1,328.0
20260806.0,300.0,44351.1,44398.0,44349.1,44391.1,264.0
20260806.0,315.0,44385.1,44474.0,44377.1,44461.1,766.0
20260806.0,330.0,44465.1,44491.0,44448.1,44458.1,328.0
20260806.0,345.0,44455.1,44469.0,44387.1,44398.1,492.0
20260806.0,400.0,44399.1,44414.0,44221.2,44238.1,776.0
20260806.0,415.0,44237.1,44266.1,44136.2,44207.1,1542.0
20260806.0,430.0,44209.1,44225.1,44165.2,44221.1,368.0
20260806.0,445.0,44228.1,44280.1,44227.2,44269.1,332.0
20260806.0,500.0,44263.1,44284.1,44242.2,44269.1,264.0
20260806.0,900.0,44168.1,44306.0,44102.2,44244.1,8332.0
20260806.0,915.0,44242.1,44319.0,44056.2,44148.1,13914.0
20260806.0,930.0,44150.1,44167.1,43834.2,44036.2,12774.0
20260806.0,945.0,44038.2,44136.1,43864.2,43873.2,8722.0
20260806.0,1000.0,43881.2,44018.1,43856.2,43934.2,5838.0
20260806.0,1015.0,43936.2,44113.1,43936.2,44063.1,6986.0
20260806.0,1030.0,44068.1,44186.1,44017.2,44081.1,6030.0
20260806.0,1045.0,44077.1,44420.0,44042.2,44418.1,7846.0
20260806.0,1100.0,44408.1,44483.0,44319.1,44427.1,5812.0
20260806.0,1115.0,44424.1,44485.0,44295.2,44368.1,4062.0
20260806.0,1130.0,44366.1,44398.0,44231.2,44248.1,2980.0
20260806.0,1145.0,44251.1,44311.0,44199.2,44258.1,2870.0
20260806.0,1200.0,44263.1,44336.0,44228.2,44334.1,2046.0
20260806.0,1215.0,44330.1,44351.0,44227.2,44233.1,2426.0
20260806.0,1230.0,44231.1,44324.0,44209.2,44267.1,2082.0
20260806.0,1245.0,44262.1,44348.0,44196.2,44226.1,2332.0
20260806.0,1300.0,44229.1,44326.0,44198.2,44314.1,2164.0
20260806.0,1315.0,44315.1,44435.0,44293.2,44400.1,5084.0
20260806.0,1330.0,44394.1,44411.0,44288.2,44302.1,4346.0
20260806.0,1345.0,44297.1,44339.0,44194.2,44271.1,6192.0
20260806.0,1515.0,44120.1,44324.0,44089.2,44316.1,3044.0
20260806.0,1530.0,44314.1,44371.0,44289.2,44351.1,1184.0
20260806.0,1545.0,44347.1,44352.0,44242.2,44256.1,1308.0
20260806.0,1600.0,44255.1,44270.1,44218.2,44247.1,912.0
20260806.0,1615.0,44248.1,44266.1,44099.2,44133.1,2000.0
20260806.0,1630.0,44133.1,44224.1,44117.2,44217.1,976.0
20260806.0,1645.0,44221.1,44245.1,44184.2,44228.1,666.0
20260806.0,1700.0,44229.1,44301.1,44211.2,44298.1,832.0
20260806.0,1715.0,44298.1,44307.0,44149.2,44159.1,1184.0
20260806.0,1730.0,44156.1,44211.1,44152.2,44205.1,460.0
20260806.0,1745.0,44195.1,44202.1,44167.2,44183.1,426.0
20260806.0,1800.0,44192.1,44292.1,44188.2,44292.1,788.0
20260806.0,1815.0,44293.1,44303.1,44259.2,44267.1,502.0
20260806.0,1830.0,44264.1,44275.1,44213.2,44246.1,554.0
20260806.0,1845.0,44249.1,44254.1,44185.2,44191.1,476.0
20260806.0,1900.0,44190.1,44216.1,44165.2,44208.1,522.0
20260806.0,1915.0,44211.1,44211.1,43860.2,44024.2,4472.0
20260806.0,1930.0,44025.2,44146.1,44022.2,44134.1,1520.0
20260806.0,1945.0,44128.1,44250.1,44125.2,44198.1,1870.0
20260806.0,2000.0,44204.1,44235.1,44125.2,44180.1,1106.0
20260806.0,2015.0,44187.1,44204.1,44060.2,44063.1,1124.0
20260806.0,2030.0,44065.1,44149.1,44016.2,44081.1,1324.0
20260806.0,2045.0,44079.1,44153.1,44054.2,44119.1,942.0
20260806.0,2100.0,44116.1,44131.1,44055.2,44086.1,672.0
20260806.0,2115.0,44081.1,44090.1,43964.2,43964.2,1140.0
20260806.0,2130.0,43975.2,44034.1,43941.2,43954.2,1112.0
20260806.0,2145.0,43957.2,44241.1,43791.3,44226.1,8966.0
20260806.0,2200.0,44231.1,44418.0,44204.2,44403.1,6254.0
20260806.0,2215.0,44405.1,44629.0,44358.1,44569.0,7328.0
20260806.0,2230.0,44569.0,44724.0,44531.1,44668.0,5028.0
20260806.0,2245.0,44666.0,44863.9,44666.1,44672.0,6692.0
20260806.0,2300.0,44675.0,44783.0,44575.1,44782.0,3982.0
20260806.0,2315.0,44781.0,44830.9,44693.1,44773.0,2716.0
20260806.0,2330.0,44771.0,44785.0,44674.1,44726.0,2398.0
20260806.0,2345.0,44723.0,44758.0,44582.1,44588.0,2178.0
20260807.0,0.0,44588.0,44727.0,44503.1,44557.0,3648.0
20260807.0,15.0,44570.0,44643.0,44513.1,44578.0,2990.0
20260807.0,30.0,44573.0,44625.0,44495.1,44536.1,1914.0
20260807.0,45.0,44536.1,44652.0,44530.1,44585.0,1488.0
20260807.0,100.0,44592.0,44708.0,44564.1,44697.0,1662.0
20260807.0,115.0,44701.0,44713.0,44639.1,44647.0,950.0
20260807.0,130.0,44649.0,44682.0,44637.1,44655.0,540.0
20260807.0,145.0,44656.0,44675.0,44606.1,44624.0,390.0
20260807.0,200.0,44624.0,44651.0,44613.1,44646.0,390.0
20260807.0,215.0,44651.0,44667.0,44580.1,44615.0,548.0
20260807.0,230.0,44616.0,44685.0,44528.1,44673.0,1200.0
20260807.0,245.0,44661.0,44668.0,44563.1,44579.0,338.0
20260807.0,300.0,44587.0,44600.0,44549.1,44556.0,270.0
20260807.0,315.0,44554.1,44650.0,44546.1,44602.0,552.0
20260807.0,330.0,44602.0,44622.0,44518.1,44552.1,408.0
20260807.0,345.0,44552.1,44597.0,44528.1,44552.1,372.0
20260807.0,400.0,44553.1,44579.0,44496.1,44531.1,726.0
20260807.0,415.0,44532.1,44551.0,44478.1,44523.1,716.0
20260807.0,430.0,44523.1,44537.0,44431.1,44440.1,478.0
20260807.0,445.0,44441.1,44481.0,44429.1,44464.1,284.0
20260807.0,500.0,44463.1,44534.0,44449.1,44534.1,448.0
20260807.0,900.0,44579.0,44695.0,44408.1,44691.0,9978.0
20260807.0,915.0,44688.0,44735.0,44223.2,44245.1,12636.0
20260807.0,930.0,44253.1,44457.0,44166.2,44369.1,10562.0
20260807.0,945.0,44366.1,44480.0,44100.2,44254.1,8640.0
20260807.0,1000.0,44255.1,44356.0,44191.2,44200.1,4838.0
20260807.0,1015.0,44208.1,44413.0,44189.2,44331.1,5768.0
20260807.0,1030.0,44328.1,44446.0,44291.2,44333.1,4864.0
20260807.0,1045.0,44333.1,44414.0,44288.2,44311.1,3572.0
20260807.0,1100.0,44313.1,44431.0,44249.2,44358.1,4218.0
20260807.0,1115.0,44358.1,44480.0,44355.1,44370.1,3592.0
20260807.0,1130.0,44370.1,44391.0,44133.2,44199.1,5364.0
20260807.0,1145.0,44191.1,44335.0,44177.2,44274.1,3078.0
20260807.0,1200.0,44268.1,44329.0,44158.2,44176.1,2848.0
20260807.0,1215.0,44176.1,44285.1,44136.2,44211.1,2552.0
20260807.0,1230.0,44212.1,44259.1,44092.2,44201.1,3240.0
20260807.0,1245.0,44200.1,44267.1,44035.2,44048.2,3770.0
20260807.0,1300.0,44046.2,44116.1,43914.2,44113.1,4866.0
20260807.0,1315.0,44109.1,44301.1,44108.2,44215.1,5692.0
20260807.0,1330.0,44218.1,44313.0,44214.2,44240.1,5040.0
20260807.0,1345.0,44238.1,44345.0,44224.2,44340.1,6856.0
20260807.0,1515.0,44353.1,44513.0,44353.1,44510.1,2382.0
20260807.0,1530.0,44513.1,44536.0,44456.1,44509.1,1216.0
20260807.0,1545.0,44504.1,44518.0,44468.1,44484.1,708.0
20260807.0,1600.0,44481.1,44505.0,44456.1,44461.1,474.0
20260807.0,1615.0,44464.1,44562.0,44464.1,44539.1,1178.0
20260807.0,1630.0,44532.1,44540.0,44465.1,44479.1,926.0
20260807.0,1645.0,44484.1,44535.0,44466.1,44501.1,604.0
20260807.0,1700.0,44503.1,44536.0,44483.1,44536.1,448.0
20260807.0,1715.0,44530.1,44646.0,44521.1,44582.0,2132.0
20260807.0,1730.0,44586.0,44636.0,44578.1,44584.0,666.0
20260807.0,1745.0,44586.0,44655.0,44581.1,44618.0,772.0
20260807.0,1800.0,44621.0,44652.0,44606.1,44627.0,668.0
20260807.0,1815.0,44631.0,44645.0,44598.1,44598.0,454.0
20260807.0,1830.0,44599.0,44610.0,44547.1,44609.0,746.0
20260807.0,1845.0,44611.0,44623.0,44578.1,44591.0,288.0
20260807.0,1900.0,44594.0,44608.0,44560.1,44571.0,274.0
20260807.0,1915.0,44581.0,44712.0,44580.1,44680.0,1442.0
20260807.0,1930.0,44679.0,44716.0,44671.1,44698.0,476.0
20260807.0,1945.0,44695.0,44703.0,44667.1,44689.0,380.0
20260807.0,2000.0,44694.0,44727.0,44652.1,44655.0,790.0
20260807.0,2015.0,44651.0,44765.0,44634.1,44715.0,1186.0
20260807.0,2030.0,44707.0,44772.0,44641.1,44720.0,886.0
20260807.0,2045.0,44723.0,45083.9,44687.1,45075.9,5950.0
20260807.0,2100.0,45083.9,45236.9,45084.0,45195.9,3724.0
20260807.0,2115.0,45190.9,45217.9,45041.0,45056.9,3146.0
20260807.0,2130.0,45058.9,45067.9,44921.0,45035.0,2854.0
20260807.0,2145.0,45035.0,45059.9,44908.0,45038.0,4514.0
20260807.0,2200.0,45030.0,45060.9,44718.1,44762.0,5166.0
20260807.0,2215.0,44749.0,44787.0,44512.1,44530.1,7074.0
20260807.0,2230.0,44534.1,44803.0,44504.1,44772.0,4190.0
20260807.0,2245.0,44776.0,44786.0,44600.1,44624.0,2822.0
20260807.0,2300.0,44625.0,44779.0,44617.1,44753.0,2040.0
20260807.0,2315.0,44755.0,44812.9,44747.1,44779.0,1802.0
20260807.0,2330.0,44776.0,44902.9,44724.1,44872.0,2312.0
20260807.0,2345.0,44879.0,44909.9,44811.0,44849.0,1986.0
20260808.0,0.0,44848.0,44934.9,44841.0,44904.0,1506.0
20260808.0,15.0,44906.0,44940.9,44868.0,44873.0,1228.0
20260808.0,30.0,44869.0,44910.9,44757.1,44777.0,1876.0
20260808.0,45.0,44781.0,44845.9,44702.1,44822.0,1404.0
20260808.0,100.0,44822.0,44875.9,44815.0,44819.0,704.0
20260808.0,115.0,44820.0,44870.9,44799.1,44831.0,678.0
20260808.0,130.0,44831.0,44882.9,44831.0,44852.0,548.0
20260808.0,145.0,44851.0,44859.9,44822.0,44838.0,676.0
20260808.0,200.0,44836.0,44865.9,44821.0,44839.0,502.0
20260808.0,215.0,44836.0,44853.9,44796.1,44802.0,562.0
20260808.0,230.0,44812.0,44830.9,44786.1,44792.0,392.0
20260808.0,245.0,44796.0,44815.9,44758.1,44758.0,372.0
20260808.0,300.0,44761.0,44826.9,44758.1,44819.0,354.0
20260808.0,315.0,44824.0,44987.9,44824.0,44952.0,1502.0
20260808.0,330.0,44961.0,45010.9,44939.0,44961.0,596.0
20260808.0,345.0,44963.0,44965.9,44920.0,44920.0,678.0
20260808.0,400.0,44922.0,45031.9,44921.0,45007.0,722.0
20260808.0,415.0,45004.0,45012.9,44984.0,44989.0,326.0
20260808.0,430.0,44989.0,45009.9,44982.0,44984.0,220.0
20260808.0,445.0,44982.0,45018.9,44980.0,45012.0,196.0
20260808.0,500.0,45012.0,45034.9,45005.0,45024.0,396.0
20260810.0,900.0,44976.0,45024.9,44782.1,44782.0,8190.0
20260810.0,915.0,44784.0,44917.9,44659.1,44913.0,10904.0
20260810.0,930.0,44913.0,45166.9,44879.0,45017.0,10066.0
20260810.0,945.0,45014.0,45053.9,44861.0,45028.0,7688.0
20260810.0,1000.0,45028.0,45200.9,45008.0,45149.9,7540.0
20260810.0,1015.0,45155.9,45209.9,45092.0,45137.9,4224.0
20260810.0,1030.0,45132.9,45142.9,45066.0,45105.9,3198.0
20260810.0,1045.0,45109.9,45121.9,45014.0,45037.0,3016.0
20260810.0,1100.0,45036.0,45175.9,45032.0,45047.0,3450.0
20260810.0,1115.0,45042.0,45105.9,44931.0,44969.0,3458.0
20260810.0,1130.0,44974.0,45030.9,44916.0,44932.0,3386.0
20260810.0,1145.0,44934.0,45002.9,44921.0,44981.0,2270.0
20260810.0,1200.0,44981.0,44995.9,44906.0,44952.0,1840.0
20260810.0,1215.0,44955.0,44965.9,44838.0,44872.0,3302.0
20260810.0,1230.0,44876.0,44919.9,44859.0,44914.0,1852.0
20260810.0,1245.0,44913.0,44914.9,44787.1,44838.0,3684.0
20260810.0,1300.0,44840.0,44864.9,44774.1,44805.0,2656.0
20260810.0,1315.0,44811.0,44995.9,44794.1,44994.0,3872.0
20260810.0,1330.0,44996.0,45054.9,44958.0,44958.0,5316.0
20260810.0,1345.0,44960.0,44998.9,44903.0,44978.0,10024.0
20260810.0,1515.0,44991.0,45062.9,44954.0,44970.0,2192.0
20260810.0,1530.0,44970.0,45040.9,44969.0,45033.0,748.0
20260810.0,1545.0,45032.0,45114.9,45029.0,45114.9,1052.0
20260810.0,1600.0,45114.9,45160.9,45038.0,45099.9,1652.0
20260810.0,1615.0,45096.9,45159.9,45079.0,45137.9,1354.0
20260810.0,1630.0,45139.9,45169.9,45079.0,45086.9,958.0
20260810.0,1645.0,45092.9,45121.9,45071.0,45090.9,670.0
20260810.0,1700.0,45088.9,45100.9,45076.0,45096.9,324.0
20260810.0,1715.0,45095.9,45104.9,45059.0,45067.9,608.0
20260810.0,1730.0,45073.9,45092.9,45025.0,45070.9,812.0
20260810.0,1745.0,45070.9,45091.9,45000.0,45018.0,654.0
20260810.0,1800.0,45013.0,45042.9,45011.0,45032.0,460.0
20260810.0,1815.0,45027.0,45057.9,44883.0,44911.0,1306.0
20260810.0,1830.0,44912.0,44995.9,44885.0,44983.0,1042.0
20260810.0,1845.0,44979.0,44990.9,44938.0,44967.0,514.0
20260810.0,1900.0,44971.0,45015.9,44953.0,44977.0,914.0
20260810.0,1915.0,44983.0,45011.9,44868.0,44929.0,1182.0
20260810.0,1930.0,44927.0,45000.9,44917.0,44992.0,864.0
20260810.0,1945.0,44990.0,44995.9,44891.0,44891.0,690.0
20260810.0,2000.0,44893.0,44924.9,44873.0,44925.0,806.0
20260810.0,2015.0,44921.0,44947.9,44852.0,44852.0,960.0
20260810.0,2030.0,44856.0,44883.9,44845.0,44866.0,1004.0
20260810.0,2045.0,44862.0,44898.9,44835.0,44869.0,796.0
20260810.0,2100.0,44869.0,44876.9,44805.0,44810.0,704.0
20260810.0,2115.0,44807.0,44855.9,44760.1,44851.0,1820.0
20260810.0,2130.0,44848.0,44895.9,44824.0,44892.0,936.0
20260810.0,2145.0,44888.0,44910.9,44633.1,44732.0,5916.0
20260810.0,2200.0,44729.0,44838.9,44711.1,44811.0,3638.0
20260810.0,2215.0,44800.0,44975.9,44777.1,44945.0,3786.0
20260810.0,2230.0,44949.0,44967.9,44783.1,44815.0,2950.0
20260810.0,2245.0,44819.0,44931.9,44796.1,44847.0,2126.0
20260810.0,2300.0,44850.0,44883.9,44757.1,44759.0,1728.0
20260810.0,2315.0,44759.0,44870.9,44759.1,44829.0,1676.0
20260810.0,2330.0,44834.0,44862.9,44782.1,44795.0,968.0
20260810.0,2345.0,44791.0,44809.9,44729.1,44802.0,1216.0
20260811.0,0.0,44804.0,44846.9,44775.1,44829.0,986.0
20260811.0,15.0,44837.0,44849.9,44793.1,44805.0,552.0
20260811.0,30.0,44800.0,44827.9,44787.1,44792.0,446.0
20260811.0,45.0,44792.0,44798.0,44673.1,44691.0,1632.0
20260811.0,100.0,44694.0,44737.0,44683.1,44713.0,816.0
20260811.0,115.0,44711.0,44746.0,44705.1,44734.0,306.0
20260811.0,130.0,44739.0,44759.0,44711.1,44722.0,240.0
20260811.0,145.0,44728.0,44737.0,44688.1,44691.0,360.0
20260811.0,200.0,44687.0,44718.0,44687.1,44713.0,200.0
20260811.0,215.0,44717.0,44753.0,44707.1,44725.0,324.0
20260811.0,230.0,44723.0,44732.0,44707.1,44717.0,106.0
20260811.0,245.0,44716.0,44779.0,44714.1,44778.0,308.0
20260811.0,300.0,44779.0,44814.9,44773.1,44806.0,284.0
20260811.0,315.0,44815.0,44820.9,44799.1,44815.0,190.0
20260811.0,330.0,44815.0,44833.9,44807.0,44828.0,238.0
20260811.0,345.0,44830.0,44830.9,44782.1,44782.0,230.0
20260811.0,400.0,44781.0,44811.9,44703.1,44727.0,612.0
20260811.0,415.0,44760.0,44761.0,44716.1,44716.0,340.0
20260811.0,430.0,44713.0,44720.0,44698.1,44708.0,134.0
20260811.0,445.0,44704.0,44704.0,44674.1,44691.0,306.0
20260811.0,500.0,44695.0,44728.0,44681.1,44710.0,390.0
20260811.0,900.0,44752.0,44954.9,44744.1,44875.0,5862.0
20260811.0,915.0,44873.0,44947.9,44561.1,44948.0,14990.0
20260811.0,930.0,44947.0,44982.9,44763.1,44904.0,8476.0
20260811.0,945.0,44902.0,44922.9,44658.1,44761.0,7524.0
20260811.0,1000.0,44763.0,44833.9,44679.1,44717.0,5224.0
20260811.0,1015.0,44713.0,44759.0,44639.1,44701.0,4704.0
20260811.0,1030.0,44701.0,44831.9,44649.1,44808.0,4858.0
20260811.0,1045.0,44806.0,44920.9,44792.1,44901.0,4368.0
20260811.0,1100.0,44911.0,44961.9,44740.1,44810.0,4930.0
20260811.0,1115.0,44811.0,44888.9,44768.1,44861.0,3066.0
20260811.0,1130.0,44865.0,45130.9,44864.0,45108.9,7458.0
20260811.0,1145.0,45105.9,45135.9,45026.0,45047.0,4654.0
20260811.0,1200.0,45051.0,45114.9,44989.0,45001.0,3096.0
20260811.0,1215.0,45001.0,45093.9,44977.0,45059.9,2842.0
20260811.0,1230.0,45059.9,45115.9,45032.0,45070.9,2740.0
20260811.0,1245.0,45068.9,45102.9,45042.0,45083.9,1840.0
20260811.0,1300.0,45085.9,45121.9,45077.0,45119.9,1664.0
20260811.0,1315.0,45118.9,45190.9,45073.0,45134.9,4342.0
20260811.0,1330.0,45133.9,45143.9,45027.0,45056.9,3736.0
20260811.0,1345.0,45051.0,45107.9,45018.0,45080.9,4878.0
20260811.0,1515.0,44928.0,44964.9,44821.0,44906.0,2842.0
20260811.0,1530.0,44905.0,44920.9,44847.0,44891.0,1154.0
20260811.0,1545.0,44896.0,44985.9,44892.0,44939.0,1072.0
20260811.0,1600.0,44936.0,45009.9,44927.0,45001.0,720.0
20260811.0,1615.0,45006.0,45088.9,44955.0,44961.0,2070.0
20260811.0,1630.0,44958.0,44972.9,44931.0,44952.0,798.0
20260811.0,1645.0,44954.0,44992.9,44939.0,44993.0,540.0
20260811.0,1700.0,44991.0,45006.9,44968.0,44985.0,554.0
20260811.0,1715.0,44980.0,45012.9,44932.0,44959.0,704.0
20260811.0,1730.0,44964.0,45052.9,44964.0,45050.0,1028.0
20260811.0,1745.0,45052.9,45163.9,45036.0,45120.9,1862.0
20260811.0,1800.0,45125.9,45159.9,45105.0,45110.9,1114.0
20260811.0,1815.0,45115.9,45126.9,45058.0,45099.9,1262.0
20260811.0,1830.0,45098.9,45323.8,45097.0,45316.9,3232.0
20260811.0,1845.0,45317.9,45340.8,45279.0,45305.9,1684.0
20260811.0,1900.0,45309.9,45331.8,45281.0,45301.9,964.0
20260811.0,1915.0,45300.9,45510.8,45300.9,45455.9,4648.0
20260811.0,1930.0,45458.9,45462.8,45379.9,45395.9,1710.0
20260811.0,1945.0,45394.9,45405.8,45352.9,45370.9,874.0
20260811.0,2000.0,45369.9,45400.8,45353.9,45399.9,600.0
20260811.0,2015.0,45398.9,45443.8,45330.9,45418.9,1194.0
20260811.0,2030.0,45420.9,45433.8,45325.9,45354.9,1188.0
20260811.0,2045.0,45352.9,45399.8,45343.9,45398.9,552.0
20260811.0,2100.0,45399.9,45422.8,45342.9,45359.9,762.0
20260811.0,2115.0,45359.9,45427.8,45357.9,45386.9,674.0
20260811.0,2130.0,45385.9,45428.8,45365.9,45419.9,684.0
20260811.0,2145.0,45415.9,45477.8,45281.0,45445.9,4644.0
20260811.0,2200.0,45443.9,45446.8,45241.0,45368.9,3728.0
20260811.0,2215.0,45356.9,45490.8,45342.9,45414.9,3570.0
20260811.0,2230.0,45420.9,45501.8,45407.9,45477.9,2402.0
20260811.0,2245.0,45479.9,45498.8,45410.9,45420.9,2046.0
20260811.0,2300.0,45421.9,45507.8,45415.9,45433.9,2474.0
20260811.0,2315.0,45435.9,45475.8,45362.9,45381.9,2046.0
20260811.0,2330.0,45377.9,45416.8,45332.9,45350.9,1814.0
20260811.0,2345.0,45342.9,45358.8,45267.0,45300.9,1844.0
20260812.0,0.0,45296.9,45296.9,45227.0,45240.9,1814.0
20260812.0,15.0,45243.9,45301.8,45236.0,45249.9,1282.0
20260812.0,30.0,45247.9,45284.9,45206.0,45248.9,1364.0
20260812.0,45.0,45245.9,45295.9,45216.0,45244.9,702.0
20260812.0,100.0,45248.9,45248.9,45192.0,45201.9,662.0
20260812.0,115.0,45205.9,45211.9,45121.0,45123.9,1434.0
20260812.0,130.0,45121.9,45216.9,45115.0,45208.9,722.0
20260812.0,145.0,45203.9,45277.9,45184.0,45261.9,698.0
20260812.0,200.0,45255.9,45276.9,45243.0,45251.9,312.0
20260812.0,215.0,45248.9,45253.9,45204.0,45216.9,364.0
20260812.0,230.0,45216.9,45240.9,45094.0,45098.9,684.0
20260812.0,245.0,45106.9,45163.9,45102.0,45147.9,484.0
20260812.0,300.0,45149.9,45206.9,45150.0,45183.9,316.0
20260812.0,315.0,45182.9,45206.9,45151.0,45188.9,282.0
20260812.0,330.0,45184.9,45214.9,45179.0,45207.9,212.0
20260812.0,345.0,45211.9,45245.9,45211.0,45229.9,352.0
20260812.0,400.0,45229.9,45280.9,45216.0,45263.9,664.0
20260812.0,415.0,45266.9,45290.9,45223.0,45285.9,682.0
20260812.0,430.0,45289.9,45298.9,45278.0,45287.9,316.0
20260812.0,445.0,45286.9,45291.9,45269.0,45277.9,364.0
20260812.0,500.0,45271.9,45280.9,45251.0,45269.9,282.0
20260812.0,900.0,45340.9,45400.8,45274.0,45296.9,5746.0
20260812.0,915.0,45295.9,45506.8,45276.0,45300.9,11440.0
20260812.0,930.0,45299.9,45331.8,45147.0,45243.9,8812.0
20260812.0,945.0,45227.9,45354.8,45206.0,45354.9,5066.0
20260812.0,1000.0,45354.9,45427.8,45297.0,45405.9,7068.0
20260812.0,1015.0,45397.9,45418.8,45252.0,45295.9,4484.0
20260812.0,1030.0,45294.9,45362.8,45241.0,45360.9,3860.0
20260812.0,1045.0,45354.9,45441.8,45342.9,45415.9,4276.0
20260812.0,1100.0,45419.9,45535.8,45419.9,45495.9,7064.0
20260812.0,1115.0,45496.9,45551.8,45448.9,45540.9,5558.0
20260812.0,1130.0,45540.9,45544.8,45477.9,45488.9,3194.0
20260812.0,1145.0,45480.9,45508.8,45341.9,45362.9,4848.0
20260812.0,1200.0,45364.9,45425.8,45336.9,45408.9,3626.0
20260812.0,1215.0,45406.9,45412.8,45355.9,45402.9,2536.0
20260812.0,1230.0,45400.9,45412.8,45370.9,45386.9,1914.0
20260812.0,1245.0,45389.9,45511.8,45379.9,45454.9,4414.0
20260812.0,1300.0,45450.9,45525.8,45422.9,45518.9,3706.0
20260812.0,1315.0,45518.9,45520.8,45426.9,45426.9,3536.0
20260812.0,1330.0,45426.9,45470.8,45348.9,45465.9,6006.0
20260812.0,1345.0,45466.9,45519.8,45441.9,45518.9,6720.0
20260812.0,1515.0,45590.8,45731.8,45580.9,45691.8,3284.0
20260812.0,1530.0,45685.8,45709.8,45651.9,45673.8,1116.0
20260812.0,1545.0,45672.8,45708.8,45660.9,45708.8,712.0
20260812.0,1600.0,45709.8,45735.8,45675.9,45731.8,628.0
20260812.0,1615.0,45732.8,45803.7,45709.9,45785.8,2088.0
20260812.0,1630.0,45786.8,45857.7,45773.9,45853.8,1574.0
20260812.0,1645.0,45849.8,45874.7,45792.9,45852.8,1764.0
20260812.0,1700.0,45852.8,45884.7,45838.8,45868.8,756.0
20260812.0,1715.0,45878.8,45946.7,45859.8,45931.8,1232.0
20260812.0,1730.0,45933.8,46010.7,45930.8,45959.8,1422.0
20260812.0,1745.0,45966.8,45972.7,45910.8,45912.8,812.0
20260812.0,1800.0,45912.8,45928.7,45846.8,45906.8,1488.0
20260812.0,1815.0,45903.8,45943.7,45895.8,45922.8,732.0
20260812.0,1830.0,45924.8,45946.7,45907.8,45920.8,506.0
20260812.0,1845.0,45920.8,45939.7,45911.8,45920.8,342.0
20260812.0,1900.0,45920.8,45925.7,45822.8,45893.8,1224.0
20260812.0,1915.0,45900.8,45957.7,45900.8,45934.8,650.0
20260812.0,1930.0,45931.8,45935.7,45900.8,45931.8,448.0
20260812.0,1945.0,45932.8,45980.7,45924.8,45962.8,678.0
20260812.0,2000.0,45963.8,46030.7,45943.8,46012.8,1468.0
20260812.0,2015.0,46015.8,46036.7,45983.8,45987.8,876.0
20260812.0,2030.0,45989.8,46161.7,45987.8,46149.7,2112.0
20260812.0,2045.0,46157.7,46194.7,45890.8,46153.7,6348.0
20260812.0,2100.0,46146.7,46245.7,46120.8,46245.7,2404.0
20260812.0,2115.0,46241.7,46264.7,46170.8,46204.7,2040.0
20260812.0,2130.0,46202.7,46273.7,46186.8,46261.7,1426.0
20260812.0,2145.0,46261.7,46282.7,46055.8,46168.7,5862.0
20260812.0,2200.0,46175.7,46248.7,46097.8,46200.7,3412.0
20260812.0,2215.0,46190.7,46236.7,46162.8,46166.7,2012.0
20260812.0,2230.0,46178.7,46302.6,46168.8,46275.7,2578.0
20260812.0,2245.0,46272.7,46299.6,46143.8,46255.7,3094.0
20260812.0,2300.0,46254.7,46259.7,46105.8,46115.7,2224.0
20260812.0,2315.0,46111.7,46190.7,46077.8,46185.7,1332.0
20260812.0,2330.0,46185.7,46190.7,46111.8,46178.7,864.0
20260812.0,2345.0,46178.7,46182.7,46086.8,46103.7,994.0
20260813.0,0.0,46102.7,46126.7,46070.8,46095.7,1750.0
20260813.0,15.0,46095.7,46151.7,46095.8,46125.7,942.0
20260813.0,30.0,46125.7,46133.7,46087.8,46095.7,542.0
20260813.0,45.0,46097.7,46113.7,46050.8,46083.7,1210.0
20260813.0,100.0,46085.7,46112.7,46083.8,46093.7,276.0
20260813.0,115.0,46093.7,46150.7,46093.8,46144.7,564.0
20260813.0,130.0,46136.7,46178.7,46110.8,46163.7,450.0
20260813.0,145.0,46163.7,46203.7,46163.8,46196.7,564.0
20260813.0,200.0,46194.7,46206.7,46169.8,46180.7,262.0
20260813.0,215.0,46187.7,46201.7,46166.8,46182.7,296.0
20260813.0,230.0,46178.7,46236.7,46178.8,46212.7,502.0
20260813.0,245.0,46216.7,46250.7,46210.8,46250.7,292.0
20260813.0,300.0,46246.7,46252.7,46190.8,46203.7,270.0
20260813.0,315.0,46207.7,46219.7,46197.8,46203.7,192.0
20260813.0,330.0,46214.7,46235.7,46173.8,46188.7,338.0
20260813.0,345.0,46188.7,46190.7,46155.8,46163.7,362.0
20260813.0,400.0,46157.7,46167.7,46112.8,46158.7,602.0
20260813.0,415.0,46152.7,46190.7,46109.8,46123.7,518.0
20260813.0,430.0,46128.7,46130.7,46081.8,46111.7,408.0
20260813.0,445.0,46105.7,46116.7,46097.8,46112.7,126.0
20260813.0,500.0,46112.7,46112.7,46086.8,46107.7,332.0
20260813.0,900.0,46110.7,46240.7,46096.8,46189.7,6268.0
20260813.0,915.0,46190.7,46234.7,46067.8,46120.7,8630.0
20260813.0,930.0,46119.7,46164.7,46052.8,46085.7,6292.0
20260813.0,945.0,46085.7,46215.7,46059.8,46111.7,7264.0
20260813.0,1000.0,46122.7,46202.7,46032.8,46122.7,6520.0
20260813.0,1015.0,46132.7,46193.7,46095.8,46131.7,3814.0
20260813.0,1030.0,46130.7,46157.7,45914.8,45920.8,7224.0
20260813.0,1045.0,45920.8,46010.7,45830.8,45981.8,7066.0
20260813.0,1100.0,45981.8,46032.7,45938.8,46024.8,3180.0
20260813.0,1115.0,46026.8,46037.7,45957.8,46002.8,3186.0
20260813.0,1130.0,46003.8,46018.7,45979.8,45979.8,2712.0
20260813.0,1145.0,45990.8,46013.7,45919.8,45962.8,3222.0
20260813.0,1200.0,45966.8,46007.7,45950.8,45986.8,2324.0
20260813.0,1215.0,45990.8,46054.7,45981.8,45982.8,3202.0
20260813.0,1230.0,45982.8,46015.7,45943.8,45983.8,2514.0
20260813.0,1245.0,45983.8,46097.7,45980.8,46029.8,3568.0
20260813.0,1300.0,46029.8,46073.7,46005.8,46026.8,2436.0
20260813.0,1315.0,46026.8,46084.7,46022.8,46049.7,3062.0
20260813.0,1330.0,46050.7,46092.7,45977.8,46077.7,4712.0
20260813.0,1345.0,46075.7,46106.7,45977.8,45995.8,8696.0
20260813.0,1515.0,45940.8,46021.7,45891.8,45922.8,2026.0
20260813.0,1530.0,45925.8,45989.7,45886.8,45988.8,1030.0
20260813.0,1545.0,45979.8,45995.7,45949.8,45982.8,564.0
20260813.0,1600.0,45980.8,45980.7,45928.8,45930.8,456.0
20260813.0,1615.0,45934.8,45962.7,45868.8,45910.8,1732.0
20260813.0,1630.0,45908.8,45972.7,45887.8,45970.8,640.0
20260813.0,1645.0,45960.8,45966.7,45914.8,45953.8,476.0
20260813.0,1700.0,45950.8,45980.7,45937.8,45964.8,510.0
20260813.0,1715.0,45965.8,45980.7,45925.8,45925.8,382.0
20260813.0,1730.0,45924.8,45960.7,45901.8,45931.8,596.0
20260813.0,1745.0,45933.8,45981.7,45930.8,45978.8,450.0
20260813.0,1800.0,45974.8,46034.7,45957.8,46031.8,724.0
20260813.0,1815.0,46027.8,46047.7,45999.8,46036.8,594.0
20260813.0,1830.0,46037.8,46070.7,46026.8,46044.8,736.0
20260813.0,1845.0,46043.8,46054.7,46012.8,46039.8,336.0
20260813.0,1900.0,46036.8,46077.7,46028.8,46062.7,470.0
20260813.0,1915.0,46065.7,46082.7,46046.8,46046.8,648.0
20260813.0,1930.0,46052.7,46061.7,46010.8,46014.8,422.0
20260813.0,1945.0,46013.8,46064.7,46003.8,46055.7,466.0
20260813.0,2000.0,46055.7,46075.7,46024.8,46034.8,360.0
20260813.0,2015.0,46037.8,46041.7,45986.8,46010.8,538.0
20260813.0,2030.0,46006.8,46037.7,45960.8,46029.8,694.0
20260813.0,2045.0,46039.8,46099.7,45997.8,46050.7,1868.0
20260813.0,2100.0,46045.8,46060.7,46023.8,46056.7,442.0
20260813.0,2115.0,46058.7,46153.7,46050.8,46136.7,1346.0
20260813.0,2130.0,46135.7,46148.7,46107.8,46123.7,538.0
20260813.0,2145.0,46118.7,46298.6,46064.8,46255.7,5506.0
20260813.0,2200.0,46255.7,46454.6,46250.8,46389.7,4406.0
20260813.0,2215.0,46390.7,46481.6,46359.7,46442.7,2882.0
20260813.0,2230.0,46446.7,46498.6,46417.7,46488.7,2054.0
20260813.0,2245.0,46488.7,46564.6,46470.7,46544.7,2338.0
20260813.0,2300.0,46537.7,46552.6,46499.7,46513.7,1428.0
20260813.0,2315.0,46513.7,46561.6,46478.7,46479.7,1802.0
20260813.0,2330.0,46480.7,46539.6,46433.7,46445.7,2098.0
20260813.0,2345.0,46449.7,46457.6,46328.7,46410.7,3158.0
20260814.0,0.0,46403.7,46418.6,46352.7,46385.7,1258.0
20260814.0,15.0,46386.7,46443.6,46379.7,46404.7,1068.0
20260814.0,30.0,46400.7,46466.6,46400.7,46456.7,862.0
20260814.0,45.0,46460.7,46484.6,46456.7,46473.7,678.0
20260814.0,100.0,46473.7,46490.6,46451.7,46490.7,426.0
20260814.0,115.0,46490.7,46524.6,46490.7,46515.7,784.0
20260814.0,130.0,46510.7,46531.6,46505.7,46514.7,416.0
20260814.0,145.0,46515.7,46527.6,46483.7,46493.7,418.0
20260814.0,200.0,46497.7,46509.6,46441.7,46442.7,538.0
20260814.0,215.0,46450.7,46459.6,46422.7,46441.7,448.0
20260814.0,230.0,46445.7,46449.6,46420.7,46440.7,214.0
20260814.0,245.0,46445.7,46455.6,46434.7,46435.7,180.0
20260814.0,300.0,46435.7,46462.6,46426.7,46432.7,192.0
20260814.0,315.0,46432.7,46452.6,46407.7,46407.7,320.0
20260814.0,330.0,46406.7,46433.6,46385.7,46396.7,598.0
20260814.0,345.0,46393.7,46393.6,46359.7,46359.7,480.0
20260814.0,400.0,46357.7,46363.6,46305.7,46344.7,908.0
20260814.0,415.0,46345.7,46382.6,46309.7,46355.7,500.0
20260814.0,430.0,46355.7,46361.6,46341.7,46354.7,182.0
20260814.0,445.0,46359.7,46390.6,46347.7,46368.7,178.0
20260814.0,500.0,46372.7,46379.6,46338.7,46379.7,258.0
20260814.0,900.0,46456.7,46460.6,46273.8,46314.7,7918.0
20260814.0,915.0,46314.7,46365.6,46120.8,46173.7,13600.0
20260814.0,930.0,46174.7,46187.7,46065.8,46140.7,8874.0
20260814.0,945.0,46140.7,46155.7,46010.8,46134.7,7078.0
20260814.0,1000.0,46134.7,46167.7,46034.8,46085.7,5978.0
20260814.0,1015.0,46089.7,46220.7,46087.8,46152.7,5704.0
20260814.0,1030.0,46145.7,46169.7,46055.8,46098.7,4842.0
20260814.0,1045.0,46098.7,46135.7,46069.8,46090.7,4790.0
20260814.0,1100.0,46090.7,46144.7,46005.8,46010.8,5034.0
20260814.0,1115.0,46010.8,46046.7,45907.8,45997.8,7582.0
20260814.0,1130.0,45997.8,46141.7,45986.8,46129.7,4710.0
20260814.0,1145.0,46136.7,46136.7,46036.8,46043.8,3566.0
20260814.0,1200.0,46044.8,46058.7,45998.8,45998.8,3110.0
20260814.0,1215.0,45998.8,46006.7,45928.8,45928.8,4478.0
20260814.0,1230.0,45930.8,45978.7,45899.8,45927.8,4572.0
20260814.0,1245.0,45931.8,45945.7,45776.9,45898.8,7040.0
20260814.0,1300.0,45898.8,45902.7,45798.8,45846.8,5696.0
20260814.0,1315.0,45846.8,45854.7,45666.9,45823.8,9018.0
20260814.0,1330.0,45824.8,45860.7,45771.9,45777.8,6098.0
20260814.0,1345.0,45779.8,45848.7,45727.9,45831.8,12822.0
20260814.0,1515.0,45842.8,45895.7,45740.9,45774.8,1902.0
20260814.0,1530.0,45775.8,45795.8,45755.9,45778.8,576.0
20260814.0,1545.0,45783.8,45830.7,45753.9,45830.8,704.0
20260814.0,1600.0,45829.8,45855.7,45815.8,45816.8,704.0
20260814.0,1615.0,45816.8,45855.7,45755.9,45757.8,1344.0
20260814.0,1630.0,45766.8,45812.7,45758.9,45800.8,564.0
20260814.0,1645.0,45802.8,45859.7,45802.8,45832.8,868.0
20260814.0,1700.0,45832.8,45859.7,45830.8,45836.8,372.0
20260814.0,1715.0,45835.8,45873.7,45807.8,45873.8,668.0
20260814.0,1730.0,45869.8,45958.7,45865.8,45922.8,2004.0
20260814.0,1745.0,45924.8,45924.7,45861.8,45882.8,718.0
20260814.0,1800.0,45881.8,45928.7,45874.8,45923.8,464.0
20260814.0,1815.0,45926.8,45955.7,45919.8,45936.8,588.0
20260814.0,1830.0,45930.8,45931.7,45882.8,45891.8,420.0
20260814.0,1845.0,45892.8,45900.7,45882.8,45894.8,324.0
20260814.0,1900.0,45894.8,45916.7,45883.8,45914.8,404.0
20260814.0,1915.0,45913.8,45930.7,45885.8,45888.8,650.0
20260814.0,1930.0,45889.8,45908.7,45859.8,45899.8,554.0
20260814.0,1945.0,45892.8,45930.7,45876.8,45900.8,388.0
20260814.0,2000.0,45903.8,45928.7,45903.8,45923.8,358.0
20260814.0,2015.0,45918.8,45941.7,45800.8,45868.8,1448.0
20260814.0,2030.0,45867.8,45886.7,45821.8,45882.8,800.0
20260814.0,2045.0,45888.8,45945.7,45875.8,45880.8,954.0
20260814.0,2100.0,45891.8,45917.7,45872.8,45909.8,256.0
20260814.0,2115.0,45903.8,45919.7,45855.8,45856.8,452.0
20260814.0,2130.0,45856.8,45874.7,45837.8,45837.8,796.0
20260814.0,2145.0,45844.8,45866.7,45685.9,45820.8,4634.0
20260814.0,2200.0,45812.8,45844.7,45750.9,45780.8,2240.0
20260814.0,2215.0,45778.8,45928.7,45753.9,45863.8,2278.0
20260814.0,2230.0,45859.8,45882.7,45678.9,45740.8,2704.0
20260814.0,2245.0,45736.8,45794.8,45698.9,45762.8,1448.0
20260814.0,2300.0,45762.8,45777.8,45736.9,45750.8,690.0
20260814.0,2315.0,45751.8,45788.8,45706.9,45706.8,1090.0
20260814.0,2330.0,45709.8,45732.8,45558.9,45644.8,3394.0
20260814.0,2345.0,45649.8,45653.8,45556.9,45585.8,1550.0
20260815.0,0.0,45586.8,45626.8,45541.9,45609.8,1604.0
20260815.0,15.0,45610.8,45668.8,45607.9,45666.8,1228.0
20260815.0,30.0,45661.8,45704.8,45656.9,45685.8,822.0
20260815.0,45.0,45684.8,45700.8,45648.9,45653.8,636.0
20260815.0,100.0,45651.8,45658.8,45616.9,45623.8,616.0
20260815.0,115.0,45626.8,45650.8,45617.9,45631.8,382.0
20260815.0,130.0,45639.8,45643.8,45605.9,45619.8,374.0
20260815.0,145.0,45620.8,45635.8,45601.9,45611.8,362.0
20260815.0,200.0,45614.8,45629.8,45599.9,45615.8,298.0
20260815.0,215.0,45614.8,45676.8,45614.9,45652.8,524.0
20260815.0,230.0,45655.8,45671.8,45638.9,45642.8,272.0
20260815.0,245.0,45638.8,45690.8,45627.9,45680.8,300.0
20260815.0,300.0,45683.8,45707.8,45668.9,45668.8,238.0
20260815.0,315.0,45668.8,45680.8,45647.9,45665.8,178.0
20260815.0,330.0,45663.8,45699.8,45656.9,45685.8,208.0
20260815.0,345.0,45683.8,45715.8,45672.9,45694.8,336.0
20260815.0,400.0,45690.8,45718.8,45688.9,45708.8,422.0
20260815.0,415.0,45706.8,45724.8,45697.9,45698.8,282.0
20260815.0,430.0,45704.8,45719.8,45704.9,45717.8,80.0
20260815.0,445.0,45713.8,45740.8,45712.9,45719.8,348.0
20260815.0,500.0,45721.8,45752.8,45702.9,45717.8,894.0
20260817.0,900.0,45840.8,45949.7,45769.9,45932.8,8718.0
20260817.0,915.0,45932.8,46095.7,45802.8,45809.8,15544.0
20260817.0,930.0,45809.8,45934.7,45728.9,45877.8,12014.0
20260817.0,945.0,45877.8,45886.7,45745.9,45853.8,10802.0
20260817.0,1000.0,45853.8,45922.7,45811.8,45885.8,8762.0
20260817.0,1015.0,45885.8,45924.7,45807.8,45892.8,8756.0
20260817.0,1030.0,45892.8,46029.7,45875.8,45976.8,9650.0
20260817.0,1045.0,45976.8,46003.7,45950.8,45987.8,11240.0
20260817.0,1100.0,45988.8,46007.7,45923.8,45970.8,18634.0
20260817.0,1115.0,45970.8,45992.7,45943.8,45975.8,18330.0
20260817.0,1130.0,45975.8,46022.7,45891.8,45936.8,14962.0
20260817.0,1145.0,45937.8,45978.7,45895.8,45950.8,14086.0
20260817.0,1200.0,45954.8,46057.7,45947.8,46045.8,12098.0
20260817.0,1215.0,46045.8,46130.7,46031.8,46089.7,12550.0
20260817.0,1230.0,46088.7,46128.7,46043.8,46095.7,10848.0
20260817.0,1245.0,46095.7,46096.7,46046.8,46067.7,11228.0
20260817.0,1300.0,46067.7,46075.7,45952.8,45977.8,10982.0
20260817.0,1315.0,45977.8,46017.7,45931.8,45931.8,9786.0
20260817.0,1330.0,45933.8,45940.7,45851.8,45883.8,9660.0
20260817.0,1345.0,45883.8,45917.7,45830.8,45878.8,9576.0
20260817.0,1515.0,45990.8,46006.7,45885.8,45885.8,1724.0
20260817.0,1530.0,45885.8,45908.7,45852.8,45907.8,790.0
20260817.0,1545.0,45907.8,45976.7,45900.8,45966.8,1064.0
20260817.0,1600.0,45966.8,45984.7,45959.8,45969.8,500.0
20260817.0,1615.0,45964.8,45988.7,45935.8,45968.8,728.0
20260817.0,1630.0,45963.8,45981.7,45946.8,45978.8,322.0
20260817.0,1645.0,45978.8,46000.7,45945.8,45945.8,484.0
20260817.0,1700.0,45948.8,45966.7,45937.8,45957.8,334.0
20260817.0,1715.0,45955.8,45960.7,45930.8,45957.8,214.0
20260817.0,1730.0,45951.8,45960.7,45893.8,45905.8,542.0
20260817.0,1745.0,45906.8,45931.7,45903.8,45928.8,316.0
20260817.0,1800.0,45922.8,45956.7,45902.8,45917.8,392.0
20260817.0,1815.0,45913.8,45946.7,45912.8,45946.8,306.0
20260817.0,1830.0,45945.8,46063.7,45933.8,46052.7,1278.0
20260817.0,1845.0,46040.8,46102.7,45981.8,46005.8,1316.0
20260817.0,1900.0,46004.8,46009.7,45980.8,45990.8,304.0
20260817.0,1915.0,45993.8,46050.7,45967.8,46010.8,740.0
20260817.0,1930.0,46010.8,46019.7,45995.8,46005.8,302.0
20260817.0,1945.0,46006.8,46026.7,45999.8,46023.8,268.0
20260817.0,2000.0,46024.8,46046.7,46020.8,46033.8,342.0
20260817.0,2015.0,46036.8,46061.7,45982.8,46061.7,738.0
20260817.0,2030.0,46051.7,46059.7,45946.8,45979.8,1260.0
20260817.0,2045.0,45974.8,46002.7,45902.8,45916.8,1224.0
20260817.0,2100.0,45910.8,45970.7,45897.8,45930.8,882.0
20260817.0,2115.0,45931.8,45957.7,45928.8,45947.8,364.0
20260817.0,2130.0,45946.8,45967.7,45911.8,45967.8,828.0
20260817.0,2145.0,45968.8,46015.7,45820.8,45910.8,5078.0
20260817.0,2200.0,45906.8,46027.7,45871.8,46013.8,2464.0
20260817.0,2215.0,46005.8,46025.7,45921.8,46004.8,1978.0
20260817.0,2230.0,46002.8,46044.7,45953.8,46044.8,1420.0
20260817.0,2245.0,46043.8,46086.7,46025.8,46076.7,1686.0
20260817.0,2300.0,46079.7,46226.7,46079.8,46214.7,3652.0
20260817.0,2315.0,46218.7,46287.7,46211.8,46251.7,2360.0
20260817.0,2330.0,46249.7,46273.7,46235.8,46242.7,830.0
20260817.0,2345.0,46244.7,46255.7,46173.8,46189.7,1176.0
20260818.0,0.0,46192.7,46236.7,46180.8,46232.7,726.0
20260818.0,15.0,46233.7,46250.7,46212.8,46229.7,650.0
20260818.0,30.0,46222.7,46246.7,46216.8,46225.7,302.0
20260818.0,45.0,46230.7,46230.7,46178.8,46190.7,500.0
20260818.0,100.0,46185.7,46193.7,46152.8,46158.7,398.0
20260818.0,115.0,46160.7,46163.7,46050.8,46050.7,1236.0
20260818.0,130.0,46049.7,46071.7,45983.8,45997.8,1206.0
20260818.0,145.0,45992.8,46027.7,45901.8,45991.8,1714.0
20260818.0,200.0,45996.8,46002.7,45947.8,45961.8,510.0
20260818.0,215.0,45957.8,45978.7,45889.8,45920.8,918.0
20260818.0,230.0,45923.8,45927.7,45862.8,45910.8,580.0
20260818.0,245.0,45909.8,45945.7,45897.8,45943.8,390.0
20260818.0,300.0,45943.8,45959.7,45919.8,45922.8,262.0
20260818.0,315.0,45924.8,45928.7,45871.8,45884.8,384.0
20260818.0,330.0,45884.8,45935.7,45884.8,45910.8,314.0
20260818.0,345.0,45909.8,45963.7,45897.8,45944.8,354.0
20260818.0,400.0,45949.8,45961.7,45895.8,45946.8,404.0
20260818.0,415.0,45947.8,45947.7,45892.8,45910.8,528.0
20260818.0,430.0,45910.8,45915.7,45885.8,45885.8,178.0
20260818.0,445.0,45888.8,45889.7,45842.8,45846.8,440.0
20260818.0,500.0,45845.8,45851.7,45737.9,45801.8,1530.0
20260818.0,900.0,45957.8,45967.7,45850.8,45925.8,7524.0
20260818.0,915.0,45925.8,45950.7,45762.9,45906.8,12882.0
20260818.0,930.0,45906.8,45911.7,45740.9,45777.8,10778.0
20260818.0,945.0,45779.8,45803.7,45531.9,45555.8,11396.0
20260818.0,1000.0,45555.8,45596.8,45447.9,45575.8,12812.0
20260818.0,1015.0,45571.8,45601.8,45412.9,45427.9,11156.0
20260818.0,1030.0,45426.9,45454.8,45248.0,45267.9,15860.0
20260818.0,1045.0,45267.9,45435.8,45257.0,45340.9,12318.0
20260818.0,1100.0,45340.9,45375.8,45263.0,45354.9,12104.0
20260818.0,1115.0,45354.9,45389.8,45320.9,45354.9,8432.0
20260818.0,1130.0,45357.9,45384.8,45276.0,45319.9,11718.0
20260818.0,1145.0,45320.9,45379.8,45208.0,45345.9,10830.0
20260818.0,1200.0,45344.9,45365.8,45287.0,45295.9,8738.0
20260818.0,1215.0,45295.9,45320.8,45241.0,45241.9,8786.0
20260818.0,1230.0,45244.9,45316.8,45164.0,45302.9,11552.0
20260818.0,1245.0,45302.9,45365.8,45243.0,45256.9,10880.0
20260818.0,1300.0,45256.9,45341.8,45241.0,45335.9,8680.0
20260818.0,1315.0,45328.9,45333.8,45198.0,45236.9,10204.0
20260818.0,1330.0,45236.9,45248.9,45152.0,45152.9,15426.0
20260818.0,1345.0,45152.9,45175.9,45061.0,45075.9,13306.0
20260818.0,1515.0,45127.9,45198.9,45041.0,45041.0,2362.0
20260818.0,1530.0,45042.0,45068.9,45022.0,45026.0,744.0
20260818.0,1545.0,45026.0,45055.9,44943.0,44972.0,1918.0
20260818.0,1600.0,44973.0,45027.9,44952.0,44964.0,922.0
20260818.0,1615.0,44966.0,44970.9,44779.1,44869.0,3026.0
20260818.0,1630.0,44877.0,44902.9,44793.1,44871.0,1282.0
20260818.0,1645.0,44870.0,44938.9,44858.0,44925.0,1016.0
20260818.0,1700.0,44929.0,44931.9,44852.0,44889.0,746.0
20260818.0,1715.0,44881.0,44890.9,44821.0,44879.0,916.0
20260818.0,1730.0,44875.0,44891.9,44813.0,44851.0,686.0
20260818.0,1745.0,44846.0,44865.9,44785.1,44811.0,844.0
20260818.0,1800.0,44811.0,44849.9,44743.1,44831.0,1278.0
20260818.0,1815.0,44834.0,44856.9,44802.1,44814.0,566.0
20260818.0,1830.0,44810.0,44839.9,44779.1,44819.0,436.0
20260818.0,1845.0,44816.0,44848.9,44816.0,44838.0,406.0
20260818.0,1900.0,44834.0,44883.9,44829.0,44860.0,544.0
20260818.0,1915.0,44864.0,44923.9,44841.0,44907.0,962.0
20260818.0,1930.0,44902.0,44927.9,44882.0,44897.0,544.0
20260818.0,1945.0,44894.0,44904.9,44847.0,44899.0,456.0
20260818.0,2000.0,44902.0,44939.9,44885.0,44891.0,640.0
20260818.0,2015.0,44886.0,44976.9,44874.0,44914.0,970.0
20260818.0,2030.0,44914.0,44960.9,44891.0,44899.0,420.0
20260818.0,2045.0,44909.0,44915.9,44863.0,44875.0,454.0
20260818.0,2100.0,44871.0,44903.9,44868.0,44891.0,260.0
20260818.0,2115.0,44889.0,44903.9,44832.0,44839.0,600.0
20260818.0,2130.0,44836.0,44861.9,44793.1,44815.0,664.0
20260818.0,2145.0,44811.0,44961.9,44787.1,44840.0,3750.0
20260818.0,2200.0,44839.0,44857.9,44655.1,44752.0,3902.0
20260818.0,2215.0,44753.0,44802.0,44576.1,44609.0,3014.0
20260818.0,2230.0,44607.0,44751.0,44596.1,44703.0,2636.0
20260818.0,2245.0,44704.0,44728.0,44581.1,44581.0,1694.0
20260818.0,2300.0,44587.0,44616.0,44481.1,44507.1,3048.0
20260818.0,2315.0,44509.1,44524.0,44415.1,44479.1,2500.0
20260818.0,2330.0,44476.1,44530.0,44455.1,44515.1,1624.0
20260818.0,2345.0,44511.1,44539.0,44461.1,44507.1,1170.0
20260819.0,0.0,44509.1,44575.0,44507.1,44574.0,1204.0
20260819.0,15.0,44574.0,44579.0,44521.1,44528.1,638.0
20260819.0,30.0,44531.1,44534.0,44465.1,44467.1,604.0
20260819.0,45.0,44467.1,44518.0,44467.1,44502.1,490.0
20260819.0,100.0,44504.1,44591.0,44495.1,44577.0,1034.0
20260819.0,115.0,44569.0,44584.0,44540.1,44573.0,614.0
20260819.0,130.0,44577.0,44577.0,44543.1,44571.0,262.0
20260819.0,145.0,44567.0,44598.0,44558.1,44576.0,496.0
20260819.0,200.0,44576.0,44584.0,44499.1,44510.1,518.0
20260819.0,215.0,44503.1,44505.0,44428.1,44471.1,582.0
20260819.0,230.0,44476.1,44554.0,44471.1,44547.1,586.0
20260819.0,245.0,44546.1,44566.0,44523.1,44531.1,282.0
20260819.0,300.0,44540.1,44564.0,44520.1,44538.1,202.0
20260819.0,315.0,44537.1,44574.0,44530.1,44573.0,334.0
20260819.0,330.0,44572.0,44614.0,44543.1,44604.0,418.0
20260819.0,345.0,44599.0,44627.0,44585.1,44625.0,384.0
20260819.0,400.0,44622.0,44644.0,44576.1,44588.0,446.0
20260819.0,415.0,44599.0,44601.0,44552.1,44552.1,138.0
20260819.0,430.0,44553.1,44558.0,44534.1,44546.1,136.0
20260819.0,445.0,44541.1,44561.0,44531.1,44554.1,200.0
20260819.0,500.0,44554.1,44559.0,44509.1,44518.1,326.0
20260819.0,900.0,44402.1,44434.0,44199.2,44335.1,4534.0
20260819.0,915.0,44324.1,44559.0,44231.2,44502.1,7628.0
20260819.0,930.0,44512.1,44747.0,44482.1,44707.0,6550.0
20260819.0,945.0,44705.0,44792.0,44625.1,44739.0,4448.0
20260819.0,1000.0,44739.0,44768.0,44652.1,44747.0,2994.0
20260819.0,1015.0,44747.0,44756.0,44515.1,44545.1,3622.0
20260819.0,1030.0,44540.1,44720.0,44527.1,44703.0,5174.0
20260819.0,1045.0,44708.0,44717.0,44560.1,44580.0,2718.0
20260819.0,1100.0,44580.0,44713.0,44580.1,44695.0,2220.0
20260819.0,1115.0,44696.0,44783.0,44672.1,44730.0,2356.0
20260819.0,1130.0,44729.0,44814.9,44711.1,44751.0,2072.0
20260819.0,1145.0,44743.0,44839.9,44741.1,44803.0,2402.0
20260819.0,1200.0,44803.0,44872.0,44792.0,44819.0,1904.0
20260819.0,1215.0,44817.0,44823.0,44637.0,44637.0,2970.0
20260819.0,1230.0,44639.0,44760.0,44630.0,44674.0,1894.0
20260819.0,1245.0,44673.0,44688.0,44572.0,44582.0,2664.0
20260819.0,1300.0,44584.0,44670.0,44503.0,44659.0,3384.0
20260819.0,1315.0,44654.0,44777.0,44608.0,44613.0,4732.0
20260819.0,1330.0,44608.0,44674.0,44537.0,44666.0,5454.0
20260819.0,1345.0,44670.0,44683.0,44481.0,44528.0,9380.0
20260819.0,1515.0,44631.0,44699.0,44560.0,44673.0,3760.0
20260819.0,1530.0,44670.0,44763.0,44632.0,44752.0,2024.0
20260819.0,1545.0,44755.0,44807.0,44697.0,44731.0,2040.0
20260819.0,1600.0,44732.0,44793.0,44716.0,44793.0,1098.0
20260819.0,1615.0,44787.0,44962.0,44743.0,44900.0,3504.0
20260819.0,1630.0,44898.0,44943.0,44875.0,44920.0,1148.0
20260819.0,1645.0,44923.0,44956.0,44890.0,44937.0,790.0
20260819.0,1700.0,44938.0,44951.0,44874.0,44893.0,792.0
20260819.0,1715.0,44887.0,44946.0,44857.0,44865.0,1302.0
20260819.0,1730.0,44861.0,44862.0,44802.0,44817.0,1014.0
20260819.0,1745.0,44819.0,44855.0,44788.0,44790.0,874.0
20260819.0,1800.0,44788.0,44842.0,44785.0,44819.0,760.0
20260819.0,1815.0,44820.0,44853.0,44753.0,44850.0,1868.0
20260819.0,1830.0,44847.0,44850.0,44758.0,44799.0,2178.0
20260819.0,1845.0,44800.0,44830.0,44764.0,44817.0,776.0
20260819.0,1900.0,44825.0,44856.0,44780.0,44800.0,684.0
20260819.0,1915.0,44799.0,44892.0,44785.0,44834.0,696.0
20260819.0,1930.0,44833.0,44868.0,44822.0,44840.0,302.0
20260819.0,1945.0,44832.0,44840.0,44768.0,44776.0,718.0
20260819.0,2000.0,44771.0,44818.0,44768.0,44816.0,438.0
20260819.0,2015.0,44815.0,44860.0,44784.0,44855.0,724.0
20260819.0,2030.0,44858.0,44924.0,44856.0,44897.0,1512.0
20260819.0,2045.0,44899.0,45086.0,44840.0,45083.0,5046.0
20260819.0,2100.0,45086.0,45164.0,45086.0,45158.0,2910.0
20260819.0,2115.0,45157.0,45196.0,45107.0,45180.0,1778.0
20260819.0,2130.0,45178.0,45185.0,45118.0,45135.0,992.0
20260819.0,2145.0,45139.0,45176.0,44945.0,44997.0,5572.0
20260819.0,2200.0,44997.0,45030.0,44677.0,44777.0,7366.0
20260819.0,2215.0,44776.0,44793.0,44573.0,44604.0,5258.0
20260819.0,2230.0,44605.0,44750.0,44538.0,44749.0,4060.0
20260819.0,2245.0,44745.0,44864.0,44736.0,44825.0,3438.0
20260819.0,2300.0,44820.0,44871.0,44766.0,44871.0,1958.0
20260819.0,2315.0,44872.0,44876.0,44785.0,44850.0,1204.0
20260819.0,2330.0,44847.0,44855.0,44799.0,44818.0,656.0
20260819.0,2345.0,44825.0,44827.0,44754.0,44824.0,1082.0
20260820.0,0.0,44815.0,44839.0,44772.0,44812.0,768.0
20260820.0,15.0,44809.0,44959.0,44776.0,44937.0,1834.0
20260820.0,30.0,44939.0,44972.0,44862.0,44871.0,746.0
20260820.0,45.0,44872.0,44928.0,44835.0,44888.0,1242.0
20260820.0,100.0,44890.0,44890.0,44810.0,44823.0,848.0
20260820.0,115.0,44820.0,44832.0,44777.0,44803.0,786.0
20260820.0,130.0,44801.0,44804.0,44724.0,44761.0,658.0
20260820.0,145.0,44760.0,44788.0,44739.0,44764.0,362.0
20260820.0,200.0,44761.0,44784.0,44736.0,44768.0,378.0
20260820.0,215.0,44779.0,44844.0,44692.0,44705.0,1198.0
20260820.0,230.0,44709.0,44744.0,44646.0,44742.0,680.0
20260820.0,245.0,44748.0,44815.0,44748.0,44793.0,578.0
20260820.0,300.0,44778.0,44788.0,44750.0,44772.0,150.0
20260820.0,315.0,44768.0,44788.0,44749.0,44772.0,138.0
20260820.0,330.0,44763.0,44825.0,44756.0,44800.0,266.0
20260820.0,345.0,44804.0,44830.0,44736.0,44742.0,316.0
20260820.0,400.0,44736.0,44747.0,44696.0,44731.0,590.0
20260820.0,415.0,44734.0,44754.0,44709.0,44719.0,432.0
20260820.0,430.0,44717.0,44717.0,44697.0,44705.0,178.0
20260820.0,445.0,44708.0,44720.0,44702.0,44720.0,216.0
20260820.0,500.0,44716.0,44802.0,44713.0,44802.0,384.0
20260820.0,900.0,44950.0,45122.0,44904.0,45103.0,8444.0
20260820.0,915.0,45105.0,45109.0,44780.0,44827.0,11730.0
20260820.0,930.0,44827.0,44911.0,44672.0,44699.0,8606.0
20260820.0,945.0,44701.0,44814.0,44606.0,44757.0,8004.0
20260820.0,1000.0,44757.0,44766.0,44598.0,44672.0,5692.0
20260820.0,1015.0,44671.0,44854.0,44656.0,44737.0,6632.0
20260820.0,1030.0,44734.0,44746.0,44555.0,44668.0,5522.0
20260820.0,1045.0,44663.0,44795.0,44623.0,44704.0,3426.0
20260820.0,1100.0,44696.0,44701.0,44448.0,44637.0,7094.0
20260820.0,1115.0,44643.0,44709.0,44607.0,44658.0,3636.0
20260820.0,1130.0,44654.0,44713.0,44593.0,44606.0,2582.0
20260820.0,1145.0,44604.0,44627.0,44502.0,44610.0,3440.0
20260820.0,1200.0,44609.0,44670.0,44574.0,44601.0,2596.0
20260820.0,1215.0,44600.0,44788.0,44577.0,44781.0,4010.0
20260820.0,1230.0,44783.0,44836.0,44745.0,44751.0,3758.0
20260820.0,1245.0,44751.0,44760.0,44660.0,44726.0,2680.0
20260820.0,1300.0,44726.0,44735.0,44681.0,44689.0,2276.0
20260820.0,1315.0,44690.0,44758.0,44656.0,44742.0,3070.0
20260820.0,1330.0,44744.0,44958.0,44740.0,44869.0,7280.0
20260820.0,1345.0,44870.0,44939.0,44835.0,44868.0,6950.0
20260820.0,1515.0,44982.0,45000.0,44854.0,44908.0,2232.0
20260820.0,1530.0,44907.0,44920.0,44807.0,44862.0,1684.0
20260820.0,1545.0,44858.0,44896.0,44792.0,44848.0,1116.0
20260820.0,1600.0,44850.0,44905.0,44827.0,44827.0,740.0
20260820.0,1615.0,44820.0,44865.0,44733.0,44778.0,1946.0
20260820.0,1630.0,44775.0,44800.0,44680.0,44695.0,1308.0
20260820.0,1645.0,44694.0,44706.0,44612.0,44680.0,1822.0
20260820.0,1700.0,44678.0,44694.0,44628.0,44648.0,1124.0
20260820.0,1715.0,44657.0,44743.0,44648.0,44724.0,1226.0
20260820.0,1730.0,44724.0,44760.0,44705.0,44706.0,724.0
20260820.0,1745.0,44707.0,44711.0,44645.0,44697.0,1170.0
20260820.0,1800.0,44701.0,44740.0,44680.0,44705.0,534.0
20260820.0,1815.0,44705.0,44763.0,44667.0,44744.0,832.0
20260820.0,1830.0,44742.0,44746.0,44693.0,44710.0,480.0
20260820.0,1845.0,44709.0,44745.0,44675.0,44687.0,556.0
20260820.0,1900.0,44691.0,44745.0,44689.0,44744.0,400.0
20260820.0,1915.0,44746.0,44777.0,44635.0,44669.0,1096.0
20260820.0,1930.0,44676.0,44688.0,44523.0,44523.0,2080.0
20260820.0,1945.0,44528.0,44616.0,44528.0,44579.0,1266.0
20260820.0,2000.0,44579.0,44579.0,44487.0,44506.0,2018.0
20260820.0,2015.0,44507.0,44515.0,44321.0,44338.0,3502.0
20260820.0,2030.0,44330.0,44388.0,44316.0,44338.0,1510.0
20260820.0,2045.0,44335.0,44437.0,44261.0,44430.0,3144.0
20260820.0,2100.0,44433.0,44528.0,44412.0,44520.0,2320.0
20260820.0,2115.0,44521.0,44565.0,44491.0,44510.0,1946.0
20260820.0,2130.0,44511.0,44551.0,44480.0,44520.0,1058.0
20260820.0,2145.0,44520.0,44792.0,44520.0,44730.0,7638.0
20260820.0,2200.0,44721.0,44750.0,44513.0,44609.0,6044.0
20260820.0,2215.0,44611.0,44780.0,44588.0,44733.0,3444.0
20260820.0,2230.0,44728.0,44811.0,44630.0,44747.0,3884.0
20260820.0,2245.0,44746.0,44900.0,44736.0,44875.0,3240.0
20260820.0,2300.0,44876.0,44882.0,44770.0,44847.0,2024.0
20260820.0,2315.0,44847.0,44948.0,44753.0,44808.0,3812.0
20260820.0,2330.0,44810.0,44815.0,44684.0,44760.0,1920.0
20260820.0,2345.0,44762.0,44768.0,44629.0,44636.0,2202.0
20260821.0,0.0,44632.0,44734.0,44615.0,44724.0,1414.0
20260821.0,15.0,44728.0,44745.0,44686.0,44703.0,1110.0
20260821.0,30.0,44699.0,44775.0,44695.0,44754.0,746.0
20260821.0,45.0,44736.0,44792.0,44691.0,44792.0,608.0
20260821.0,100.0,44784.0,44827.0,44769.0,44823.0,650.0
20260821.0,115.0,44819.0,44831.0,44760.0,44776.0,402.0
20260821.0,130.0,44770.0,44771.0,44731.0,44738.0,418.0
20260821.0,145.0,44741.0,44750.0,44717.0,44742.0,420.0
20260821.0,200.0,44740.0,44809.0,44737.0,44782.0,436.0
20260821.0,215.0,44765.0,44774.0,44650.0,44667.0,780.0
20260821.0,230.0,44668.0,44730.0,44625.0,44717.0,488.0
20260821.0,245.0,44706.0,44706.0,44650.0,44677.0,188.0
20260821.0,300.0,44677.0,44725.0,44677.0,44694.0,220.0
20260821.0,315.0,44693.0,44758.0,44690.0,44736.0,320.0
20260821.0,330.0,44741.0,44803.0,44734.0,44788.0,320.0
20260821.0,345.0,44783.0,44817.0,44764.0,44770.0,284.0
20260821.0,400.0,44770.0,44825.0,44758.0,44817.0,596.0
20260821.0,415.0,44815.0,44828.0,44767.0,44772.0,412.0
20260821.0,430.0,44771.0,44820.0,44760.0,44805.0,102.0
20260821.0,445.0,44807.0,44853.0,44803.0,44833.0,262.0
20260821.0,500.0,44837.0,44843.0,44777.0,44804.0,318.0
20260821.0,900.0,44887.0,45073.0,44833.0,44836.0,9002.0
20260821.0,915.0,44835.0,44900.0,44566.0,44846.0,13210.0
20260821.0,930.0,44843.0,44979.0,44771.0,44900.0,8240.0
20260821.0,945.0,44897.0,45017.0,44875.0,45016.0,4596.0
20260821.0,1000.0,45017.0,45154.0,44888.0,44992.0,8632.0
20260821.0,1015.0,44991.0,45099.0,44927.0,45074.0,3952.0
20260821.0,1030.0,45081.0,45186.0,45065.0,45159.0,4364.0
20260821.0,1045.0,45155.0,45246.0,45118.0,45159.0,6284.0
20260821.0,1100.0,45159.0,45294.0,45153.0,45258.0,3554.0
20260821.0,1115.0,45257.0,45266.0,45071.0,45081.0,5378.0
20260821.0,1130.0,45087.0,45132.0,45046.0,45109.0,3226.0
20260821.0,1145.0,45113.0,45207.0,45030.0,45037.0,3490.0
20260821.0,1200.0,45036.0,45081.0,44915.0,45013.0,5516.0
20260821.0,1215.0,45025.0,45123.0,44997.0,45086.0,2912.0
20260821.0,1230.0,45085.0,45097.0,45008.0,45053.0,1680.0
20260821.0,1245.0,45045.0,45090.0,45026.0,45081.0,1588.0
20260821.0,1300.0,45084.0,45154.0,45026.0,45074.0,3302.0
20260821.0,1315.0,45075.0,45134.0,45066.0,45096.0,2414.0
20260821.0,1330.0,45094.0,45141.0,45062.0,45117.0,4134.0
20260821.0,1345.0,45115.0,45166.0,45101.0,45148.0,5388.0
20260821.0,1515.0,45220.0,45283.0,45191.0,45273.0,2178.0
20260821.0,1530.0,45279.0,45392.0,45250.0,45351.0,2950.0
20260821.0,1545.0,45351.0,45422.0,45344.0,45386.0,1730.0
20260821.0,1600.0,45387.0,45449.0,45378.0,45448.0,840.0
20260821.0,1615.0,45446.0,45460.0,45340.0,45369.0,2050.0
20260821.0,1630.0,45375.0,45410.0,45320.0,45400.0,1384.0
20260821.0,1645.0,45397.0,45425.0,45386.0,45417.0,566.0
20260821.0,1700.0,45418.0,45429.0,45394.0,45407.0,578.0
20260821.0,1715.0,45407.0,45411.0,45308.0,45333.0,1448.0
20260821.0,1730.0,45333.0,45360.0,45313.0,45324.0,816.0
20260821.0,1745.0,45335.0,45382.0,45324.0,45366.0,616.0
20260821.0,1800.0,45367.0,45389.0,45346.0,45346.0,354.0
20260821.0,1815.0,45346.0,45417.0,45331.0,45344.0,804.0
20260821.0,1830.0,45344.0,45363.0,45327.0,45350.0,342.0
20260821.0,1845.0,45349.0,45351.0,45331.0,45337.0,266.0
20260821.0,1900.0,45342.0,45360.0,45337.0,45355.0,240.0
20260821.0,1915.0,45355.0,45375.0,45300.0,45344.0,886.0
20260821.0,1930.0,45352.0,45443.0,45349.0,45428.0,1250.0
20260821.0,1945.0,45427.0,45474.0,45370.0,45439.0,1520.0
20260821.0,2000.0,45442.0,45442.0,45388.0,45398.0,476.0
20260821.0,2015.0,45398.0,45405.0,45359.0,45385.0,612.0
20260821.0,2030.0,45382.0,45408.0,45365.0,45400.0,358.0
20260821.0,2045.0,45404.0,45422.0,45370.0,45422.0,368.0
20260821.0,2100.0,45427.0,45438.0,45375.0,45394.0,792.0
20260821.0,2115.0,45393.0,45409.0,45353.0,45360.0,472.0
20260821.0,2130.0,45360.0,45388.0,45267.0,45366.0,1890.0
20260821.0,2145.0,45364.0,45398.0,45126.0,45173.0,6130.0
20260821.0,2200.0,45170.0,45276.0,45108.0,45190.0,3920.0
20260821.0,2215.0,45188.0,45203.0,45011.0,45024.0,3658.0
20260821.0,2230.0,45021.0,45119.0,44978.0,45075.0,3830.0
20260821.0,2245.0,45071.0,45096.0,44985.0,45039.0,1606.0
20260821.0,2300.0,45050.0,45083.0,44999.0,45032.0,1484.0
20260821.0,2315.0,45038.0,45106.0,45016.0,45081.0,1392.0
20260821.0,2330.0,45077.0,45110.0,45044.0,45110.0,918.0
20260821.0,2345.0,45106.0,45248.0,45093.0,45212.0,2550.0
20260822.0,0.0,45212.0,45248.0,45165.0,45175.0,1388.0
20260822.0,15.0,45172.0,45176.0,45092.0,45098.0,1048.0
20260822.0,30.0,45098.0,45190.0,45085.0,45112.0,1250.0
20260822.0,45.0,45118.0,45133.0,45095.0,45125.0,334.0
20260822.0,100.0,45125.0,45125.0,45064.0,45111.0,626.0
20260822.0,115.0,45112.0,45115.0,45085.0,45088.0,376.0
20260822.0,130.0,45093.0,45093.0,45029.0,45070.0,594.0
20260822.0,145.0,45077.0,45106.0,45066.0,45096.0,368.0
20260822.0,200.0,45098.0,45124.0,45090.0,45104.0,312.0
20260822.0,215.0,45102.0,45129.0,45085.0,45085.0,362.0
20260822.0,230.0,45086.0,45120.0,45076.0,45076.0,186.0
20260822.0,245.0,45078.0,45087.0,45059.0,45075.0,168.0
20260822.0,300.0,45075.0,45105.0,45071.0,45105.0,180.0
20260822.0,315.0,45108.0,45119.0,45075.0,45082.0,330.0
20260822.0,330.0,45076.0,45093.0,45071.0,45075.0,154.0
20260822.0,345.0,45077.0,45086.0,45050.0,45055.0,368.0
20260822.0,400.0,45051.0,45106.0,45013.0,45028.0,888.0
20260822.0,415.0,45032.0,45053.0,45015.0,45043.0,312.0
20260822.0,430.0,45056.0,45058.0,45020.0,45034.0,158.0
20260822.0,445.0,45035.0,45050.0,45027.0,45038.0,308.0
20260822.0,500.0,45035.0,45074.0,45000.0,45074.0,806.0
20260824.0,900.0,45032.0,45230.0,45022.0,45214.0,6368.0
20260824.0,915.0,45213.0,45242.0,45079.0,45181.0,7896.0
20260824.0,930.0,45192.0,45283.0,45156.0,45202.0,5724.0
20260824.0,945.0,45189.0,45292.0,45110.0,45227.0,4816.0
20260824.0,1000.0,45227.0,45280.0,44883.0,44899.0,7882.0
20260824.0,1015.0,44896.0,45054.0,44809.0,45035.0,9936.0
20260824.0,1030.0,45033.0,45080.0,44969.0,45042.0,2970.0
20260824.0,1045.0,45041.0,45113.0,45021.0,45079.0,2754.0
20260824.0,1100.0,45087.0,45122.0,45012.0,45121.0,2132.0
20260824.0,1115.0,45118.0,45130.0,44955.0,44970.0,2708.0
20260824.0,1130.0,44971.0,44983.0,44893.0,44915.0,2334.0
20260824.0,1145.0,44915.0,44962.0,44879.0,44893.0,2310.0
20260824.0,1200.0,44892.0,44926.0,44855.0,44880.0,1902.0
20260824.0,1215.0,44885.0,44945.0,44854.0,44943.0,1726.0
20260824.0,1230.0,44947.0,44960.0,44861.0,44904.0,1618.0
20260824.0,1245.0,44907.0,44949.0,44875.0,44935.0,1474.0
20260824.0,1300.0,44937.0,44946.0,44846.0,44856.0,1864.0
20260824.0,1315.0,44854.0,44884.0,44765.0,44883.0,5812.0
20260824.0,1330.0,44883.0,44885.0,44695.0,44717.0,5912.0
20260824.0,1345.0,44716.0,44812.0,44609.0,44762.0,8108.0
20260824.0,1515.0,44658.0,44762.0,44658.0,44746.0,1648.0
20260824.0,1530.0,44746.0,44772.0,44700.0,44708.0,676.0
20260824.0,1545.0,44705.0,44768.0,44672.0,44674.0,768.0
20260824.0,1600.0,44679.0,44703.0,44633.0,44649.0,872.0
20260824.0,1615.0,44655.0,44744.0,44533.0,44688.0,2542.0
20260824.0,1630.0,44682.0,44748.0,44656.0,44714.0,1078.0
20260824.0,1645.0,44712.0,44794.0,44688.0,44779.0,882.0
20260824.0,1700.0,44776.0,44800.0,44742.0,44742.0,702.0
20260824.0,1715.0,44742.0,44805.0,44736.0,44787.0,546.0
20260824.0,1730.0,44783.0,44789.0,44755.0,44786.0,268.0
20260824.0,1745.0,44790.0,44865.0,44790.0,44845.0,940.0
20260824.0,1800.0,44847.0,44892.0,44835.0,44848.0,906.0
20260824.0,1815.0,44848.0,44893.0,44837.0,44847.0,724.0
20260824.0,1830.0,44841.0,44875.0,44800.0,44825.0,826.0
20260824.0,1845.0,44822.0,44852.0,44790.0,44800.0,536.0
20260824.0,1900.0,44796.0,44800.0,44770.0,44786.0,434.0
20260824.0,1915.0,44778.0,44792.0,44744.0,44773.0,550.0
20260824.0,1930.0,44770.0,44817.0,44765.0,44787.0,444.0
20260824.0,1945.0,44791.0,45015.0,44791.0,44931.0,2986.0
20260824.0,2000.0,44927.0,44932.0,44866.0,44916.0,888.0
20260824.0,2015.0,44910.0,44915.0,44862.0,44878.0,530.0
20260824.0,2030.0,44873.0,44899.0,44856.0,44895.0,394.0
20260824.0,2045.0,44895.0,44930.0,44777.0,44872.0,2476.0
20260824.0,2100.0,44879.0,44907.0,44809.0,44811.0,896.0
20260824.0,2115.0,44815.0,44834.0,44779.0,44799.0,812.0
20260824.0,2130.0,44796.0,44830.0,44778.0,44786.0,628.0
20260824.0,2145.0,44782.0,44794.0,44406.0,44413.0,7494.0
20260824.0,2200.0,44418.0,44471.0,44310.0,44408.0,4786.0
20260824.0,2215.0,44411.0,44420.0,44301.0,44353.0,2720.0
20260824.0,2230.0,44356.0,44411.0,44311.0,44391.0,1994.0
20260824.0,2245.0,44394.0,44470.0,44383.0,44404.0,2266.0
20260824.0,2300.0,44395.0,44433.0,44375.0,44385.0,632.0
20260824.0,2315.0,44380.0,44391.0,44270.0,44302.0,2176.0
20260824.0,2330.0,44304.0,44578.0,44303.0,44528.0,3752.0
20260824.0,2345.0,44533.0,44583.0,44500.0,44556.0,3152.0
20260825.0,0.0,44561.0,44616.0,44497.0,44546.0,1594.0
20260825.0,15.0,44550.0,44575.0,44520.0,44540.0,900.0
20260825.0,30.0,44542.0,44634.0,44542.0,44586.0,1062.0
20260825.0,45.0,44590.0,44599.0,44519.0,44529.0,486.0
20260825.0,100.0,44532.0,44540.0,44508.0,44518.0,334.0
20260825.0,115.0,44516.0,44612.0,44503.0,44582.0,872.0
20260825.0,130.0,44583.0,44601.0,44513.0,44515.0,748.0
20260825.0,145.0,44512.0,44518.0,44473.0,44480.0,498.0
20260825.0,200.0,44476.0,44494.0,44462.0,44471.0,292.0
20260825.0,215.0,44472.0,44581.0,44472.0,44581.0,658.0
20260825.0,230.0,44581.0,44654.0,44559.0,44644.0,678.0
20260825.0,245.0,44641.0,44656.0,44596.0,44620.0,246.0
20260825.0,300.0,44610.0,44613.0,44600.0,44604.0,122.0
20260825.0,315.0,44602.0,44621.0,44598.0,44606.0,242.0
20260825.0,330.0,44600.0,44600.0,44560.0,44587.0,248.0
20260825.0,345.0,44585.0,44602.0,44535.0,44546.0,436.0
20260825.0,400.0,44540.0,44540.0,44453.0,44512.0,686.0
20260825.0,415.0,44516.0,44526.0,44490.0,44500.0,238.0
20260825.0,430.0,44495.0,44525.0,44489.0,44499.0,182.0
20260825.0,445.0,44500.0,44530.0,44500.0,44524.0,92.0
20260825.0,500.0,44526.0,44538.0,44509.0,44532.0,286.0
20260825.0,900.0,44488.0,44500.0,44368.0,44383.0,6146.0
20260825.0,915.0,44390.0,44439.0,44173.0,44332.0,13656.0
20260825.0,930.0,44330.0,44407.0,44146.0,44227.0,8294.0
20260825.0,945.0,44233.0,44460.0,44201.0,44359.0,7992.0
20260825.0,1000.0,44362.0,44495.0,44333.0,44345.0,5920.0
20260825.0,1015.0,44345.0,44382.0,44235.0,44355.0,4602.0
20260825.0,1030.0,44355.0,44424.0,44300.0,44366.0,3460.0
20260825.0,1045.0,44362.0,44433.0,44322.0,44338.0,3676.0
20260825.0,1100.0,44330.0,44330.0,44206.0,44220.0,4678.0
20260825.0,1115.0,44227.0,44401.0,44221.0,44352.0,3196.0
20260825.0,1130.0,44361.0,44525.0,44350.0,44494.0,4170.0
20260825.0,1145.0,44494.0,44609.0,44463.0,44510.0,5444.0
20260825.0,1200.0,44509.0,44520.0,44392.0,44447.0,3724.0
20260825.0,1215.0,44452.0,44680.0,44427.0,44677.0,4926.0
20260825.0,1230.0,44673.0,44746.0,44629.0,44685.0,4488.0
20260825.0,1245.0,44686.0,44846.0,44654.0,44799.0,4792.0
20260825.0,1300.0,44804.0,44853.0,44721.0,44836.0,3152.0
20260825.0,1315.0,44835.0,44950.0,44812.0,44906.0,4516.0
20260825.0,1330.0,44912.0,45052.0,44912.0,45048.0,5520.0
20260825.0,1345.0,45048.0,45095.0,45001.0,45027.0,7842.0
20260825.0,1515.0,45093.0,45150.0,45070.0,45115.0,2358.0
20260825.0,1530.0,45112.0,45129.0,45068.0,45087.0,888.0
20260825.0,1545.0,45086.0,45115.0,45070.0,45111.0,480.0
20260825.0,1600.0,45111.0,45114.0,45047.0,45060.0,726.0
20260825.0,1615.0,45060.0,45095.0,45020.0,45038.0,870.0
20260825.0,1630.0,45033.0,45238.0,45033.0,45144.0,3350.0
20260825.0,1645.0,45140.0,45169.0,45108.0,45146.0,956.0
20260825.0,1700.0,45143.0,45209.0,45142.0,45202.0,804.0
20260825.0,1715.0,45201.0,45247.0,45181.0,45228.0,1438.0
20260825.0,1730.0,45231.0,45255.0,45219.0,45225.0,730.0
20260825.0,1745.0,45225.0,45314.0,45217.0,45256.0,2344.0
20260825.0,1800.0,45257.0,45338.0,45256.0,45291.0,1190.0
20260825.0,1815.0,45290.0,45297.0,45259.0,45270.0,674.0
20260825.0,1830.0,45269.0,45272.0,45255.0,45255.0,308.0
20260825.0,1845.0,45257.0,45263.0,45234.0,45234.0,390.0
20260825.0,1900.0,45241.0,45278.0,45240.0,45257.0,368.0
20260825.0,1915.0,45255.0,45262.0,45192.0,45231.0,890.0
20260825.0,1930.0,45227.0,45242.0,45205.0,45219.0,440.0
20260825.0,1945.0,45235.0,45252.0,45218.0,45247.0,368.0
20260825.0,2000.0,45249.0,45292.0,45244.0,45285.0,598.0
20260825.0,2015.0,45284.0,45308.0,45270.0,45302.0,632.0
20260825.0,2030.0,45299.0,45337.0,45269.0,45283.0,646.0
20260825.0,2045.0,45283.0,45287.0,45235.0,45251.0,768.0
20260825.0,2100.0,45256.0,45270.0,45248.0,45251.0,384.0
20260825.0,2115.0,45250.0,45260.0,45210.0,45240.0,898.0
20260825.0,2130.0,45237.0,45249.0,45179.0,45194.0,836.0
20260825.0,2145.0,45192.0,45370.0,45176.0,45310.0,5080.0
20260825.0,2200.0,45325.0,45417.0,45259.0,45295.0,4502.0
20260825.0,2215.0,45299.0,45317.0,45209.0,45247.0,2826.0
20260825.0,2230.0,45244.0,45277.0,45178.0,45213.0,1900.0
20260825.0,2245.0,45209.0,45336.0,45113.0,45266.0,3914.0
20260825.0,2300.0,45263.0,45322.0,45263.0,45281.0,1144.0
20260825.0,2315.0,45284.0,45288.0,45252.0,45273.0,628.0
20260825.0,2330.0,45275.0,45320.0,45251.0,45319.0,1012.0
20260825.0,2345.0,45320.0,45370.0,45295.0,45299.0,2444.0
20260826.0,0.0,45297.0,45301.0,45269.0,45286.0,550.0
20260826.0,15.0,45287.0,45351.0,45283.0,45344.0,664.0
20260826.0,30.0,45344.0,45360.0,45338.0,45339.0,480.0
20260826.0,45.0,45343.0,45345.0,45301.0,45310.0,332.0
20260826.0,100.0,45303.0,45335.0,45285.0,45309.0,738.0
20260826.0,115.0,45311.0,45317.0,45240.0,45267.0,1138.0
20260826.0,130.0,45260.0,45279.0,45252.0,45266.0,232.0
20260826.0,145.0,45265.0,45311.0,45259.0,45294.0,308.0
20260826.0,200.0,45292.0,45312.0,45290.0,45307.0,148.0
20260826.0,215.0,45299.0,45312.0,45282.0,45297.0,136.0
20260826.0,230.0,45297.0,45320.0,45297.0,45312.0,132.0
20260826.0,245.0,45312.0,45364.0,45312.0,45361.0,454.0
20260826.0,300.0,45361.0,45380.0,45349.0,45355.0,360.0
20260826.0,315.0,45356.0,45381.0,45340.0,45340.0,258.0
20260826.0,330.0,45340.0,45345.0,45314.0,45333.0,200.0
20260826.0,345.0,45329.0,45359.0,45318.0,45334.0,206.0
20260826.0,400.0,45330.0,45403.0,45321.0,45380.0,556.0
20260826.0,415.0,45390.0,45448.0,45372.0,45437.0,1102.0
20260826.0,430.0,45438.0,45470.0,45429.0,45450.0,546.0
20260826.0,445.0,45452.0,45468.0,45446.0,45451.0,220.0
20260826.0,500.0,45450.0,45450.0,45425.0,45437.0,452.0
20260826.0,900.0,45285.0,45289.0,44933.0,44936.0,11102.0
20260826.0,915.0,44937.0,45152.0,44865.0,45085.0,10688.0
20260826.0,930.0,45083.0,45136.0,44949.0,45080.0,5688.0
20260826.0,945.0,45084.0,45246.0,45050.0,45231.0,7674.0
20260826.0,1000.0,45223.0,45426.0,45144.0,45398.0,7752.0
20260826.0,1015.0,45394.0,45420.0,45243.0,45380.0,5542.0
20260826.0,1030.0,45380.0,45614.0,45359.0,45605.0,8308.0
20260826.0,1045.0,45606.0,45827.0,45581.0,45821.0,7000.0
20260826.0,1100.0,45820.0,45877.0,45791.0,45838.0,5900.0
20260826.0,1115.0,45841.0,45887.0,45788.0,45879.0,3954.0
20260826.0,1130.0,45881.0,45910.0,45802.0,45817.0,3118.0
20260826.0,1145.0,45819.0,45917.0,45816.0,45855.0,2780.0
20260826.0,1200.0,45858.0,45958.0,45850.0,45920.0,3566.0
20260826.0,1215.0,45923.0,45951.0,45882.0,45931.0,2500.0
20260826.0,1230.0,45933.0,45934.0,45870.0,45896.0,1912.0
20260826.0,1245.0,45898.0,45940.0,45892.0,45926.0,2724.0
20260826.0,1300.0,45926.0,45929.0,45863.0,45889.0,3016.0
20260826.0,1315.0,45891.0,45980.0,45889.0,45916.0,4582.0
20260826.0,1330.0,45917.0,45939.0,45833.0,45892.0,6504.0
20260826.0,1345.0,45896.0,46027.0,45886.0,46011.0,11148.0
20260826,1515,46002,46060,45987,46033,2402
20260826,1530,46033,46045,45963,45972,950
20260826,1545,45977,45998,45953,45996,828
20260826,1600,45994,46017,45972,46006,714
20260826,1615,46005,46111,45987,46039,2534
20260826,1630,46040,46099,46026,46088,1558
20260826,1645,46088,46142,46062,46133,1248
20260826,1700,46135,46135,46063,46094,1090
20260826,1715,46095,46099,46066,46084,572
20260826,1730,46084,46092,46042,46053,826
20260826,1745,46057,46104,46057,46080,326
20260826,1800,46082,46093,46076,46087,150
20260826,1815,46084,46084,46021,46023,726
20260826,1830,46027,46055,46023,46046,366
20260826,1845,46044,46078,46025,46056,422
20260826,1900,46058,46075,46050,46062,226
20260826,1915,46063,46112,46063,46085,630
20260826,1930,46085,46129,46047,46072,800
20260826,1945,46070,46086,46011,46038,774
20260826,2000,46028,46037,45990,46019,842
20260826,2015,46019,46040,46006,46033,362
20260826,2030,46028,46094,45996,46093,656
20260826,2045,46090,46095,45922,45943,2518
20260826,2100,45943,45970,45849,45902,2314
20260826,2115,45894,45940,45858,45938,1156
20260826,2130,45939,45947,45900,45946,666
20260826,2145,45952,46062,45944,46013,3760
20260826,2200,46014,46040,45970,46015,1512
20260826,2215,46017,46017,45868,45903,1704
20260826,2230,45905,45924,45795,45810,2938
20260826,2245,45809,45885,45802,45867,1482
20260826,2300,45864,45881,45828,45847,874
20260826,2315,45848,45887,45835,45840,806
20260826,2330,45840,45860,45790,45847,1266
20260826,2345,45848,45895,45827,45889,898
20260827,0,45886,45898,45827,45833,1160
20260827,15,45832,45836,45776,45786,1140
20260827,30,45790,45833,45772,45810,544
20260827,45,45814,45820,45766,45775,410
20260827,100,45780,45821,45772,45816,422
20260827,115,45815,45853,45812,45853,490
20260827,130,45853,45891,45853,45878,518
20260827,145,45878,45923,45863,45897,644
20260827,200,45897,45909,45885,45898,240
20260827,215,45901,45910,45875,45882,270
20260827,230,45879,45900,45876,45894,224
20260827,245,45891,45912,45886,45894,272
20260827,300,45893,45933,45892,45905,332
20260827,315,45912,45951,45908,45924,328
20260827,330,45924,45952,45906,45931,234
20260827,345,45923,45927,45893,45895,178
20260827,400,45895,45917,45856,45873,418
20260827,415,45877,45944,45871,45924,464
20260827,430,45928,45964,45809,45843,1890
20260827,445,45849,45909,45838,45879,330
20260827,500,45881,45993,45875,45993,710
20260827,900,46175,46239,46092,46203,9364
20260827,915,46201,46420,46076,46127,13374
20260827,930,46123,46323,46091,46266,6748
20260827,945,46268,46448,46219,46232,7664
20260827,1000,46235,46434,46234,46353,4724
20260827,1015,46351,46494,46318,46455,6036
20260827,1030,46456,46495,46398,46435,4010
20260827,1045,46439,46517,46339,46380,4724
20260827,1100,46385,46459,46360,46384,2942
20260827,1115,46390,46421,46342,46397,2534
20260827,1130,46398,46413,46357,46357,1828
20260827,1145,46366,46409,46345,46368,1776
20260827,1200,46369,46397,46296,46371,2942
20260827,1215,46370,46396,46284,46294,2266
20260827,1230,46299,46355,46210,46219,2832
20260827,1245,46216,46248,46137,46143,4152
20260827,1300,46147,46230,46075,46129,4700
20260827,1315,46130,46178,46072,46129,4236
20260827,1330,46127,46131,46008,46073,5496
20260827,1345,46077,46098,46006,46078,9140
