Date,Time,Open,High,Low,Close,Volume
20260310,1515,33764.6,33938.7,33707,33840.9,6846
20260310,1530,33840.9,34124.2,33836.8,34065.5,6546
20260310,1545,34065.5,34186,34034.6,34138.7,4716
20260310,1600,34143.8,34200.4,34108.8,34185,3338
20260310,1615,34181.9,34265.3,34151.1,34214.9,5238
20260310,1630,34215.9,34291.1,34169.6,34266.4,3222
20260310,1645,34269.5,34329.2,34254.1,34289.1,3412
20260310,1700,34290.1,34305.5,34185.1,34203.6,3428
20260310,1715,34204.6,34318.9,34182,34299.4,2956
20260310,1730,34299.4,34304.5,34222.2,34256.1,2100
20260310,1745,34262.3,34292.1,34240.7,34268.5,1432
20260310,1800,34266.4,34266.4,34139.7,34172.7,2826
20260310,1815,34168.5,34178.8,34108.8,34129.4,2516
20260310,1830,34129.4,34199.4,34077.9,34194.3,2690
20260310,1845,34197.4,34212.8,34008.9,34047,4460
20260310,1900,34052.1,34107.7,33974.9,34091.3,3326
20260310,1915,34090.2,34210.7,34019.2,34028.4,4538
20260310,1930,34021.2,34076.8,33963.5,34052.1,2376
20260310,1945,34057.3,34061.3,33935.7,33963.5,2296
20260310,2000,33968.6,33982,33898.6,33900.6,2490
20260310,2015,33905.8,33911.9,33753.4,33824.4,5988
20260310,2030,33825.4,33879,33776,33839.9,3194
20260310,2045,33837.8,33979.9,33785.3,33952.2,4252
20260310,2100,33949.1,34040.7,33936.8,33947,3206
20260310,2115,33949.1,34016,33942.9,33965.6,1690
20260310,2130,33968.6,34020.1,33947.1,33979,1614
20260310,2145,33976.9,34065.4,33813.1,33934.6,9232
20260310,2200,33930.5,34011.9,33852.3,33892.4,5480
20260310,2215,33896.5,33978.9,33702.9,33800.7,9538
20260310,2230,33798.6,34194.2,33751.3,34090.2,10856
20260310,2245,34087.1,34231.3,34084.1,34224.2,7368
20260310,2300,34223.1,34366.3,34165.5,34342.7,8540
20260310,2315,34340.6,34417.8,34280.9,34282.9,6654
20260310,2330,34283.9,34368.4,34266.5,34325.1,3972
20260310,2345,34325.1,34409.6,34289.1,34366.4,3180
20260311,0,34364.3,34380.7,34295.3,34339.6,2474
20260311,15,34339.6,34343.6,34128.4,34208.7,6768
20260311,30,34207.7,34315.8,34186.1,34251,3050
20260311,45,34251,34352.9,34251,34306.6,2316
20260311,100,34302.5,34355,34221.1,34335.4,1868
20260311,115,34327.2,34495.1,34320,34417.9,4224
20260311,130,34422,34514.7,34413.8,34504.4,1930
20260311,145,34501.3,34512.6,34272.6,34348.8,3712
20260311,200,34351.9,34484.8,34330.3,34465.3,2392
20260311,215,34468.4,34475.5,34240.7,34259.2,2616
20260311,230,34263.3,34269.5,34016.1,34175.7,7170
20260311,245,34181.9,34217.9,34080,34127.3,2808
20260311,300,34122.2,34189.1,34078.9,34092.3,1644
20260311,315,34094.3,34167.4,34062.5,34159.3,1620
20260311,330,34165.4,34209.7,34052.2,34052.1,1962
20260311,345,34055.2,34171.6,33962.5,34031.5,3048
20260311,400,34037.7,34057.2,33985.2,34042.8,1702
20260311,415,34048,34078.8,33999.6,34078.9,946
20260311,430,34068.6,34112.8,34048,34106.7,466
20260311,445,34100.5,34110.8,34077.9,34091.3,312
20260311,500,34091.3,34108.7,34086.2,34108.8,398
20260311,900,34351.9,34476.5,34297.4,34376.7,11682
20260311,915,34374.6,34580.6,34286,34576.5,16900
20260311,930,34577.6,34705.3,34567.3,34647.6,15384
20260311,945,34644.5,34719.7,34577.6,34698.1,8866
20260311,1000,34701.2,34731,34632.2,34704.3,5412
20260311,1015,34701.2,34725.9,34594.1,34667.2,6098
20260311,1030,34666.2,34880.4,34665.2,34834.1,10792
20260311,1045,34834.1,34870.1,34778.5,34866.1,5290
20260311,1100,34868.1,34989.6,34852.7,34972.2,7644
20260311,1115,34972.2,35090.6,34959.9,35088.6,6154
20260311,1130,35089.6,35092.7,34981.5,35024.7,6146
20260311,1145,35024.7,35221.5,35016.5,35148.4,9588
20260311,1200,35149.4,35214.3,35142.2,35185.5,3436
20260311,1215,35190.6,35190.6,35145.3,35183.4,3010
20260311,1230,35184.4,35214.3,35173.1,35175.2,3244
20260311,1245,35174.1,35193.6,35151.5,35164.9,3548
20260311,1300,35161.8,35178.2,35137.1,35160.7,3036
20260311,1315,35160.7,35190.6,35008.3,35056.7,9106
20260311,1330,35058.7,35108.1,35015.5,35082.4,7352
20260311,1345,35085.5,35106.1,35011.4,35015.5,17342
20260311,1515,34971.1,34973.2,34783.7,34906.2,6686
20260311,1530,34911.4,34914.4,34787.8,34815.6,2956
20260311,1545,34818.7,34827.9,34694,34749.6,5128
20260311,1600,34746.5,34858.8,34726,34796,3922
20260311,1615,34803.2,34854.7,34778.5,34848.5,3150
20260311,1630,34846.5,34861.9,34776.5,34796,2020
20260311,1645,34795,34831,34727,34781.6,2560
20260311,1700,34782.6,34799,34649.7,34722.8,4842
20260311,1715,34720.8,34726.9,34593.1,34620.8,4048
20260311,1730,34619.8,34693.9,34573.5,34576.5,2914
20260311,1745,34576.5,34640.4,34562.2,34607.4,2428
20260311,1800,34608.5,34648.6,34531.3,34554.9,2750
20260311,1815,34551.8,34743.4,34544.6,34729,4518
20260311,1830,34731.1,34784.6,34729.1,34764.1,2982
20260311,1845,34766.1,34892.8,34752.8,34880.5,3932
20260311,1900,34880.5,34891.8,34829,34840.3,1686
20260311,1915,34839.3,34874.2,34773.4,34818.7,2484
20260311,1930,34820.7,34844.4,34660,34682.7,3190
20260311,1945,34681.6,34754.7,34676.5,34700.2,1846
20260311,2000,34701.2,34713.5,34615.7,34642.5,3956
20260311,2015,34648.7,34699.1,34621.9,34677.5,1740
20260311,2030,34680.6,34778.4,34662.1,34770.2,2704
20260311,2045,34771.3,34826.9,34572.5,34611.6,5266
20260311,2100,34607.4,34643.5,34558,34630.1,2902
20260311,2115,34635.3,34707.3,34628.1,34637.3,2902
20260311,2130,34643.5,34727.9,34638.4,34728,1854
20260311,2145,34730.1,34850.6,34652.8,34732.1,8464
20260311,2200,34734.2,34868.1,34681.7,34843.4,6288
20260311,2215,34839.3,34959.8,34807.4,34934.1,9574
20260311,2230,34935.1,34952.6,34773.4,34855.8,6534
20260311,2245,34856.8,34948.4,34784.7,34936.1,4900
20260311,2300,34938.2,35024.7,34908.4,35004.1,7190
20260311,2315,35004.1,35037,34834.2,34865,5310
20260311,2330,34867.1,34888.7,34761,34767.1,4472
20260311,2345,34770.2,34809.3,34707.4,34733.1,4204
20260312,0,34730.1,34790.8,34688.9,34719.8,3508
20260312,15,34718.7,34752.7,34637.4,34747.6,4170
20260312,30,34753.8,34759.9,34678.6,34741.4,2456
20260312,45,34742.4,34845.4,34737.3,34801.1,3948
20260312,100,34793.9,34853.6,34787.8,34853.7,1722
20260312,115,34852.7,34881.5,34799.1,34804.2,1794
20260312,130,34805.3,34858.8,34754.8,34838.2,1304
20260312,145,34842.4,34850.6,34609.6,34730.1,3076
20260312,200,34721.8,34788.7,34677.6,34724.9,1154
20260312,215,34730.1,34735.2,34599.3,34660,1664
20260312,230,34657.9,34718.7,34635.3,34704.3,1448
20260312,245,34710.5,34752.7,34703.3,34732.1,888
20260312,300,34733.1,34768.1,34697.1,34732.1,582
20260312,315,34734.2,34737.2,34685.8,34704.3,524
20260312,330,34697.1,34768.1,34697.1,34744.5,284
20260312,345,34749.6,34857.8,34734.2,34856.8,1214
20260312,400,34856.8,34865,34806.3,34825.9,656
20260312,415,34832.1,34843.3,34748.7,34771.3,652
20260312,430,34769.2,34808.3,34769.3,34806.3,128
20260312,445,34808.4,34822.7,34793,34793.9,220
20260312,500,34799.1,34800.1,34725,34729,634
20260312,900,34699.1,34699.1,34484.9,34623.9,14908
20260312,915,34621.9,34738.2,34583.8,34637.3,13130
20260312,930,34637.3,34844.4,34626,34838.2,10912
20260312,945,34833.1,34968,34814.6,34890.8,11396
20260312,1000,34890.8,34925.8,34663.1,34734.2,11900
20260312,1015,34732.1,34733.1,34605.4,34616.7,8366
20260312,1030,34619.8,34692.9,34570.4,34627,7472
20260312,1045,34627,34646.5,34361.2,34408.6,16112
20260312,1100,34408.6,34489.9,34336.5,34462.2,10046
20260312,1115,34460.1,34561,34441.6,34491,7072
20260312,1130,34492.1,34565.2,34486.9,34511.6,4122
20260312,1145,34512.7,34525,34435.4,34476.6,4226
20260312,1200,34477.6,34549.7,34462.2,34524,3472
20260312,1215,34523,34552.8,34441.6,34500.3,3832
20260312,1230,34500.3,34600.2,34477.7,34587.9,3782
20260312,1245,34582.7,34596.1,34417.9,34422,5676
20260312,1300,34425.1,34480.7,34412.8,34442.6,3252
20260312,1315,34442.6,34549.7,34437.5,34531.2,5032
20260312,1330,34535.3,34550.7,34475.6,34493.1,4474
20260312,1345,34493.1,34562.1,34464.3,34546.7,9618
20260312,1515,34649.7,34823.8,34648.7,34714.6,6376
20260312,1530,34712.5,34755.8,34700.2,34728,1710
20260312,1545,34725.9,34727.9,34624,34671.3,2640
20260312,1600,34667.2,34746.5,34628.1,34745.5,2150
20260312,1615,34746.5,34775.3,34707.4,34713.6,2274
20260312,1630,34717.7,34751.6,34679.6,34685.8,1630
20260312,1645,34681.6,34714.5,34632.2,34695,1448
20260312,1700,34699.1,34742.4,34673.4,34717.7,1346
20260312,1715,34720.8,34734.1,34636.3,34643.5,1188
20260312,1730,34642.5,34689.8,34602.3,34684.7,1910
20260312,1745,34689.9,34802.1,34666.2,34786.7,2532
20260312,1800,34791.9,34853.6,34754.8,34847.5,2966
20260312,1815,34850.6,34866,34806.3,34832.1,2346
20260312,1830,34830,34831,34786.8,34799.1,804
20260312,1845,34803.2,34843.3,34790.9,34802.2,982
20260312,1900,34798.1,34823.8,34760,34791.9,986
20260312,1915,34786.7,34792.9,34738.3,34738.3,1192
20260312,1930,34742.4,34801.1,34741.4,34799.1,964
20260312,1945,34801.1,34847.5,34801.2,34826.9,1314
20260312,2000,34820.7,34828.9,34712.6,34717.7,1862
20260312,2015,34727,34736.2,34640.5,34686.8,2670
20260312,2030,34690.9,34721.8,34671.4,34712.5,1086
20260312,2045,34712.5,34717.6,34654.9,34674.4,1538
20260312,2100,34675.4,34679.5,34609.6,34648.7,1878
20260312,2115,34655.9,34704.2,34596.2,34600.2,1878
20260312,2130,34599.2,34610.5,34247.9,34402.4,11382
20260312,2145,34402.4,34486.8,34262.3,34271.6,9828
20260312,2200,34268.5,34268.4,34005.8,34032.5,15504
20260312,2215,34038.7,34166.4,34014,34079.9,10192
20260312,2230,34078.9,34090.2,33779.1,33794.5,12218
20260312,2245,33791.4,33849.1,33706,33816.2,10352
20260312,2300,33810,33927.4,33677.1,33725.5,10548
20260312,2315,33723.4,33754.3,33545.2,33604.9,8388
20260312,2330,33598.8,33779,33562.8,33734.8,7632
20260312,2345,33731.7,33868.7,33661.7,33803.8,9908
20260313,0,33807.9,33835.7,33731.7,33788.3,4684
20260313,15,33791.4,33832.6,33631.8,33737.9,5496
20260313,30,33743,33843.9,33713.2,33725.5,4160
20260313,45,33726.5,33827.4,33703.9,33804.8,3034
20260313,100,33801.7,33814,33713.2,33750.2,2250
20260313,115,33744,33801.7,33722.5,33733.7,1890
20260313,130,33721.4,33767.7,33699.8,33715.2,1598
20260313,145,33712.1,33770.8,33706,33705.9,1250
20260313,200,33709,33716.2,33622.5,33668.8,1700
20260313,215,33670.9,33747.1,33663.7,33729.6,1166
20260313,230,33731.7,33745,33656.5,33672.9,652
20260313,245,33674,33686.3,33580.3,33600.8,1394
20260313,300,33604.9,33643,33571,33576.1,1174
20260313,315,33576.1,33617.3,33490.6,33596.7,3610
20260313,330,33599.8,33702.8,33599.8,33699.7,1566
20260313,345,33695.6,33790.4,33649.3,33687.4,2596
20260313,400,33681.2,33690.4,33567.9,33581.2,1408
20260313,415,33579.2,33641,33510.2,33518.4,1264
20260313,430,33519.4,33552.3,33468,33522.5,1384
20260313,445,33524.6,33546.2,33494.7,33505,606
20260313,500,33504,33518.3,33425.7,33425.7,1568
20260313,900,33654.4,33883.1,33653.4,33866.6,12818
20260313,915,33862.5,34147.9,33851.2,34067.6,22732
20260313,930,34067.6,34264.3,34065.5,34202.5,12708
20260313,945,34202.5,34333.3,34088.2,34139.7,14122
20260313,1000,34140.7,34322,34030.5,34322,14270
20260313,1015,34317.9,34534.2,34312.8,34414.8,16146
20260313,1030,34413.7,34430.2,34226.3,34241.7,10290
20260313,1045,34247.9,34364.2,34235.6,34265.4,5544
20260313,1100,34267.4,34381.8,34258.2,34335.4,4374
20260313,1115,34332.4,34445.6,34307.7,34323.1,5464
20260313,1130,34321,34352.9,34267.5,34314.8,4590
20260313,1145,34312.8,34348.8,34242.8,34337.5,4934
20260313,1200,34333.4,34408.5,34333.4,34364.3,3458
20260313,1215,34364.3,34373.5,34299.4,34299.4,3188
20260313,1230,34303.5,34316.8,34163.4,34181.9,7296
20260313,1245,34184,34260.2,34137.7,34260.2,6942
20260313,1300,34257.1,34315.8,34226.3,34270.5,4638
20260313,1315,34267.4,34300.4,34208.8,34223.1,4664
20260313,1330,34223.1,34332.3,34213.9,34315.9,6740
20260313,1345,34315.9,34365.3,34298.4,34325.1,8888
20260313,1515,34014,34117,33917.2,33953.2,6930
20260313,1530,33943.9,33945.9,33793.5,33897.6,6266
20260313,1545,33898.6,33943.9,33849.2,33853.3,2742
20260313,1600,33860.5,33885.1,33747.2,33830.6,3050
20260313,1615,33826.5,33830.5,33683.3,33723.4,4060
20260313,1630,33721.4,33754.3,33670.9,33737.9,3210
20260313,1645,33737.9,33903.7,33732.8,33844,4940
20260313,1700,33845,34012.9,33818.3,33932.6,5972
20260313,1715,33933.6,34078.8,33885.2,33921.3,5282
20260313,1730,33922.3,33973.7,33895.5,33953.2,1674
20260313,1745,33962.5,33964.5,33885.2,33950.1,1404
20260313,1800,33945,34043.8,33934.7,33970.7,2576
20260313,1815,33971.7,34144.8,33959.4,34131.4,4504
20260313,1830,34134.5,34203.5,34088.2,34116,3078
20260313,1845,34113.9,34119,34062.5,34082,1548
20260313,1900,34082,34250.9,34067.6,34247.9,4032
20260313,1915,34249.9,34283.9,34156.2,34187.1,3306
20260313,1930,34178.8,34278.7,34166.5,34204.6,1608
20260313,1945,34204.6,34235.5,34179.9,34235.5,1140
20260313,2000,34236.5,34255,34186.1,34239.6,1082
20260313,2015,34241.7,34276.7,34143.9,34195.3,2216
20260313,2030,34194.3,34240.6,34107.8,34210.8,2260
20260313,2045,34214.9,34258.1,34155.2,34221.1,1652
20260313,2100,34221.1,34423,34221.1,34417.9,7298
20260313,2115,34418.9,34481.7,34314.9,34393.1,4358
20260313,2130,34399.3,34454.9,34376.7,34442.6,2042
20260313,2145,34434.4,34623.9,34367.4,34623.9,8974
20260313,2200,34621.9,34683.6,34480.8,34495.1,8414
20260313,2215,34505.4,34552.8,34368.5,34392.1,6466
20260313,2230,34394.2,34406.5,34230.4,34336.5,9588
20260313,2245,34338.5,34450.8,34157.2,34161.3,8478
20260313,2300,34169.6,34186,34005.8,34029.4,9614
20260313,2315,34031.5,34278.7,34013,34240.7,7928
20260313,2330,34241.7,34249.9,34046,34084,5448
20260313,2345,34091.3,34160.2,33825.5,33891.4,9056
20260314,0,33889.3,34068.5,33850.2,33907.9,6908
20260314,15,33917.1,34043.8,33903.8,33967.6,5100
20260314,30,33976.9,33995.4,33902.8,33961.4,3264
20260314,45,33960.4,34100.5,33949.1,34005.7,4298
20260314,100,34006.8,34052.1,33920.3,33929.5,2516
20260314,115,33930.5,34034.5,33924.4,34032.5,1818
20260314,130,34033.6,34067.5,33999.6,34032.5,1762
20260314,145,34045.9,34060.3,33970.8,34013,1446
20260314,200,34010.9,34041.8,33840.9,33848.1,3652
20260314,215,33858.4,33886.2,33809,33859.4,2162
20260314,230,33865.6,33896.5,33795.6,33895.5,1840
20260314,245,33894.5,34052.1,33876,34008.8,4672
20260314,300,34000.6,34026.3,33960.5,33980,1980
20260314,315,33987.2,33993.3,33931.6,33954.2,756
20260314,330,33960.4,33967.6,33817.2,33830.6,1758
20260314,345,33827.5,33851.1,33758.5,33817.2,2012
20260314,400,33818.2,33942.8,33794.6,33941.9,1228
20260314,415,33935.7,33944.9,33826.5,33846,1184
20260314,430,33846,33884.1,33839.9,33874.9,396
20260314,445,33874.9,33913,33862.6,33880,314
20260314,500,33871.8,33875.9,33809,33810,650
20260316,900,34474.5,34632.1,34465.3,34599.2,16008
20260316,915,34597.1,34745.5,34211.9,34345.7,25196
20260316,930,34344.7,34400.3,34142.8,34156.2,16840
20260316,945,34156.2,34299.3,34080,34239.6,15282
20260316,1000,34234.5,34470.4,34219.1,34437.4,15370
20260316,1015,34438.5,34482.7,34338.6,34435.4,15280
20260316,1030,34436.4,34447.7,34273.7,34367.4,10852
20260316,1045,34367.4,34372.5,34218,34241.7,14446
20260316,1100,34238.6,34355,34231.4,34286,14136
20260316,1115,34286,34353.9,34265.4,34351.9,8180
20260316,1130,34351.9,34397.2,34285,34375.6,9978
20260316,1145,34375.6,34559,34372.6,34551.8,14168
20260316,1200,34551.8,34585.8,34462.2,34479.7,11498
20260316,1215,34479.7,34514.7,34467.4,34503.4,8032
20260316,1230,34501.3,34531.2,34423.1,34430.2,10682
20260316,1245,34430.2,34434.3,34295.3,34311.7,13726
20260316,1300,34312.8,34314.8,34259.2,34261.3,11992
20260316,1315,34261.3,34329.2,34261.3,34301.4,12350
20260316,1330,34301.4,34306.5,34230.4,34271.6,14192
20260316,1345,34271.6,34294.2,34226.3,34258.2,9668
20260316,1515,34381.8,34446.7,34292.2,34292.2,3468
20260316,1530,34292.2,34328.2,34127.4,34162.3,3336
20260316,1545,34165.4,34194.2,34103.7,34136.6,3148
20260316,1600,34136.6,34225.1,34122.2,34211.8,1630
20260316,1615,34208.7,34355,34197.4,34245.8,4134
20260316,1630,34242.7,34302.4,34201.6,34246.8,2184
20260316,1645,34263.3,34298.3,34206.7,34209.7,1146
20260316,1700,34213.9,34295.2,34187.1,34279.8,1374
20260316,1715,34280.8,34324.1,34207.7,34291.1,1356
20260316,1730,34289.1,34307.6,34250,34276.7,808
20260316,1745,34272.6,34277.7,34217,34242.7,934
20260316,1800,34243.7,34307.6,34229.4,34254,1188
20260316,1815,34257.1,34351.9,34251,34350.9,1436
20260316,1830,34346.8,34410.6,34328.3,34388,1814
20260316,1845,34389,34401.3,34342.7,34342.7,1274
20260316,1900,34342.7,34470.4,34325.2,34468.4,2408
20260316,1915,34458,34466.2,34402.5,34429.2,1250
20260316,1930,34433.3,34455.9,34403.5,34411.7,994
20260316,1945,34412.7,34500.2,34411.7,34487.9,1290
20260316,2000,34490,34497.2,34455,34479.7,746
20260316,2015,34481.7,34571.3,34481.8,34558,1962
20260316,2030,34559,34613.6,34550.8,34605.4,1662
20260316,2045,34609.5,34658.9,34599.3,34646.6,2218
20260316,2100,34644.5,34673.3,34571.4,34587.9,2380
20260316,2115,34586.8,34623.9,34585.9,34596.1,1120
20260316,2130,34599.2,34609.5,34500.3,34548.7,2434
20260316,2145,34544.6,34725.9,34537.4,34659,6476
20260316,2200,34662.1,34828.9,34661.1,34817.6,7766
20260316,2215,34818.7,34852.6,34753.8,34790.8,4762
20260316,2230,34788.8,34822.7,34728,34731.1,2320
20260316,2245,34733.1,34748.6,34563.2,34621.9,6650
20260316,2300,34621.9,34755.8,34590,34754.8,4902
20260316,2315,34753.8,34757.8,34670.3,34738.3,3002
20260316,2330,34742.4,34773.3,34705.4,34750.7,2010
20260316,2345,34749.6,34779.5,34711.6,34717.7,2068
20260317,0,34713.6,34739.3,34653.9,34660,2142
20260317,15,34656.9,34711.5,34639.4,34681.6,1676
20260317,30,34677.5,34707.3,34597.2,34611.6,2472
20260317,45,34608.5,34688.8,34584.8,34655.9,2158
20260317,100,34656.9,34676.4,34627.1,34645.6,1010
20260317,115,34648.7,34732.1,34641.5,34713.6,1994
20260317,130,34711.5,34721.8,34684.8,34690.9,572
20260317,145,34694,34704.2,34649.7,34654.8,692
20260317,200,34657.9,34675.4,34607.5,34660,830
20260317,215,34672.4,34742.4,34669.3,34713.6,1120
20260317,230,34712.5,34768.1,34709.5,34756.8,918
20260317,245,34761,34773.3,34728,34773.3,440
20260317,300,34773.3,34776.4,34725,34725.9,406
20260317,315,34734.2,34916.5,34700.2,34757.9,3970
20260317,330,34757.9,34781.5,34659,34675.4,1922
20260317,345,34677.5,34709.4,34639.4,34652.8,806
20260317,400,34660,34763,34636.3,34742.4,1170
20260317,415,34746.5,34746.5,34561.1,34712.5,2052
20260317,430,34709.4,34711.5,34672.4,34701.2,246
20260317,445,34703.3,34723.8,34684.8,34703.3,502
20260317,500,34703.3,34713.5,34675.5,34706.4,440
20260317,900,34635.3,34820.7,34611.6,34666.2,13724
20260317,915,34666.2,34882.5,34660,34764.1,15444
20260317,930,34765.1,34857.8,34730.1,34857.8,8556
20260317,945,34856.8,35048.4,34838.3,34868.1,16848
20260317,1000,34868.1,34962.9,34742.5,34959.8,11868
20260317,1015,34960.8,34979.3,34854.8,34893.9,7062
20260317,1030,34887.7,34924.7,34824.9,34890.8,6716
20260317,1045,34890.8,34940.2,34845.5,34864,7318
20260317,1100,34866.1,34884.6,34723.9,34727,8976
20260317,1115,34727,34812.4,34711.6,34811.4,9408
20260317,1130,34811.4,34912.4,34808.4,34878.4,6844
20260317,1145,34883.6,34907.2,34752.8,34770.2,8820
20260317,1200,34770.2,34805.2,34728,34786.7,6424
20260317,1215,34786.7,34819.6,34770.3,34773.3,7284
20260317,1230,34773.3,34836.1,34757.9,34790.8,7778
20260317,1245,34791.9,34826.9,34748.7,34790.8,9900
20260317,1300,34790.8,34857.8,34786.8,34834.1,10834
20260317,1315,34833.1,34858.8,34807.4,34835.1,9772
20260317,1330,34835.1,34890.7,34829,34829,10786
20260317,1345,34829,34873.2,34817.7,34819.7,8916
20260317,1515,34633.2,34679.5,34517.9,34669.3,6404
20260317,1530,34667.2,34758.9,34644.6,34751.7,2220
20260317,1545,34748.6,34805.2,34730.1,34741.4,1592
20260317,1600,34738.3,34747.5,34704.3,34740.4,1306
20260317,1615,34740.4,34779.5,34677.6,34689.9,2068
20260317,1630,34694,34733.1,34673.4,34673.4,1124
20260317,1645,34689.9,34742.4,34643.6,34732.1,1366
20260317,1700,34728,34748.6,34671.4,34709.4,840
20260317,1715,34710.5,34754.7,34709.5,34740.4,928
20260317,1730,34734.2,34836.1,34712.6,34818.7,2072
20260317,1745,34818.7,34862.9,34806.3,34845.5,1620
20260317,1800,34845.5,34857.8,34817.7,34849.6,820
20260317,1815,34850.6,34850.6,34798.1,34803.2,1048
20260317,1830,34800.1,34800.1,34750.7,34781.6,1302
20260317,1845,34780.5,34816.6,34769.3,34799.1,690
20260317,1900,34799.1,34817.6,34767.2,34813.5,672
20260317,1915,34808.4,34847.5,34805.3,34825.9,1012
20260317,1930,34825.9,34867,34810.5,34835.1,1016
20260317,1945,34830,34845.4,34809.4,34822.8,516
20260317,2000,34827.9,34842.3,34800.2,34808.4,772
20260317,2015,34812.5,34925.8,34807.4,34919.6,1916
20260317,2030,34919.6,34994.8,34902.2,34989.7,1890
20260317,2045,34990.7,35032.9,34986.7,35010.3,1900
20260317,2100,35007.2,35028.8,34979.4,35025.8,1102
20260317,2115,35023.7,35121.5,35023.7,35104.1,3048
20260317,2130,35103,35175.1,35087.6,35143.2,2438
20260317,2145,35145.3,35166.9,35066,35106.1,4898
20260317,2200,35103,35185.4,35097.9,35182.4,3560
20260317,2215,35179.3,35204,35108.2,35121.6,3776
20260317,2230,35120.5,35155.5,35076.3,35121.6,2776
20260317,2245,35122.6,35187.5,35094.8,35170,2256
20260317,2300,35164.9,35252.4,35162.8,35249.3,3832
20260317,2315,35244.2,35262.7,35111.3,35126.7,4254
20260317,2330,35125.7,35163.8,35044.4,35045.3,3948
20260317,2345,35053.6,35092.7,34951.6,35015.5,4278
20260318,0,35012.4,35072.1,35008.3,35047.4,2640
20260318,15,35046.4,35095.8,34989.7,35056.7,3092
20260318,30,35058.7,35158.6,35052.6,35143.2,2464
20260318,45,35142.2,35146.3,35058.8,35120.5,2342
20260318,100,35116.4,35120.5,35089.7,35097.9,570
20260318,115,35095.8,35152.4,35094.8,35117.5,1214
20260318,130,35119.5,35149.3,35105.1,35123.6,830
20260318,145,35118.5,35187.5,35109.3,35153.5,1048
20260318,200,35153.5,35188.5,35137.1,35175.2,398
20260318,215,35176.2,35220.4,35175.2,35191.6,560
20260318,230,35189.6,35198.8,35119.6,35119.5,492
20260318,245,35124.7,35157.6,35118.5,35118.5,410
20260318,300,35120.5,35148.3,35110.3,35116.4,308
20260318,315,35125.7,35142.1,35103.1,35132.9,262
20260318,330,35145.3,35152.4,35129.9,35130.8,116
20260318,345,35132.9,35144.2,35121.6,35135,120
20260318,400,35144.2,35177.2,35143.3,35161.8,460
20260318,415,35158.7,35165.8,35114.4,35133.9,538
20260318,430,35132.9,35139,35126.8,35132.9,118
20260318,445,35132.9,35136,35126.8,35133.9,100
20260318,500,35129.8,35134.9,35106.2,35135,552
20260318,900,35305,35404.9,35267.9,35381.2,9654
20260318,915,35382.2,35484.2,35334.9,35448.2,8552
20260318,930,35449.2,35465.7,35241.1,35243.2,8288
20260318,945,35245.2,35384.3,35184.5,35384.3,6812
20260318,1000,35381.2,35399.7,35311.2,35368.9,4210
20260318,1015,35377.1,35420.3,35134,35244.2,6662
20260318,1030,35245.2,35293.6,35213.3,35247.3,2852
20260318,1045,35247.3,35353.3,35209.2,35291.6,3202
20260318,1100,35299.8,35353.3,35278.2,35326.6,1662
20260318,1115,35323.5,35327.6,35257.6,35313.2,1668
20260318,1130,35322.5,35397.7,35288.5,35368.9,2296
20260318,1145,35369.9,35464.6,35352.4,35448.2,3330
20260318,1200,35448.2,35454.3,35380.5,35405.1,1794
20260318,1215,35405.1,35422.5,35381.5,35406.1,1234
20260318,1230,35404.1,35421.5,35343.6,35356.9,2302
20260318,1245,35354.8,35372.2,35251.2,35256.3,4414
20260318,1300,35255.3,35324,35244,35272.7,2866
20260318,1315,35270.7,35355.8,35229.7,35349.7,4666
20260318,1330,35348.6,35431.7,35341.5,35421.5,5826
20260318,1345,35418.4,35480,35418.5,35456.4,6970
20260318,1515,35465.6,35591.8,35463.6,35577.5,6440
20260318,1530,35578.5,35644.1,35566.3,35582.6,3196
20260318,1545,35580.6,35587.7,35548.8,35568.3,1352
20260318,1600,35571.3,35576.4,35496.5,35502.6,2380
20260318,1615,35505.7,35513.8,35460.6,35481,2214
20260318,1630,35479,35505.6,35446.2,35446.1,1682
20260318,1645,35446.1,35502.5,35429.8,35465.6,1846
20260318,1700,35467.7,35533.3,35448.2,35501.6,2086
20260318,1715,35497.4,35518.9,35448.2,35448.2,1320
20260318,1730,35448.2,35526.1,35447.2,35524.1,1288
20260318,1745,35524.1,35540.5,35506.7,35528.2,1042
20260318,1800,35529.3,35531.3,35468.8,35474.9,1152
20260318,1815,35477.9,35520,35472.9,35514.9,650
20260318,1830,35513.9,35530.2,35506.7,35507.7,904
20260318,1845,35507.7,35520,35478,35487.2,486
20260318,1900,35487.2,35492.3,35459.5,35473.8,808
20260318,1915,35469.7,35499.4,35455.4,35491.3,862
20260318,1930,35490.3,35500.5,35346.6,35346.6,2714
20260318,1945,35348.6,35438.9,35328.2,35419.5,3558
20260318,2000,35418.4,35432.7,35394.9,35397.9,1138
20260318,2015,35397.9,35409.1,35256.3,35301.4,3914
20260318,2030,35301.4,35301.4,35187.6,35239.9,5090
20260318,2045,35244,35251.1,35032.6,35066.4,7644
20260318,2100,35071.6,35077.7,34902.3,34932,8890
20260318,2115,34933,35016.1,34907.4,34985.4,5046
20260318,2130,34985.4,35086.9,34926.9,35082.9,4300
20260318,2145,35077.7,35111.5,34969,35029.5,7646
20260318,2200,35028.5,35102.3,34986.4,35045.9,4406
20260318,2215,35049,35129,34950.5,34955.6,5654
20260318,2230,34959.7,35012,34829.4,34867.4,6412
20260318,2245,34871.5,34924.8,34818.1,34831.4,5712
20260318,2300,34834.5,34954.5,34832.5,34954.6,3542
20260318,2315,34952.5,35061.3,34942.3,35000.8,5484
20260318,2330,35007.9,35014.1,34877.7,34942.3,3560
20260318,2345,34937.1,34991.5,34933.1,34958.7,2024
20260319,0,34950.5,35014.1,34923.8,34981.3,1944
20260319,15,34982.3,34990.5,34911.5,34980.2,2194
20260319,30,34978.2,34981.2,34923.8,34943.3,1228
20260319,45,34941.2,34953.5,34874.6,34932,1636
20260319,100,34930,34967.9,34920.8,34926.9,672
20260319,115,34927.9,34928.9,34854.1,34864.3,1604
20260319,130,34870.4,34919.6,34854.1,34903.3,750
20260319,145,34911.5,34938.1,34874.6,34923.8,950
20260319,200,34919.7,35008.9,34919.7,34976.1,1702
20260319,215,34977.2,35037.7,34957.7,34980.2,2150
20260319,230,34982.3,34982.2,34902.3,34946.4,2116
20260319,245,34937.1,34957.6,34765.8,34847.9,4324
20260319,300,34844.8,34850.9,34754.5,34762.7,2056
20260319,315,34757.6,34856,34742.2,34788.3,1762
20260319,330,34790.4,34800.6,34667.3,34670.3,2940
20260319,345,34672.4,34707.2,34622.1,34648.8,1656
20260319,400,34649.8,34650.8,34577,34601.6,1780
20260319,415,34601.6,34675.4,34591.4,34591.3,1256
20260319,430,34591.3,34595.4,34493.9,34519.5,1690
20260319,445,34524.6,34589.2,34514.4,34583.1,838
20260319,500,34587.2,34788.3,34587.3,34785.3,1394
20260319,900,34786.3,34848.8,34711.4,34841.7,11704
20260319,915,34841.7,34870.4,34750.4,34755.5,15070
20260319,930,34762.7,34844.7,34731.9,34761.7,9054
20260319,945,34755.5,34889.9,34655,34839.6,14574
20260319,1000,34834.5,34947.4,34781.2,34879.7,7680
20260319,1015,34883.8,34947.4,34826.4,34864.3,6800
20260319,1030,34865.3,34926.8,34825.3,34915.6,5046
20260319,1045,34915.6,34976.1,34899.2,34911.5,5002
20260319,1100,34908.4,34921.7,34836.6,34854,3608
20260319,1115,34855,34869.4,34828.4,34838.6,2594
20260319,1130,34834.5,34872.4,34803.8,34830.4,3134
20260319,1145,34832.5,34852.9,34794.5,34839.6,3460
20260319,1200,34836.6,34850.9,34765.8,34791.4,3944
20260319,1215,34789.4,34791.4,34629.3,34671.4,9262
20260319,1230,34671.4,34686.7,34619.1,34636.5,6018
20260319,1245,34636.5,34661,34521.6,34552.3,7914
20260319,1300,34549.2,34602.5,34528.8,34593.4,4802
20260319,1315,34595.4,34612.8,34553.4,34604.6,4376
20260319,1330,34604.6,34625.1,34537,34546.2,4842
20260319,1345,34543.1,34555.3,34415.9,34432.2,11618
20260319,1515,34429.2,34453.7,34220.9,34246.5,8326
20260319,1530,34248.6,34407.6,34233.2,34375.8,3850
20260319,1545,34368.6,34377.8,34244.5,34268.1,2424
20260319,1600,34269.1,34320.3,34173.7,34197.2,2984
20260319,1615,34198.3,34298.8,34186,34250.6,3600
20260319,1630,34265,34291.6,34122.4,34123.4,3052
20260319,1645,34128.5,34161.3,33954.1,33956.1,6210
20260319,1700,33958.1,34089.4,33949,34048.4,4550
20260319,1715,34052.5,34155.1,34046.4,34087.4,3592
20260319,1730,34079.2,34155.1,33890.5,33917.1,5658
20260319,1745,33916.1,34041.2,33896.6,33964.3,3890
20260319,1800,33972.5,34285.4,33967.4,34250.6,7058
20260319,1815,34251.6,34295.7,34156.2,34156.2,4202
20260319,1830,34162.4,34205.4,34137.8,34187,1814
20260319,1845,34188,34208.5,34090.6,34121.3,1678
20260319,1900,34117.2,34171.5,34101.9,34153.1,1160
20260319,1915,34155.2,34216.7,34085.4,34116.2,1728
20260319,1930,34111,34123.3,34012.6,34042.3,2332
20260319,1945,34047.4,34073,33965.4,33984.8,2024
20260319,2000,33990,34102.8,33969.5,34082.3,2038
20260319,2015,34081.3,34133.6,33961.3,34073.1,3816
20260319,2030,34066.9,34092.5,33922.3,33951,2386
20260319,2045,33951,33998.1,33877.1,33972.5,3596
20260319,2100,33971.5,33983.7,33869.9,33913,2460
20260319,2115,33918.1,33920.1,33772.4,33782.7,4270
20260319,2130,33784.7,33965.3,33764.2,33800.1,5112
20260319,2145,33799.1,33875,33717,33831.9,8690
20260319,2200,33823.7,34050.4,33811.4,34002.3,7850
20260319,2215,33997.1,34160.3,33997.2,34083.3,7640
20260319,2230,34079.2,34114.1,33917.1,33966.3,5544
20260319,2245,33969.4,34150,33951,34119.3,5500
20260319,2300,34118.2,34245.4,34085.4,34196.2,7596
20260319,2315,34192.1,34345,34168.6,34309.1,6106
20260319,2330,34309.1,34339.8,34126.5,34163.4,5426
20260319,2345,34155.2,34160.3,34019.8,34043.3,5174
20260320,0,34049.5,34152,34035.2,34144.9,3266
20260320,15,34143.9,34288.5,34095.7,34184.9,4792
20260320,30,34191.1,34258.8,34151.1,34254.7,3034
20260320,45,34254.7,34269,34171.6,34240.3,2512
20260320,100,34249.6,34255.7,34136.7,34162.4,1658
20260320,115,34172.6,34183.9,33996.2,34008.4,3200
20260320,130,34008.4,34201.3,34003.3,34179.8,1884
20260320,145,34179.8,34206.4,34095.7,34153.1,1146
20260320,200,34156.2,34224.9,34137.8,34155.2,1042
20260320,215,34149,34299.8,34149.1,34287.6,1610
20260320,230,34289.6,34307,34201.4,34203.4,988
20260320,245,34199.3,34212.6,34125.5,34150,1156
20260320,300,34143.9,34321.4,34141.9,34279.3,1192
20260320,315,34281.4,34633.3,34277.3,34620,8728
20260320,330,34612.9,34675.4,34501.1,34542,3470
20260320,345,34547.2,34584.1,34433.3,34568.7,1930
20260320,400,34568.7,34574.8,34494.9,34527.7,1402
20260320,415,34530.8,34603.6,34498,34598.5,850
20260320,430,34595.4,34634.4,34593.4,34623.1,622
20260320,445,34623.1,34648.7,34609.8,34626.2,774
20260320,500,34628.3,34694.9,34609.8,34667.2,1430
20260320,900,34695,34747.2,34533.9,34649.8,11734
20260320,915,34646.7,34776,34511.3,34517.4,15008
20260320,930,34517.4,34526.6,34245.5,34478.4,19202
20260320,945,34479.5,34706.2,34463.1,34687.8,14450
20260320,1000,34681.6,34706.2,34454.9,34479.5,9190
20260320,1015,34474.3,34590.2,34440.5,34581,6990
20260320,1030,34583.1,34597.4,34485.7,34558.5,4320
20260320,1045,34555.4,34677.5,34514.4,34647.7,5660
20260320,1100,34643.6,34734.9,34613.9,34626.2,7276
20260320,1115,34628.3,34651.8,34586.2,34610.8,3046
20260320,1130,34610.8,34649.8,34535.9,34610.8,3732
20260320,1145,34609.8,34642.6,34458,34458.9,5138
20260320,1200,34464.1,34505.1,34394.3,34504.1,6338
20260320,1215,34503.1,34539.9,34397.4,34401.5,6314
20260320,1230,34400.4,34415.8,34289.7,34393.2,6866
20260320,1245,34393.2,34467.1,34365.6,34385,4828
20260320,1300,34386.1,34490.7,34378.9,34478.4,3772
20260320,1315,34477.4,34477.3,34386.1,34435.3,4726
20260320,1330,34428.1,34516.3,34428.2,34496.9,7494
20260320,1345,34494.8,34496.8,34397.4,34438.4,10054
20260320,1515,34283.4,34343.9,34213.7,34306,4848
20260320,1530,34305,34448.6,34296.8,34430.2,2806
20260320,1545,34437.4,34572.8,34423.1,34565.7,2910
20260320,1600,34563.6,34608.7,34538,34543.1,2614
20260320,1615,34542,34628.2,34523.6,34615.9,2510
20260320,1630,34614.9,34619,34502.1,34512.3,1804
20260320,1645,34509.2,34587.2,34494.9,34523.6,1882
20260320,1700,34521.5,34539.9,34471.3,34477.4,1766
20260320,1715,34480.5,34503,34398.4,34424,2620
20260320,1730,34423,34426,34288.6,34297.8,3654
20260320,1745,34301.9,34395.3,34292.7,34328.6,2298
20260320,1800,34324.5,34345,34124.4,34159.3,5532
20260320,1815,34155.2,34171.5,33950,34010.5,6838
20260320,1830,34014.6,34053.5,33935.6,34039.2,3370
20260320,1845,34035.1,34125.4,34030,34102.8,2962
20260320,1900,34104.9,34127.4,34060.8,34090.5,1776
20260320,1915,34098.7,34277.2,34085.4,34228,4446
20260320,1930,34226,34287.5,34210.6,34254.7,2104
20260320,1945,34255.7,34296.7,34188.1,34236.2,2118
20260320,2000,34236.2,34260.8,34177.8,34251.6,1440
20260320,2015,34252.7,34348,34194.2,34265,3376
20260320,2030,34269.1,34342.9,34215.8,34334.8,1702
20260320,2045,34331.7,34337.8,34219.9,34273.2,2388
20260320,2100,34269.1,34312.1,34235.3,34298.8,1228
20260320,2115,34302.9,34320.3,34187,34211.6,1776
20260320,2130,34211.6,34236.2,34162.4,34200.3,1742
20260320,2145,34194.2,34260.8,34068,34240.3,8554
20260320,2200,34234.2,34263.9,33890.5,33917.1,9092
20260320,2215,33919.1,33999.1,33779.6,33791.9,10384
20260320,2230,33791.9,33859.6,33749.9,33797,5822
20260320,2245,33801.1,33916,33801.2,33832.9,5350
20260320,2300,33828.8,33872.9,33728.3,33792.9,4416
20260320,2315,33790.9,33912.9,33749.9,33873,5774
20260320,2330,33871.9,33939.6,33763.2,33792.9,6264
20260320,2345,33785.7,33861.6,33779.6,33834,3166
20260321,0,33832.9,33857.5,33798.1,33834,2816
20260321,15,33836,33935.5,33823.8,33873,3514
20260321,30,33868.9,33884.2,33801.2,33804.2,2050
20260321,45,33802.2,33809.3,33672.9,33706.7,5058
20260321,100,33708.8,33795.9,33643.1,33741.6,4364
20260321,115,33743.7,33824.7,33685.2,33723.1,3444
20260321,130,33722.1,33762.1,33690.3,33705.7,1182
20260321,145,33708.8,33718,33575.4,33635.9,2900
20260321,200,33639,33760,33624.7,33758,2096
20260321,215,33760.1,33784.7,33656.5,33668.7,1890
20260321,230,33671.8,33697.4,33549.8,33611.3,2938
20260321,245,33617.4,33643,33542.6,33553.8,1628
20260321,300,33560,33584.6,33493.3,33522,1480
20260321,315,33524.1,33565.1,33464.6,33495.3,1428
20260321,330,33495.3,33527.1,33459.5,33474.8,1032
20260321,345,33479.9,33536.3,33403,33528.2,2062
20260321,400,33516.9,33609.2,33481,33555.9,2270
20260321,415,33545.6,33658.4,33540.5,33607.2,1198
20260321,430,33603.1,33605.1,33556.9,33568.2,488
20260321,445,33578.4,33606.1,33574.4,33577.4,404
20260321,500,33578.4,33647.1,33578.5,33594.9,880
20260323,900,33352.7,33396.8,33057.2,33196.7,19238
20260323,915,33193.6,33536.3,33115.7,33522,24102
20260323,930,33523,33565.1,33450.2,33454.3,12238
20260323,945,33454.3,33684.1,33386.6,33556.9,15296
20260323,1000,33562,33698.5,33529.2,33597.9,9144
20260323,1015,33599,33751.8,33527.2,33540.5,9402
20260323,1030,33540.5,33680,33510.8,33618.5,5538
20260323,1045,33613.3,33628.7,33387.6,33422.5,7602
20260323,1100,33422.5,33475.8,33368.1,33432.7,5860
20260323,1115,33426.6,33534.3,33364,33380.4,4964
20260323,1130,33376.3,33466.5,33365,33425.5,4322
20260323,1145,33428.6,33475.8,33403,33444,3240
20260323,1200,33443,33470.6,33358.9,33374.2,3850
20260323,1215,33374.2,33470.6,33327.1,33459.4,5246
20260323,1230,33463.5,33513.7,33429.7,33476.8,3470
20260323,1245,33474.8,33490.1,33436.9,33438.9,2244
20260323,1300,33437.9,33504.5,33423.5,33488.1,2674
20260323,1315,33483,33599.9,33473.8,33543.6,6418
20260323,1330,33541.5,33601,33438.9,33471.7,7838
20260323,1345,33470.7,33541.4,33366.1,33384.5,18438
20260323,1515,33064.3,33201.8,32941.2,33148.5,9132
20260323,1530,33144.4,33175.1,32980.2,33021.2,4048
20260323,1545,33019.2,33110.4,32986.4,33105.4,2810
20260323,1600,33109.5,33155.6,33062.3,33092,2144
20260323,1615,33099.2,33294.1,33099.3,33268.5,3828
20260323,1630,33266.5,33315.7,33212.1,33247,2838
20260323,1645,33248,33339.3,33223.4,33240.8,2266
20260323,1700,33238.8,33348.5,33236.8,33315.7,1646
20260323,1715,33316.8,33331.1,33217.3,33286,1782
20260323,1730,33280.8,33451.1,33277.8,33348.6,3438
20260323,1745,33355.8,33355.7,33172.1,33208,3216
20260323,1800,33216.2,33261.3,33181.4,33240.8,1128
20260323,1815,33247,33323.9,33213.2,33270.6,1376
20260323,1830,33261.3,33267.5,33127,33139.2,1928
20260323,1845,33134.1,33209,33098.2,33122.8,1846
20260323,1900,33123.8,33264.4,33097.2,33216.2,2146
20260323,1915,33220.3,34767.8,33220.3,34745.2,20332
20260323,1930,34746.3,34879.6,34309.2,34407.6,15558
20260323,1945,34412.7,34590.2,34348.1,34436.4,9098
20260323,2000,34439.4,34452.7,33936.6,34001.2,14832
20260323,2015,34008.4,34197.2,33912,34055.6,8236
20260323,2030,34060.8,34271.1,34054.7,34222.9,4814
20260323,2045,34213.7,34403.5,34142.9,34376.8,6824
20260323,2100,34374.8,34456.8,34344,34409.7,5356
20260323,2115,34411.7,34484.5,34294.8,34316.3,4600
20260323,2130,34323.5,34334.7,34202.4,34226,3762
20260323,2145,34228,34424,34138.8,34332.7,10036
20260323,2200,34332.7,34544.1,34317.4,34511.3,6956
20260323,2215,34507.2,34572.8,34441.5,34500,6056
20260323,2230,34505.1,34661,34492.8,34565.7,6576
20260323,2245,34557.4,34565.6,34435.4,34498.9,6382
20260323,2300,34495.9,34559.4,34454.9,34524.6,3428
20260323,2315,34525.6,34671.3,34518.5,34660.1,4444
20260323,2330,34659,34673.4,34526.7,34536.9,3654
20260323,2345,34542,34561.5,34385.1,34400.4,4362
20260324,0,34395.3,34423,34128.5,34131.6,8250
20260324,15,34133.6,34262.9,34103.9,34211.6,5464
20260324,30,34203.4,34211.6,33976.7,33983.8,4406
20260324,45,33981.7,34209.5,33950,34203.4,5044
20260324,100,34206.5,34290.6,34164.5,34195.2,3538
20260324,115,34192.1,34248.5,34164.5,34194.2,1556
20260324,130,34193.1,34273.1,34163.4,34267,1222
20260324,145,34261.9,34417.8,34257.8,34349.1,2732
20260324,200,34351.2,34393.2,34303,34386.1,846
20260324,215,34387.1,34414.8,34299.9,34385,1870
20260324,230,34383,34404.5,34345.1,34380.9,706
20260324,245,34388.1,34529.7,34388.2,34449.7,2156
20260324,300,34453.8,34490.7,34441.5,34478.4,738
20260324,315,34477.4,34503,34461,34475.3,508
20260324,330,34478.4,34508.1,34434.3,34470.2,984
20260324,345,34472.3,34512.2,34461,34488.7,542
20260324,400,34487.7,34556.4,34456.9,34489.7,1570
20260324,415,34467.1,34488.6,34326.6,34409.7,1348
20260324,430,34414.8,34425,34380,34395.3,388
20260324,445,34396.3,34486.6,34396.4,34471.2,492
20260324,500,34470.2,34498.9,34465.1,34498.9,604
20260324,900,34152.1,34268,34083.4,34188,10766
20260324,915,34187,34195.1,33872,33875,15494
20260324,930,33870.9,33944.7,33773.5,33798.1,14750
20260324,945,33803.2,33816.5,33551.8,33555.9,13964
20260324,1000,33555.9,33562,33373.3,33528.2,16362
20260324,1015,33530.2,33543.5,33189.6,33372.2,16708
20260324,1030,33365,33666.6,33326,33658.5,14444
20260324,1045,33658.5,33754.9,33579.5,33648.2,7898
20260324,1100,33651.3,33730.3,33531.3,33545.6,6696
20260324,1115,33543.6,33584.6,33499.5,33549.7,4994
20260324,1130,33553.8,33672.8,33536.4,33653.4,4438
20260324,1145,33655.4,33673.8,33428.7,33628.7,8038
20260324,1200,33620.5,33734.4,33594.9,33713.9,5516
20260324,1215,33713.9,33862.7,33705.7,33861.7,8022
20260324,1230,33862.7,33863.7,33738.6,33779.6,5168
20260324,1245,33778.6,33833.9,33743.7,33772.4,2900
20260324,1300,33776.5,33809.3,33723.2,33751.9,3536
20260324,1315,33750.8,33757,33524.1,33601,6966
20260324,1330,33605.1,33680,33458.4,33472.7,8308
20260324,1345,33472.7,33684.1,33466.6,33629.8,10008
20260324,1515,33953,34114.1,33898.7,34087.4,9942
20260324,1530,34074.1,34147.9,34047.5,34117.2,4104
20260324,1545,34122.3,34134.6,34039.3,34090.5,2942
20260324,1600,34081.3,34131.5,34035.2,34120.3,1816
20260324,1615,34118.2,34167.4,34076.2,34133.6,3090
20260324,1630,34129.5,34162.3,33994.1,34017.7,3792
20260324,1645,34014.6,34096.6,33990,34035.1,1808
20260324,1700,34040.2,34115.1,33961.3,33979.7,3942
20260324,1715,33978.7,34015.6,33823.8,33823.7,4848
20260324,1730,33824.7,33939.6,33814.5,33904.8,3078
20260324,1745,33902.7,34025.8,33885.3,34009.4,3030
20260324,1800,34011.5,34107.9,33962.3,34089.5,2942
20260324,1815,34092.6,34095.6,33993.1,34050.5,2486
20260324,1830,34049.5,34062.8,33971.5,33988.9,1560
20260324,1845,33988.9,34055.6,33952,34043.3,1524
20260324,1900,34038.2,34064.8,33975.6,34041.3,980
20260324,1915,34032,34072,33985.9,34056.7,1382
20260324,1930,34059.7,34063.8,34002.3,34028.9,1110
20260324,1945,34019.7,34043.3,34005.4,34010.5,818
20260324,2000,34012.5,34125.4,33850.4,34021.8,5676
20260324,2015,34023.8,34046.3,33923.3,33967.4,1806
20260324,2030,33963.3,34004.3,33910,33966.3,1368
20260324,2045,33966.3,33969.4,33725.2,33736.5,4328
20260324,2100,33739.6,33838,33734.5,33767.3,2844
20260324,2115,33774.4,33803.1,33644.2,33714.9,4278
20260324,2130,33721.1,33786.7,33693.4,33728.3,2276
20260324,2145,33733.4,33927.3,33687.3,33729.3,8464
20260324,2200,33729.3,33883.2,33664.7,33860.6,7116
20260324,2215,33861.7,34006.3,33848.4,33918.1,6366
20260324,2230,33915,33927.3,33808.4,33845.3,3520
20260324,2245,33841.2,33917,33812.5,33908.9,3158
20260324,2300,33904.8,34088.4,33790.9,33946.9,9448
20260324,2315,33955.1,34046.3,33952,34036.1,3430
20260324,2330,34036.1,34231.1,34034.1,34153.1,7148
20260324,2345,34159.3,34185.9,34089.5,34135.7,2656
20260325,0,34138.8,34185.9,34046.4,34050.5,2582
20260325,15,34048.4,34069.9,33983.8,34008.4,3670
20260325,30,34014.6,34146.9,34012.6,34126.4,2608
20260325,45,34126.4,34154.1,34024.9,34103.9,2810
20260325,100,34104.9,34131.5,34050.5,34085.4,1140
20260325,115,34085.4,34106.9,33889.4,33914,2868
20260325,130,33914,33967.3,33871,33960.2,1774
20260325,145,33957.1,33990.9,33847.4,33859.6,1942
20260325,200,33865.8,34062.8,33854.5,34051.5,3204
20260325,215,34049.5,34106.9,34004.4,34028.9,1144
20260325,230,34023.8,34091.5,33981.8,34057.7,1386
20260325,245,34057.7,34215.7,34056.7,34132.6,2200
20260325,300,34132.6,34184.9,34093.6,34119.3,1030
20260325,315,34116.2,34198.2,34116.2,34198.3,714
20260325,330,34188,34193.1,34107,34106.9,568
20260325,345,34109,34121.3,34075.2,34108,542
20260325,400,34103.9,34103.8,33957.2,34011.5,1332
20260325,415,34017.7,34040.2,33965.4,34036.1,710
20260325,430,34035.1,34478.4,34034.1,34293.7,5616
20260325,445,34294.7,34480.4,34279.4,34349.1,2318
20260325,500,34346,34351.1,34275.3,34335.8,1320
20260325,900,34671.4,34767.8,34613.9,34629.3,17400
20260325,915,34629.3,34679.5,34447.7,34524.6,17154
20260325,930,34522.6,34644.6,34476.4,34543.1,9832
20260325,945,34548.2,34605.6,34450.8,34501,8438
20260325,1000,34501,34668.2,34488.7,34617,7070
20260325,1015,34618,34637.4,34381,34448.7,8634
20260325,1030,34450.7,34517.4,34409.7,34484.6,5416
20260325,1045,34482.5,34506.1,34423.1,34423,2894
20260325,1100,34424,34463,34345.1,34345,4324
20260325,1115,34346,34428.1,34344,34357.3,3628
20260325,1130,34359.4,34395.3,34320.4,34372.7,3750
20260325,1145,34368.6,34439.4,34357.4,34405.6,3190
20260325,1200,34411.7,34503,34404.6,34490.7,3950
20260325,1215,34488.7,34570.7,34478.5,34570.8,4190
20260325,1230,34570.8,34630.3,34557.5,34611.8,4364
20260325,1245,34609.8,34625.1,34535.9,34540,3300
20260325,1300,34542,34550.2,34499,34544.1,3790
20260325,1315,34547.2,34570.7,34486.7,34560.5,3664
20260325,1330,34558.5,34564.6,34449.7,34453.8,6040
20260325,1345,34454.8,34530.7,34430.2,34519.5,10644
20260325,1515,34438.4,34528.7,34380,34504.1,3862
20260325,1530,34501,34536.9,34448.7,34479.5,1528
20260325,1545,34480.5,34545.1,34454.9,34533.8,1690
20260325,1600,34533.8,34603.6,34514.4,34557.4,2008
20260325,1615,34562.6,34703.1,34552.4,34695,3916
20260325,1630,34697,34819.1,34689.9,34758.6,4230
20260325,1645,34761.7,34805.7,34690.9,34696,3130
20260325,1700,34700.1,34727.7,34631.4,34669.3,2194
20260325,1715,34668.3,34726.7,34624.2,34715.5,2002
20260325,1730,34710.3,34715.4,34627.3,34640.6,1540
20260325,1745,34642.6,34681.6,34596.5,34601.6,1686
20260325,1800,34605.7,34707.2,34569.8,34677.5,3198
20260325,1815,34682.6,34716.5,34665.2,34667.2,1540
20260325,1830,34672.4,34693.9,34622.1,34633.4,1056
20260325,1845,34631.3,34675.4,34598.5,34604.6,1408
20260325,1900,34602.6,34683.6,34600.6,34673.4,876
20260325,1915,34679.6,34731.8,34668.3,34709.3,1334
20260325,1930,34706.2,34745.2,34691.9,34717.5,1156
20260325,1945,34717.5,34751.3,34709.4,34736,1124
20260325,2000,34725.7,34730.8,34632.4,34697,2790
20260325,2015,34702.1,34786.2,34699.1,34758.6,2566
20260325,2030,34762.7,34762.6,34559.5,34580,5572
20260325,2045,34575.9,34577.9,34488.7,34527.7,3884
20260325,2100,34532.8,34606.7,34510.3,34560.5,2520
20260325,2115,34566.7,34627.2,34548.3,34566.7,2470
20260325,2130,34564.6,34574.8,34525.7,34539,1670
20260325,2145,34535.9,34743.1,34524.7,34605.7,9546
20260325,2200,34606.7,34633.3,34441.5,34442.5,8282
20260325,2215,34450.7,34679.5,34405.6,34675.5,9412
20260325,2230,34675.5,34702.1,34594.4,34669.3,5882
20260325,2245,34671.4,34710.3,34639.6,34685.7,3280
20260325,2300,34685.7,34752.4,34635.5,34656,3540
20260325,2315,34660.1,34670.3,34533.9,34533.8,3880
20260325,2330,34534.9,34640.5,34332.8,34636.5,12266
20260325,2345,34634.4,34640.5,34520.5,34572.8,3798
20260326,0,34570.8,34600.5,34543.1,34570.8,1538
20260326,15,34572.8,34588.2,34489.8,34560.5,2170
20260326,30,34564.6,34708.2,34531.8,34659,3546
20260326,45,34660.1,34691.8,34621.1,34688.8,1694
20260326,100,34681.6,34698,34625.2,34653.9,1356
20260326,115,34658,34693.9,34609.8,34660.1,1472
20260326,130,34649.8,34702.1,34618,34681.6,896
20260326,145,34683.7,34771.9,34660.1,34737,1808
20260326,200,34742.2,34745.2,34641.6,34678.5,1786
20260326,215,34672.4,34712.3,34660.1,34697,436
20260326,230,34703.2,34739,34693,34704.2,648
20260326,245,34700.1,34733.9,34665.2,34675.5,860
20260326,300,34672.4,34690.8,34570.8,34644.7,1738
20260326,315,34638.5,34647.7,34596.5,34647.7,640
20260326,330,34647.7,34683.6,34638.6,34644.7,542
20260326,345,34644.7,34649.8,34603.7,34621.1,546
20260326,400,34619,34676.4,34619.1,34669.3,1028
20260326,415,34661.1,34725.7,34625.2,34721.6,882
20260326,430,34722.7,34732.9,34676.5,34676.5,600
20260326,445,34674.4,34691.8,34668.3,34676.5,298
20260326,500,34676.5,34685.7,34649.9,34685.7,454
20260326,900,34742.2,34752.4,34619.1,34620,8016
20260326,915,34619,34734.9,34601.6,34686.7,10440
20260326,930,34687.8,34741.1,34615,34736,7590
20260326,945,34732.9,34915.5,34723.7,34829.4,14208
20260326,1000,34827.3,34909.4,34794.5,34840.7,5124
20260326,1015,34832.5,34849.9,34636.5,34659,8216
20260326,1030,34658,34680.5,34384.1,34417.9,15976
20260326,1045,34416.9,34442.5,34290.7,34374.8,11558
20260326,1100,34375.8,34442.5,34336.9,34415.8,5748
20260326,1115,34417.9,34529.7,34385.1,34507.2,4798
20260326,1130,34507.2,34531.7,34422,34490.7,4058
20260326,1145,34492.8,34608.7,34486.7,34574.9,5674
20260326,1200,34569.8,34575.9,34511.3,34541,3058
20260326,1215,34540,34562.5,34493.9,34532.8,2350
20260326,1230,34537.9,34578.9,34526.7,34552.3,1826
20260326,1245,34552.3,34560.5,34498,34520.5,2116
20260326,1300,34520.5,34533.8,34417.9,34422,4062
20260326,1315,34425.1,34452.7,34331.7,34363.5,4890
20260326,1330,34368.6,34400.4,34254.8,34274.2,6312
20260326,1345,34276.3,34351.1,34220.9,34316.3,11980
20260326,1515,34351.2,34396.3,34303,34329.6,3992
20260326,1530,34328.6,34420.9,34271.2,34373.8,3128
20260326,1545,34371.7,34413.7,34339.9,34359.4,1302
20260326,1600,34360.4,34384,34310.2,34328.6,1550
20260326,1615,34327.6,34384,34255.8,34256.8,2048
20260326,1630,34262.9,34284.4,34167.5,34184.9,3746
20260326,1645,34188,34278.3,34188.1,34196.2,2426
20260326,1700,34199.3,34268,34178.8,34255.7,1594
20260326,1715,34262.9,34272.1,34149.1,34207.5,3304
20260326,1730,34207.5,34213.6,34152.1,34160.3,1648
20260326,1745,34157.2,34165.4,34091.6,34149,2390
20260326,1800,34152.1,34220.8,34141.9,34200.3,1738
20260326,1815,34201.3,34254.7,34173.7,34230.1,1208
20260326,1830,34233.2,34257.7,34196.3,34246.5,876
20260326,1845,34245.5,34255.7,34179.8,34192.1,1126
20260326,1900,34190.1,34219.8,34177.8,34213.7,564
20260326,1915,34213.7,34220.8,34121.4,34121.3,1568
20260326,1930,34124.4,34161.3,34052.6,34096.7,2186
20260326,1945,34091.5,34116.1,34060.8,34075.1,1254
20260326,2000,34071,34095.6,34018.7,34025.9,1920
20260326,2015,34027.9,34118.2,34002.3,34104.9,2334
20260326,2030,34106.9,34123.3,34084.4,34096.7,1352
20260326,2045,34100.8,34104.8,33989,34008.4,1910
20260326,2100,34012.5,34061.7,34006.4,34054.6,1110
20260326,2115,34049.5,34119.2,34048.5,34088.5,1678
20260326,2130,34085.4,34112,34046.4,34070,1624
20260326,2145,34069,34086.4,33939.7,34061.8,6880
20260326,2200,34063.8,34179.7,34023.9,34118.2,8604
20260326,2215,34114.1,34157.2,34043.4,34153.1,4582
20260326,2230,34151.1,34191,34071.1,34072,3572
20260326,2245,34078.2,34166.4,33980.8,33990,4684
20260326,2300,33988.9,34012.5,33848.4,33924.3,7142
20260326,2315,33924.3,33985.8,33921.2,33946.9,3772
20260326,2330,33948.9,33961.2,33883.3,33909.9,2514
20260326,2345,33912,33918.1,33828.9,33853.5,3204
20260327,0,33854.5,33967.3,33829.9,33916.1,3822
20260327,15,33916.1,33934.5,33879.2,33932.5,1296
20260327,30,33921.2,33922.2,33779.6,33799.1,3224
20260327,45,33802.2,33812.4,33746.8,33761.1,2048
20260327,100,33762.1,33780.6,33704.7,33740.6,1968
20260327,115,33738.5,33807.2,33726.3,33737.5,1902
20260327,130,33735.5,33757,33665.7,33704.7,2008
20260327,145,33700.6,33734.4,33651.4,33658.5,1540
20260327,200,33659.5,33676.9,33586.7,33599,1682
20260327,215,33597.9,33642,33583.6,33597.9,1544
20260327,230,33597.9,33610.2,33554.9,33564.1,1384
20260327,245,33561,33641,33559,33621.5,1332
20260327,300,33623.6,33723.1,33605.2,33694.4,1852
20260327,315,33702.6,33714.9,33559,33600,1432
20260327,330,33603.1,33657.4,33592.9,33608.2,964
20260327,345,33609.2,33625.6,33558,33580.5,830
20260327,400,33578.4,33596.9,33487.2,33510.7,2026
20260327,415,33513.8,33967.3,33509.7,33777.5,7464
20260327,430,33775.5,33822.6,33652.4,33708.8,2606
20260327,445,33716,33744.6,33703.7,33716,472
20260327,500,33721.1,33726.2,33637,33666.7,624
20260327,900,33652.3,33682,33507.7,33646.2,11398
20260327,915,33644.1,33744.6,33538.5,33700.6,16328
20260327,930,33700.6,33803.1,33589.8,33800.1,10604
20260327,945,33797,33897.5,33773.5,33839.1,8946
20260327,1000,33838.1,33849.3,33719.1,33767.3,6076
20260327,1015,33768.3,33807.2,33609.3,33627.7,7660
20260327,1030,33624.6,33701.5,33561,33686.2,7422
20260327,1045,33689.3,33789.8,33659.6,33748.8,6178
20260327,1100,33749.8,33809.3,33708.8,33759.1,3456
20260327,1115,33760.1,33825.7,33721.1,33733.4,3336
20260327,1130,33736.5,33795.9,33721.1,33782.7,2118
20260327,1145,33779.6,33915,33779.6,33859.6,5720
20260327,1200,33861.7,33914,33844.3,33914,3120
20260327,1215,33914,33914,33827.9,33848.3,3326
20260327,1230,33849.4,33871.9,33799.1,33864.8,3070
20260327,1245,33862.7,33910.9,33859.7,33910.9,2224
20260327,1300,33908.9,34010.4,33890.5,33987.9,5742
20260327,1315,33988.9,34091.5,33983.8,34072,5832
20260327,1330,34072,34114.1,34011.6,34052.5,7808
20260327,1345,34052.5,34058.7,33980.8,33987.9,7682
20260327,1515,33915,33926.3,33855.6,33875,3740
20260327,1530,33866.8,33883.2,33777.6,33790.9,2536
20260327,1545,33790.9,33823.7,33746.8,33777.5,2424
20260327,1600,33775.5,33827.8,33764.2,33776.5,1596
20260327,1615,33780.6,33826.7,33692.4,33734.4,3678
20260327,1630,33737.5,33745.7,33621.6,33643.1,3014
20260327,1645,33641,33691.3,33598,33648.2,3210
20260327,1700,33647.2,33681,33603.1,33615.4,2064
20260327,1715,33617.4,33636.9,33454.3,33511.7,5156
20260327,1730,33514.8,33633.8,33508.7,33613.3,3242
20260327,1745,33615.4,33657.4,33572.3,33590.8,2190
20260327,1800,33587.7,33589.7,33492.3,33500.5,1800
20260327,1815,33504.6,33611.2,33475.9,33553.8,2272
20260327,1830,33556.9,33605.1,33545.7,33566.1,978
20260327,1845,33563.1,33575.3,33462.5,33491.2,2342
20260327,1900,33491.2,33491.2,33335.3,33347.5,5320
20260327,1915,33351.7,33376.2,33275.8,33354.7,3782
20260327,1930,33354.7,33402.9,33348.6,33387.6,1400
20260327,1945,33387.6,33430.6,33365,33419.4,1584
20260327,2000,33421.4,33483,33399.9,33409.1,2526
20260327,2015,33408.1,33419.3,33337.3,33389.6,2200
20260327,2030,33388.6,33447,33378.4,33428.6,1654
20260327,2045,33428.6,33456.3,33379.4,33428.6,1440
20260327,2100,33436.8,33500.4,33403,33436.8,2120
20260327,2115,33439.9,33446,33360.9,33399.9,1882
20260327,2130,33397.8,33468.6,33391.7,33438.9,1804
20260327,2145,33436.8,33491.2,33357.9,33418.4,5352
20260327,2200,33429.6,33541.4,33245,33272.6,8510
20260327,2215,33278.8,33389.6,33223.4,33353.7,5404
20260327,2230,33350.6,33472.7,33337.3,33349.6,5130
20260327,2245,33348.6,33392.7,33287.1,33326,3258
20260327,2300,33321.9,33431.6,33298.3,33412.2,3426
20260327,2315,33414.3,33501.4,33405.1,33424.5,3570
20260327,2330,33423.5,33557.9,33372.2,33543.6,5596
20260327,2345,33544.6,33624.6,33464.6,33487.1,6976
20260328,0,33485.1,33536.3,33437.9,33458.4,2690
20260328,15,33458.4,33486,33403,33428.6,2220
20260328,30,33433.7,33457.3,33398.9,33416.3,1662
20260328,45,33420.4,33448.1,33351.7,33438.9,1984
20260328,100,33436.8,33465.5,33418.4,33425.5,1058
20260328,115,33421.4,33483,33369.1,33394.8,1992
20260328,130,33396.8,33396.8,33301.4,33302.4,1430
20260328,145,33316.8,33347.5,33259.3,33273.7,1486
20260328,200,33270.6,33298.2,33245,33273.7,1500
20260328,215,33272.6,33292.1,33232.7,33261.3,1056
20260328,230,33262.4,33321.8,33258.3,33286,1098
20260328,245,33286,33347.5,33273.7,33280.8,1134
20260328,300,33282.9,33295.2,33259.3,33284.9,472
20260328,315,33282.9,33284.9,33154.7,33205.9,3032
20260328,330,33200.8,33243.9,33193.7,33213.1,508
20260328,345,33213.1,33224.4,33147.5,33159.8,788
20260328,400,33160.8,33311.6,33128,33272.6,2068
20260328,415,33270.6,33323.9,33188.5,33205.9,1192
20260328,430,33199.8,33203.8,33134.1,33174.1,614
20260328,445,33177.2,33182.3,33104.4,33142.3,796
20260328,500,33139.2,33149.4,33089,33088.9,980
20260330,900,32887.8,33095.1,32866.3,33095.1,17140
20260330,915,33095.1,33313.6,33064.4,33263.4,17756
20260330,930,33264.4,33325.9,33198.8,33307.5,9124
20260330,945,33308.6,33351.6,33235.7,33348.6,9186
20260330,1000,33348.6,33372.1,33240.9,33297.3,7324
20260330,1015,33298.3,33396.8,33269.6,33312.7,6448
20260330,1030,33312.7,33312.6,33084.9,33122.8,10156
20260330,1045,33121.8,33217.2,33089,33181.3,6130
20260330,1100,33183.4,33379.3,33174.2,33353.7,7800
20260330,1115,33353.7,33500.4,33335.3,33453.2,7962
20260330,1130,33454.3,33499.4,33432.8,33484,3868
20260330,1145,33486.1,33491.2,33423.5,33461.5,2316
20260330,1200,33458.4,33474.7,33403,33467.6,2632
20260330,1215,33463.5,33520.9,33426.6,33473.8,3426
20260330,1230,33474.8,33569.2,33473.8,33521,3924
20260330,1245,33519.9,33524,33414.3,33427.6,3962
20260330,1300,33426.6,33462.4,33384.5,33410.1,3428
20260330,1315,33410.1,33488.1,33406.1,33450.2,3748
20260330,1330,33449.1,33476.8,33390.7,33405,5212
20260330,1345,33404,33438.8,33312.7,33318.8,10582
20260330,1515,33504.6,33504.5,33382.5,33426.6,3346
20260330,1530,33421.4,33448.1,33340.4,33385.5,2112
20260330,1545,33387.6,33425.5,33368.1,33391.7,1108
20260330,1600,33396.8,33467.6,33388.6,33451.2,1476
20260330,1615,33446.1,33487.1,33402,33481,2032
20260330,1630,33478.9,33517.8,33446.1,33466.6,2170
20260330,1645,33461.5,33540.4,33460.5,33535.3,2066
20260330,1700,33532.3,33565.1,33496.4,33556.9,1776
20260330,1715,33558.9,33563,33491.3,33501.5,1534
20260330,1730,33497.4,33500.4,33437.9,33474.8,1880
20260330,1745,33475.8,33497.3,33418.4,33443,1660
20260330,1800,33442,33481.9,33428.7,33474.8,810
20260330,1815,33469.7,33477.8,33427.6,33440.9,996
20260330,1830,33446.1,33479.9,33425.6,33464.5,698
20260330,1845,33463.5,33464.5,33404,33419.4,1390
20260330,1900,33421.4,33491.2,33414.3,33481,1028
20260330,1915,33482,33531.2,33479,33503.5,1622
20260330,1930,33505.6,33719,33495.4,33656.4,6264
20260330,1945,33662.6,33684.1,33576.4,33593.8,2756
20260330,2000,33595.9,33619.4,33564.1,33575.4,1488
20260330,2015,33582.5,33582.5,33519,33539.4,1858
20260330,2030,33539.4,33647.1,33524.1,33635.9,1732
20260330,2045,33631.8,33651.3,33612.4,33641,1196
20260330,2100,33643.1,33657.4,33618.5,33656.4,910
20260330,2115,33656.4,33692.3,33592.9,33622.6,1744
20260330,2130,33627.7,33642,33611.3,33619.5,908
20260330,2145,33615.4,33656.4,33344.5,33398.9,8814
20260330,2200,33395.8,33413.2,33150.6,33185.4,8750
20260330,2215,33186.4,33367,33170.1,33330.1,6490
20260330,2230,33330.1,33347.5,33221.4,33244.9,3856
20260330,2245,33242.9,33300.3,33132.1,33142.3,6332
20260330,2300,33143.3,33322.9,33128,33311.6,5702
20260330,2315,33310.6,33396.8,33221.4,33228.5,5400
20260330,2330,33227.5,33270.5,33179.3,33220.3,2836
20260330,2345,33222.4,33347.5,33209.1,33345.5,2950
20260331,0,33344.5,33375.2,33285,33298.3,2286
20260331,15,33294.2,33300.3,33200.9,33228.5,2374
20260331,30,33228.5,33228.5,33156.7,33159.8,2092
20260331,45,33158.7,33224.4,33151.6,33199.8,1380
20260331,100,33192.6,33211,33159.8,33179.2,836
20260331,115,33185.4,33203.8,33032.6,33039.7,3858
20260331,130,33043.8,33058.1,32931,32939.1,3740
20260331,145,32941.2,33001.7,32898.1,32998.6,3080
20260331,200,32997.6,33034.5,32942.2,32954.5,1684
20260331,215,32955.5,32978.1,32920.7,32974,1052
20260331,230,32973,32987.3,32905.3,32921.7,1172
20260331,245,32922.7,32962.7,32887.9,32905.3,1258
20260331,300,32906.3,32924.7,32802.7,32827.3,2512
20260331,315,32825.2,32841.6,32738,32767.7,1890
20260331,330,32773.9,32822.1,32751.4,32786.2,1460
20260331,345,32787.2,32916.5,32783.2,32900.1,1744
20260331,400,32900.1,32963.7,32876.6,32958.6,1762
20260331,415,32957.6,32982.2,32847.8,32862.2,1012
20260331,430,32866.3,32894.9,32863.2,32891.9,268
20260331,445,32890.9,32894.9,32866.3,32882.7,252
20260331,500,32879.6,32888.8,32863.2,32870.4,514
20260331,900,32838.5,33110.4,32838.6,33044.8,16338
20260331,915,33045.8,33173,32799.6,32873.4,22728
20260331,930,32870.4,33122.8,32854,33112.5,12604
20260331,945,33108.4,33301.3,33101.3,33199.8,13606
20260331,1000,33201.8,33255.1,33111.6,33183.4,7624
20260331,1015,33183.4,33232.6,33105.4,33117.7,6134
20260331,1030,33118.7,33213.1,33055.1,33073.6,8268
20260331,1045,33069.4,33152.5,33004.8,33051,7042
20260331,1100,33051,33231.5,33044.9,33049.9,8084
20260331,1115,33049.9,33172,33027.4,33119.7,5806
20260331,1130,33117.7,33132,32946.4,32952.5,5880
20260331,1145,32955.5,32969.9,32784.2,32789.3,8534
20260331,1200,32792.4,32821.1,32650.8,32675.4,10696
20260331,1215,32679.5,32762.6,32644.6,32664.1,8686
20260331,1230,32661,32775.9,32639.5,32664.1,7046
20260331,1245,32664.1,32775.9,32649.8,32749.3,4610
20260331,1300,32746.2,32772.8,32679.5,32741.1,4320
20260331,1315,32745.2,32788.2,32690.8,32690.8,5376
20260331,1330,32692.8,32815.9,32667.2,32761.6,9440
20260331,1345,32764.7,32834.4,32739.1,32817,14172
20260331,1515,32780.1,32833.4,32682.6,32698,4916
20260331,1530,32695.9,32707.1,32571.8,32674.4,5084
20260331,1545,32674.4,32824.1,32671.3,32804.7,3486
20260331,1600,32806.7,32884.7,32798.6,32874.5,3174
20260331,1615,32872.4,32887.8,32802.7,32812.9,2604
20260331,1630,32810.8,32844.7,32792.4,32810.8,1162
20260331,1645,32809.8,32826.2,32738,32743.1,1462
20260331,1700,32749.3,32814.9,32704.2,32759.5,2370
20260331,1715,32756.5,32829.3,32744.2,32790.3,1056
20260331,1730,32790.3,32840.6,32760.6,32767.7,1310
20260331,1745,32771.8,32790.3,32720.6,32773.9,1478
20260331,1800,32765.7,32807.7,32718.5,32745.2,1246
20260331,1815,32743.1,32820,32743.2,32760.6,1482
20260331,1830,32764.7,32781,32723.7,32774.9,1032
20260331,1845,32772.9,32792.3,32655.9,32674.4,2100
20260331,1900,32674.4,32766.7,32667.2,32756.5,1470
20260331,1915,32752.3,32867.2,32701.1,32835.5,3906
20260331,1930,32837.5,33013,32824.2,32945.3,6042
20260331,1945,32946.3,32971.9,32880.7,32969.9,1988
20260331,2000,32963.7,32971.9,32913.5,32940.1,1384
20260331,2015,32946.3,33036.6,32901.2,32915.5,3730
20260331,2030,32915.5,32999.6,32887.9,32984.3,2898
20260331,2045,32979.1,33018.1,32973,33015.1,1952
20260331,2100,33014,33028.3,32944.3,32944.2,1890
20260331,2115,32949.4,32979.1,32937.1,32967.9,1070
20260331,2130,32966.8,33016,32961.7,32993.5,1132
20260331,2145,32997.6,33103.3,32982.3,33021.2,7468
20260331,2200,33025.3,33244.9,33023.3,33238.8,7196
20260331,2215,33244.9,33271.6,33194.7,33237.7,5224
20260331,2230,33235.7,33307.5,33222.4,33281.9,4626
20260331,2245,33282.9,33314.7,33168,33181.3,4940
20260331,2300,33183.4,33201.8,33031.5,33084.8,6624
20260331,2315,33086.9,33262.3,33078.7,33259.3,5226
20260331,2330,33261.3,33268.5,33164.9,33164.9,4264
20260331,2345,33165.9,33216.1,33141.3,33158.7,2442
20260401,0,33155.6,33207.9,33106.4,33119.7,2422
20260401,15,33118.7,33204.9,33108.5,33191.6,2054
20260401,30,33193.6,33260.3,33192.6,33216.2,2050
20260401,45,33214.1,33837,33200.9,33725.2,14310
20260401,100,33724.2,33803.1,33602.1,33671.8,10344
20260401,115,33667.7,33797,33652.4,33751.9,5668
20260401,130,33750.8,33795.9,33711.9,33735.5,2764
20260401,145,33738.5,33807.2,33690.3,33735.5,3368
20260401,200,33732.4,33757,33688.3,33708.8,1426
20260401,215,33710.8,33788.8,33710.9,33780.6,1234
20260401,230,33778.6,33806.2,33738.6,33778.6,1092
20260401,245,33766.2,33802.1,33742.7,33782.7,734
20260401,300,33782.7,33821.6,33781.7,33812.4,1018
20260401,315,33812.4,33862.7,33803.2,33857.6,1934
20260401,330,33862.7,33907.8,33852.5,33864.8,2104
20260401,345,33867.8,33964.2,33859.7,33962.2,2214
20260401,400,33960.2,34069.9,33947.9,34031,4698
20260401,415,34028.9,34039.2,33875.1,33955.1,2630
20260401,430,33948.9,34012.5,33947.9,33984.8,792
20260401,445,33981.7,33981.7,33922.3,33927.4,1028
20260401,500,33932.5,33953,33918.2,33951,726
20260401,900,33915,34038.1,33905.9,34024.8,11138
20260401,915,34024.8,34056.6,33768.3,33838.1,18962
20260401,930,33837,34053.5,33824.8,34021.8,14592
20260401,945,34020.7,34105.9,33958.2,34007.4,11398
20260401,1000,34001.2,34081.2,33964.3,34073.1,5006
20260401,1015,34074.1,34165.4,34025.9,34049.5,8950
20260401,1030,34048.4,34125.4,34023.9,34099.8,4338
20260401,1045,34098.7,34156.1,34042.3,34138.8,4670
20260401,1100,34139.8,34171.5,34117.3,34143.9,3948
20260401,1115,34143.9,34202.3,34134.7,34177.7,4372
20260401,1130,34176.7,34212.6,34133.7,34184.9,3390
20260401,1145,34184.9,34218.7,34178.8,34198.3,1960
20260401,1200,34199.3,34207.5,34141.9,34165.4,2522
20260401,1215,34165.4,34181.8,34126.5,34145.9,1978
20260401,1230,34144.9,34186.9,34137.8,34156.2,1982
20260401,1245,34156.2,34216.7,34138.8,34201.3,3826
20260401,1300,34202.4,34251.6,34191.1,34218.8,4482
20260401,1315,34220.8,34286.5,34215.8,34235.2,5572
20260401,1330,34236.2,34260.8,34206.5,34260.9,4562
20260401,1345,34257.8,34280.3,34198.3,34277.3,12716
20260401,1515,34481.5,34487.6,34391.2,34450.7,7172
20260401,1530,34452.8,34470.2,34413.8,34466.1,1842
20260401,1545,34466.1,34611.8,34466.2,34558.5,5162
20260401,1600,34557.4,34566.6,34294.8,34332.7,5346
20260401,1615,34332.7,34354.2,34209.6,34284.5,6176
20260401,1630,34292.7,34393.2,34282.5,34349.1,3380
20260401,1645,34352.2,34396.3,34347.1,34371.7,1688
20260401,1700,34368.6,34387,34285.5,34343,2198
20260401,1715,34347.1,34369.6,34258.9,34269.1,2006
20260401,1730,34263.9,34279.3,34190.1,34246.5,2788
20260401,1745,34251.6,34314.2,34251.7,34289.6,1842
20260401,1800,34291.7,34360.4,34289.7,34309.1,1420
20260401,1815,34307,34323.4,34273.2,34301.9,1028
20260401,1830,34299.9,34334.7,34276.3,34305,1074
20260401,1845,34307,34364.5,34288.6,34353.2,1384
20260401,1900,34357.3,34441.4,34356.4,34399.4,2304
20260401,1915,34398.4,34425,34378.9,34400.4,778
20260401,1930,34397.4,34408.6,34357.4,34391.2,1124
20260401,1945,34393.2,34459.9,34388.2,34434.3,1704
20260401,2000,34433.3,34444.5,34416.9,34418.9,764
20260401,2015,34415.8,34424,34347.1,34360.4,1470
20260401,2030,34359.4,34393.2,34303,34338.9,1820
20260401,2045,34344,34488.6,34332.8,34417.9,2604
20260401,2100,34418.9,34464,34270.2,34285.5,5944
20260401,2115,34289.6,34330.6,34237.3,34313.2,3164
20260401,2130,34312.2,34333.7,34286.6,34316.3,1344
20260401,2145,34317.3,34473.2,34244.5,34356.3,7890
20260401,2200,34357.3,34436.3,34334.8,34399.4,3922
20260401,2215,34399.4,34459.9,34373.8,34458.9,3882
20260401,2230,34460,34590.2,34453.8,34567.7,5828
20260401,2245,34567.7,34601.5,34440.5,34545.1,6794
20260401,2300,34543.1,34664.1,34511.3,34648.8,4778
20260401,2315,34650.8,34678.5,34632.4,34656,3226
20260401,2330,34660.1,34714.4,34627.3,34633.4,2972
20260401,2345,34632.4,34695.9,34600.6,34683.7,2666
20260402,0,34683.7,34719.5,34659.1,34701.1,1912
20260402,15,34699.1,34733.9,34681.7,34687.8,2266
20260402,30,34686.7,34708.2,34660.1,34665.2,1186
20260402,45,34666.2,34698,34649.9,34690.8,1214
20260402,100,34692.9,34747.2,34678.6,34727.8,1186
20260402,115,34728.8,34767.8,34709.4,34740.1,1504
20260402,130,34741.1,34759.6,34720.7,34721.6,844
20260402,145,34719.6,34729.8,34609.8,34619,1756
20260402,200,34622.1,34629.2,34528.8,34528.7,2734
20260402,215,34530.8,34539.9,34470.3,34482.5,3134
20260402,230,34483.6,34488.6,34355.3,34365.5,3064
20260402,245,34368.6,34460.9,34314.3,34409.7,3388
20260402,300,34424,34429.1,34384.1,34390.2,1004
20260402,315,34392.2,34479.4,34383,34444.6,1326
20260402,330,34445.6,34513.3,34441.5,34507.2,842
20260402,345,34503.1,34524.6,34447.7,34496.9,852
20260402,400,34495.9,34513.3,34362.5,34389.1,1772
20260402,415,34392.2,34437.3,34348.1,34437.4,818
20260402,430,34438.4,34448.6,34388.2,34401.5,218
20260402,445,34398.4,34437.3,34396.4,34425.1,172
20260402,500,34422,34450.7,34422,34446.6,456
20260402,900,34558.5,34569.7,34437.4,34527.7,8676
20260402,915,34526.7,34542,34250.7,34370.7,20788
20260402,930,34374.8,34385,33925.4,33974.6,24676
20260402,945,33971.5,34011.5,33671.9,33795,17242
20260402,1000,33790.9,33880.1,33719.1,33784.7,10832
20260402,1015,33785.7,33805.2,33590.8,33632.8,11316
20260402,1030,33638,33727.2,33572.3,33577.4,7666
20260402,1045,33583.6,33685.1,33517.9,33629.8,10026
20260402,1100,33632.8,33677.9,33592.9,33641,4668
20260402,1115,33643.1,33643,33541.5,33623.6,4508
20260402,1130,33624.6,33657.4,33578.5,33595.9,2938
20260402,1145,33596.9,33613.3,33434.8,33488.1,7142
20260402,1200,33486.1,33491.2,33410.2,33460.4,4762
20260402,1215,33462.5,33546.6,33425.6,33527.1,5174
20260402,1230,33523,33554.8,33459.5,33469.7,3008
20260402,1245,33472.7,33485,33431.7,33470.7,3304
20260402,1300,33469.7,33476.8,33418.4,33468.6,3056
20260402,1315,33469.7,33496.3,33412.2,33463.5,4242
20260402,1330,33463.5,33484,33423.5,33444,4320
20260402,1345,33444,33480.9,33337.3,33338.3,11102
20260402,1515,33429.6,33468.6,33310.7,33352.7,5342
20260402,1530,33348.6,33428.6,33334.3,33396.8,2914
20260402,1545,33396.8,33473.7,33374.3,33460.4,1990
20260402,1600,33460.4,33510.7,33454.3,33505.6,1622
20260402,1615,33505.6,33527.1,33433.8,33461.5,1654
20260402,1630,33463.5,33496.3,33420.5,33447.1,1038
20260402,1645,33449.1,33504.5,33444.1,33458.4,1034
20260402,1700,33463.5,33472.7,33441,33460.4,654
20260402,1715,33459.4,33479.9,33384.5,33398.9,1314
20260402,1730,33392.7,33503.5,33382.5,33463.5,1612
20260402,1745,33459.4,33467.6,33409.2,33413.2,922
20260402,1800,33414.3,33428.6,33390.7,33405,1006
20260402,1815,33403,33402.9,33254.2,33256.2,3064
20260402,1830,33263.4,33282.8,33163.9,33196.7,3578
20260402,1845,33197.7,33274.6,33188.5,33251.1,2000
20260402,1900,33247,33271.6,33221.4,33255.2,1098
20260402,1915,33252.1,33279.8,33203.9,33215.2,1590
20260402,1930,33215.2,33223.3,33144.4,33148.5,2356
20260402,1945,33148.5,33197.7,33141.3,33181.3,1280
20260402,2000,33176.2,33195.6,33108.5,33119.7,1616
20260402,2015,33126.9,33142.3,33064.4,33084.8,2376
20260402,2030,33084.8,33175.1,33077.7,33153.6,2238
20260402,2045,33162.8,33225.4,33137.2,33174.1,2002
20260402,2100,33176.2,33245.9,33173.1,33182.3,1714
20260402,2115,33188.5,33221.3,33149.5,33164.9,1494
20260402,2130,33166.9,33197.7,33100.3,33162.8,1632
20260402,2145,33169,33296.2,33035.6,33145.4,8688
20260402,2200,33148.5,33378.3,33127,33367,7296
20260402,2215,33366,33495.3,33333.2,33413.2,6752
20260402,2230,33416.3,33507.6,33398.9,33446.1,5426
20260402,2245,33442,33999.1,33435.9,33865.8,15636
20260402,2300,33868.9,33882.1,33650.3,33772.4,7288
20260402,2315,33772.4,33782.6,33659.6,33742.6,4924
20260402,2330,33740.6,33755.9,33600,33702.6,4906
20260402,2345,33705.7,33721,33636,33685.2,2696
20260403,0,33686.2,33688.2,33528.2,33597.9,3918
20260403,15,33595.9,33667.7,33559,33610.3,2040
20260403,30,33607.2,33634.8,33539.5,33593.8,1798
20260403,45,33590.8,33724.1,33574.4,33698.5,2886
20260403,100,33696.5,33720,33647.2,33647.2,1800
20260403,115,33651.3,33721,33614.4,33712.9,1328
20260403,130,33710.8,33760,33704.7,33736.5,1482
20260403,145,33737.5,33743.6,33663.7,33678,1116
20260403,200,33683.1,33688.2,33608.3,33643.1,1292
20260403,215,33646.2,33702.6,33640.1,33665.7,878
20260403,230,33671.8,33679,33644.2,33663.6,620
20260403,245,33659.5,33709.7,33619.5,33693.4,658
20260403,300,33693.4,33725.1,33690.3,33699.5,476
20260403,315,33705.7,33759,33697.5,33726.2,668
20260403,330,33728.3,33733.4,33689.3,33705.7,582
20260403,345,33705.7,33709.7,33680.1,33682.1,432
20260403,400,33678,33755.9,33667.8,33745.7,980
20260403,415,33751.9,33752.8,33699.6,33714.9,424
20260403,430,33714.9,33741.6,33701.6,33741.6,374
20260403,445,33737.5,33744.6,33695.5,33732.4,368
20260403,500,33732.4,33780.6,33702.7,33738.5,1248
20260407,900,34061.8,34153.1,34024.9,34099.8,12668
20260407,915,34098.7,34199.2,33995.1,34060.8,13842
20260407,930,34058.7,34223.9,34058.8,34200.3,8244
20260407,945,34194.2,34251.6,34020.8,34072,11230
20260407,1000,34077.2,34102.8,33827.9,33868.9,10274
20260407,1015,33871.9,33997.1,33818.6,33931.5,6456
20260407,1030,33927.4,34005.3,33894.6,33992,3606
20260407,1045,33993,34045.3,33984.9,34020.7,3536
20260407,1100,34020.7,34087.4,33979.7,34019.7,3936
20260407,1115,34016.6,34053.5,33947.9,33995.1,2116
20260407,1130,33995.1,34014.5,33932.5,34002.3,2284
20260407,1145,34000.2,34059.7,33997.2,34021.8,2374
20260407,1200,34019.7,34043.3,33998.2,34024.8,1256
20260407,1215,34023.8,34047.4,33945.9,33952,2756
20260407,1230,33949.9,34030.9,33949,34013.6,1950
20260407,1245,34018.7,34049.4,34007.4,34035.1,1876
20260407,1300,34038.2,34078.2,34016.7,34025.9,2550
20260407,1315,34023.8,34059.7,34009.5,34043.3,2382
20260407,1330,34043.3,34059.7,34009.5,34035.1,2896
20260407,1345,34037.2,34059.7,34010.5,34027.9,7878
20260407,1515,34101.8,34151,34040.3,34079.2,2832
20260407,1530,34076.2,34090.5,34018.7,34023.8,1388
20260407,1545,34028.9,34091.5,34029,34084.4,1076
20260407,1600,34083.3,34091.5,34029,34076.2,868
20260407,1615,34079.2,34408.6,34073.1,34350.1,8230
20260407,1630,34350.1,34442.5,34295.8,34376.8,3734
20260407,1645,34377.9,34438.4,34357.4,34401.5,1704
20260407,1700,34399.4,34418.9,34358.4,34403.5,1242
20260407,1715,34406.6,34432.2,34362.5,34391.2,1532
20260407,1730,34391.2,34471.2,34374.8,34442.5,2674
20260407,1745,34434.3,34476.3,34425.1,34430.2,1708
20260407,1800,34429.2,34429.1,34369.7,34378.9,1268
20260407,1815,34385,34404.5,34206.5,34296.8,5180
20260407,1830,34298.8,34338.8,34159.3,34223.9,3264
20260407,1845,34225,34231.1,34117.3,34136.7,3292
20260407,1900,34143.9,34151,33980.8,34046.4,3952
20260407,1915,34049.5,34113,34048.5,34093.6,2182
20260407,1930,34095.7,34139.7,34075.2,34082.3,1564
20260407,1945,34082.3,34111,34033.1,34088.5,1926
20260407,2000,34092.6,34099.7,34056.7,34078.2,674
20260407,2015,34084.4,34096.6,33960.2,34014.6,4042
20260407,2030,34017.7,34193.1,33962.3,34176.7,4058
20260407,2045,34174.7,34189,34113.1,34121.3,2248
20260407,2100,34121.3,34203.4,34054.7,34126.4,3008
20260407,2115,34131.6,34175.6,34096.7,34133.6,1738
20260407,2130,34133.6,34145.9,34100.8,34136.7,1030
20260407,2145,34137.7,34188,33993.1,34007.4,5802
20260407,2200,34008.4,34033,33860.7,33868.9,6764
20260407,2215,33871.9,33872.9,33684.2,33770.3,8938
20260407,2230,33771.4,33950.9,33765.3,33937.6,6486
20260407,2245,33935.6,34008.4,33895.6,33932.5,4632
20260407,2300,33936.6,34025.8,33806.3,33813.4,4604
20260407,2315,33809.3,33831.9,33698.6,33805.2,5942
20260407,2330,33804.2,33929.4,33800.2,33905.8,4474
20260407,2345,33906.8,33922.2,33845.3,33871.9,2670
20260408,0,33876,33990.9,33873,33948.9,2480
20260408,15,33956.1,34112,33951,33998.2,4096
20260408,30,34000.2,34059.7,33954.1,34038.2,3136
20260408,45,34037.2,34069.9,34018.7,34065.9,1548
20260408,100,34065.9,34092.5,34025.9,34038.2,1338
20260408,115,34036.1,34090.5,34026.9,34044.3,1108
20260408,130,34035.1,34057.6,33956.1,33990,1416
20260408,145,33993,34170.5,33985.9,34110,2754
20260408,200,34113.1,34212.6,34097.8,34156.2,2014
20260408,215,34156.2,34172.6,34107,34133.6,594
20260408,230,34132.6,34155.1,34096.7,34120.3,428
20260408,245,34122.3,34136.6,34039.3,34054.6,810
20260408,300,34050.5,34052.5,33941.8,33944.8,1284
20260408,315,33946.9,33996.1,33908.9,33987.9,2242
20260408,330,33990,34298.8,33980.8,34156.2,5494
20260408,345,34153.1,34218.7,34112.1,34190.1,1350
20260408,400,34186,34403.5,34162.4,34388.1,6876
20260408,415,34386.1,34420.9,34347.1,34387.1,1436
20260408,430,34387.1,34404.5,34336.9,34367.6,658
20260408,445,34363.5,34457.9,34356.4,34402.5,1270
20260408,500,34403.5,34404.5,34358.4,34372.7,632
20260408,900,35559,35592.8,35447.2,35496.4,20346
20260408,915,35499.5,35535.4,35376.4,35494.4,16758
20260408,930,35499.5,35550.8,35412.3,35534.4,11736
20260408,945,35535.4,35711.9,35520.1,35648.3,13552
20260408,1000,35650.4,35800.1,35641.2,35790.9,8378
20260408,1015,35790.9,35926.3,35791,35911,10976
20260408,1030,35912,35959.2,35864.9,35894.6,6642
20260408,1045,35897.7,35901.7,35829,35874.1,4204
20260408,1100,35875.1,35926.3,35871,35909,3764
20260408,1115,35909,35922.2,35868,35874.1,2074
20260408,1130,35873,35888.4,35754,35810.4,5994
20260408,1145,35809.4,35878.1,35802.3,35812.5,3146
20260408,1200,35814.5,35865.8,35805.4,35840.2,2246
20260408,1215,35837.1,35940.7,35837.2,35926.4,3874
20260408,1230,35928.5,35953,35904.9,35941.8,2750
20260408,1245,35940.8,35978.7,35913.1,35949,3650
20260408,1300,35947.9,35969.5,35922.3,35934.6,2866
20260408,1315,35931.5,35956.1,35886.4,35891.5,3948
20260408,1330,35889.5,35909.9,35838.2,35880.2,5480
20260408,1345,35873,35954.1,35871,35913.1,15950
20260408,1515,35917.2,35962.3,35871,35931.5,3274
20260408,1530,35931.5,36101.8,35923.4,36066,4548
20260408,1545,36063.9,36065.9,35876.2,35892.5,3122
20260408,1600,35897.7,35938.7,35876.2,35876.1,1336
20260408,1615,35877.1,35954.1,35850.5,35934.6,1816
20260408,1630,35928.5,35975.6,35921.3,35967.4,1224
20260408,1645,35965.4,36023.8,35912.1,35939.7,2044
20260408,1700,35945.9,36064.9,35942.9,36056.7,1990
20260408,1715,36053.6,36120.3,36046.5,36086.5,2298
20260408,1730,36088.5,36102.9,36050.6,36061.9,1094
20260408,1745,36061.9,36075.1,35962.4,35976.7,1544
20260408,1800,35977.7,36045.4,35961.3,36011.6,1448
20260408,1815,36019.8,36040.3,35990.1,36010.5,718
20260408,1830,36015.7,36058.7,35990.1,36048.5,684
20260408,1845,36047.5,36084.4,36046.5,36078.3,858
20260408,1900,36080.3,36083.4,36053.7,36071.1,576
20260408,1915,36067,36096.7,36050.6,36081.4,842
20260408,1930,36079.3,36188,36055.8,36168.6,2620
20260408,1945,36171.7,36171.6,36064,36107,1750
20260408,2000,36106,36148,36106,36139.9,920
20260408,2015,36140.9,36202.4,36128.6,36183,2008
20260408,2030,36183,36210.6,36021.9,36109.1,4726
20260408,2045,36107,36171.6,36101.9,36165.5,1910
20260408,2100,36165.5,36199.3,36151.2,36171.7,1314
20260408,2115,36171.7,36234.2,36161.5,36219.9,2008
20260408,2130,36219.9,36237.3,36191.2,36220.9,1664
20260408,2145,36214.8,36258.8,36146.1,36187.1,7084
20260408,2200,36185,36274.2,36124.5,36180.9,5926
20260408,2215,36183,36215.7,36096.8,36196.3,3778
20260408,2230,36197.3,36210.6,36087.6,36091.6,3554
20260408,2245,36100.9,36117.2,35976.7,35988,5826
20260408,2300,35985.9,36021.8,35866.9,35956.2,8418
20260408,2315,35958.2,36030,35944.9,36007.5,3952
20260408,2330,36003.4,36052.6,35987,36022.9,2392
20260408,2345,36025.9,36075.1,36005.5,36066,2260
20260409,0,36068,36110,36066,36082.4,1592
20260409,15,36079.3,36135.7,36078.3,36081.4,1896
20260409,30,36082.4,36101.8,36051.6,36098.8,1312
20260409,45,36101.9,36173.7,36087.6,36159.3,1652
20260409,100,36159.3,36186,36154.3,36167.6,956
20260409,115,36166.5,36196.2,36150.2,36170.6,844
20260409,130,36170.6,36178.8,36084.5,36114.2,1948
20260409,145,36123.4,36161.4,36077.3,36152.2,1120
20260409,200,36155.2,36173.7,36128.6,36145,488
20260409,215,36139.9,36187,36120.4,36183,702
20260409,230,36184,36208.6,36031.1,36053.6,2574
20260409,245,36054.7,36100.8,36001.4,36007.5,862
20260409,300,36011.6,36046.4,35926.4,35937.7,1258
20260409,315,35933.6,36044.4,35921.3,36040.3,1020
20260409,330,36038.3,36057.7,36004.4,36020.8,468
20260409,345,36022.9,36091.6,36022.9,36087.5,1126
20260409,400,36090.6,36228.1,36079.4,36214.8,1800
20260409,415,36214.8,36229.1,36168.6,36171.7,710
20260409,430,36174.7,36182.9,36128.6,36145,306
20260409,445,36142.9,36144.9,36114.2,36123.4,214
20260409,500,36130.6,36139.8,36089.6,36130.6,396
20260409,900,35950,36019.7,35819.7,35886.4,11540
20260409,915,35883.3,35912,35754,35873,15144
20260409,930,35872,35879.1,35719.2,35769.4,9626
20260409,945,35769.4,35861.7,35689.4,35729.4,8142
20260409,1000,35735.5,35860.7,35727.4,35845.3,6706
20260409,1015,35845.3,35852.5,35666.8,35726.3,6150
20260409,1030,35730.4,35783.7,35697.6,35764.3,3500
20260409,1045,35764.3,35806.3,35726.3,35731.4,2918
20260409,1100,35733.5,35831.9,35733.5,35800.2,3516
20260409,1115,35800.2,35842.2,35754,35767.3,3032
20260409,1130,35767.3,35772.4,35702.7,35741.7,3736
20260409,1145,35741.7,35768.3,35727.4,35755,1702
20260409,1200,35749.9,35777.5,35723.3,35758.1,1976
20260409,1215,35758.1,35800.1,35735.6,35779.7,2618
20260409,1230,35781.7,35795,35714,35747.8,2444
20260409,1245,35747.8,35781.7,35726.3,35756,2574
20260409,1300,35758.1,35772.4,35712,35722.2,2326
20260409,1315,35722.2,35734.4,35655.5,35706.8,5060
20260409,1330,35706.8,35844.3,35705.8,35843.3,6912
20260409,1345,35843.3,35880.2,35825.9,35847.4,8428
20260409,1515,35837.1,35853.5,35775.6,35817.6,2070
20260409,1530,35810.4,35813.5,35719.2,35730.4,1764
20260409,1545,35735.5,35776.5,35693.5,35702.7,2304
20260409,1600,35706.8,35747.8,35685.3,35742.7,1400
20260409,1615,35746.8,35757,35696.6,35699.6,1014
20260409,1630,35697.6,35752.9,35696.6,35710.9,656
20260409,1645,35715,35794,35715.1,35794,1132
20260409,1700,35794,35802.2,35738.7,35746.8,824
20260409,1715,35743.7,35759.1,35709.9,35754,868
20260409,1730,35756,35778.6,35739.7,35770.4,684
20260409,1745,35763.2,35775.5,35734.5,35750.9,530
20260409,1800,35751.9,35778.6,35742.8,35775.5,438
20260409,1815,35776.6,35797,35752,35760.2,788
20260409,1830,35756,35782.7,35738.7,35759.1,704
20260409,1845,35760.2,35775.5,35735.6,35762.2,728
20260409,1900,35760.2,35770.4,35703.8,35706.8,1136
20260409,1915,35711.9,35722.1,35676.1,35717.1,1454
20260409,1930,35717.1,35728.3,35703.8,35723.2,726
20260409,1945,35721.2,35785.8,35721.2,35778.6,1484
20260409,2000,35780.7,35818.6,35777.6,35807.4,1472
20260409,2015,35804.3,35815.5,35780.7,35780.7,698
20260409,2030,35779.7,35794,35772.5,35785.8,536
20260409,2045,35787.9,35870.9,35751,35819.7,2774
20260409,2100,35815.6,35834,35778.7,35806.3,862
20260409,2115,35809.4,35828.9,35781.8,35814.5,1188
20260409,2130,35816.6,35907.9,35814.6,35891.5,2624
20260409,2145,35894.6,36030,35871,36018.8,7076
20260409,2200,36013.6,36018.7,35844.4,35874.1,5478
20260409,2215,35874.1,35914,35816.6,35846.4,4038
20260409,2230,35843.3,35845.3,35734.5,35770.4,4494
20260409,2245,35768.4,35817.6,35738.7,35786.8,2686
20260409,2300,35793,35901.7,35793,35871,3158
20260409,2315,35867.9,35888.4,35814.6,35880.2,1610
20260409,2330,35881.2,35970.5,35881.3,35909,3744
20260409,2345,35911,36054.6,35901.8,36022.9,5864
20260410,0,36019.8,36089.5,35986,36072.1,3168
20260410,15,36074.2,36147,36069.1,36107,3502
20260410,30,36108,36175.7,36095.8,36139.9,2276
20260410,45,36138.8,36142.9,36078.3,36100.9,1640
20260410,100,36100.9,36132.6,36059.9,36114.2,1412
20260410,115,36118.3,36163.4,36103,36150.1,1604
20260410,130,36145,36168.5,36128.6,36140.9,1096
20260410,145,36138.8,36213.7,36105,36170.6,1402
20260410,200,36175.8,36195.2,36158.4,36169.6,748
20260410,215,36174.7,36196.2,36055.8,36099.8,2038
20260410,230,36097.8,36129.5,36078.3,36098.8,856
20260410,245,36101.9,36128.5,36045.5,36102.9,1148
20260410,300,36101.9,36132.6,36101.9,36114.2,622
20260410,315,36117.3,36177.8,36114.2,36163.5,842
20260410,330,36166.5,36169.6,36126.6,36140.9,544
20260410,345,36140.9,36172.6,36140.9,36157.3,382
20260410,400,36156.3,36171.6,36100.9,36131.6,660
20260410,415,36124.5,36127.5,36093.7,36117.3,498
20260410,430,36117.3,36138.8,36116.3,36130.6,144
20260410,445,36133.7,36144.9,36124.5,36129.6,218
20260410,500,36132.7,36146,36117.3,36145,276
20260410,900,36172.7,36303,36137.8,36294.8,8860
20260410,915,36291.7,36366.6,36225.1,36319.4,11966
20260410,930,36316.4,36394.3,36290.8,36293.8,10206
20260410,945,36292.8,36452.8,36291.8,36396.4,9542
20260410,1000,36396.4,36466.1,36345.1,36389.2,5808
20260410,1015,36390.2,36397.4,36262,36263,5694
20260410,1030,36271.2,36317.3,36177.9,36258.9,7690
20260410,1045,36265,36339.9,36264.1,36330.7,2890
20260410,1100,36334.8,36378.9,36307.2,36366.6,3330
20260410,1115,36370.7,36407.6,36352.3,36370.7,3060
20260410,1130,36366.6,36367.6,36312.3,36322.5,2210
20260410,1145,36321.5,36441.5,36319.5,36384.1,3854
20260410,1200,36384.1,36411.7,36366.7,36393.3,1986
20260410,1215,36393.3,36404.6,36369.8,36381,1512
20260410,1230,36375.9,36476.4,36374.9,36441.6,6114
20260410,1245,36440.5,36471.3,36415.9,36420,3550
20260410,1300,36418,36475.4,36414.9,36464.1,3514
20260410,1315,36464.1,36483.6,36439.6,36444.6,3554
20260410,1330,36443.6,36494.9,36434.4,36492.9,4882
20260410,1345,36491.8,36512.3,36460.1,36499,12910
20260410,1515,36451.8,36520.5,36428.3,36445.7,3960
20260410,1530,36443.6,36456.9,36404.7,36447.7,1922
20260410,1545,36449.8,36479.5,36437.5,36450.8,766
20260410,1600,36445.7,36480.5,36428.3,36471.3,784
20260410,1615,36469.3,36519.5,36441.6,36478.5,1916
20260410,1630,36478.5,36515.4,36464.2,36510.3,720
20260410,1645,36507.2,36526.7,36486.8,36487.7,990
20260410,1700,36490.8,36490.8,36421.1,36436.4,1590
20260410,1715,36435.4,36463.1,36434.4,36447.7,774
20260410,1730,36452.8,36598.5,36451.9,36528.8,3724
20260410,1745,36529.8,36546.2,36501.1,36527.8,848
20260410,1800,36525.7,36553.4,36513.4,36546.2,916
20260410,1815,36545.2,36569.8,36506.3,36519.5,1024
20260410,1830,36514.4,36580,36514.5,36556.5,864
20260410,1845,36559.6,36569.8,36537,36553.4,634
20260410,1900,36552.4,36556.4,36535,36537,390
20260410,1915,36536,36570.8,36535,36550.3,798
20260410,1930,36551.4,36566.7,36544.2,36561.6,350
20260410,1945,36561.6,36577,36541.1,36545.2,492
20260410,2000,36543.1,36550.3,36446.7,36466.2,2050
20260410,2015,36469.3,36502.1,36449.8,36500,1114
20260410,2030,36501.1,36542.1,36485.7,36525.7,1068
20260410,2045,36515.4,36618,36513.4,36594.5,3998
20260410,2100,36597.5,36604.7,36540.1,36548.3,1050
20260410,2115,36545.2,36575.9,36526.8,36569.8,868
20260410,2130,36564.7,36572.9,36546.3,36565.7,686
20260410,2145,36566.8,36578,36477.5,36526.7,3962
20260410,2200,36531.9,36647.8,36530.9,36625.2,4124
20260410,2215,36615,36655,36569.9,36649.9,3328
20260410,2230,36647.8,36684.7,36635.6,36660.1,2254
20260410,2245,36663.2,36683.7,36521.6,36541.1,3982
20260410,2300,36547.3,36586.2,36527.8,36582.1,2868
20260410,2315,36580.1,36606.7,36566.8,36605.7,1320
20260410,2330,36606.8,36656,36577.1,36582.1,2088
20260410,2345,36586.2,36600.6,36485.7,36517.5,3214
20260411,0,36516.5,36532.8,36458,36477.5,2790
20260411,15,36481.6,36560.5,36472.4,36542.1,2140
20260411,30,36541.1,36546.2,36508.3,36514.4,1188
20260411,45,36514.4,36532.8,36460.1,36471.3,1046
20260411,100,36474.4,36526.7,36472.4,36515.4,994
20260411,115,36518.5,36519.5,36485.7,36502.1,510
20260411,130,36505.2,36506.2,36471.4,36480.6,564
20260411,145,36479.5,36532.8,36470.3,36517.5,674
20260411,200,36521.6,36530.8,36503.2,36518.5,398
20260411,215,36516.5,36517.4,36478.5,36501.1,464
20260411,230,36506.2,36553.4,36504.2,36529.8,656
20260411,245,36534.9,36543.1,36517.5,36521.6,336
20260411,300,36521.6,36533.9,36516.5,36522.6,218
20260411,315,36521.6,36542.1,36517.5,36539,306
20260411,330,36536,36535.9,36501.1,36501.1,512
20260411,345,36503.1,36503.1,36467.3,36484.7,582
20260411,400,36491.8,36530.8,36486.8,36515.4,518
20260411,415,36514.4,36518.5,36493.9,36515.4,262
20260411,430,36513.4,36523.6,36509.3,36515.4,162
20260411,445,36516.5,36522.6,36499.1,36522.6,184
20260411,500,36523.7,36524.6,36510.4,36521.6,300
20260413,900,36204.5,36436.4,36148.1,36393.3,13354
20260413,915,36393.3,36486.7,36310.3,36480.6,12574
20260413,930,36480.6,36515.4,36385.2,36507.2,8970
20260413,945,36507.2,36520.5,36390.3,36464.1,12376
20260413,1000,36464.1,36548.2,36458,36521.6,10722
20260413,1015,36521.6,36545.2,36424.2,36450.8,12578
20260413,1030,36450.8,36478.4,36409.8,36418,9538
20260413,1045,36418,36530.8,36403.6,36524.7,12986
20260413,1100,36524.7,36586.2,36477.5,36573.9,13516
20260413,1115,36573.9,36585.2,36409.8,36410.8,13210
20260413,1130,36410.8,36466.1,36407.7,36446.7,9896
20260413,1145,36446.7,36458.9,36334.9,36415.9,9688
20260413,1200,36415.9,36433.3,36390.3,36414.9,6506
20260413,1215,36414.9,36431.2,36375.9,36427.2,6796
20260413,1230,36427.2,36430.2,36402.6,36407.7,6536
20260413,1245,36407.7,36410.7,36354.4,36354.3,18214
20260413,1300,36354.3,36416.9,36338,36399.5,11480
20260413,1315,36399.5,36446.6,36389.3,36411.8,11640
20260413,1330,36411.8,36467.2,36380,36435.4,18242
20260413,1345,36433.3,36439.5,36362.6,36386.1,14618
20260413,1515,36430.3,36476.4,36430.3,36453.9,1872
20260413,1530,36450.8,36460,36413.9,36441.6,1036
20260413,1545,36443.6,36452.8,36422.1,36422.1,364
20260413,1600,36429.2,36432.3,36399.5,36411.8,562
20260413,1615,36412.8,36466.1,36406.7,36427.2,962
20260413,1630,36425.1,36465.1,36415.9,36449.8,660
20260413,1645,36449.8,36487.7,36396.5,36411.8,1440
20260413,1700,36415.9,36416.9,36384.1,36397.4,894
20260413,1715,36398.5,36445.6,36398.5,36418,880
20260413,1730,36420,36443.6,36414.9,36434.4,282
20260413,1745,36431.3,36453.8,36424.2,36433.3,690
20260413,1800,36432.3,36435.3,36412.9,36414.9,308
20260413,1815,36416.9,36437.4,36414.9,36436.4,278
20260413,1830,36435.4,36436.4,36412.9,36430.3,292
20260413,1845,36431.3,36446.6,36429.3,36433.3,392
20260413,1900,36433.3,36520.5,36433.4,36510.3,1234
20260413,1915,36513.4,36546.2,36485.7,36499,1672
20260413,1930,36497,36511.3,36470.3,36479.5,542
20260413,1945,36476.4,36486.7,36414.9,36463.1,1320
20260413,2000,36466.2,36473.3,36410.8,36414.9,886
20260413,2015,36416.9,36454.8,36392.3,36451.8,1314
20260413,2030,36448.7,36453.8,36440.6,36447.7,220
20260413,2045,36452.8,36483.6,36448.8,36475.4,620
20260413,2100,36477.5,36508.2,36477.5,36486.7,722
20260413,2115,36488.8,36503.1,36469.3,36484.7,492
20260413,2130,36481.6,36534.9,36470.3,36528.8,942
20260413,2145,36529.8,36570.8,36509.3,36512.4,3208
20260413,2200,36512.4,36714.5,36474.4,36678.6,7740
20260413,2215,36678.6,36725.8,36615,36642.7,3884
20260413,2230,36638.6,36670.3,36581.2,36650.9,2540
20260413,2245,36655,36738.1,36643.8,36728.9,2464
20260413,2300,36728.9,36745.3,36671.5,36730.9,2244
20260413,2315,36730.9,36736,36654,36716.6,2748
20260413,2330,36716.6,36724.7,36674.6,36680.7,1082
20260413,2345,36676.6,36721.7,36656.1,36697.1,1418
20260414,0,36691.9,36701.1,36657.1,36673.5,644
20260414,15,36675.5,36734,36632.5,36704.3,2112
20260414,30,36699.1,36800.7,36695.1,36778.1,2822
20260414,45,36775.1,36815,36735.1,36786.4,2552
20260414,100,36782.3,36851,36777.2,36826.4,1914
20260414,115,36827.4,36862.2,36826.4,36852,1170
20260414,130,36849,36886.9,36849,36872.6,892
20260414,145,36873.6,36885.9,36858.2,36869.5,352
20260414,200,36864.4,36868.4,36838.7,36839.7,510
20260414,215,36843.8,36898.2,36841.8,36885.9,576
20260414,230,36885.9,36885.9,36858.2,36860.2,266
20260414,245,36859.2,36897.1,36859.3,36897.2,232
20260414,300,36900.3,36939.2,36899.3,36937.2,1034
20260414,315,36936.2,36939.2,36920.8,36929,440
20260414,330,36929,36952.6,36928,36944.4,674
20260414,345,36940.3,36959.7,36903.4,36909.5,478
20260414,400,36911.6,36954.6,36899.3,36928,612
20260414,415,36924.9,36964.9,36918.8,36952.6,312
20260414,430,36950.6,36971,36947.5,36963.9,204
20260414,445,36961.8,36981.3,36955.7,36969,308
20260414,500,36968,36971,36948.5,36971.1,452
20260414,900,37004.9,37052.1,36953.7,36990.6,10754
20260414,915,36987.5,37159.8,36959.8,37100.4,12678
20260414,930,37098.3,37230.7,37067.6,37139.4,9788
20260414,945,37139.4,37148.6,36983.4,37065.5,12644
20260414,1000,37067.5,37071.6,36933.2,36974.2,11816
20260414,1015,36974.2,37136.2,36938.3,37131.2,9238
20260414,1030,37131.2,37158.8,37063.5,37086,7306
20260414,1045,37088.1,37262.5,37060.4,37226.6,9122
20260414,1100,37225.6,37280.9,37208.2,37276.9,6982
20260414,1115,37276.9,37288.1,37236.9,37285.1,5598
20260414,1130,37285.1,37348.7,37274.9,37327.2,8018
20260414,1145,37327.2,37350.7,37304.6,37309.7,5838
20260414,1200,37311.8,37351.7,37303.6,37348.7,5034
20260414,1215,37351.8,37353.8,37295.4,37330.2,6520
20260414,1230,37328.2,37384.6,37318,37372.3,7384
20260414,1245,37372.3,37377.4,37327.2,37347.7,11432
20260414,1300,37347.7,37384.6,37343.6,37367.2,8916
20260414,1315,37369.2,37369.2,37325.2,37342.6,10248
20260414,1330,37341.5,37354.8,37308.7,37314.9,13254
20260414,1345,37317.9,37351.7,37306.7,37334.4,11666
20260414,1515,37334.4,37454.4,37309.8,37424.7,3766
20260414,1530,37424.7,37466.7,37408.3,37431.8,1128
20260414,1545,37432.9,37483.1,37432.9,37448.3,1348
20260414,1600,37447.2,37466.7,37431.9,37456.5,686
20260414,1615,37454.4,37470.8,37435,37456.5,934
20260414,1630,37454.4,37461.6,37425.7,37454.4,610
20260414,1645,37454.4,37485.2,37437,37455.4,698
20260414,1700,37459.5,37473.9,37450.4,37473.9,474
20260414,1715,37471.9,37510.8,37471.9,37480.1,1156
20260414,1730,37480.1,37487.2,37421.6,37421.6,928
20260414,1745,37424.7,37446.2,37408.3,37427.7,1074
20260414,1800,37428.8,37437.9,37361.1,37374.4,1446
20260414,1815,37373.3,37396.9,37340.6,37391.8,1576
20260414,1830,37388.7,37395.9,37368.3,37378.5,660
20260414,1845,37376.4,37386.6,37336.5,37347.7,1250
20260414,1900,37344.6,37373.3,37338.5,37349.7,436
20260414,1915,37350.8,37383.6,37345.7,37370.3,518
20260414,1930,37369.2,37420.5,37368.3,37401.1,778
20260414,1945,37395.9,37435.9,37396,37429.8,660
20260414,2000,37427.7,37482.1,37410.3,37454.4,1648
20260414,2015,37455.4,37461.6,37427.8,37438,624
20260414,2030,37437,37447.2,37401.1,37445.2,668
20260414,2045,37446.2,37473.9,37409.3,37415.4,856
20260414,2100,37420.6,37424.6,37384.7,37397,854
20260414,2115,37399,37427.7,37387.8,37418.5,626
20260414,2130,37421.6,37436.9,37389.8,37401.1,980
20260414,2145,37402.1,37423.6,37360.1,37415.4,3868
20260414,2200,37410.3,37452.3,37382.6,37429.8,2050
20260414,2215,37430.8,37499.5,37409.3,37490.3,2422
20260414,2230,37490.3,37523.1,37482.2,37509.8,1928
20260414,2245,37509.8,37531.3,37481.1,37489.3,1678
20260414,2300,37491.4,37530.3,37485.3,37504.7,1010
20260414,2315,37505.7,37505.7,37425.7,37439,1794
20260414,2330,37441.1,37505.7,37441.1,37493.4,1538
20260414,2345,37494.4,37529.3,37491.4,37507.8,1490
20260415,0,37507.8,37538.5,37502.7,37518,1268
20260415,15,37513.9,37552.9,37511.9,37535.5,1000
20260415,30,37540.6,37569.3,37531.4,37562.2,792
20260415,45,37557,37563.1,37520.1,37542.7,762
20260415,100,37548.8,37548.8,37520.1,37525.2,414
20260415,115,37531.4,37564.2,37530.4,37559.1,470
20260415,130,37557,37615.5,37555,37602.2,964
20260415,145,37602.2,37628.8,37602.2,37617.6,486
20260415,200,37620.7,37635,37615.6,37628.9,244
20260415,215,37629.9,37670.9,37629.9,37650.4,530
20260415,230,37649.4,37649.3,37554,37591.9,832
20260415,245,37597.1,37636,37595.1,37608.3,434
20260415,300,37604.2,37623.7,37601.2,37620.7,198
20260415,315,37619.6,37688.3,37616.6,37672,412
20260415,330,37670.9,37700.7,37671,37691.5,240
20260415,345,37690.4,37694.5,37659.7,37659.7,268
20260415,400,37663.8,37692.4,37657.7,37685.3,308
20260415,415,37683.3,37691.4,37663.8,37682.2,216
20260415,430,37682.2,37686.3,37677.2,37684.3,140
20260415,445,37687.4,37687.3,37672,37683.3,148
20260415,500,37685.3,37687.3,37661.8,37687.4,474
20260415,900,37687.4,37710.9,37639.2,37684.3,3892
20260415,915,37682.2,37764.3,37598.1,37763.3,7562
20260415,930,37764.3,37906.9,37762.3,37899.8,6950
20260415,945,37894.7,37954.1,37816.7,37949,5150
20260415,1000,37951.1,38019.8,37937.8,38010.6,4698
20260415,1015,38010.6,38044.4,37924.5,37976.8,4258
20260415,1030,37976.8,38023.9,37926.5,37951.1,3074
20260415,1045,37951.1,37974.7,37909.1,37930.6,2278
20260415,1100,37934.7,37991.1,37922.4,37944.9,1802
20260415,1115,37944.9,37956.2,37816.7,37872.1,3734
20260415,1130,37870,37876.1,37819.8,37821.8,1676
20260415,1145,37822.8,37887.4,37809.5,37810.5,2244
20260415,1200,37810.5,37898.1,37790.2,37875.7,1972
20260415,1215,37874.7,37890.9,37851.3,37881.8,1184
20260415,1230,37879.8,37884.8,37811.6,37815.6,1646
20260415,1245,37814.6,37816.6,37706.6,37715.8,3758
20260415,1300,37713.7,37755.4,37648.6,37752.4,4906
20260415,1315,37751.4,37785,37639.4,37711.7,6032
20260415,1330,37706.6,37739.1,37650.6,37676,6542
20260415,1345,37675,37716.7,37639.4,37673,12352
20260415,1515,37715.8,37799.3,37700.5,37782,4470
20260415,1530,37783,37819.6,37752.5,37781,2044
20260415,1545,37779.9,37808.4,37759.6,37773.8,1272
20260415,1600,37772.8,37799.3,37752.5,37786.1,882
20260415,1615,37787.1,37804.3,37762.7,37794.2,1172
20260415,1630,37794.2,37865.5,37772.9,37855.3,2084
20260415,1645,37858.4,37883.8,37851.3,37862.5,1472
20260415,1700,37860.4,37895,37854.4,37892,1290
20260415,1715,37894.1,37902.2,37747.4,37777.9,3140
20260415,1730,37777.9,37816.6,37764.7,37773.8,1178
20260415,1745,37772.8,37796.2,37751.5,37772.8,660
20260415,1800,37769.8,37791.1,37763.7,37779.9,466
20260415,1815,37778.9,37828.8,37775.9,37804.4,1022
20260415,1830,37803.4,37807.4,37697.5,37709.6,2406
20260415,1845,37712.7,37804.3,37701.5,37802.4,1626
20260415,1900,37798.3,37813.5,37783.1,37806.4,712
20260415,1915,37808.5,37838,37796.3,37831.9,722
20260415,1930,37830.9,37831.9,37792.2,37793.2,458
20260415,1945,37792.2,37834.9,37792.2,37817.6,464
20260415,2000,37820.7,37870.6,37793.2,37833.9,1346
20260415,2015,37829.9,37833.9,37769.8,37791.2,1192
20260415,2030,37792.2,37809.4,37784.1,37790.1,452
20260415,2045,37794.2,37827.8,37790.2,37824.8,558
20260415,2100,37824.8,37833.9,37802.4,37820.7,386
20260415,2115,37819.7,37845.1,37806.5,37842.1,548
20260415,2130,37843.1,37876.7,37830.9,37861.5,980
20260415,2145,37863.5,37871.6,37763.7,37765.7,4070
20260415,2200,37768.7,37844.1,37758.6,37837,3016
20260415,2215,37838,37852.2,37807.5,37828.9,2008
20260415,2230,37827.8,37886.9,37790.2,37874.7,2794
20260415,2245,37878.8,37946,37861.5,37943,4588
20260415,2300,37938.9,37965.3,37918.6,37923.6,2026
20260415,2315,37923.6,37957.2,37895.1,37952.1,1694
20260415,2330,37953.1,37995.9,37934.9,37981.7,1854
20260415,2345,37980.7,37983.7,37944,37974.5,1518
20260416,0,37971.5,37987.7,37914.5,37924.6,1252
20260416,15,37925.6,37970.4,37905.3,37955.2,1238
20260416,30,37957.2,37978.6,37925.7,37928.7,750
20260416,45,37929.7,37935.8,37829.9,37836,2256
20260416,100,37836,37849.2,37766.8,37830.9,2788
20260416,115,37832.9,37864.5,37821.8,37847.2,978
20260416,130,37847.2,37876.7,37842.1,37855.3,630
20260416,145,37853.3,37888.9,37841.1,37844.1,498
20260416,200,37846.2,37861.4,37841.1,37844.1,248
20260416,215,37844.1,37918.5,37821.8,37906.3,1088
20260416,230,37905.3,37921.5,37894.1,37900.2,366
20260416,245,37905.3,37922.5,37899.2,37905.3,288
20260416,300,37905.3,37938.8,37903.3,37930.7,374
20260416,315,37926.7,37949,37919.6,37927.7,270
20260416,330,37930.7,37950,37924.7,37950.1,212
20260416,345,37948.1,37961.2,37923.7,37932.8,436
20260416,400,37931.8,37962.3,37920.6,37920.5,538
20260416,415,37919.5,37923.6,37887,37917.5,350
20260416,430,37910.4,37919.5,37905.3,37905.3,86
20260416,445,37909.3,37915.4,37900.2,37905.3,118
20260416,500,37910.4,37926.6,37890,37926.7,318
20260416,900,38023.4,38119.2,38007.2,38058.1,8342
20260416,915,38059.1,38072.3,37784.1,37931.8,16570
20260416,930,37935.8,38041.7,37920.6,37977.6,7554
20260416,945,37979.6,38019.3,37887,37979.6,6346
20260416,1000,37982.7,38005.1,37900.2,37936.8,4804
20260416,1015,37940.9,38016.3,37938.9,37959.3,3956
20260416,1030,37958.2,37964.3,37902.3,37916.5,3322
20260416,1045,37915.5,37947,37812.6,37818.7,4644
20260416,1100,37815.6,37917.4,37802.4,37907.3,4050
20260416,1115,37907.3,38007.1,37906.3,37989.8,4516
20260416,1130,37991.9,38012.2,37922.6,37945,3288
20260416,1145,37945,38010.2,37944,37972.5,2704
20260416,1200,37972.5,37991.8,37953.2,37978.6,1530
20260416,1215,37981.7,38031.5,37943,38029.6,2704
20260416,1230,38028.5,38195.6,37992.9,38032.6,11258
20260416,1245,38031.6,38050.9,37997,38041.8,2934
20260416,1300,38039.7,38110,38035.7,38079.5,2532
20260416,1315,38079.5,38091.7,38041.8,38048.9,2532
20260416,1330,38048.9,38171.1,38045.9,38166.1,4460
20260416,1345,38169.1,38374.9,38146.8,38353.5,15502
20260416,1515,38256.8,38271,38013.3,38099.9,10430
20260416,1530,38102.9,38160.9,38073.4,38100.9,2946
20260416,1545,38100.9,38138.5,38075.5,38111.1,1340
20260416,1600,38110,38110,38038.8,38063.2,2150
20260416,1615,38066.2,38085.5,37945,37964.4,3276
20260416,1630,37973.5,37997.9,37933.8,37974.5,2340
20260416,1645,37971.5,38023.4,37946.1,38017.3,2244
20260416,1700,38016.3,38033.6,38001.1,38022.4,1186
20260416,1715,38020.4,38060.1,38002.1,38042.8,1254
20260416,1730,38044.8,38045.8,37963.4,37979.6,1674
20260416,1745,37982.7,37994.9,37907.3,37927.7,2474
20260416,1800,37931.8,37946,37900.2,37928.7,1930
20260416,1815,37929.7,37951.1,37891,37900.2,1426
20260416,1830,37897.1,37906.2,37814.6,37829.9,3302
20260416,1845,37828.9,37828.8,37732.1,37751.4,5142
20260416,1900,37749.4,37843.1,37671,37840.1,5614
20260416,1915,37842.1,37869.6,37832,37861.5,2598
20260416,1930,37861.5,37885.9,37830.9,37862.5,1424
20260416,1945,37864.5,37894,37846.2,37862.5,1164
20260416,2000,37862.5,37908.3,37843.2,37895.1,1430
20260416,2015,37893,37925.6,37849.3,37865.5,1904
20260416,2030,37864.5,37879.7,37821.8,37877.8,1324
20260416,2045,37877.8,37880.8,37821.8,37843.1,1308
20260416,2100,37843.1,37843.1,37796.3,37823.8,1332
20260416,2115,37824.8,37887.9,37816.7,37887.9,1522
20260416,2130,37885.9,37914.4,37866.6,37887.9,1744
20260416,2145,37884.9,37896,37742.3,37766.7,6716
20260416,2200,37762.6,37781.9,37622.1,37720.9,7374
20260416,2215,37716.8,37863.4,37695.4,37830.9,5482
20260416,2230,37830.9,37834.9,37746.4,37782,3006
20260416,2245,37785,37806.4,37752.5,37793.2,2094
20260416,2300,37794.2,37849.2,37780,37812.5,2526
20260416,2315,37813.6,37989.8,37811.6,37911.4,7226
20260416,2330,37917.5,37944.9,37872.7,37884.9,3052
20260416,2345,37877.8,37979.6,37856.4,37935.8,3178
20260417,0,37932.8,37952.1,37888,37937.9,1950
20260417,15,37940.9,37959.2,37903.3,37957.2,1566
20260417,30,37955.2,37960.2,37894.1,37894.1,886
20260417,45,37898.1,37900.1,37786.1,37845.2,2868
20260417,100,37849.2,37879.7,37823.8,37824.8,860
20260417,115,37827.8,37859.4,37800.4,37817.6,1122
20260417,130,37815.6,37875.7,37806.5,37854.3,650
20260417,145,37852.3,37868.5,37825.8,37846.2,568
20260417,200,37844.1,37848.2,37790.2,37819.7,864
20260417,215,37819.7,37856.3,37767.8,37795.2,1138
20260417,230,37804.4,37811.5,37755.5,37766.7,592
20260417,245,37766.7,37837,37763.7,37829.9,454
20260417,300,37828.9,37853.3,37814.6,37829.9,470
20260417,315,37831.9,37847.1,37818.7,37823.8,244
20260417,330,37828.9,37842,37819.7,37830.9,170
20260417,345,37833.9,37864.5,37826.9,37826.8,306
20260417,400,37823.8,37927.6,37818.7,37881.8,1090
20260417,415,37880.8,37888.9,37837.1,37855.3,370
20260417,430,37855.3,37864.5,37838.1,37846.2,176
20260417,445,37847.2,37868.5,37846.2,37863.5,166
20260417,500,37863.5,37871.6,37833,37842.1,338
20260417,900,37844.1,38009.1,37840.1,37962.3,9580
20260417,915,37965.4,38047.8,37908.4,37978.6,11862
20260417,930,37977.6,38056,37911.4,37948.1,7568
20260417,945,37947,38017.3,37888,37890,6076
20260417,1000,37890,38016.3,37882.9,37985.7,6756
20260417,1015,37988.8,38049.9,37944,38049.9,4882
20260417,1030,38051,38091.7,37989.9,37989.8,6042
20260417,1045,37992.9,38002,37915.5,37937.9,4572
20260417,1100,37933.8,37963.3,37910.4,37926.7,2554
20260417,1115,37927.7,37952.1,37888,37901.2,3206
20260417,1130,37898.1,37933.7,37845.2,37866.5,4332
20260417,1145,37863.5,37888.9,37809.5,37860.4,4516
20260417,1200,37859.4,37879.7,37811.6,37823.8,2022
20260417,1215,37824.8,37871.6,37819.7,37864.5,2068
20260417,1230,37865.5,37882.8,37850.3,37881.8,1692
20260417,1245,37877.8,37880.8,37825.8,37843.1,2510
20260417,1300,37840.1,37932.7,37829.9,37841.1,4292
20260417,1315,37838,37901.1,37784.1,37883.9,5272
20260417,1330,37882.8,37908.3,37823.8,37825.8,3688
20260417,1345,37823.8,37830.8,37730.1,37781,9480
20260417,1515,37752.4,37851.2,37739.2,37829.9,2966
20260417,1530,37829.9,37874.6,37820.7,37859.4,1794
20260417,1545,37860.4,37895,37853.4,37889,970
20260417,1600,37886.9,37920.5,37876.8,37912.4,1050
20260417,1615,37916.5,37925.6,37867.6,37886.9,1230
20260417,1630,37883.9,37911.3,37879.8,37900.2,488
20260417,1645,37902.2,37954.1,37879.8,37951.1,1572
20260417,1700,37952.1,38002,37944,37973.5,1756
20260417,1715,37973.5,37990.8,37957.3,37960.3,716
20260417,1730,37960.3,37995.9,37941,37981.7,766
20260417,1745,37983.7,37984.7,37961.3,37971.5,324
20260417,1800,37971.5,37985.7,37963.4,37977.6,588
20260417,1815,37974.5,37982.6,37955.2,37963.3,392
20260417,1830,37961.3,37971.4,37949.1,37956.2,306
20260417,1845,37959.3,37962.3,37923.7,37926.7,752
20260417,1900,37923.6,37964.3,37917.5,37956.2,410
20260417,1915,37961.3,37973.5,37949.1,37961.3,404
20260417,1930,37959.3,37973.5,37957.3,37963.3,236
20260417,1945,37966.4,38012.2,37966.4,37988.8,1230
20260417,2000,37985.7,37994.9,37977.6,37991.9,360
20260417,2015,37989.8,38041.7,37986.8,38032.6,1124
20260417,2030,38032.6,38155.8,38022.5,38123.3,3434
20260417,2045,38125.3,38192.5,38122.3,38168.1,2842
20260417,2100,38165.1,38473.7,38159,38473.8,8828
20260417,2115,38474.8,38561.3,38407.6,38540,5602
20260417,2130,38538,38545,38412.7,38435,3834
20260417,2145,38443.2,38495.1,38378,38446.3,5406
20260417,2200,38455.4,38489,38343.4,38472.7,4414
20260417,2215,38478.9,38587.8,38478.9,38567.5,3740
20260417,2230,38567.5,38618.4,38534.9,38572.6,3014
20260417,2245,38574.6,38708,38567.5,38685.7,4448
20260417,2300,38688.7,38690.7,38591,38603.2,2808
20260417,2315,38606.2,38607.2,38493.2,38528.8,4762
20260417,2330,38536.9,38567.4,38446.3,38470.7,2924
20260417,2345,38467.7,38553.2,38464.6,38481.9,2670
20260418,0,38491.1,38547.1,38462.6,38463.6,1980
20260418,15,38467.7,38537.9,38415.7,38525.7,2764
20260418,30,38523.7,38542,38507.4,38519.6,1224
20260418,45,38523.7,38579.7,38502.3,38516.6,2224
20260418,100,38514.5,38526.7,38483,38487,1072
20260418,115,38488,38506.3,38412.7,38460.5,1806
20260418,130,38461.5,38480.8,38307.7,38337.2,3332
20260418,145,38330.1,38367.8,38262.9,38322,3078
20260418,200,38320.9,38382,38317.9,38356.6,1144
20260418,215,38357.6,38365.7,38270.1,38285.3,1024
20260418,230,38287.3,38380,38271.1,38359.7,1280
20260418,245,38358.6,38408.5,38357.7,38400.4,1088
20260418,300,38402.4,38427.9,38351.6,38384.1,1066
20260418,315,38384.1,38411.6,38368.9,38374.9,546
20260418,330,38386.1,38405.5,38371.9,38378,318
20260418,345,38381.1,38440.1,38381.1,38432,412
20260418,400,38430,38499.2,38418.8,38486,914
20260418,415,38476.8,38476.8,38452.4,38462.6,388
20260418,430,38462.6,38465.6,38418.8,38437.1,310
20260418,445,38434,38442.1,38420.8,38435,210
20260418,500,38434,38470.7,38420.8,38452.4,518
20260420,900,38026.5,38163,37972.6,38048.9,10734
20260420,915,38044.8,38329,38016.4,38224.2,14900
20260420,930,38220.1,38266.9,38144.7,38169.1,7196
20260420,945,38174.2,38358.6,38165.1,38332.1,7192
20260420,1000,38329.1,38397.3,38261.9,38339.3,6152
20260420,1015,38338.3,38355.5,38175.3,38204.8,5350
20260420,1030,38207.9,38301.5,38203.8,38259.8,3562
20260420,1045,38261.8,38350.4,38261.9,38306.7,3038
20260420,1100,38306.7,38369.8,38284.3,38362.7,2666
20260420,1115,38359.7,38409.5,38338.3,38363.7,3224
20260420,1130,38364.8,38399.3,38319,38370.9,2524
20260420,1145,38374.9,38413.6,38343.4,38360.7,1838
20260420,1200,38358.6,38365.7,38296.5,38319.9,2122
20260420,1215,38320.9,38321.9,38230.3,38235.4,3724
20260420,1230,38237.4,38257.7,38185.5,38236.4,3004
20260420,1245,38236.4,38251.6,38186.5,38251.7,2608
20260420,1300,38251.7,38263.8,38212,38217,1978
20260420,1315,38217,38239.4,38189.6,38239.4,2272
20260420,1330,38238.4,38244.5,38073.4,38079.5,6412
20260420,1345,38079.5,38102.9,37909.4,37955.2,14182
20260420,1515,38016.3,38125.3,38014.3,38072.3,4348
20260420,1530,38075.4,38143.6,38056.1,38090.7,1952
20260420,1545,38093.7,38103.9,37989.9,38013.3,2486
20260420,1600,38012.2,38030.5,37962.4,38021.4,1864
20260420,1615,38019.4,38032.6,37918.6,37974.5,2146
20260420,1630,37969.4,38062.1,37966.4,38055,1906
20260420,1645,38052,38070.3,38029.6,38062.2,974
20260420,1700,38061.1,38129.4,38050,38094.8,1686
20260420,1715,38093.7,38127.3,38063.2,38069.3,1082
20260420,1730,38071.3,38087.6,38057.1,38073.4,790
20260420,1745,38072.3,38127.3,38072.4,38127.4,1274
20260420,1800,38124.3,38127.3,38081.6,38091.7,490
20260420,1815,38091.7,38172.1,38090.7,38155.9,1852
20260420,1830,38152.8,38174.2,38134.5,38145.7,880
20260420,1845,38149.8,38153.8,38110.1,38118.2,534
20260420,1900,38119.2,38138.5,38112.1,38119.2,382
20260420,1915,38116.2,38121.2,38063.2,38106,1182
20260420,1930,38106,38124.3,38095.8,38095.8,414
20260420,1945,38100.9,38150.7,38090.7,38143.7,1164
20260420,2000,38143.7,38195.6,38140.7,38195.6,1496
20260420,2015,38186.5,38197.6,38100.9,38146.7,2076
20260420,2030,38142.6,38175.2,38113.2,38163,854
20260420,2045,38166.1,38180.3,38115.2,38154.9,940
20260420,2100,38164,38200.7,38153.9,38158.9,810
20260420,2115,38157.9,38231.2,38119.3,38208.9,2528
20260420,2130,38214,38282.2,38196.7,38273.1,2218
20260420,2145,38277.1,38301.5,38194.7,38247.6,4720
20260420,2200,38243.5,38334.1,38221.1,38325,3672
20260420,2215,38323,38329,38242.5,38298.5,3202
20260420,2230,38294.5,38373.9,38254.8,38347.4,3878
20260420,2245,38344.4,38356.5,38245.6,38282.2,2660
20260420,2300,38281.2,38309.7,38134.5,38147.7,5372
20260420,2315,38153.9,38192.5,38071.4,38180.3,4860
20260420,2330,38179.3,38284.2,38163.1,38278.2,4270
20260420,2345,38278.2,38289.3,38225.2,38244.5,2110
20260421,0,38240.5,38259.8,38214,38246.6,884
20260421,15,38242.5,38272,38205.9,38252.7,1444
20260421,30,38255.7,38303.6,38238.5,38273.1,1296
20260421,45,38277.1,38303.6,38245.6,38281.2,794
20260421,100,38280.2,38310.7,38274.1,38294.5,792
20260421,115,38292.4,38318.9,38281.3,38297.5,704
20260421,130,38293.4,38331.1,38289.4,38296.5,776
20260421,145,38295.5,38363.7,38290.4,38345.4,896
20260421,200,38346.4,38401.4,38345.4,38363.7,1672
20260421,215,38367.8,38399.3,38317.9,38368.8,1272
20260421,230,38367.8,38379,38348.5,38350.5,614
20260421,245,38358.6,38369.8,38302.7,38326,664
20260421,300,38325,38375.9,38325.1,38357.6,228
20260421,315,38360.7,38396.3,38360.7,38367.8,430
20260421,330,38371.9,38371.8,38331.2,38334.2,390
20260421,345,38333.2,38357.6,38313.9,38342.3,324
20260421,400,38347.4,38360.6,38323,38355.6,320
20260421,415,38354.6,38355.5,38317.9,38328.1,526
20260421,430,38330.1,38333.1,38324,38327.1,74
20260421,445,38327.1,38362.7,38322,38354.6,210
20260421,500,38350.5,38350.4,38312.8,38329.1,396
20260421,900,38416.7,38513.4,38410.6,38495.2,8792
20260421,915,38491.1,38787.5,38491.1,38545.1,21352
20260421,930,38552.2,38577.6,38432,38446.3,11786
20260421,945,38454.4,38576.6,38419.8,38550.2,8580
20260421,1000,38544.1,38552.2,38355.6,38521.6,9090
20260421,1015,38519.6,38734.5,38505.4,38720.3,9948
20260421,1030,38717.3,38839.5,38689.8,38801.8,10174
20260421,1045,38801.8,38817.1,38704.1,38788.6,4840
20260421,1100,38787.6,38800.8,38726.5,38763.1,3330
20260421,1115,38758,38773.2,38720.4,38751.9,2138
20260421,1130,38756,38760,38635.8,38724.4,4288
20260421,1145,38723.4,38742.7,38662.3,38688.7,1716
20260421,1200,38688.7,38735.6,38683.7,38721.3,1604
20260421,1215,38721.3,38760,38708.1,38749.9,2006
20260421,1230,38747.8,38792.6,38737.7,38742.7,2478
20260421,1245,38743.8,38744.7,38696.9,38699.9,2338
20260421,1300,38699.9,38765.1,38682.7,38751.9,2630
20260421,1315,38752.9,38877.2,38741.8,38873.1,5036
20260421,1330,38873.1,38874.1,38741.8,38742.7,5454
20260421,1345,38744.8,38773.2,38707.1,38764.1,8802
20260421,1515,38827.3,38843.5,38739.7,38783.5,3194
20260421,1530,38786.5,38820.1,38772.3,38778.4,1216
20260421,1545,38783.5,38799.7,38733.6,38776.4,874
20260421,1600,38774.3,38819.1,38732.6,38732.5,1084
20260421,1615,38732.5,38766.1,38719.4,38725.4,1458
20260421,1630,38728.5,38802.8,38724.4,38797.7,832
20260421,1645,38794.7,38827.2,38769.3,38820.2,836
20260421,1700,38816.1,38824.2,38781.5,38781.4,688
20260421,1715,38780.4,38787.5,38745.8,38765.1,836
20260421,1730,38765.1,38786.5,38761.1,38761.1,308
20260421,1745,38767.2,38775.3,38752,38759,344
20260421,1800,38761.1,38788.5,38754,38781.4,862
20260421,1815,38777.4,38808.9,38777.4,38780.4,526
20260421,1830,38781.4,38785.5,38767.2,38772.3,464
20260421,1845,38772.3,38790.6,38772.3,38780.4,388
20260421,1900,38781.4,38814,38776.4,38801.8,516
20260421,1915,38800.8,38818.1,38633.8,38656.1,3996
20260421,1930,38662.2,38732.5,38613.4,38728.5,3502
20260421,1945,38727.5,38798.7,38723.4,38731.5,1600
20260421,2000,38731.5,38737.6,38670.4,38678.5,1088
20260421,2015,38682.6,38706,38651.1,38696.9,1590
20260421,2030,38694.8,38700.9,38644,38680.6,1406
20260421,2045,38680.6,38706,38552.3,38577.7,3812
20260421,2100,38584.8,38603.1,38545.1,38597,2650
20260421,2115,38597,38625.5,38592,38604.2,1288
20260421,2130,38604.2,38631.6,38580.8,38596,1206
20260421,2145,38595,38676.5,38570.6,38665.3,5486
20260421,2200,38662.2,38728.4,38641.9,38698.9,3028
20260421,2215,38699.9,38779.4,38666.4,38741.7,3910
20260421,2230,38739.7,38771.2,38658.2,38681.6,2750
20260421,2245,38679.6,38722.3,38637.8,38638.8,2666
20260421,2300,38642.9,38650,38426.9,38449.3,6184
20260421,2315,38449.3,38557.3,38380.1,38526.7,8638
20260421,2330,38524.7,38576.6,38480.9,38499.2,3588
20260421,2345,38504.3,38538.9,38435.1,38529.8,2864
20260422,0,38530.8,38556.2,38500.3,38518.6,1566
20260422,15,38521.6,38587.8,38513.5,38529.8,2000
20260422,30,38531.8,38542,38483,38487,870
20260422,45,38489,38548.1,38458.5,38470.7,1198
20260422,100,38474.8,38523.6,38474.8,38480.9,610
20260422,115,38481.9,38519.6,38363.8,38384.1,3462
20260422,130,38389.2,38404.4,38321,38390.2,2528
20260422,145,38390.2,38570.5,38383.1,38521.6,3768
20260422,200,38520.6,38550.1,38497.2,38531.8,1120
20260422,215,38532.9,38573.6,38521.7,38549.2,998
20260422,230,38552.2,38567.4,38465.7,38484,1646
20260422,245,38485,38531.8,38484,38492.1,496
20260422,300,38491.1,38613.3,38453.4,38523.7,2262
20260422,315,38526.7,38601.1,38511.5,38548.1,1136
20260422,330,38566.5,38657.1,38533.9,38654.1,1430
20260422,345,38658.2,38665.3,38282.3,38291.4,3878
20260422,400,38297.5,38441.1,38248.7,38393.3,3690
20260422,415,38399.4,38710.1,38337.3,38604.2,4126
20260422,430,38611.3,38641.8,38586.9,38606.2,692
20260422,445,38605.2,38627.6,38591,38599.1,348
20260422,500,38595,38626.5,38587.9,38617.4,430
20260422,900,38868,38891.4,38659.2,38673.5,10648
20260422,915,38677.5,38817.1,38638.9,38781.4,12014
20260422,930,38779.4,38912.8,38771.3,38878.2,8678
20260422,945,38878.2,38995.4,38872.2,38903.7,9228
20260422,1000,38903.7,38970.9,38847.7,38903.7,5266
20260422,1015,38901.7,38992.3,38888.5,38989.3,4248
20260422,1030,38989.3,39054.4,38943.5,39027,7902
20260422,1045,39028,39041.2,38971,39022.9,2532
20260422,1100,39021.9,39067.7,39010.7,39018.8,3156
20260422,1115,39017.8,39058.5,38980.2,39013.7,2792
20260422,1130,39012.7,39037.1,38957.8,39004.6,2710
20260422,1145,39001.5,39091.1,38982.2,39016.8,5434
20260422,1200,39017.8,39039.2,38922.1,38924.1,3534
20260422,1215,38926.1,38986.2,38898.7,38981.1,3740
20260422,1230,38982.2,38985.2,38883.4,38883.3,2676
20260422,1245,38882.3,38938.3,38861,38925.1,2898
20260422,1300,38922,38956.6,38872.2,38883.3,2854
20260422,1315,38879.3,38924,38868.1,38917,2072
20260422,1330,38912.9,38996.4,38889.5,38919,8050
20260422,1345,38917,38950.5,38878.3,38925.1,9078
20260422,1515,38950.6,38988.2,38936.4,38979.1,2090
20260422,1530,38977.1,38979,38924.1,38976,824
20260422,1545,38974,38986.2,38924.1,38959.7,584
20260422,1600,38956.7,38960.7,38912.9,38930.2,786
20260422,1615,38941.4,38955.6,38905.8,38940.4,640
20260422,1630,38938.3,38945.4,38799.8,38817.1,2576
20260422,1645,38826.3,38842.5,38738.7,38817.1,2480
20260422,1700,38822.2,38885.3,38802.9,38876.2,1130
20260422,1715,38877.2,38911.8,38864,38885.4,1328
20260422,1730,38886.4,38929.1,38866.1,38910.8,724
20260422,1745,38908.8,38934.2,38894.6,38926.1,574
20260422,1800,38926.1,38926.1,38812.1,38854.8,1074
20260422,1815,38853.8,38876.1,38804.9,38825.3,1088
20260422,1830,38833.4,38883.3,38823.3,38873.1,810
20260422,1845,38876.2,38894.5,38829.4,38848.7,558
20260422,1900,38851.7,38874.1,38837.5,38868,320
20260422,1915,38873.1,38876.1,38831.4,38839.5,440
20260422,1930,38836.5,38861.9,38810,38826.3,712
20260422,1945,38833.4,38859.8,38827.3,38844.6,568
20260422,2000,38840.5,38883.3,38837.5,38858.9,548
20260422,2015,38863,38971.9,38863,38964.8,2014
20260422,2030,38962.8,38965.8,38909.9,38911.9,1156
20260422,2045,38911.9,38936.3,38876.2,38894.5,1192
20260422,2100,38899.6,38918.9,38867.1,38885.4,686
20260422,2115,38889.4,38939.3,38843.6,38903.7,1686
20260422,2130,38910.8,38961.7,38863,38938.3,2036
20260422,2145,38940.4,38968.9,38885.4,38965.9,2878
20260422,2200,38963.8,39031,38904.8,38943.4,3892
20260422,2215,38944.5,39022.9,38941.5,39017.8,2140
20260422,2230,39019.9,39174.7,39019.9,39165.5,5504
20260422,2245,39163.5,39200.1,39092.2,39132.9,4222
20260422,2300,39136,39167.5,39084.1,39116.6,1884
20260422,2315,39117.7,39168.6,39098.4,39139.1,1552
20260422,2330,39137,39188.9,39120.8,39178.8,1528
20260422,2345,39181.8,39224.6,39168.7,39171.7,2556
20260423,0,39171.7,39217.5,39159.5,39193.1,1070
20260423,15,39196.1,39259.2,39191.1,39248.1,2256
20260423,30,39248.1,39260.2,39219.6,39230.7,930
20260423,45,39229.7,39235.8,39174.8,39194.1,1268
20260423,100,39192,39218.5,39186,39194.1,604
20260423,115,39200.2,39305.1,39199.2,39262.3,2226
20260423,130,39268.4,39297.9,39241,39276.6,624
20260423,145,39280.7,39312.2,39277.7,39306.1,524
20260423,200,39307.2,39316.3,39272.6,39289.8,634
20260423,215,39286.8,39306.1,39274.6,39292.9,258
20260423,230,39296,39296.9,39210.4,39240.9,1406
20260423,245,39240.9,39292.8,39240,39292.9,244
20260423,300,39292.9,39320.4,39286.8,39294.9,652
20260423,315,39297,39346.8,39142.2,39339.8,4774
20260423,330,39343.8,39376.4,39332.7,39338.7,914
20260423,345,39339.8,39375.4,39332.7,39372.4,328
20260423,400,39371.3,39409,39361.2,39400.9,1002
20260423,415,39401.9,39413.1,39332.7,39403.9,922
20260423,430,39402.9,39447.7,39397.9,39425.3,572
20260423,445,39427.4,39442.6,39408.1,39430.4,508
20260423,500,39430.4,39479.3,39421.3,39475.3,488
20260423,900,39414.1,39452.8,39283.8,39359.1,10434
20260423,915,39360.1,39681,39328.6,39671.9,20386
20260423,930,39671.9,39822.6,39596.6,39612.8,14614
20260423,945,39607.7,39690.2,39439.7,39452.9,13238
20260423,1000,39455.9,39461,39182.9,39240.9,18602
20260423,1015,39245,39254.1,38410.6,38463.6,24044
20260423,1030,38471.7,38850.7,38333.2,38551.2,19938
20260423,1045,38556.3,38582.7,38280.2,38312.8,16186
20260423,1100,38308.7,38604.1,38261.9,38348.4,11420
20260423,1115,38356.6,38440.1,38191.6,38210.9,9188
20260423,1130,38215,38360.6,38186.5,38326,6692
20260423,1145,38316.9,38337.2,38112.1,38167.1,7476
20260423,1200,38169.1,38421.8,38164.1,38398.4,7672
20260423,1215,38396.3,38449.3,38319,38442.2,4866
20260423,1230,38440.1,38504.3,38403.5,38470.7,5500
20260423,1245,38473.8,38622.5,38452.4,38611.3,6728
20260423,1300,38610.3,38714.2,38582.8,38710.1,6688
20260423,1315,38710.1,38754.9,38675.5,38689.8,5340
20260423,1330,38693.8,38697.9,38568.6,38622.5,6512
20260423,1345,38627.6,38635.7,38537,38587.9,7854
20260423,1515,38633.7,38698.9,38608.3,38680.6,3324
20260423,1530,38682.6,38697.9,38601.2,38613.3,1246
20260423,1545,38613.3,38623.5,38527.8,38617.4,1934
20260423,1600,38619.5,38667.3,38586.9,38630.7,1336
20260423,1615,38628.6,38638.8,38531.9,38574.6,1260
20260423,1630,38573.6,38662.2,38562.5,38631.7,1450
20260423,1645,38625.6,38626.5,38550.2,38557.3,1214
20260423,1700,38558.3,38597,38543.1,38584.8,898
20260423,1715,38582.8,38582.7,38430,38520.6,2758
20260423,1730,38516.6,38607.2,38506.4,38569.5,1636
20260423,1745,38573.6,38639.8,38570.6,38612.3,1324
20260423,1800,38611.3,38617.4,38575.7,38589.9,764
20260423,1815,38587.9,38595,38509.5,38527.8,1066
20260423,1830,38530.8,38571.5,38530.9,38549.2,578
20260423,1845,38552.2,38597,38543.1,38558.3,514
20260423,1900,38561.4,38607.2,38542.1,38597,816
20260423,1915,38600.1,38649,38600.1,38626.6,1570
20260423,1930,38625.6,38629.6,38586.9,38613.3,734
20260423,1945,38612.3,38689.7,38573.7,38686.7,1878
20260423,2000,38688.7,38862.9,38688.8,38818.1,5188
20260423,2015,38811,38902.6,38810,38879.3,2978
20260423,2030,38880.3,38885.3,38807,38828.3,1662
20260423,2045,38828.3,38850.7,38796.8,38797.7,1578
20260423,2100,38801.8,38806.9,38682.7,38746.8,5068
20260423,2115,38753.9,38795.7,38724.4,38742.7,1628
20260423,2130,38751.9,38819.1,38744.8,38812,1208
20260423,2145,38813,38946.4,38791.7,38926.1,5410
20260423,2200,38925.1,38969.9,38849.8,38872.1,4888
20260423,2215,38874.2,38902.6,38796.8,38837.5,3584
20260423,2230,38836.5,38947.5,38835.5,38914.9,2848
20260423,2245,38919,39004.5,38919,38987.3,3970
20260423,2300,38989.3,39053.4,38976.1,39050.4,2498
20260423,2315,39051.4,39077.9,39017.9,39048.4,2684
20260423,2330,39052.5,39100.3,39033.1,39038.2,2258
20260423,2345,39033.1,39084,39003.6,39032.1,1752
20260424,0,39023.9,39046.3,38974.1,39037.2,2468
20260424,15,39034.1,39063.6,38976.1,39018.8,2100
20260424,30,39023.9,39073.8,39014.8,39059.6,1348
20260424,45,39060.6,39150.2,39053.5,39144.1,2250
20260424,100,39142.1,39157.3,39079,39103.4,1392
20260424,115,39100.3,39125.8,38746.9,38786.5,8376
20260424,130,38794.7,38794.6,38607.3,38629.6,5940
20260424,145,38634.7,38758,38382.1,38423.8,7910
20260424,200,38424.9,38672.4,38351.6,38662.2,10544
20260424,215,38657.2,38747.8,38604.2,38712.2,4146
20260424,230,38722.4,38778.3,38668.4,38777.4,2246
20260424,245,38773.3,38821.1,38736.7,38774.3,1900
20260424,300,38769.2,38775.3,38638.9,38677.5,1610
20260424,315,38678.5,38726.4,38641.9,38707.1,1224
20260424,330,38714.2,38749.8,38714.3,38719.3,646
20260424,345,38717.3,38754.9,38647,38667.3,752
20260424,400,38667.3,38782.4,38661.3,38763.1,1110
20260424,415,38763.1,38795.7,38719.4,38737.6,698
20260424,430,38731.5,38737.6,38694.9,38734.6,254
20260424,445,38736.6,38761,38723.4,38753.9,256
20260424,500,38753.9,38766.1,38724.4,38763.1,444
20260424,900,39019.9,39213.4,38988.3,39151.3,11370
20260424,915,39152.3,39363.1,39142.2,39337.7,15374
20260424,930,39339.8,39510.9,39291.9,39475.3,11614
20260424,945,39479.3,39549.6,39364.3,39400.9,12294
20260424,1000,39394.8,39812.4,39367.3,39790.1,15632
20260424,1015,39785,39805.3,39500.8,39583.3,11250
20260424,1030,39578.2,39600.5,39118.7,39197.1,15584
20260424,1045,39200.2,39451.8,39200.2,39429.4,11584
20260424,1100,39428.4,39452.8,39281.7,39413.1,5430
20260424,1115,39415.2,39502.7,39378.5,39464.1,6618
20260424,1130,39467.1,39576.1,39451.9,39516,5818
20260424,1145,39518.1,39553.7,39468.2,39516,4116
20260424,1200,39515,39621.9,39489.6,39498.7,5280
20260424,1215,39497.7,39686.1,39466.1,39657.6,5564
20260424,1230,39662.7,39691.2,39612.9,39643.4,3768
20260424,1245,39644.4,39763.5,39641.4,39763.6,4484
20260424,1300,39765.6,39863.4,39745.3,39830.8,6306
20260424,1315,39829.8,39879.7,39797.3,39859.4,3984
20260424,1330,39858.3,39968.3,39850.2,39921.5,7224
20260424,1345,39920.5,39982.6,39912.4,39962.3,11004
20260424,1515,39985.7,40078.4,39932.8,40051.9,4162
20260424,1530,40046.8,40089.6,40017.3,40039.7,2052
20260424,1545,40033.6,40039.6,39918.5,39961.2,2092
20260424,1600,39960.2,40029.5,39958.2,40025.4,1152
20260424,1615,40023.4,40032.5,39920.5,39963.3,2142
20260424,1630,39966.3,40113,39966.4,40013.2,3132
20260424,1645,40014.2,40016.2,39932.8,39950,1682
20260424,1700,39944.9,40004,39933.8,39961.2,1092
20260424,1715,39962.3,39979.5,39929.7,39956.1,812
20260424,1730,39956.1,39978.5,39866.5,39888.9,2658
20260424,1745,39885.9,39968.3,39881.8,39956.1,1476
20260424,1800,39956.1,39978.5,39927.7,39935.8,704
20260424,1815,39943.9,40007,39944,39994.9,1032
20260424,1830,39994.9,40060,39994.9,40054,1288
20260424,1845,40051.9,40054.9,40016.3,40034.6,856
20260424,1900,40038.7,40044.7,40017.3,40017.3,480
20260424,1915,40015.2,40262.8,40011.2,40229.2,4912
20260424,1930,40226.1,40388.1,40204.8,40381,4696
20260424,1945,40385.1,40431.9,40317.9,40333.1,3474
20260424,2000,40326,40325.9,40231.3,40265.9,2344
20260424,2015,40274,40342.2,40266.9,40331.1,2518
20260424,2030,40328,40358.5,40266.9,40325,2298
20260424,2045,40328,40332,40239.4,40255.7,1744
20260424,2100,40256.7,40274,40163,40255.7,2358
20260424,2115,40258.7,40306.6,40256.8,40275,1364
20260424,2130,40273,40295.4,40207.8,40215.9,1398
20260424,2145,40219,40387.1,40146.7,40303.6,6784
20260424,2200,40308.7,40345.3,40106,40224.1,5410
20260424,2215,40220,40335.1,40184.4,40284.2,4358
20260424,2230,40287.3,40325.9,40211.9,40251.6,2262
20260424,2245,40255.7,40321.9,40207.8,40305.6,2284
20260424,2300,40307.6,40386,40273.1,40377.9,2776
20260424,2315,40381,40430.9,40372.9,40387.1,3250
20260424,2330,40389.1,40396.2,40319.9,40363.7,2188
20260424,2345,40368.8,40506.3,40337.2,40484.9,3208
20260425,0,40488,40574.5,40432,40566.4,4762
20260425,15,40564.4,40606.1,40496.2,40557.3,4086
20260425,30,40555.2,40599,40532.9,40569.5,1744
20260425,45,40569.5,40625.5,40503.3,40536.9,2508
20260425,100,40548.1,40571.5,40504.3,40548.1,1622
20260425,115,40553.2,40573.5,40509.4,40522.6,1272
20260425,130,40520.6,40525.6,40428.9,40504.3,2714
20260425,145,40502.2,40559.2,40480.9,40547.1,1552
20260425,200,40548.1,40605.1,40535.9,40566.4,978
20260425,215,40568.5,40587.8,40447.3,40508.4,1406
20260425,230,40511.4,40517.5,40477.8,40493.1,596
20260425,245,40496.1,40547,40493.1,40536.9,518
20260425,300,40535.9,40555.2,40520.6,40547.1,372
20260425,315,40550.1,40573.5,40530.8,40534.8,554
20260425,330,40535.9,40550.1,40490.1,40506.3,556
20260425,345,40503.3,40520.5,40473.8,40488,620
20260425,400,40487,40510.3,40457.5,40493.1,814
20260425,415,40493.1,40510.3,40468.7,40493.1,496
20260425,430,40496.1,40506.3,40483.9,40483.9,192
20260425,445,40488,40511.4,40478.9,40502.2,214
20260425,500,40499.2,40515.4,40474.8,40514.5,546
20260427,900,40751.8,40812.9,40652.1,40756.9,14266
20260427,915,40758,41114.5,40655.1,40932.2,23594
20260427,930,40923,41219.4,40764.1,41089.1,20152
20260427,945,41081.9,41199.1,40964.8,41020.8,9092
20260427,1000,41023.9,41035,40710.1,40904.7,11882
20260427,1015,40905.7,41097.2,40880.3,41007.6,7170
20260427,1030,41010.6,41144,40958.7,41028,6142
20260427,1045,41029,41042.2,40859.9,40883.3,5304
20260427,1100,40887.4,40966.8,40821.2,40864.9,4572
20260427,1115,40860.9,40913.8,40777.4,40832.3,4764
20260427,1130,40840.5,40956.6,40829.3,40903.7,3552
20260427,1145,40905.7,40998.4,40887.4,40998.4,3388
20260427,1200,40998.4,41070.7,40968.9,41055.5,4700
20260427,1215,41055.5,41077.8,40933.2,40936.3,3764
20260427,1230,40940.3,40996.3,40918,40983.1,2066
20260427,1245,40982.1,41017.7,40934.3,40962.7,2304
20260427,1300,40961.7,40999.4,40868,40912.8,3284
20260427,1315,40917.9,40926,40759,40839.5,7260
20260427,1330,40838.4,40862.9,40706.1,40707,8486
20260427,1345,40708,40740.6,40586.9,40638.8,14684
20260427,1515,40612.3,40644.8,40549.2,40587.8,3022
20260427,1530,40585.8,40605.1,40534.9,40556.2,1986
20260427,1545,40562.3,40627.5,40520.6,40607.2,1312
20260427,1600,40606.2,40630.6,40553.2,40555.2,1028
20260427,1615,40556.2,40583.7,40475.8,40484.9,2624
20260427,1630,40483.9,40564.3,40477.8,40556.2,1066
20260427,1645,40552.2,40608.1,40549.2,40601.1,1270
20260427,1700,40603.1,40699.8,40575.6,40631.6,1858
20260427,1715,40632.6,40667.2,40626.6,40636.7,760
20260427,1730,40640.8,40684.6,40582.8,40672.4,1420
20260427,1745,40672.4,40737.5,40668.4,40685.6,2150
20260427,1800,40692.8,40712.1,40668.4,40677.5,672
20260427,1815,40677.5,40690.7,40661.2,40675.4,540
20260427,1830,40676.5,40715.1,40676.5,40695.8,680
20260427,1845,40692.8,40752.8,40685.7,40750.8,1066
20260427,1900,40749.8,40801.7,40726.4,40771.2,1482
20260427,1915,40771.2,40788.5,40757,40765.1,640
20260427,1930,40761,40803.8,40738.7,40789.5,808
20260427,1945,40788.5,40796.6,40765.1,40778.3,612
20260427,2000,40780.4,40792.6,40757,40756.9,474
20260427,2015,40763.1,40772.2,40727.4,40759,960
20260427,2030,40754.9,40763,40664.3,40698.9,1540
20260427,2045,40700.9,40718.2,40634.7,40664.2,1418
20260427,2100,40668.3,40714.1,40624.5,40633.7,1354
20260427,2115,40640.8,40658.1,40584.8,40630.6,1708
20260427,2130,40634.7,40667.2,40594,40639.8,1302
20260427,2145,40642.8,40656,40409.6,40449.3,7868
20260427,2200,40447.2,40517.5,40243.5,40483.9,9340
20260427,2215,40482.9,40530.7,40421.8,40465.6,3638
20260427,2230,40467.6,40470.6,40331.1,40333.1,2766
20260427,2245,40333.1,40423.7,40228.2,40371.8,5826
20260427,2300,40372.8,40402.3,40289.4,40328,2306
20260427,2315,40333.1,40360.6,40247.6,40297.5,2194
20260427,2330,40295.4,40347.3,40252.7,40338.2,1904
20260427,2345,40339.2,40411.5,40309.7,40383,2000
20260428,0,40377.9,40404.4,40325,40348.4,1458
20260428,15,40350.4,40359.6,40301.6,40345.3,1198
20260428,30,40344.3,40389.1,40314.8,40328,968
20260428,45,40337.2,40375.9,40329.1,40355.5,604
20260428,100,40351.5,40365.7,40282.2,40298.5,1052
20260428,115,40298.5,40340.2,40295.5,40323.9,588
20260428,130,40339.2,40345.3,40252.7,40341.3,1462
20260428,145,40338.2,40407.4,40336.2,40355.5,930
20260428,200,40366.7,40378.9,40334.2,40344.3,376
20260428,215,40343.3,40370.8,40339.3,40357.6,346
20260428,230,40357.6,40374.8,40336.2,40359.6,262
20260428,245,40361.6,40383,40340.3,40350.4,294
20260428,300,40347.4,40365.7,40327.1,40338.2,236
20260428,315,40332.1,40420.7,40330.1,40418.7,388
20260428,330,40415.6,40450.2,40406.5,40427.9,778
20260428,345,40430.9,40462.5,40406.5,40431.9,846
20260428,400,40433,40477.7,40433,40442.1,604
20260428,415,40445.2,40492,40434,40488,312
20260428,430,40479.8,40492,40458.5,40475.7,216
20260428,445,40476.8,40496.1,40472.7,40487,264
20260428,500,40492.1,40497.1,40451.3,40466.6,552
20260428,900,40569.5,40710,40549.2,40645.9,9198
20260428,915,40650,40769.1,40577.7,40750.8,11528
20260428,930,40747.8,41005.5,40747.8,40982.1,11232
20260428,945,40978,41106.3,40953.6,40996.4,9984
20260428,1000,40994.3,41049.3,40720.3,40731.5,10990
20260428,1015,40741.7,40864.9,40642.9,40817.1,9606
20260428,1030,40816,40862.9,40693.8,40748.8,5266
20260428,1045,40745.7,40835.3,40681.6,40785.5,3744
20260428,1100,40798.7,40848.6,40709.1,40727.4,3802
20260428,1115,40728.4,40841.5,40690.8,40790.6,5242
20260428,1130,40788.5,40798.7,40702,40749.8,3424
20260428,1145,40751.8,40752.8,40676.5,40681.6,3444
20260428,1200,40681.6,40706,40633.7,40697.9,3264
20260428,1215,40697.9,40740.6,40631.7,40716.2,2934
20260428,1230,40714.2,40807.8,40712.2,40761,3790
20260428,1245,40762,40838.4,40762.1,40800.8,3188
20260428,1300,40800.8,40811.9,40708.1,40715.2,3318
20260428,1315,40717.2,40719.2,40521.6,40527.7,6546
20260428,1330,40529.7,40555.2,40481.9,40503.3,5900
20260428,1345,40502.2,40532.8,40407.5,40497.1,8994
20260428,1515,40381,40471.6,40358.6,40413.6,2352
20260428,1530,40418.7,40453.3,40404.5,40447.2,1104
20260428,1545,40447.2,40538.9,40442.2,40499.2,2056
20260428,1600,40498.2,40542.9,40477.8,40530.8,846
20260428,1615,40534.8,40537.8,40418.7,40449.3,2018
20260428,1630,40454.4,40559.2,40450.3,40559.3,966
20260428,1645,40559.3,40604.1,40553.2,40567.4,1794
20260428,1700,40568.5,40580.6,40535.9,40571.5,592
20260428,1715,40569.5,40575.5,40527.8,40532.8,636
20260428,1730,40528.7,40533.8,40406.5,40424.8,1838
20260428,1745,40426.8,40437,40333.2,40375.9,2686
20260428,1800,40375.9,40411.5,40346.4,40374.9,1160
20260428,1815,40375.9,40420.7,40373.9,40394.2,838
20260428,1830,40390.2,40444.1,40390.2,40401.4,728
20260428,1845,40399.3,40437,40358.6,40362.7,670
20260428,1900,40366.7,40390.1,40319.9,40387.1,1472
20260428,1915,40380,40414.6,40259.8,40289.3,2504
20260428,1930,40285.2,40289.3,40112.1,40124.3,4830
20260428,1945,40124.3,40154.8,40065.2,40130.4,4836
20260428,2000,40130.4,40148.7,39997,40035.6,3716
20260428,2015,40036.6,40090.6,40010.2,40073.3,2332
20260428,2030,40078.4,40145.6,39965.4,40022.4,4922
20260428,2045,40022.4,40068.2,39968.4,40030.5,1978
20260428,2100,40031.5,40123.2,40029.6,40117.1,1838
20260428,2115,40110,40129.3,40042.8,40042.7,1322
20260428,2130,40042.7,40103.8,40019.4,40056,1750
20260428,2145,40052.9,40252.6,39951.1,40213.9,9290
20260428,2200,40214.9,40239.3,40093.7,40182.3,5154
20260428,2215,40181.3,40271.9,40127.4,40235.3,4046
20260428,2230,40235.3,40262.8,40090.7,40136.5,3638
20260428,2245,40136.5,40152.7,39944,40049.9,5840
20260428,2300,40049.9,40079.4,39919.5,40075.4,6796
20260428,2315,40076.4,40118.1,39963.3,40012.2,3414
20260428,2330,40007.1,40032.5,39966.4,40005.1,1476
20260428,2345,39995.9,40031.5,39945,39988.8,1796
20260429,0,39988.8,40023.3,39957.2,40019.3,1334
20260429,15,40021.4,40086.5,40009.2,40073.3,2032
20260429,30,40074.3,40102.8,40044.8,40060.1,996
20260429,45,40057,40069.2,39986.8,40021.4,1128
20260429,100,40025.4,40099.8,40023.4,40077.4,1064
20260429,115,40080.4,40091.6,40010.2,40043.8,856
20260429,130,40049.9,40109.9,40028.5,40097.8,622
20260429,145,40094.7,40219,40092.7,40189.5,2110
20260429,200,40190.5,40202.7,40172.2,40182.3,546
20260429,215,40187.4,40190.4,40112.1,40164,1182
20260429,230,40164,40252.6,40164,40223.1,1806
20260429,245,40224.1,40246.5,40192.6,40246.5,466
20260429,300,40245.5,40247.5,40207.8,40224.1,304
20260429,315,40222.1,40263.8,40210.9,40219,750
20260429,330,40218,40222,40192.6,40210.9,592
20260429,345,40212.9,40212.8,40184.4,40197.6,342
20260429,400,40195.6,40215.9,40179.3,40190.5,496
20260429,415,40190.5,40229.1,40167.1,40215.9,278
20260429,430,40219,40237.3,40218,40237.3,342
20260429,445,40234.3,40243.4,40225.2,40230.2,282
20260429,500,40233.3,40233.2,40186.5,40203.7,420
20260429,900,40445.2,40538.9,40073.4,40085.5,13856
20260429,915,40083.5,40172.1,39859.4,40022.4,16642
20260429,930,40022.4,40150.7,39952.1,40089.6,7794
20260429,945,40088.6,40243.4,40060.1,40121.2,8234
20260429,1000,40117.1,40217.9,40085.6,40213.9,4300
20260429,1015,40217,40279.1,40093.7,40098.8,5926
20260429,1030,40105.9,40240.4,40049.9,40061.1,5574
20260429,1045,40064.1,40117.1,40007.1,40026.4,3772
20260429,1100,40029.5,40186.4,40016.3,40150.7,4508
20260429,1115,40149.7,40294.3,40143.7,40251.6,5372
20260429,1130,40252.6,40270.9,40219.1,40250.6,3002
20260429,1145,40249.6,40332,40236.4,40312.7,3912
20260429,1200,40311.7,40401.3,40308.7,40401.4,3456
20260429,1215,40402.4,40465.5,40352.5,40442.1,4656
20260429,1230,40445.2,40457.4,40370.9,40401.4,2496
20260429,1245,40400.4,40438,40357.6,40369.8,2720
20260429,1300,40368.8,40375.9,40273.1,40285.2,4210
20260429,1315,40290.3,40322.9,40235.4,40246.5,4522
20260429,1330,40245.5,40252.6,40125.3,40201.7,7584
20260429,1345,40201.7,40258.7,40187.5,40233.3,7674
20260429,1515,40223.1,40306.6,40216,40237.3,2528
20260429,1530,40238.4,40260.7,40210.9,40259.8,1302
20260429,1545,40258.7,40300.5,40207.8,40218,1092
20260429,1600,40222.1,40222,40178.3,40212.9,1414
20260429,1615,40213.9,40271.9,40151.8,40162,2224
20260429,1630,40155.8,40225.1,40137.6,40217,1496
20260429,1645,40215.9,40222,40123.3,40172.1,1812
20260429,1700,40172.1,40187.4,40147.7,40163,762
20260429,1715,40162,40194.5,40138.6,40163,838
20260429,1730,40160.9,40198.6,40084.6,40092.7,1936
20260429,1745,40090.6,40152.7,40042.8,40066.2,1782
20260429,1800,40064.1,40103.8,40036.7,40051.9,944
20260429,1815,40051.9,40121.1,40038.7,40117.1,902
20260429,1830,40118.1,40278,40117.2,40257.7,2980
20260429,1845,40259.8,40271.9,40211.9,40220,976
20260429,1900,40213.9,40258.7,40214,40254.7,620
20260429,1915,40253.6,40293.3,40241.5,40263.8,1166
20260429,1930,40265.9,40319.8,40254.7,40289.3,1196
20260429,1945,40287.3,40395.2,40279.2,40299.5,2526
20260429,2000,40301.5,40348.3,40292.4,40337.2,1054
20260429,2015,40331.1,40338.2,40278.1,40287.3,998
20260429,2030,40285.2,40286.2,40218,40229.2,1780
20260429,2045,40228.2,40228.1,40109,40156.9,2640
20260429,2100,40155.8,40161.9,40118.2,40125.3,764
20260429,2115,40133.4,40207.7,40131.4,40191.5,1162
20260429,2130,40189.5,40210.8,40090.7,40128.3,2064
20260429,2145,40121.2,40153.8,39994.9,40068.2,5700
20260429,2200,40067.2,40165,40028.5,40127.3,2808
20260429,2215,40122.2,40155.8,40065.2,40150.7,1950
20260429,2230,40144.6,40299.4,40133.5,40275,3616
20260429,2245,40271,40316.8,40233.3,40274,2276
20260429,2300,40276.1,40292.3,40241.5,40278.1,1830
20260429,2315,40278.1,40296.4,40152.8,40180.3,2696
20260429,2330,40181.3,40223,40156.9,40195.6,1860
20260429,2345,40197.6,40233.2,40141.6,40179.3,1876
20260430,0,40177.2,40221,39972.5,40057,5306
20260430,15,40058,40149.7,40048.9,40106.9,2138
20260430,30,40108,40125.2,40066.2,40071.3,1134
20260430,45,40068.2,40092.6,40005.1,40076.4,1448
20260430,100,40076.4,40094.7,40044.8,40080.4,650
20260430,115,40081.5,40115,40039.7,40113,918
20260430,130,40109,40161.9,40086.6,40111,1288
20260430,145,40114.1,40151.7,40102.9,40122.2,544
20260430,200,40130.4,40205.7,40125.3,40200.7,1222
20260430,215,40201.7,40208.8,40031.6,40062.1,1368
20260430,230,40060.1,40111,40055,40060.1,936
20260430,245,40060.1,40167,39988.8,40000,2886
20260430,300,40003,40170.1,39940.9,40167,2160
20260430,315,40166,40214.9,40093.7,40206.8,1650
20260430,330,40214.9,40242.4,40199.7,40206.8,1068
20260430,345,40204.7,40204.7,40125.3,40143.6,636
20260430,400,40151.8,40170.1,40121.2,40166,694
20260430,415,40170.1,40265.8,39991.9,39995.9,3108
20260430,430,40001,40109.9,39903.2,40104.9,1820
20260430,445,40102.9,40149.7,40088.6,40127.3,478
20260430,500,40123.2,40143.6,40073.4,40077.4,756
20260430,900,40445.2,40688.6,40399.4,40510.4,14216
20260430,915,40504.3,40678.4,40327.1,40350.4,16098
20260430,930,40355.5,40428.8,40318.9,40371.8,7172
20260430,945,40373.9,40520.5,40197.7,40351.5,11724
20260430,1000,40351.5,40585.7,40330.1,40554.2,7516
20260430,1015,40558.3,40602,40466.6,40524.7,5428
20260430,1030,40523.6,40531.7,40301.6,40334.1,6238
20260430,1045,40334.1,40391.1,40169.1,40292.4,9520
20260430,1100,40295.4,40318.8,40207.8,40238.4,5026
20260430,1115,40235.3,40331,40223.1,40271,3538
20260430,1130,40275,40314.7,40238.4,40304.6,2342
20260430,1145,40300.5,40367.7,40260.8,40329,3502
20260430,1200,40327,40360.6,40301.6,40325,2002
20260430,1215,40319.9,40380.9,40274.1,40306.6,3694
20260430,1230,40307.6,40321.9,40150.8,40158.9,6036
20260430,1245,40156.9,40160.9,40004.1,40077.4,7602
20260430,1300,40076.4,40120.1,40042.8,40076.4,4742
20260430,1315,40076.4,40245.4,40047.9,40235.3,7658
20260430,1330,40234.3,40243.4,40021.4,40023.4,8452
20260430,1345,40023.4,40121.1,40008.2,40100.8,9960
20260430,1515,40119.2,40284.2,40117.2,40235.3,5466
20260430,1530,40231.2,40290.3,40197.7,40277.1,1820
20260430,1545,40274,40311.7,40258.8,40271,1750
20260430,1600,40277.1,40329,40251.7,40300.5,1534
20260430,1615,40303.6,40434.9,40303.6,40382,2974
20260430,1630,40381,40404.4,40320.9,40393.2,1680
20260430,1645,40395.3,40490,40395.3,40452.3,2736
20260430,1700,40451.3,40458.4,40365.8,40380,1320
20260430,1715,40384.1,40410.5,40328.1,40343.3,1564
20260430,1730,40345.3,40417.6,40294.4,40411.6,2106
20260430,1745,40410.5,40516.5,40410.6,40426.8,2880
20260430,1800,40428.9,40467.5,40424.9,40455.4,1024
20260430,1815,40455.4,40525.6,40455.4,40465.6,1618
20260430,1830,40466.6,40532.8,40462.6,40530.8,1722
20260430,1845,40532.8,40547,40455.4,40466.6,1996
20260430,1900,40468.6,40482.8,40418.7,40461.5,1182
20260430,1915,40468.6,40535.8,40466.6,40509.4,1204
20260430,1930,40505.3,40594.9,40498.2,40593.9,1808
20260430,1945,40589.9,40608.1,40534.9,40551.1,1450
20260430,2000,40547.1,40579.6,40544.1,40551.1,546
20260430,2015,40550.1,40615.3,40533.9,40607.2,1122
20260430,2030,40605.1,40646.9,40605.2,40629.6,1692
20260430,2045,40625.5,40638.7,40561.4,40569.5,1088
20260430,2100,40573.6,40654,40568.5,40640.8,1202
20260430,2115,40642.8,40663.2,40596,40605.1,1058
20260430,2130,40607.2,40620.4,40571.6,40584.8,956
20260430,2145,40575.6,40575.5,40370.9,40463.5,7674
20260430,2200,40459.4,40467.5,40280.2,40317.8,5838
20260430,2215,40327,40412.5,40250.6,40345.3,5170
20260430,2230,40345.3,40389.1,40240.5,40355.5,3920
20260430,2245,40348.4,40425.8,40294.4,40371.8,3810
20260430,2300,40365.7,40540.9,40365.8,40528.7,4364
20260430,2315,40528.7,40630.6,40525.7,40611.3,4922
20260430,2330,40613.3,40636.7,40564.4,40600,1990
20260430,2345,40598,40662.1,40556.3,40588.8,2540
20260501,0,40584.8,40615.3,40528.8,40588.8,2098
20260501,15,40588.8,40631.6,40546.1,40625.5,1480
20260501,30,40625.5,40629.5,40591.9,40615.3,956
20260501,45,40620.4,40622.4,40589.9,40595,642
20260501,100,40591.9,40591.8,40527.8,40552.2,1530
20260501,115,40557.3,40614.3,40554.2,40601.1,1266
20260501,130,40600,40614.3,40549.2,40614.3,1238
20260501,145,40614.3,40718.2,40612.3,40704,2788
20260501,200,40705,40735.5,40677.5,40728.4,1058
20260501,215,40734.5,40800.7,40734.6,40787.5,2020
20260501,230,40786.5,40823.1,40777.4,40789.5,748
20260501,245,40791.6,40829.2,40791.6,40814,518
20260501,300,40812,40837.4,40807.9,40818.1,668
20260501,315,40815,40923,40809,40909.8,1522
20260501,330,40908.7,40909.7,40861.9,40886.3,846
20260501,345,40886.3,40953.5,40881.3,40928.1,1120
20260501,400,40930.1,40991.2,40873.1,40873.1,1654
20260501,415,40873.1,40933.1,40805.9,40880.2,2498
20260501,430,40884.3,40905.6,40865,40879.2,444
20260501,445,40874.1,40874.1,40771.3,40784.5,888
20260501,500,40781.4,40857.8,40713.2,40857.8,1162
20260504,900,41201.2,41208.2,40987.2,41035.1,10996
20260504,915,41039.2,41302,40923.1,41276.5,18442
20260504,930,41280.6,41328.5,41064.7,41100.3,10484
20260504,945,41095.2,41363.1,41046.3,41356,8982
20260504,1000,41360.1,41425.2,41277.6,41404.9,7094
20260504,1015,41404.9,41460.9,41300,41457.9,6126
20260504,1030,41457.9,41498.6,41389.7,41466,5636
20260504,1045,41462,41673.8,41455.9,41621.9,7794
20260504,1100,41621.9,41741.1,41603.6,41694.3,5890
20260504,1115,41693.2,41763.5,41663.7,41707.5,4230
20260504,1130,41707.5,41712.5,41634.2,41656.6,2644
20260504,1145,41653.5,41718.7,41638.3,41713.6,1880
20260504,1200,41711.6,41762.5,41696.3,41716.7,3500
20260504,1215,41720.7,41767.6,41684.1,41746.2,3204
20260504,1230,41745.2,41771.6,41726.9,41751.3,2114
20260504,1245,41751.3,41800.2,41739.1,41790,2754
20260504,1300,41790,41794.1,41737.1,41766.6,2322
20260504,1315,41763.5,41785.9,41735.1,41751.3,3160
20260504,1330,41748.3,41792,41735.1,41767.6,5486
20260504,1345,41766.6,41847,41741.2,41803.3,14282
20260504,1515,41766.6,41835.8,41664.8,41821.6,3656
20260504,1530,41821.6,41960.1,41821.7,41915.3,2850
20260504,1545,41916.4,41926.5,41850.2,41875.6,1224
20260504,1600,41874.6,41921.4,41851.2,41856.3,866
20260504,1615,41855.2,41861.3,41774.8,41848.1,1864
20260504,1630,41845,41869.4,41809.4,41858.3,872
20260504,1645,41860.3,41898,41856.3,41870.5,776
20260504,1700,41868.5,41878.6,41851.2,41858.3,432
20260504,1715,41859.3,41882.7,41844.1,41879.7,634
20260504,1730,41878.7,41883.7,41817.6,41836.9,902
20260504,1745,41835.9,41861.3,41818.6,41829.8,562
20260504,1800,41828.7,41868.4,41812.5,41818.6,606
20260504,1815,41817.5,41822.6,41331.6,41430.4,11952
20260504,1830,41435.5,41530.2,41304.1,41511.9,6762
20260504,1845,41519,41709.5,41500.7,41642.3,5592
20260504,1900,41642.3,41737,41632.2,41672.9,2532
20260504,1915,41675.9,41749.2,41658.7,41724.8,2298
20260504,1930,41724.8,41760.4,41704.5,41704.4,1202
20260504,1945,41703.4,41710.5,41594.5,41661.7,2476
20260504,2000,41664.7,41726.8,41640.3,41704.4,1316
20260504,2015,41712.6,41752.3,41712.6,41716.7,880
20260504,2030,41713.6,41814.4,41701.4,41781.9,2402
20260504,2045,41781.9,41782.8,41719.8,41733,1258
20260504,2100,41727.9,41736,41662.7,41680,1252
20260504,2115,41679,41759.4,41567,41662.7,4194
20260504,2130,41661.7,41694.2,41630.1,41694.3,862
20260504,2145,41696.3,41819.5,41634.2,41789,4520
20260504,2200,41781.9,41800.2,41706.5,41790,2532
20260504,2215,41780.9,41858.2,41736.1,41817.5,3592
20260504,2230,41815.5,41879.6,41758.5,41765.6,3126
20260504,2245,41763.5,41802.2,41745.3,41784.9,1528
20260504,2300,41789,41808.3,41625,41649.4,3374
20260504,2315,41646.4,41698.3,41579.2,41603.6,3722
20260504,2330,41603.6,41639.2,41407,41524.1,7670
20260504,2345,41521.1,41527.1,41434.5,41509.9,3180
20260505,0,41503.7,41536.3,41423.3,41468.1,2850
20260505,15,41470.1,41486.4,41354,41372.3,4166
20260505,30,41370.3,41529.2,41344.9,41484.4,4076
20260505,45,41484.4,41523,41435.5,41440.6,1450
20260505,100,41435.5,41469.1,41424.3,41450.8,800
20260505,115,41460.9,41554.6,41450.8,41514.9,1584
20260505,130,41518,41613.7,41506.8,41594.4,1998
20260505,145,41598.5,41613.7,41533.3,41558.8,804
20260505,200,41562.8,41572,41543.5,41544.5,464
20260505,215,41543.5,41566.9,41522.1,41527.2,394
20260505,230,41526.2,41531.2,41456.9,41506.8,742
20260505,245,41506.8,41522,41471.2,41471.1,324
20260505,300,41471.1,41513.9,41447.8,41509.9,450
20260505,315,41517,41570.9,41498.7,41546.5,616
20260505,330,41552.6,41559.7,41508.9,41538.4,358
20260505,345,41547.5,41582.1,41545.6,41562.8,342
20260505,400,41562.8,41584.2,41531.3,41555.7,456
20260505,415,41547.5,41547.5,41484.4,41507.8,416
20260505,430,41503.7,41520,41494.6,41511.9,72
20260505,445,41510.9,41527.1,41509.9,41516,120
20260505,500,41516,41564.8,41506.8,41555.7,352
20260505,900,41706.5,41715.6,41614.8,41668.8,6904
20260505,915,41664.7,41870.5,41657.6,41765.6,10932
20260505,930,41764.6,41845,41629.1,41634.1,6440
20260505,945,41635.2,41759.4,41571,41608.7,8068
20260505,1000,41612.8,41672.8,41569,41609.7,5412
20260505,1015,41610.7,41666.7,41565.9,41647.4,3374
20260505,1030,41645.4,41730.9,41624,41697.3,3808
20260505,1045,41692.2,41719.7,41644.4,41653.5,2608
20260505,1100,41656.6,41657.5,41568,41590.3,3540
20260505,1115,41596.5,41664.7,41576.1,41654.5,2156
20260505,1130,41655.5,41780.8,41645.4,41780.9,3182
20260505,1145,41775.8,41835.8,41723.9,41725.8,3648
20260505,1200,41728.9,41778.8,41692.3,41754.4,1682
20260505,1215,41753.4,41802.2,41736.1,41749.3,1398
20260505,1230,41746.2,41848.1,41735.1,41830.8,2872
20260505,1245,41828.7,41848.1,41781.9,41794.1,2086
20260505,1300,41795.1,41836.8,41757.5,41764.6,2462
20260505,1315,41766.6,41834.8,41754.4,41823.7,2380
20260505,1330,41824.7,41832.8,41761.6,41764.6,3524
20260505,1345,41768.6,41820.5,41730,41807.3,6608
20260505,1515,41850.1,41959.1,41850.2,41897,4238
20260505,1530,41896,41919.4,41859.4,41869.5,1094
20260505,1545,41864.4,41970.3,41847.1,41907.2,2410
20260505,1600,41903.1,41904.1,41785,41817.5,2334
20260505,1615,41813.5,41918.4,41800.3,41905.2,1744
20260505,1630,41903.1,41943.8,41903.2,41913.3,1280
20260505,1645,41909.2,41932.6,41888.9,41900.1,752
20260505,1700,41900.1,41931.6,41897.1,41927.6,706
20260505,1715,41929.6,41937.7,41877.7,41879.7,786
20260505,1730,41878.7,41892.9,41848.2,41848.1,784
20260505,1745,41855.2,41891.9,41849.2,41873.6,798
20260505,1800,41873.6,41906.1,41851.2,41857.3,492
20260505,1815,41862.4,41886.8,41847.1,41867.5,432
20260505,1830,41867.5,41878.6,41856.3,41869.5,400
20260505,1845,41872.6,41933.6,41860.4,41870.5,1284
20260505,1900,41867.5,41867.4,41833.9,41845,956
20260505,1915,41843,41853.1,41754.4,41790,2386
20260505,1930,41787,41810.4,41732,41791,2546
20260505,1945,41799.2,41833.8,41797.2,41816.5,744
20260505,2000,41816.5,41865.4,41816.6,41862.4,892
20260505,2015,41858.3,41944.8,41822.7,41936.7,2092
20260505,2030,41938.8,42056.9,41938.8,42042.7,4184
20260505,2045,42045.8,42056.9,41998.9,42010.1,1450
20260505,2100,42009.1,42025.3,41994.9,42014.2,798
20260505,2115,42014.2,42128.2,42011.2,42105.9,2932
20260505,2130,42104.8,42110.9,42066.2,42105.9,1220
20260505,2145,42108.9,42154.7,42039.7,42138.5,5028
20260505,2200,42145.6,42259.7,42134.4,42230.2,5140
20260505,2215,42234.2,42268.8,42124.3,42144.6,5250
20260505,2230,42142.5,42232.1,42026.4,42197.6,7782
20260505,2245,42199.6,42217.9,42101.8,42101.8,3140
20260505,2300,42102.8,42176.1,42069.2,42167,2684
20260505,2315,42160.9,42249.5,42154.8,42205.7,2284
20260505,2330,42209.8,42245.4,42197.6,42226.1,1344
20260505,2345,42223,42265.8,42190.5,42235.3,2246
20260506,0,42245.4,42327.9,42245.5,42289.3,3266
20260506,15,42289.3,42351.3,42274,42301.5,2624
20260506,30,42300.5,42304.5,42199.6,42257.7,1842
20260506,45,42253.6,42261.7,42190.5,42229.1,1706
20260506,100,42229.1,42273.9,42225.1,42260.7,666
20260506,115,42257.7,42287.2,42246.5,42254.6,440
20260506,130,42257.7,42305.5,42257.7,42287.2,606
20260506,145,42281.1,42308.6,42268.9,42281.1,344
20260506,200,42278,42291.2,42265.9,42287.2,320
20260506,215,42285.2,42307.5,42279.1,42292.3,282
20260506,230,42291.3,42314.7,42281.2,42305.6,300
20260506,245,42301.5,42322.8,42301.5,42301.5,358
20260506,300,42299.4,42308.6,42268.9,42289.3,316
20260506,315,42286.2,42293.3,42252.6,42253.6,402
20260506,330,42249.5,42255.6,42209.8,42217.9,576
20260506,345,42215.9,42254.6,42211.9,42241.4,308
20260506,400,42247.5,42260.7,42197.6,42224,850
20260506,415,42225.1,42270.9,42219,42267.9,382
20260506,430,42263.8,42342.2,42233.3,42329,696
20260506,445,42329,42342.2,42306.6,42306.6,332
20260506,500,42304.5,42342.2,42297.5,42337.1,390
20260506,900,42433.9,42528.6,42403.4,42424.8,10492
20260506,915,42429.8,42744.6,42424.8,42733.5,15836
20260506,930,42735.5,42795.6,42542,42574.5,13180
20260506,945,42574.5,42721.2,42493.1,42497.1,10646
20260506,1000,42499.1,42499.1,42009.1,42179.2,24516
20260506,1015,42183.3,42204.6,41810.5,42127.3,18548
20260506,1030,42125.2,42213.8,41998.9,42077.3,8092
20260506,1045,42073.3,42124.2,41885.8,41959.2,6668
20260506,1100,41960.2,42075.2,41887.9,41914.3,5946
20260506,1115,41907.2,42094.6,41818.6,42076.3,6500
20260506,1130,42071.2,42145.5,42006.1,42132.4,5918
20260506,1145,42131.3,42160.8,42057,42099.8,4340
20260506,1200,42100.8,42133.3,42062.1,42115,2706
20260506,1215,42113,42146.6,42086.6,42135.4,2260
20260506,1230,42134.4,42143.5,42049.9,42111,2914
20260506,1245,42109.9,42220.9,42110,42186.4,6174
20260506,1300,42186.4,42255.6,42180.3,42198.6,4102
20260506,1315,42195.5,42279,42164,42271.9,3212
20260506,1330,42268.9,42337.1,42231.2,42253.6,6916
20260506,1345,42253.6,42323.8,42210.9,42284.2,9568
20260506,1515,42225.1,42290.2,42189.5,42221,2498
20260506,1530,42221,42242.3,42199.6,42220,962
20260506,1545,42223,42285.1,42204.7,42276,874
20260506,1600,42278,42369.7,42278.1,42367.7,1880
20260506,1615,42369.7,42404.3,42353.5,42373.8,1860
20260506,1630,42367.7,42372.7,42304.6,42314.7,1156
20260506,1645,42319.8,42364.6,42314.8,42340.2,792
20260506,1700,42341.2,42701.8,42287.3,42599,7760
20260506,1715,42594.9,42644.8,42503.3,42548,2688
20260506,1730,42552.1,42582.6,42490,42548,2118
20260506,1745,42546,42635.6,42532.8,42592.9,2296
20260506,1800,42589.8,42627.5,42563.4,42620.4,1098
20260506,1815,42626.5,42663.1,42606.2,42623.4,1670
20260506,1830,42623.4,42687.6,42616.3,42670.3,1680
20260506,1845,42676.4,42759.9,42671.4,42739.6,1964
20260506,1900,42745.7,42776.2,42685.6,42735.5,2242
20260506,1915,42731.4,42783.3,42720.3,42774.2,2272
20260506,1930,42771.2,42790.5,42716.2,42730.4,1526
20260506,1945,42731.4,42750.7,42620.4,42620.4,2726
20260506,2000,42624.4,42667.2,42583.7,42637.7,2278
20260506,2015,42633.6,42635.6,42527.7,42542.9,2836
20260506,2030,42541.9,42602,42502.2,42589.8,2832
20260506,2045,42589.8,42596.9,42544,42550.1,1064
20260506,2100,42556.2,42602,42529.7,42540.9,1250
20260506,2115,42539.9,42566.3,42438,42516.4,3094
20260506,2130,42518.5,42564.3,42498.2,42529.7,1366
20260506,2145,42528.7,42694.7,42459.4,42671.3,7664
20260506,2200,42671.3,42719.1,42580.7,42686.6,4546
20260506,2215,42689.6,42691.6,42479.8,42578.6,5104
20260506,2230,42568.4,42583.6,42448.2,42503.2,4144
20260506,2245,42495.1,42704.9,42492,42679.5,4196
20260506,2300,42680.5,42716.1,42653,42677.4,2828
20260506,2315,42683.5,42738.5,42652,42702.9,1980
20260506,2330,42701.9,42827.1,42692.8,42801.7,3942
20260506,2345,42803.8,42831.2,42679.5,42735.5,3540
20260507,0,42739.6,42782.3,42708,42730.4,1786
20260507,15,42726.3,42860.8,42724.3,42844.5,2598
20260507,30,42842.5,42854.6,42790.6,42797.6,1290
20260507,45,42796.6,42821,42781.4,42781.3,840
20260507,100,42786.4,42786.4,42674.4,42743.6,2156
20260507,115,42745.7,42825.1,42734.5,42803.8,1068
20260507,130,42797.6,42817,42785.5,42799.7,362
20260507,145,42802.7,42832.2,42791.6,42826.2,424
20260507,200,42831.3,42836.3,42773.2,42804.8,350
20260507,215,42808.9,42847.5,42808.9,42835.3,680
20260507,230,42835.3,42907.6,42835.4,42897.5,1292
20260507,245,42898.5,42943.3,42890.4,42914.8,762
20260507,300,42914.8,42931.1,42893.5,42921.9,618
20260507,315,42923,42975.9,42917.9,42975.9,852
20260507,330,42971.9,43003.4,42968.9,42988.2,856
20260507,345,42986.1,42997.3,42968.9,42973.9,492
20260507,400,42969.8,43035,42966.8,42982.1,880
20260507,415,42980,43065.5,42960.7,43052.3,894
20260507,430,43059.5,43076.8,43050.4,43076.8,326
20260507,445,43078.8,43086.9,43055.5,43077.8,486
20260507,500,43080.9,43123.6,43065.6,43116.5,620
20260507,900,43125.7,43125.7,42833.4,42946.4,12762
20260507,915,42947.4,42980,42795.7,42919.9,13004
20260507,930,42923,43071.7,42871,42945.4,8912
20260507,945,42955.6,43172.5,42857.8,43157.3,10482
20260507,1000,43160.3,43242.8,43069.7,43130.8,9786
20260507,1015,43135.9,43202.1,43025.9,43049.3,5286
20260507,1030,43054.4,43228.6,43036.1,43222.5,4578
20260507,1045,43227.6,43267.3,43096.2,43131.8,5472
20260507,1100,43129.8,43205.1,43055.5,43182.8,3732
20260507,1115,43184.8,43190.9,43032,43092.1,3844
20260507,1130,43091.1,43172.5,43080.9,43123.7,2418
20260507,1145,43120.6,43216.3,43117.6,43214.3,3098
20260507,1200,43209.2,43230.6,43152.2,43162.4,2722
20260507,1215,43161.4,43182.7,43125.8,43138.9,2072
20260507,1230,43137.9,43167.4,43089.1,43103.3,3548
20260507,1245,43102.3,43153.2,43073.8,43095.1,3806
20260507,1300,43095.1,43153.2,43083,43093.1,2986
20260507,1315,43093.1,43184.7,43087,43184.8,3820
20260507,1330,43185.8,43185.8,43052.4,43105.3,5710
20260507,1345,43103.3,43194.9,43102.3,43136.9,11272
20260507,1515,43220.5,43354.9,43163.5,43340.7,4994
20260507,1530,43344.8,43350.8,43208.3,43224.5,3146
20260507,1545,43227.6,43273.4,43203.2,43265.3,1494
20260507,1600,43267.3,43271.3,43178.7,43196,1520
20260507,1615,43198,43265.2,43177.7,43200.1,1698
20260507,1630,43203.1,43205.1,43122.7,43144,2260
20260507,1645,43144,43187.8,43139,43144,1242
20260507,1700,43142,43149.1,43102.3,43123.7,1610
20260507,1715,43121.6,43124.6,43039.2,43048.3,2530
20260507,1730,43050.3,43086.9,43006.6,43072.7,2178
20260507,1745,43067.6,43132.8,43059.5,43110.4,1284
20260507,1800,43108.4,43132.8,43017.8,43053.4,1688
20260507,1815,43049.3,43069.6,42999.4,43054.4,1316
20260507,1830,43054.4,43092,43030,43055.4,810
20260507,1845,43051.3,43101.2,43027.9,43097.2,766
20260507,1900,43105.3,43113.4,43061.6,43065.6,524
20260507,1915,43068.7,43090,43035.1,43038.1,454
20260507,1930,43035,43083.9,43022.9,43057.4,588
20260507,1945,43055.4,43098.1,43043.2,43061.5,550
20260507,2000,43062.5,43064.5,43008.6,43035,762
20260507,2015,43037.1,43077.8,43017.8,43068.7,622
20260507,2030,43069.7,43102.2,43047.3,43094.1,700
20260507,2045,43091.1,43142,43068.7,43121.6,1142
20260507,2100,43120.6,43139.9,43066.7,43073.7,992
20260507,2115,43070.7,43070.6,43012.7,43044.2,1428
20260507,2130,43049.3,43077.8,43045.3,43059.5,758
20260507,2145,43057.4,43057.4,42847.6,42857.8,6848
20260507,2200,42861.8,42931.1,42795.7,42882.2,5916
20260507,2215,42879.1,42961.6,42827.2,42916.8,3720
20260507,2230,42918.9,43018.7,42882.3,42974.9,4114
20260507,2245,42980,43022.8,42953.6,42963.7,2918
20260507,2300,42965.7,43032.9,42934.2,43024.8,1860
20260507,2315,43024.8,43031.9,42940.3,42956.6,1990
20260507,2330,42955.6,42984,42872.1,42936.2,2386
20260507,2345,42940.3,43012.6,42931.2,42995.3,1730
20260508,0,42996.3,43000.3,42797.7,42826.2,3278
20260508,15,42825.2,42832.2,42719.2,42749.8,4812
20260508,30,42747.7,42770.1,42642.8,42746.7,4388
20260508,45,42739.6,42803.7,42705,42733.5,2088
20260508,100,42728.4,42759.9,42696.8,42730.4,1222
20260508,115,42737.5,42751.7,42676.5,42705.9,1418
20260508,130,42703.9,42746.7,42536.9,42592.9,4802
20260508,145,42589.8,42737.5,42568.5,42694.7,2352
20260508,200,42689.6,42783.3,42652,42773.2,2286
20260508,215,42781.3,42810.8,42718.2,42739.6,1590
20260508,230,42734.5,42775.2,42688.7,42699.8,692
20260508,245,42700.9,42729.3,42612.3,42673.3,1550
20260508,300,42663.2,42749.7,42617.4,42743.6,2056
20260508,315,42743.6,42781.3,42715.2,42777.3,752
20260508,330,42768.1,42777.2,42644.9,42710,1724
20260508,345,42713.1,42788.4,42713.1,42769.1,850
20260508,400,42770.1,42821,42706,42711,2200
20260508,415,42718.2,42820,42705,42786.4,1164
20260508,430,42790.5,42799.6,42780.4,42785.4,254
20260508,445,42785.4,42796.6,42710.1,42737.5,912
20260508,500,42743.6,42772.1,42730.5,42730.4,534
20260508,900,42912.8,42950.4,42832.3,42900.5,8906
20260508,915,42900.5,43058.4,42857.8,43050.3,10374
20260508,930,43049.3,43093.1,42953.6,43059.5,7330
20260508,945,43062.5,43122.6,42937.3,42979,7160
20260508,1000,42973.9,43139.9,42955.6,42965.7,6924
20260508,1015,42968.8,42994.2,42668.3,42723.3,13126
20260508,1030,42721.2,42727.3,42320.9,42460.4,19762
20260508,1045,42465.5,42688.6,42444.2,42646.9,9116
20260508,1100,42646.9,42779.3,42631.6,42717.2,6412
20260508,1115,42717.2,42785.4,42695.8,42766.1,4226
20260508,1130,42759.9,42781.3,42698.9,42711,3364
20260508,1145,42712.1,42818,42701.9,42719.2,4524
20260508,1200,42718.2,42755.8,42636.7,42739.6,3448
20260508,1215,42739.6,42753.8,42679.5,42691.7,2426
20260508,1230,42692.7,42757.9,42654,42735.5,2474
20260508,1245,42736.5,42772.1,42601.1,42604.1,3306
20260508,1300,42603,42727.3,42598,42722.3,2950
20260508,1315,42726.3,42760.9,42689.7,42750.8,4944
20260508,1330,42748.7,42756.8,42706,42720.2,3152
20260508,1345,42723.3,42754.8,42696.8,42726.3,9096
20260508,1515,42784.4,42807.8,42648.9,42657,3266
20260508,1530,42659.1,42660.1,42588.8,42632.6,2270
20260508,1545,42630.6,42641.7,42604.1,42618.3,1088
20260508,1600,42618.3,42625.4,42526.7,42542.9,2364
20260508,1615,42545,42581.6,42498.2,42548,1972
20260508,1630,42549.1,42609.1,42549.1,42590.8,986
20260508,1645,42589.8,42612.2,42569.5,42575.5,622
20260508,1700,42576.6,42617.3,42574.6,42590.8,600
20260508,1715,42598,42688.6,42589.9,42648.9,1678
20260508,1730,42648.9,42671.3,42638.8,42652,730
20260508,1745,42648.9,42652.9,42561.3,42580.6,1246
20260508,1800,42579.6,42586.7,42452.3,42498.1,2270
20260508,1815,42498.1,42530.7,42494.1,42523.6,850
20260508,1830,42524.6,42568.4,42506.3,42551.1,744
20260508,1845,42552.1,42590.8,42552.2,42558.2,820
20260508,1900,42554.1,42556.1,42455.4,42507.3,1364
20260508,1915,42512.4,42574.5,42511.4,42552.1,736
20260508,1930,42563.3,42578.5,42539.9,42575.5,480
20260508,1945,42575.5,42576.5,42545,42545,270
20260508,2000,42544,42574.5,42538.9,42545,254
20260508,2015,42541.9,42571.4,42528.7,42540.9,426
20260508,2030,42540.9,42563.3,42536.9,42563.3,492
20260508,2045,42561.3,42736.5,42561.3,42672.3,3944
20260508,2100,42673.3,42683.5,42566.4,42615.3,1696
20260508,2115,42608.1,42662.1,42572.5,42599,1132
20260508,2130,42598,42673.3,42581.7,42673.3,874
20260508,2145,42673.3,42890.3,42615.3,42882.2,6932
20260508,2200,42883.2,42969.8,42876.1,42969.8,4508
20260508,2215,42970.8,42989.1,42878.2,42894.4,3476
20260508,2230,42886.3,42951.4,42838.4,42846.5,2028
20260508,2245,42852.7,42919.9,42805.8,42910.7,3522
20260508,2300,42911.8,42968.8,42896.5,42950.5,1702
20260508,2315,42950.5,43028.9,42941.3,42961.7,3376
20260508,2330,42958.6,42984,42894.5,42975.9,2108
20260508,2345,42975.9,43018.7,42917.9,42945.4,2276
20260509,0,42945.4,43011.5,42941.3,42983.1,1106
20260509,15,42983.1,43037,42977,42999.4,1618
20260509,30,42998.4,43053.3,42994.3,43051.3,1212
20260509,45,43051.3,43061.5,43010.6,43027.9,890
20260509,100,43025.9,43044.1,42931.2,42953.5,3200
20260509,115,42957.6,42973.8,42847.6,42941.3,2904
20260509,130,42934.2,43016.6,42926.1,43012.6,1658
20260509,145,43011.6,43021.7,42977,42998.4,822
20260509,200,43004.5,43027.8,42958.7,42979,904
20260509,215,42979,43039.1,42965.8,43033,1104
20260509,230,43034,43037,43013.7,43026.9,296
20260509,245,43033,43036,42984.1,42991.2,504
20260509,300,42989.2,43006.5,42951.5,42963.7,540
20260509,315,42964.7,43045.2,42964.8,43016.7,750
20260509,330,43021.8,43038,42984.1,42984.1,294
20260509,345,42985.1,43036,42980.1,43021.8,528
20260509,400,43014.7,43035,42975,43035,506
20260509,415,43035,43053.3,43011.6,43037.1,474
20260509,430,43037.1,43050.3,43031,43046.2,138
20260509,445,43046.2,43080.8,43039.2,43077.8,554
20260509,500,43074.8,43096.1,43062.6,43088,640
20260511,900,43024.8,43053.3,42603.1,42731.4,13364
20260511,915,42726.3,42855.7,42588.8,42780.3,12514
20260511,930,42777.3,42921.9,42750.8,42883.2,6706
20260511,945,42883.2,42941.2,42796.7,42831.3,5436
20260511,1000,42828.2,42906.6,42771.2,42888.3,4462
20260511,1015,42886.3,42929,42805.8,42846.5,3656
20260511,1030,42847.6,42875,42722.3,42769.1,4898
20260511,1045,42767.1,42810.8,42685.6,42788.5,4778
20260511,1100,42788.5,42900.5,42730.5,42886.3,4836
20260511,1115,42878.1,42912.7,42801.8,42827.2,3086
20260511,1130,42828.2,42907.6,42802.8,42904.6,2284
20260511,1145,42901.6,42940.2,42863.9,42929.1,2860
20260511,1200,42931.1,42940.2,42875.1,42889.3,1522
20260511,1215,42890.4,42916.8,42846.6,42882.2,1608
20260511,1230,42887.3,42985.1,42885.3,42973.9,2958
20260511,1245,42974.9,42991.2,42931.2,42943.3,1938
20260511,1300,42942.3,42967.7,42913.8,42941.3,1674
20260511,1315,42942.3,42954.5,42880.2,42889.3,2382
20260511,1330,42891.4,42910.7,42828.3,42833.3,5422
20260511,1345,42833.3,42866.9,42734.5,42734.5,8062
20260511,1515,42758.9,42775.2,42663.2,42677.4,2496
20260511,1530,42676.4,42723.2,42653,42685.6,1178
20260511,1545,42686.6,42746.7,42669.3,42733.5,1336
20260511,1600,42737.5,42751.7,42721.3,42751.8,516
20260511,1615,42748.7,42759.9,42536.9,42582.7,3192
20260511,1630,42576.6,42668.2,42576.6,42581.7,1596
20260511,1645,42578.6,42639.7,42571.5,42635.7,736
20260511,1700,42631.6,42643.8,42614.3,42616.3,594
20260511,1715,42613.2,42650.9,42577.6,42580.6,994
20260511,1730,42582.7,42607.1,42566.4,42606.1,906
20260511,1745,42606.1,42695.7,42602.1,42688.6,1336
20260511,1800,42692.7,42743.6,42669.3,42673.3,1404
20260511,1815,42671.3,42683.5,42622.5,42623.4,1102
20260511,1830,42622.4,42629.5,42579.7,42625.5,1044
20260511,1845,42620.4,42637.6,42573.6,42591.8,794
20260511,1900,42592.9,42632.5,42578.6,42592.9,552
20260511,1915,42590.8,42646.8,42588.8,42644.8,634
20260511,1930,42645.8,42692.7,42632.6,42680.5,896
20260511,1945,42679.5,42714.1,42667.3,42675.4,800
20260511,2000,42670.3,42702.8,42651,42702.9,686
20260511,2015,42699.8,42719.1,42637.7,42657,1152
20260511,2030,42656,42709,42647.9,42705.9,854
20260511,2045,42700.9,42742.6,42684.6,42684.6,1114
20260511,2100,42683.5,42706.9,42623.5,42705.9,2244
20260511,2115,42707,42780.3,42700.9,42775.2,1898
20260511,2130,42776.2,42833.3,42772.2,42831.3,1840
20260511,2145,42832.3,42941.2,42730.5,42792.5,8172
20260511,2200,42790.5,42833.3,42620.4,42637.7,5022
20260511,2215,42634.6,42841.4,42629.6,42816,6112
20260511,2230,42817,42865.9,42711.1,42730.4,4060
20260511,2245,42725.3,42907.6,42673.4,42892.4,6462
20260511,2300,42891.4,43011.5,42871,42955.6,4556
20260511,2315,42956.6,43026.8,42952.6,42957.6,2964
20260511,2330,42961.7,43069.6,42939.3,43068.7,2286
20260511,2345,43069.7,43082.9,43005.5,43015.7,2436
20260512,0,43014.7,43093.1,43005.5,43052.3,1656
20260512,15,43055.4,43164.4,43055.5,43157.3,2938
20260512,30,43158.3,43158.3,43067.7,43068.7,1212
20260512,45,43077.8,43102.2,42958.7,43015.7,2296
20260512,100,43014.7,43039.1,42993.3,43015.7,1162
20260512,115,43027.9,43058.4,43003.5,43019.7,928
20260512,130,43014.7,43086.9,42996.4,43078.8,860
20260512,145,43086,43132.8,43068.7,43104.3,1142
20260512,200,43109.4,43116.5,43069.7,43070.7,396
20260512,215,43074.8,43146,43072.8,43124.7,1038
20260512,230,43124.7,43127.7,43091.1,43124.7,418
20260512,245,43120.6,43129.7,43080.9,43093.1,260
20260512,300,43089,43106.3,43048.3,43050.3,384
20260512,315,43047.3,43108.3,43042.2,43074.8,592
20260512,330,43069.7,43070.6,43020.8,43026.9,464
20260512,345,43032,43065.5,43021.8,43065.6,290
20260512,400,43060.5,43107.3,43056.5,43077.8,516
20260512,415,43076.8,43078.8,42988.2,43068.7,1230
20260512,430,43068.7,43075.7,43050.4,43067.6,142
20260512,445,43068.7,43071.7,43056.5,43068.7,104
20260512,500,43071.7,43074.7,43057.5,43073.7,358
20260512,900,42994.3,43042.1,42961.7,42987.1,6326
20260512,915,42991.2,43160.3,42986.2,43045.2,10748
20260512,930,43046.2,43047.2,42706,42798.7,17268
20260512,945,42799.7,42805.7,42390.2,42605.1,18454
20260512,1000,42604.1,42678.4,42539.9,42599,8620
20260512,1015,42604.1,42783.3,42529.7,42766.1,8524
20260512,1030,42766.1,42780.3,42658.1,42745.7,4304
20260512,1045,42743.6,42744.6,42647.9,42709,2962
20260512,1100,42710,42888.3,42709.1,42844.5,6738
20260512,1115,42846.5,42942.3,42789.5,42907.7,6118
20260512,1130,42905.6,42908.6,42847.6,42871,2146
20260512,1145,42878.1,42958.6,42872.1,42914.8,2998
20260512,1200,42919.9,42934.1,42876.1,42909.7,2200
20260512,1215,42912.8,43024.8,42909.8,42952.5,5166
20260512,1230,42955.6,43017.7,42941.3,42982.1,3408
20260512,1245,42978,43034,42976,43021.8,4056
20260512,1300,43024.8,43045.2,42841.5,42842.5,6386
20260512,1315,42845.5,42923.9,42793.6,42827.2,6302
20260512,1330,42830.2,42837.3,42698.9,42705.9,8792
20260512,1345,42708,42715.1,42467.6,42479.8,13932
20260512,1515,42383,42400.3,42263.8,42382,6206
20260512,1530,42376.9,42484.8,42374.9,42423.7,2750
20260512,1545,42426.8,42452.2,42400.4,42402.3,1270
20260512,1600,42406.4,42418.6,42353.5,42411.5,1998
20260512,1615,42410.5,42420.6,42318.8,42343.2,2588
20260512,1630,42337.1,42409.4,42313.8,42398.3,1576
20260512,1645,42400.3,42409.4,42346.4,42366.7,1122
20260512,1700,42363.6,42387,42327,42348.3,1160
20260512,1715,42348.3,42351.3,42279.1,42348.3,1756
20260512,1730,42348.3,42357.5,42305.6,42313.7,886
20260512,1745,42321.9,42412.5,42321.9,42373.8,1826
20260512,1800,42377.9,42381.9,42334.1,42349.4,632
20260512,1815,42344.3,42385,42334.1,42368.7,696
20260512,1830,42370.8,42372.7,42309.7,42324.9,678
20260512,1845,42332,42342.2,42271,42301.5,1264
20260512,1900,42298.4,42331,42273,42311.7,1082
20260512,1915,42318.8,42330,42184.4,42231.2,3644
20260512,1930,42234.2,42240.3,42169.1,42215.9,1822
20260512,1945,42214.9,42227.1,42181.3,42219,1144
20260512,2000,42214.9,42219.9,42125.3,42143.6,2320
20260512,2015,42147.6,42147.6,42037.7,42111,3268
20260512,2030,42108.9,42121.1,42014.2,42091.6,2408
20260512,2045,42094.7,42281.1,42026.4,42186.4,7734
20260512,2100,42189.4,42239.3,42181.3,42193.5,1876
20260512,2115,42190.4,42212.8,42136.5,42157.8,1828
20260512,2130,42153.7,42155.7,42094.7,42142.5,1892
20260512,2145,42143.6,42338.1,42084.5,42338.2,8332
20260512,2200,42331,42346.3,42023.4,42073.3,6928
20260512,2215,42075.3,42162.9,42039.7,42143.6,4952
20260512,2230,42144.6,42161.8,41931.7,41968.3,5392
20260512,2245,41968.3,42034.5,41844.1,41963.2,7858
20260512,2300,41960.2,41967.3,41793.1,41815.5,5822
20260512,2315,41814.5,41853.1,41742.2,41745.2,4102
20260512,2330,41744.2,41764.5,41586.3,41633.1,7542
20260512,2345,41635.2,41737,41631.1,41699.4,5002
20260513,0,41703.4,41726.8,41570,41596.5,3102
20260513,15,41600.5,41730.9,41548.6,41718.7,4332
20260513,30,41716.7,41727.8,41582.2,41602.6,2050
20260513,45,41600.5,41631,41517,41567.9,3220
20260513,100,41568.9,41587.2,41506.8,41522.1,2096
20260513,115,41527.2,41694.2,41527.2,41678,3158
20260513,130,41680,41738,41588.4,41616.8,4760
20260513,145,41612.8,41664.7,41601.6,41645.4,1436
20260513,200,41647.4,41681,41611.8,41678,968
20260513,215,41671.8,41714.6,41657.6,41703.4,1200
20260513,230,41700.4,41791,41686.2,41772.7,1690
20260513,245,41770.7,41820.5,41756.5,41799.2,1218
20260513,300,41798.2,41854.2,41763.6,41783.9,1132
20260513,315,41781.9,41891.9,41780.9,41872.6,1330
20260513,330,41875.6,41893.9,41838,41868.5,724
20260513,345,41868.5,41940.8,41868.5,41935.7,1064
20260513,400,41934.7,41959.1,41904.2,41943.9,780
20260513,415,41936.7,41945.9,41834.9,41903.1,880
20260513,430,41901.1,41920.4,41875.7,41900.1,440
20260513,445,41899,41938.7,41893,41936.7,394
20260513,500,41936.7,41942.8,41906.2,41910.3,584
20260513,900,42014.2,42043.7,41755.4,41992.8,14420
20260513,915,41995.8,42153.7,41942.9,42103.8,15390
20260513,930,42102.8,42123.1,41915.4,42119.1,12228
20260513,945,42115,42229.1,42091.7,42135.4,11228
20260513,1000,42129.3,42319.8,42121.2,42257.7,10780
20260513,1015,42250.5,42298.4,42050.9,42078.4,8510
20260513,1030,42078.4,42173.1,42031.5,42167,5854
20260513,1045,42166,42190.4,41967.4,41992.8,5942
20260513,1100,41994.8,42044.7,41952.1,41968.3,5102
20260513,1115,41968.3,42011.1,41940.9,41999.9,4300
20260513,1130,41998.9,42179.2,41991.8,42166,5856
20260513,1145,42166,42336.1,42152.8,42336.1,6830
20260513,1200,42334.1,42342.2,42185.4,42194.5,5762
20260513,1215,42190.4,42239.3,42174.2,42205.7,2724
20260513,1230,42204.7,42224,42137.5,42209.8,3374
20260513,1245,42213.9,42257.6,42153.8,42170,2488
20260513,1300,42169,42253.5,42167,42227.1,3270
20260513,1315,42225.1,42364.6,42163,42362.6,6304
20260513,1330,42358.5,42387,42240.4,42251.6,8338
20260513,1345,42251.6,42301.4,42203.7,42249.5,8744
20260513,1515,42280.1,42293.3,42152.8,42201.6,2782
20260513,1530,42199.6,42218.9,42174.2,42199.6,1118
20260513,1545,42202.7,42288.2,42198.6,42270.9,1594
20260513,1600,42275,42311.6,42256.7,42307.6,1488
20260513,1615,42311.7,42433.9,42306.6,42402.3,3506
20260513,1630,42403.4,42425.7,42366.7,42372.8,1394
20260513,1645,42375.9,42382.9,42349.4,42354.5,886
20260513,1700,42360.6,42367.7,42261.8,42285.2,1788
20260513,1715,42288.2,42324.9,42231.2,42254.6,1460
20260513,1730,42251.6,42287.2,42212.9,42233.2,1540
20260513,1745,42231.2,42267.8,42200.7,42260.7,1316
20260513,1800,42263.8,42301.4,42242.4,42291.3,894
20260513,1815,42289.3,42347.3,42265.9,42280.1,1252
20260513,1830,42275,42281.1,42210.9,42239.3,990
20260513,1845,42243.4,42285.1,42232.2,42281.1,690
20260513,1900,42282.1,42305.5,42262.8,42274,606
20260513,1915,42268.9,42274.9,42225.1,42254.6,964
20260513,1930,42250.5,42266.8,42187.4,42225.1,1138
20260513,1945,42225.1,42279,42218,42275,590
20260513,2000,42271.9,42299.4,42251.6,42283.1,804
20260513,2015,42283.1,42337.1,42276.1,42321.9,1220
20260513,2030,42323.9,42335,42240.4,42276,1082
20260513,2045,42276,42276,41979.6,42068.2,6188
20260513,2100,42071.2,42102.8,42024.4,42071.2,2778
20260513,2115,42074.3,42183.2,42069.2,42175.1,2394
20260513,2130,42178.2,42212.8,42163,42194.5,1264
20260513,2145,42193.5,42273.9,42076.4,42219,7238
20260513,2200,42215.9,42293.3,42039.7,42233.2,8314
20260513,2215,42240.3,42268.8,42180.3,42238.3,3252
20260513,2230,42238.3,42403.3,42211.9,42337.1,5924
20260513,2245,42334.1,42402.3,42306.6,42351.4,4046
20260513,2300,42347.3,42382.9,42292.4,42347.3,2826
20260513,2315,42345.3,42366.6,42260.8,42287.2,2642
20260513,2330,42287.2,42316.7,42263.8,42302.5,1560
20260513,2345,42302.5,42424.7,42258.7,42405.4,3474
20260514,0,42405.4,42408.4,42276.1,42305.6,2634
20260514,15,42307.6,42408.4,42304.6,42401.3,1842
20260514,30,42406.4,42493,42367.8,42480.8,3622
20260514,45,42477.7,42505.2,42433,42474.7,1980
20260514,100,42475.7,42512.3,42447.2,42490,1470
20260514,115,42495.1,42578.5,42495.1,42567.4,1962
20260514,130,42561.3,42612.2,42556.2,42608.1,1398
20260514,145,42612.2,42622.4,42562.3,42583.7,880
20260514,200,42581.7,42589.8,42499.2,42501.2,790
20260514,215,42505.2,42585.7,42492,42585.7,1526
20260514,230,42585.7,42617.3,42576.6,42578.6,816
20260514,245,42576.6,42582.6,42532.8,42532.8,490
20260514,300,42525.6,42543.9,42495.1,42497.1,912
20260514,315,42503.2,42545.9,42503.3,42540.9,314
20260514,330,42539.9,42564.3,42503.3,42507.3,382
20260514,345,42513.4,42528.6,42498.2,42526.6,164
20260514,400,42520.5,42543.9,42468.6,42497.1,836
20260514,415,42494,42525.6,42474.7,42521.5,500
20260514,430,42518.5,42537.8,42512.4,42525.6,134
20260514,445,42526.6,42556.1,42522.6,42540.9,230
20260514,500,42538.9,42548,42528.7,42541.9,352
20260514,900,42737.5,42787.4,42658.1,42787.5,9038
20260514,915,42787.5,43032.9,42782.4,42924,15772
20260514,930,42924,42923.9,42610.2,42752.8,13084
20260514,945,42752.8,42776.2,42546,42574.5,8592
20260514,1000,42580.6,42637.6,42434,42478.8,12116
20260514,1015,42484.9,42592.8,42398.3,42549.1,7990
20260514,1030,42546,42659,42514.5,42518.5,5812
20260514,1045,42518.5,42619.3,42439.1,42484.9,4220
20260514,1100,42484.9,42500.1,42322.9,42379.9,7620
20260514,1115,42380.9,42459.3,42341.3,42455.3,4538
20260514,1130,42452.3,42505.2,42311.7,42453.3,6386
20260514,1145,42453.3,42458.3,42348.4,42436,4556
20260514,1200,42441.1,42478.7,42407.5,42439,3194
20260514,1215,42443.1,42529.6,42340.2,42522.6,5640
20260514,1230,42523.6,42579.6,42484.9,42575.5,3674
20260514,1245,42574.5,42635.6,42571.5,42603,4900
20260514,1300,42604.1,42628.5,42519.6,42534.8,4818
20260514,1315,42537.8,42538.8,42390.2,42395.2,7088
20260514,1330,42393.2,42499.1,42278.1,42499.1,10634
20260514,1345,42495.1,42553.1,42385.1,42385,10618
20260514,1515,42539.9,42598.9,42517.5,42556.2,3176
20260514,1530,42551.1,42618.3,42551.1,42603,1700
20260514,1545,42605.1,42697.7,42591.9,42648.9,2642
20260514,1600,42654,42674.3,42546,42565.4,1438
20260514,1615,42565.4,42634.6,42539.9,42633.6,1804
20260514,1630,42633.6,42681.4,42633.7,42675.4,1444
20260514,1645,42679.5,42707.9,42625.5,42625.5,2018
20260514,1700,42627.5,42681.4,42612.3,42675.4,1312
20260514,1715,42679.5,42690.6,42620.4,42630.6,1428
20260514,1730,42627.5,42633.6,42576.6,42590.8,1036
20260514,1745,42592.9,42622.4,42498.2,42551.1,2440
20260514,1800,42551.1,42639.7,42550.1,42623.4,1226
20260514,1815,42621.4,42746.7,42620.4,42683.5,2638
20260514,1830,42677.4,42719.1,42651,42663.2,1372
20260514,1845,42662.1,42681.4,42633.7,42642.8,652
20260514,1900,42647.9,42714.1,42641.8,42684.6,864
20260514,1915,42688.6,42703.9,42660.2,42688.6,618
20260514,1930,42687.6,42701.8,42641.8,42666.2,474
20260514,1945,42663.2,42686.5,42660.2,42678.4,474
20260514,2000,42678.4,42730.4,42677.5,42695.8,916
20260514,2015,42693.7,42752.8,42693.8,42734.5,1104
20260514,2030,42734.5,42754.8,42701.9,42702.9,820
20260514,2045,42702.9,42703.9,42646.9,42656,1214
20260514,2100,42658.1,42681.4,42596,42630.6,1614
20260514,2115,42627.5,42643.8,42602.1,42627.5,1304
20260514,2130,42630.6,42640.7,42558.3,42564.3,1504
20260514,2145,42565.4,42780.3,42520.6,42741.6,7486
20260514,2200,42742.6,42836.3,42709.1,42748.7,8552
20260514,2215,42741.6,42878.1,42719.2,42861.8,6592
20260514,2230,42861.8,42987.1,42860.9,42956.6,6412
20260514,2245,42958.6,43122.6,42954.6,43090,7378
20260514,2300,43091.1,43117.5,43004.5,43033,4102
20260514,2315,43035,43061.5,42996.4,43054.4,2372
20260514,2330,43055.4,43081.8,43036.1,43053.4,1858
20260514,2345,43053.4,43091,43022.9,43040.1,1546
20260515,0,43044.2,43086.9,43016.7,43072.7,1836
20260515,15,43073.7,43140.9,43070.7,43111.4,2548
20260515,30,43112.5,43139.9,43063.6,43082.9,1460
20260515,45,43078.8,43108.3,43058.5,43072.7,1084
20260515,100,43070.7,43113.4,43043.2,43110.4,1150
20260515,115,43111.4,43174.6,43056.5,43061.5,3112
20260515,130,43061.5,43069.6,42984.1,43040.1,2364
20260515,145,43044.2,43106.3,43033,43093.1,1118
20260515,200,43099.2,43139.9,43099.3,43112.5,938
20260515,215,43111.4,43116.5,43054.4,43086,1126
20260515,230,43091.1,43118.5,43073.8,43091.1,402
20260515,245,43094.1,43129.7,43089.1,43112.5,426
20260515,300,43111.4,43160.3,43101.3,43143,574
20260515,315,43143,43161.3,43134.9,43142,354
20260515,330,43142,43167.4,43129.8,43135.9,330
20260515,345,43131.8,43163.4,43129.8,43146.1,272
20260515,400,43146.1,43156.2,43109.5,43126.7,558
20260515,415,43129.8,43144,43108.4,43138.9,442
20260515,430,43138.9,43138.9,43116.6,43118.6,166
20260515,445,43117.6,43139.9,43114.5,43135.9,202
20260515,500,43132.8,43157.2,43099.3,43156.3,758
20260515,900,43077.8,43162.3,43026.9,43092.1,8472
20260515,915,43092.1,43253,43044.2,43107.4,16482
20260515,930,43111.4,43135.8,42834.4,42870,13734
20260515,945,42870,42926,42739.6,42895.5,12264
20260515,1000,42898.5,42913.7,42427.9,42476.7,17578
20260515,1015,42478.8,42559.2,42388.1,42481.8,13638
20260515,1030,42475.7,42636.6,42447.2,42476.7,9318
20260515,1045,42476.7,42618.3,42415.6,42582.7,7278
20260515,1100,42576.6,42627.5,42464.5,42553.1,7332
20260515,1115,42556.2,42581.6,42430.9,42446.2,5810
20260515,1130,42446.2,42472.6,42332.1,42403.4,8504
20260515,1145,42406.4,42469.5,42200.7,42415.6,12232
20260515,1200,42417.6,42481.8,42385.1,42412.5,8956
20260515,1215,42413.5,42439,42290.3,42377.9,9344
20260515,1230,42377.9,42407.4,42237.3,42244.4,5706
20260515,1245,42243.4,42327.9,42180.3,42184.3,8092
20260515,1300,42180.2,42187.3,41971.4,41995.8,10412
20260515,1315,41998.9,42003.9,41850.2,41954.1,16334
20260515,1330,41954.1,41989.7,41880.8,41972.4,10596
20260515,1345,41970.4,41978.5,41747.3,41783.9,16250
20260515,1515,41928.6,41983.6,41879.7,41969.3,4306
20260515,1530,41969.3,41998.8,41889.9,41925.5,2748
20260515,1545,41928.6,41931.6,41759.5,41774.7,2520
20260515,1600,41771.7,41784.9,41610.8,41626,3250
20260515,1615,41629.1,41642.2,41537.4,41609.7,4294
20260515,1630,41600.5,41600.5,41401.9,41414.1,4128
20260515,1645,41412,41553.6,41361.2,41550.6,3792
20260515,1700,41552.6,41592.3,41453.9,41492.5,2708
20260515,1715,41493.6,41510.8,41435.5,41465,2086
20260515,1730,41465,41468,41340.8,41460.9,3210
20260515,1745,41452.8,41516.9,41428.4,41451.8,2036
20260515,1800,41446.7,41458.9,41360.1,41405.9,2312
20260515,1815,41408,41583.2,41374.4,41563.9,2484
20260515,1830,41567.9,41650.4,41551.7,41571,3382
20260515,1845,41573,41657.5,41514,41574,2694
20260515,1900,41580.2,41744.1,41580.2,41705.5,4920
20260515,1915,41713.6,41747.2,41655.6,41689.2,2366
20260515,1930,41688.1,41704.4,41565.9,41594.4,2308
20260515,1945,41591.4,41603.5,41455.9,41480.3,2486
20260515,2000,41480.3,41567.9,41476.3,41480.3,2230
20260515,2015,41476.2,41479.2,41383.6,41392.7,2362
20260515,2030,41389.6,41471.1,41376.4,41407,2070
20260515,2045,41409,41452.7,41359.1,41414.1,2194
20260515,2100,41413.1,41530.2,41410.1,41509.9,1816
20260515,2115,41506.8,41531.2,41457.9,41487.4,1540
20260515,2130,41487.4,41554.6,41460,41521.1,2090
20260515,2145,41520,41536.3,41318.4,41336.7,7226
20260515,2200,41335.6,41534.3,41209.4,41362.1,9492
20260515,2215,41379.4,41573,41305.1,41550.6,6534
20260515,2230,41550.6,41661.6,41492.6,41526.2,7216
20260515,2245,41517,41612.7,41517,41603.6,3514
20260515,2300,41598.5,41609.6,41471.2,41508.8,2758
20260515,2315,41512.9,41543.4,41435.5,41497.6,2678
20260515,2330,41504.8,41619.8,41496.7,41619.9,2438
20260515,2345,41620.9,41652.4,41457.9,41490.5,3638
20260516,0,41490.5,41495.5,41395.8,41484.4,2854
20260516,15,41485.4,41522,41461,41488.5,1476
20260516,30,41483.4,41546.5,41435.5,41537.4,1578
20260516,45,41537.4,41568.9,41520.1,41568.9,1246
20260516,100,41565.9,41579.1,41473.2,41493.6,1548
20260516,115,41494.6,41554.6,41477.3,41554.7,900
20260516,130,41554.7,41635.1,41513,41606.6,1740
20260516,145,41605.6,41697.3,41600.6,41648.4,1786
20260516,200,41650.5,41700.3,41639.3,41688.1,948
20260516,215,41687.1,41725.8,41679,41679,1336
20260516,230,41680,41689.1,41585.3,41612.8,1106
20260516,245,41614.8,41618.8,41535.4,41611.7,972
20260516,300,41613.8,41652.4,41587.3,41632.1,384
20260516,315,41625,41630,41511.9,41545.5,836
20260516,330,41548.6,41548.5,41499.7,41528.2,436
20260516,345,41529.2,41573,41517,41517,456
20260516,400,41517,41531.2,41413.1,41414.1,1344
20260516,415,41420.2,41427.3,41262.3,41287.7,1932
20260516,430,41288.8,41323.4,41264.4,41295.9,354
20260516,445,41291.8,41320.3,41257.2,41270.4,508
20260516,500,41275.5,41297.9,41266.4,41273.5,472
20260518,900,40956.6,41294.8,40925.1,41270.4,13824
20260518,915,41272.5,41391.6,41026,41042.2,22036
20260518,930,41045.3,41297.9,40999.5,41228.7,14890
20260518,945,41228.7,41327.4,41186.9,41265.3,13962
20260518,1000,41268.4,41447.7,41216.5,41375.4,12764
20260518,1015,41372.3,41477.2,41268.4,41463,10484
20260518,1030,41462,41579.1,41421.3,41561.8,9878
20260518,1045,41558.8,41588.3,41510.9,41527.2,9386
20260518,1100,41524.1,41557.7,41364.2,41384.5,14292
20260518,1115,41396.8,41540.4,41393.8,41431.4,13040
20260518,1130,41431.4,41471.1,41371.3,41450.8,10454
20260518,1145,41450.8,41608.6,41368.3,41564.9,10924
20260518,1200,41564.9,41603.5,41532.3,41538.4,9346
20260518,1215,41541.4,41761.5,41506.8,41719.7,10510
20260518,1230,41719.7,41746.2,41524.2,41537.4,11250
20260518,1245,41537.4,41726.8,41524.2,41712.6,14142
20260518,1300,41710.6,41745.2,41616.9,41680,12110
20260518,1315,41680,41728.8,41616.9,41635.2,12942
20260518,1330,41634.1,41679.9,41579.2,41591.4,17220
20260518,1345,41590.3,41624.9,41543.5,41575.1,12440
20260518,1515,41733,41760.4,41594.5,41606.6,3056
20260518,1530,41612.8,41760.4,41577.1,41756.4,2472
20260518,1545,41757.4,41844,41688.2,41703.4,3046
20260518,1600,41700.4,41813.4,41694.3,41766.6,1670
20260518,1615,41766.6,41876.6,41766.6,41824.7,2124
20260518,1630,41822.6,41895.9,41782.9,41891.9,1974
20260518,1645,41893.9,41916.3,41858.3,41862.4,1522
20260518,1700,41862.4,41940.8,41858.3,41926.6,1506
20260518,1715,41929.6,41949.9,41873.6,41885.8,1502
20260518,1730,41879.7,41922.4,41873.6,41891.9,866
20260518,1745,41893.9,41926.5,41880.8,41917.4,812
20260518,1800,41919.4,41928.5,41850.2,41898,1052
20260518,1815,41897,41909.2,41771.7,41813.5,2142
20260518,1830,41812.4,41841.9,41802.3,41813.5,870
20260518,1845,41815.5,41818.5,41732,41802.3,1378
20260518,1900,41800.2,41834.8,41779.9,41784.9,470
20260518,1915,41786,41799.1,41633.2,41759.5,2240
20260518,1930,41759.5,41820.5,41749.3,41769.7,872
20260518,1945,41769.7,42051.8,41769.7,42007,4540
20260518,2000,42018.2,42025.3,41926.6,41961.2,1646
20260518,2015,41950,41990.7,41932.7,41962.2,802
20260518,2030,41974.4,42000.9,41931.7,41975.5,1120
20260518,2045,41969.3,42155.7,41955.1,42149.7,4146
20260518,2100,42150.7,42214.8,42150.7,42183.3,3588
20260518,2115,42182.3,42209.7,42139.5,42181.3,2652
20260518,2130,42179.2,42230.1,42144.6,42144.6,1946
20260518,2145,42144.6,42159.8,41879.7,41881.7,9140
20260518,2200,41884.8,42041.6,41833.9,41938.8,7454
20260518,2215,41930.6,41939.7,41732,41919.4,6834
20260518,2230,41924.5,41973.4,41763.6,41797.2,3624
20260518,2245,41802.3,41818.5,41562.9,41684.1,7052
20260518,2300,41687.1,41719.7,41558.8,41697.3,4000
20260518,2315,41697.3,41779.8,41588.4,41655.5,6688
20260518,2330,41651.5,41658.6,41478.3,41494.6,4072
20260518,2345,41491.5,41707.5,41481.4,41641.3,3314
20260519,0,41639.2,41676.9,41583.3,41613.8,1310
20260519,15,41622.9,41639.2,41554.7,41639.2,1534
20260519,30,41637.2,41693.2,41428.4,41469.1,3324
20260519,45,41471.1,41519,41406,41441.6,3112
20260519,100,41446.7,41587.2,41415.2,41539.4,2320
20260519,115,41532.3,41591.3,41472.2,41537.4,1456
20260519,130,41534.3,41579.1,41525.2,41574,582
20260519,145,41576.1,41600.5,41505.8,41572,1308
20260519,200,41566.9,41586.2,41523.1,41571,484
20260519,215,41574,41574,41432.5,41432.4,1174
20260519,230,41432.4,41438.5,41286.8,41339.7,1844
20260519,245,41347.9,41413,41324.5,41399.8,888
20260519,300,41399.8,41412,41293.9,41337.7,898
20260519,315,41328.5,41667.7,41313.3,41561.8,5264
20260519,330,41555.7,41595.4,41464.1,41514.9,1034
20260519,345,41511.9,41671.8,41496.7,41651.5,916
20260519,400,41650.5,41729.9,41640.3,41705.5,1324
20260519,415,41704.4,41715.6,41649.5,41678,618
20260519,430,41679,41697.3,41663.7,41685.1,116
20260519,445,41688.1,41693.2,41656.6,41680,254
20260519,500,41680,41687.1,41647.4,41647.4,294
20260519,900,41659.6,41701.3,41431.5,41446.7,8832
20260519,915,41449.7,41674.9,41394.8,41586.3,14702
20260519,930,41586.3,41631,41443.7,41541.4,8880
20260519,945,41541.4,41675.9,41455.9,41629.1,10380
20260519,1000,41629.1,41634.1,41340.8,41346.8,13196
20260519,1015,41349.9,41349.8,41200.2,41252.1,12916
20260519,1030,41251.1,41284.6,41153.3,41160.4,11570
20260519,1045,41160.4,41272.4,41110.5,41263.3,11030
20260519,1100,41261.3,41329.5,41152.3,41185.9,9046
20260519,1115,41188.9,41354.9,41136,41295.9,8742
20260519,1130,41299,41337.6,41233.8,41315.3,8874
20260519,1145,41315.3,41357,41262.3,41292.8,8426
20260519,1200,41292.8,41292.8,41124.8,41162.4,8700
20260519,1215,41160.4,41176.6,41008.6,41062.6,11684
20260519,1230,41062.6,41103.3,41013.7,41090.1,7852
20260519,1245,41099.3,41136.9,41040.2,41062.6,11358
20260519,1300,41061.6,41123.7,41038.2,41052.4,10766
20260519,1315,41052.4,41108.4,40970.9,41058.5,15298
20260519,1330,41058.5,41078.8,40944.5,41078.9,19240
20260519,1345,41074.8,41106.3,40983.2,41005.5,10834
20260519,1515,41108.4,41308.1,41100.3,41149.2,3598
20260519,1530,41156.3,41187.9,41113.6,41180.8,1180
20260519,1545,41186.9,41259.2,41119.7,41233.8,2012
20260519,1600,41228.7,41307.1,41226.7,41230.7,1562
20260519,1615,41235.8,41255.1,41105.4,41130.9,1652
20260519,1630,41133.9,41153.2,41027,41026.9,1586
20260519,1645,41028,41119.6,41024.9,41111.5,804
20260519,1700,41114.6,41127.7,41043.3,41045.3,636
20260519,1715,41043.2,41046.2,40959.7,40988.2,1462
20260519,1730,40983.1,40987.1,40743.7,40778.3,4150
20260519,1745,40780.4,40812.9,40709.1,40770.2,2254
20260519,1800,40771.2,40851.6,40764.1,40824.2,1484
20260519,1815,40824.2,40886.3,40820.2,40874.1,1090
20260519,1830,40868,40872,40824.2,40850.7,488
20260519,1845,40858.8,40928.1,40747.8,40796.7,1916
20260519,1900,40798.7,40912.8,40786.5,40912.8,1258
20260519,1915,40912.8,40959.6,40847.7,40853.7,1406
20260519,1930,40852.7,40867.9,40803.9,40829.3,866
20260519,1945,40829.3,40869,40798.8,40813,614
20260519,2000,40804.8,40812.9,40730.5,40737.6,996
20260519,2015,40732.5,40746.7,40668.4,40727.4,2322
20260519,2030,40731.5,40741.6,40643.9,40688.7,1556
20260519,2045,40686.6,40803.8,40681.6,40772.2,1690
20260519,2100,40779.4,40789.5,40736.6,40751.8,692
20260519,2115,40755.9,40780.3,40623.5,40695.8,2046
20260519,2130,40701.9,40704.9,40582.8,40623.5,2334
20260519,2145,40627.6,40977,40627.6,40818.1,8812
20260519,2200,40812,40949.5,40741.7,40836.4,4744
20260519,2215,40845.6,40849.6,40594,40618.4,6150
20260519,2230,40619.4,40624.4,40482.9,40567.4,5656
20260519,2245,40584.8,40658.1,40550.2,40583.7,3534
20260519,2300,40582.7,40704.9,40515.5,40688.7,3078
20260519,2315,40691.7,40744.7,40636.8,40722.3,2698
20260519,2330,40724.3,40781.3,40642.9,40680.5,3004
20260519,2345,40675.4,40839.4,40668.4,40830.3,2570
20260520,0,40834.4,40872,40784.5,40847.6,2138
20260520,15,40847.6,40929.1,40840.5,40899.6,2814
20260520,30,40900.6,41047.3,40894.5,41045.3,3018
20260520,45,41042.2,41156.3,41037.2,41156.3,2796
20260520,100,41157.3,41184.8,41095.2,41174.7,1644
20260520,115,41169.6,41275.5,41153.3,41259.2,2028
20260520,130,41264.3,41294.8,41197.1,41223.6,1652
20260520,145,41220.5,41262.2,41193,41199.1,986
20260520,200,41199.1,41203.1,41110.5,41187.9,1428
20260520,215,41196.1,41230.6,41191,41195,674
20260520,230,41193,41199.1,41052.5,41071.8,1494
20260520,245,41066.7,41148.1,41054.5,41074.8,728
20260520,300,41068.7,41093.1,40990.3,41016.7,810
20260520,315,41016.7,41116.5,41012.7,41108.4,736
20260520,330,41108.4,41108.4,40925.1,40993.3,764
20260520,345,40997.4,41032,40950.6,40950.5,458
20260520,400,40950.5,40963.7,40752.9,40889.4,1392
20260520,415,40890.4,40934.2,40877.2,40918.9,470
20260520,430,40922,40921.9,40876.2,40886.3,162
20260520,445,40883.3,40888.3,40872.1,40874.1,150
20260520,500,40875.1,40910.7,40863,40895.5,310
20260520,900,40804.8,40930.1,40703,40920,5938
20260520,915,40920,41077.8,40723.4,41043.2,9186
20260520,930,41046.3,41088,40880.3,40883.3,5622
20260520,945,40883.3,41007.5,40769.2,41000.4,6774
20260520,1000,41002.5,41097.2,40955.7,41058.5,4858
20260520,1015,41059.5,41083.9,40964.8,41050.4,3382
20260520,1030,41052.4,41165.4,41007.6,41007.6,4836
20260520,1045,41007.6,41007.5,40834.4,40844.6,4332
20260520,1100,40844.6,40911.8,40810,40815,2546
20260520,1115,40822.1,40866.9,40753.9,40761,2136
20260520,1130,40761,40818,40731.5,40768.2,2660
20260520,1145,40773.2,40788.5,40631.7,40695.8,3992
20260520,1200,40695.8,40817.6,40682.7,40801.4,3150
20260520,1215,40803.5,40944.6,40795.4,40944.7,3604
20260520,1230,40947.7,40954.8,40869.5,40900,2020
20260520,1245,40911.1,40911.1,40728.4,40732.4,3362
20260520,1300,40730.3,40758.7,40644.1,40667.4,4232
20260520,1315,40667.4,40866.4,40666.4,40788.2,5820
20260520,1330,40785.2,40799.4,40682.7,40742.5,6646
20260520,1345,40742.5,40823.7,40733.4,40763.9,9304
20260520,1515,40902,40990.3,40852.3,40974.1,4990
20260520,1530,40976.1,41092.9,40967.1,41042.2,2946
20260520,1545,41043.2,41062.4,41008.7,41048.3,1604
20260520,1600,41041.2,41043.1,40968.1,40976.1,1536
20260520,1615,40979.2,41120.3,40979.2,41098,2298
20260520,1630,41090.9,41129.5,41052.4,41126.5,1194
20260520,1645,41129.5,41185.3,41110.3,41166.1,1952
20260520,1700,41164,41198.5,41121.4,41144.8,1660
20260520,1715,41142.7,41194.5,41105.2,41108.2,1408
20260520,1730,41105.1,41166,41105.2,41153.9,1062
20260520,1745,41155.9,41214.8,41156,41196.6,1382
20260520,1800,41198.6,41272.7,41198.6,41236.2,1972
20260520,1815,41237.2,41283.9,41223,41250.4,1290
20260520,1830,41249.4,41260.5,41213.9,41251.4,738
20260520,1845,41252.4,41286.9,41243.3,41255.5,956
20260520,1900,41257.5,41287.9,41216.9,41232.1,882
20260520,1915,41237.2,41265.6,41226.1,41235.1,560
20260520,1930,41235.1,41259.5,41235.2,41259.5,298
20260520,1945,41259.5,41277.8,41196.6,41217.9,988
20260520,2000,41216.9,41234.1,41176.3,41198.6,1382
20260520,2015,41197.6,41272.7,41191.5,41270.7,914
20260520,2030,41270.7,41331.6,41270.7,41308.3,2196
20260520,2045,41315.4,41334.6,41279.9,41292,1104
20260520,2100,41290,41328.5,41263.6,41271.7,932
20260520,2115,41265.6,41302.1,41263.6,41266.6,670
20260520,2130,41266.6,41291,41209.8,41242.3,1368
20260520,2145,41242.3,41373.2,41232.2,41370.2,5312
20260520,2200,41372.3,41416.9,41292.1,41320.5,4764
20260520,2215,41322.5,41384.4,41218.9,41311.3,4864
20260520,2230,41316.4,41552,41307.3,41508.4,7960
20260520,2245,41517.5,41627.2,41506.4,41556.1,5560
20260520,2300,41559.2,41575.4,41489.1,41526.7,2284
20260520,2315,41524.6,41567.2,41515.5,41531.7,1222
20260520,2330,41527.7,41715.5,41526.7,41562.2,7574
20260520,2345,41555.1,41633.3,41548,41614,1374
20260521,0,41617,41654.6,41585.6,41616,1682
20260521,15,41619.1,41652.5,41598.8,41612,1244
20260521,30,41605.9,41606.8,41463.7,41496.2,2834
20260521,45,41500.2,41572.3,41487.1,41571.3,1594
20260521,100,41568.3,41586.5,41486.1,41539.9,898
20260521,115,41540.9,41576.4,41491.2,41554.1,1198
20260521,130,41563.2,41596.7,41535.8,41580.5,778
20260521,145,41585.6,41615,41555.1,41575.4,608
20260521,200,41575.4,41591.6,41558.2,41591.7,244
20260521,215,41584.5,41638.3,41573.4,41626.2,860
20260521,230,41633.3,41646.5,41597.8,41640.4,1072
20260521,245,41642.4,41742.9,41642.5,41684.1,2198
20260521,300,41679,41696.2,41648.6,41649.6,606
20260521,315,41647.5,41684,41641.5,41668.8,398
20260521,330,41673.9,41704.3,41670.9,41684.1,286
20260521,345,41682.1,41721.6,41669.9,41705.4,310
20260521,400,41706.4,41724.7,41661.8,41700.3,646
20260521,415,41705.4,41707.4,41649.6,41692.2,342
20260521,430,41691.2,41711.5,41543,41703.4,854
20260521,445,41694.2,41703.3,41634.4,41643.5,284
20260521,500,41643.5,41652.5,41609,41633.3,436
20260521,900,41609.9,41800.8,41599.8,41772.5,8510
20260521,915,41771.4,41990.8,41703.4,41982.7,14506
20260521,930,41983.7,42113.7,41954.3,42081.2,9132
20260521,945,42081.2,42138.1,41994.9,42039.6,7000
20260521,1000,42044.7,42130.9,42009.2,42127.9,4962
20260521,1015,42129,42191.9,42096.5,42131,5478
20260521,1030,42134,42198,42116.8,42129,3678
20260521,1045,42122.9,42145.2,42029.5,42134,4740
20260521,1100,42132,42191.9,42084.3,42168.6,3098
20260521,1115,42164.5,42267,42149.3,42246.8,5094
20260521,1130,42246.8,42299.5,42159.5,42277.3,4560
20260521,1145,42277.3,42309.7,42239.7,42300.6,3660
20260521,1200,42298.6,42310.7,42222.5,42240.7,2702
20260521,1215,42235.6,42319.9,42230.6,42287.4,2302
20260521,1230,42284.4,42317.8,42275.3,42287.4,1540
20260521,1245,42286.4,42293.5,42265.1,42288.4,1270
20260521,1300,42288.4,42313.8,42251.9,42301.6,2080
20260521,1315,42298.6,42305.6,42216.4,42218.3,3166
20260521,1330,42218.3,42271.1,42179.8,42208.2,6024
20260521,1345,42209.2,42232.5,42109.7,42123.9,15170
20260521,1515,41961.4,41995.9,41851.7,41957.3,6834
20260521,1530,41954.3,42044.6,41919.8,42010.1,3046
20260521,1545,42011.1,42100.5,42008.1,42075.1,2162
20260521,1600,42074.1,42114.7,42066,42098.5,1166
20260521,1615,42097.5,42248.8,42076.2,42248.8,3200
20260521,1630,42245.8,42296.5,42139.2,42205.1,3854
20260521,1645,42208.2,42212.2,42136.1,42151.3,1234
20260521,1700,42154.4,42157.3,42101.6,42133,1070
20260521,1715,42133,42216.3,42127,42200.1,1666
20260521,1730,42203.1,42248.8,42187.9,42238.7,888
20260521,1745,42237.6,42254.9,42139.2,42152.3,1116
20260521,1800,42154.4,42206.1,42147.3,42202.1,506
20260521,1815,42202.1,42224.4,42193,42215.3,602
20260521,1830,42214.3,42223.4,41921.8,41991.8,4928
20260521,1845,42003,42049.7,41901.5,41987.8,4518
20260521,1900,41989.8,41990.8,41896.4,41955.3,2470
20260521,1915,41951.2,42011.1,41918.8,41999,1642
20260521,1930,41999,42083.2,41997,42039.6,2296
20260521,1945,42039.6,42054.8,41983.8,42013.2,874
20260521,2000,42009.1,42033.4,41971.6,41988.8,742
20260521,2015,41990.8,42025.3,41973.6,41987.8,528
20260521,2030,41986.8,42009.1,41942.1,41976.6,980
20260521,2045,41973.6,42076.1,41953.3,42023.3,2702
20260521,2100,42011.1,42036.5,41946.2,41968.5,1536
20260521,2115,41963.4,42024.3,41953.3,41988.8,934
20260521,2130,41980.7,42012.1,41953.3,42012.2,942
20260521,2145,42017.2,42105.5,41955.3,42073.1,5666
20260521,2200,42070,42308.7,42043.7,42235.6,9348
20260521,2215,42232.6,42276.2,42151.4,42175.7,4870
20260521,2230,42176.7,42200,41988.8,42073.1,5856
20260521,2245,42069,42155.3,42051.8,42115.8,2738
20260521,2300,42115.8,42130.9,42026.4,42104.6,2026
20260521,2315,42108.6,42143.1,41985.8,42106.6,3738
20260521,2330,42104.6,42140.1,42091.4,42099.5,1522
20260521,2345,42103.6,42139.1,42033.5,42124.9,1530
20260522,0,42126.9,42171.6,42127,42130,1308
20260522,15,42133,42183.8,42127,42144.2,1536
20260522,30,42144.2,42151.3,42082.3,42126.9,1032
20260522,45,42122.9,42161.4,42113.8,42127.9,570
20260522,100,42131,42142.1,42090.4,42130,632
20260522,115,42132,42278.2,42132.1,42231.5,3626
20260522,130,42238.7,42495.6,42235.7,42446.9,6090
20260522,145,42445.9,42537.2,42420.5,42528.1,2204
20260522,200,42530.2,42628.6,42501.8,42578.9,2246
20260522,215,42578.9,42621.5,42530.2,42535.2,2164
20260522,230,42541.3,42542.3,42479.4,42528.1,1102
20260522,245,42525.1,42540.3,42497.7,42527.1,500
20260522,300,42526.1,42533.2,42209.2,42297.6,5356
20260522,315,42299.6,42400.1,42288.5,42396.1,1642
20260522,330,42404.2,42435.6,42380.9,42410.3,800
20260522,345,42413.4,42431.6,42370.7,42377.8,614
20260522,400,42379.8,42427.5,42346.4,42393,1410
20260522,415,42399.1,42430.6,42354.5,42399.1,460
20260522,430,42399.1,42400.1,42373.8,42384.9,152
20260522,445,42390,42421.4,42386,42400.1,226
20260522,500,42401.2,42447.8,42399.2,42446.9,414
20260522,900,42858.2,42916.1,42547.5,42573.8,14486
20260522,915,42572.8,42688.6,42445.9,42632.7,13522
20260522,930,42628.7,42702.8,42577.9,42602.3,7470
20260522,945,42602.3,42732.2,42557.6,42702.8,7722
20260522,1000,42704.9,42776.9,42673.4,42753.6,5574
20260522,1015,42751.6,42761.7,42630.8,42717,3566
20260522,1030,42714,42789.1,42711,42733.3,3934
20260522,1045,42729.2,42798.3,42719.1,42754.6,2710
20260522,1100,42753.6,42810.4,42696.8,42709.9,2940
20260522,1115,42709.9,42730.2,42515,42623.6,5658
20260522,1130,42623.6,42727.2,42571.9,42722.1,3546
20260522,1145,42722.1,42857.2,42716.1,42846,4642
20260522,1200,42842,42861.2,42817.6,42845,2034
20260522,1215,42844,43027.8,42844.1,43027.8,6720
20260522,1230,43027.8,43059.3,42976.1,42993.3,4356
20260522,1245,42994.3,43065.4,42969,43059.3,3776
20260522,1300,43054.3,43121.2,43015.7,43104,4116
20260522,1315,43101,43123.3,43082.7,43110.1,2402
20260522,1330,43104,43131.4,43069.5,43101,4812
20260522,1345,43103,43169,43086.8,43108.1,11160
20260522,1515,43077.6,43093.8,43015.7,43053.2,3138
20260522,1530,43060.4,43210.6,43059.4,43191.4,2406
20260522,1545,43188.3,43196.4,43078.7,43135.5,1580
20260522,1600,43128.4,43158.8,43110.2,43154.8,650
20260522,1615,43156.8,43182.2,43123.4,43139.6,964
20260522,1630,43152.8,43247.2,43152.8,43213.7,2220
20260522,1645,43215.8,43221.8,43092.9,43145.7,2120
20260522,1700,43146.7,43169,43087.8,43096.9,1032
20260522,1715,43094.9,43095.8,43026.9,43045.1,2114
20260522,1730,43043.1,43088.7,43017.7,43061.4,1752
20260522,1745,43061.4,43121.2,43038.1,43121.3,1158
20260522,1800,43121.3,43138.5,43101,43107.1,770
20260522,1815,43106.1,43111.1,43058.4,43065.4,700
20260522,1830,43061.4,43086.7,43026.9,43032.9,914
20260522,1845,43032.9,43051.2,42994.4,43015.7,1720
20260522,1900,43014.6,43041,42994.4,43009.6,682
20260522,1915,43018.7,43057.3,43003.5,43013.6,738
20260522,1930,43017.7,43035.9,43000.5,43010.6,512
20260522,1945,43007.5,43075.5,43002.5,43072.5,834
20260522,2000,43069.5,43110.1,43063.4,43077.6,1188
20260522,2015,43080.7,43182.2,43045.2,43156.8,2594
20260522,2030,43156.8,43191.3,43105.1,43132.5,1670
20260522,2045,43133.5,43161.9,43124.4,43152.8,586
20260522,2100,43153.8,43204.5,43152.8,43200.5,928
20260522,2115,43203.6,43238,43147.8,43196.5,2148
20260522,2130,43198.5,43207.6,43143.7,43194.4,1050
20260522,2145,43186.3,43291.9,43123.4,43188.3,6516
20260522,2200,43192.4,43251.3,43141.7,43245.2,2504
20260522,2215,43245.2,43246.2,43131.5,43168,2902
20260522,2230,43166,43200.5,43075.6,43154.8,2478
20260522,2245,43156.8,43252.3,43140.6,43223.9,2946
20260522,2300,43229,43248.2,43194.5,43227.9,1542
20260522,2315,43231,43288.8,43219.9,43275.7,2214
20260522,2330,43276.7,43342.7,43274.7,43340.7,2742
20260522,2345,43343.7,43390.4,43334.6,43373.2,2826
20260523,0,43372.2,43373.1,43330.6,43347.8,1172
20260523,15,43345.8,43368.1,43320.4,43354.9,898
20260523,30,43352.9,43371.1,43314.3,43371.2,1124
20260523,45,43371.2,43409.7,43344.8,43348.8,1206
20260523,100,43352.9,43382.3,43347.8,43378.3,662
20260523,115,43380.3,43431,43380.3,43407.7,1206
20260523,130,43411.8,43465.6,43333.6,43455.5,2624
20260523,145,43461.5,43488.9,43414.9,43429,1518
20260523,200,43426,43451.3,43415.9,43440.2,754
20260523,215,43445.3,43451.3,43395.6,43417.9,930
20260523,230,43412.8,43428,43398.6,43404.7,372
20260523,245,43403.7,43412.7,43352.9,43401.6,810
20260523,300,43401.6,43403.6,43364.1,43380.3,402
20260523,315,43381.3,43389.4,43306.2,43320.4,1316
20260523,330,43324.4,43324.4,43256.4,43266.5,1202
20260523,345,43267.6,43295.9,43248.3,43260.4,664
20260523,400,43259.4,43259.4,43179.2,43199.5,1304
20260523,415,43211.7,43242.1,43192.4,43238.1,540
20260523,430,43240.1,43257.3,43234.1,43243.2,280
20260523,445,43241.1,43246.2,43200.6,43221.8,506
20260523,500,43223.9,43303.1,43216.8,43303.1,518
20260525,900,43872.9,44018.1,43679,43992.8,13346
20260525,915,43998.9,44429.5,43998.9,44381.8,15948
20260525,930,44382.8,44583.8,44365.6,44562.6,10428
20260525,945,44567.6,44698.6,44536.2,44654,9372
20260525,1000,44647.9,44729.1,44592.1,44664.1,5136
20260525,1015,44665.1,44741.3,44606.3,44628.6,5456
20260525,1030,44624.5,44638.7,44392,44520.9,8326
20260525,1045,44527,44578.8,44457,44527,3198
20260525,1100,44528,44541.2,44440.7,44475.2,2492
20260525,1115,44478.3,44532,44414.3,44442.7,3170
20260525,1130,44440.7,44463,44385.9,44404.1,3344
20260525,1145,44406.1,44464,44385.9,44389.9,2336
20260525,1200,44388.9,44428.4,44326,44406.1,3986
20260525,1215,44403.1,44484.3,44403.1,44465.1,2718
20260525,1230,44468.1,44520.9,44456,44481.3,2086
20260525,1245,44477.2,44479.2,44425.5,44461,2086
20260525,1300,44454.9,44503.6,44431.6,44467.1,2276
20260525,1315,44466.1,44490.4,44406.2,44418.3,3608
20260525,1330,44418.3,44546.3,44410.3,44546.3,5500
20260525,1345,44546.3,44612.3,44475.3,44565.6,11804
20260525,1515,44558.5,44642.8,44516.9,44564.6,3276
20260525,1530,44562.6,44596,44493.5,44570.7,1992
20260525,1545,44571.7,44656,44568.7,44612.3,2310
20260525,1600,44614.4,44666.1,44603.2,44655,898
20260525,1615,44658,44659,44601.2,44609.3,846
20260525,1630,44609.3,44624.5,44597.1,44609.3,496
20260525,1645,44607.3,44641.7,44604.3,44615.4,606
20260525,1700,44615.4,44633.6,44615.4,44627.6,310
20260525,1715,44625.5,44678.3,44623.6,44659.1,1128
20260525,1730,44658,44667.1,44636.8,44650.9,408
20260525,1745,44654,44686.4,44653,44678.4,644
20260525,1800,44675.3,44675.3,44643.9,44648.9,292
20260525,1815,44654,44660,44646.9,44655,194
20260525,1830,44660.1,44676.3,44651,44656,316
20260525,1845,44655,44698.6,44648.9,44697.6,642
20260525,1900,44698.7,44728.1,44690.6,44708.8,990
20260525,1915,44707.8,44740.3,44689.6,44730.2,902
20260525,1930,44730.2,44775.8,44727.2,44751.5,1778
20260525,1945,44755.5,44783.9,44751.5,44780.9,654
20260525,2000,44782,44840.8,44776.9,44819.5,2122
20260525,2015,44820.5,44822.5,44774.9,44782,1134
20260525,2030,44776.9,44816.4,44759.7,44800.2,1130
20260525,2045,44799.2,44799.2,44777.9,44798.2,388
20260525,2100,44798.2,44808.3,44751.5,44751.5,1076
20260525,2115,44749.4,44811.4,44741.4,44797.2,890
20260525,2130,44795.2,44795.1,44766.8,44779.9,588
20260525,2145,44776.9,44794.1,44751.5,44764.7,1104
20260525,2200,44772.8,44870.3,44770.8,44856.1,1838
20260525,2215,44858.1,44962.7,44858.2,44948.5,2718
20260525,2230,44948.5,44998.2,44918.1,44927.2,2448
20260525,2245,44927.2,44935.3,44907.9,44922.1,1290
20260525,2300,44914,44961.7,44910,44947.5,844
20260525,2315,44946.5,45045,44927.2,45015.6,2714
20260525,2330,45021.7,45039.9,44998.3,45010.5,1416
20260525,2345,45007.4,45013.5,44975,44997.3,738
20260526,0,45000.3,45007.4,44979,44985.1,506
20260526,15,44991.2,45017.5,44979,45006.4,696
20260526,30,45007.4,45017.5,44997.3,45002.4,346
20260526,45,45001.3,45022.6,44998.3,45020.6,296
20260526,100,45021.7,45075.4,45017.6,45065.3,1462
20260526,115,45068.4,45095.8,45059.3,45067.4,774
20260526,130,45067.4,45067.3,44993.3,45033.8,786
20260526,145,45034.9,45034.8,45012.6,45013.5,270
20260526,200,45014.5,45023.6,44977,44986.1,446
20260526,215,44988.1,45039.9,44981.1,45033.8,324
20260526,230,45036.9,45038.9,45025.8,45026.7,132
20260526,245,45026.7,45027.7,45015.6,45027.7,80
20260526,300,45030.8,45051.1,45030.8,45048.1,156
20260526,315,45048.1,45048,45025.8,45034.9,192
20260526,330,45026.7,45033.8,45011.5,45021.7,142
20260526,345,45027.7,45035.8,45026.8,45032.8,58
20260526,400,45033.8,45046,45033.9,45044,74
20260526,415,45046,45073.4,45036.9,45063.3,260
20260526,430,45062.3,45070.4,45053.2,45067.4,64
20260526,445,45066.3,45071.4,45048.1,45055.2,218
20260526,500,45054.2,45085.6,45027.8,45085.6,454
20260526,900,44968.8,44974.9,44692.6,44851,13052
20260526,915,44850,44956.6,44551.4,44689.5,16310
20260526,930,44688.5,44736.2,44579.9,44616.4,7218
20260526,945,44623.5,44700.6,44303.6,44499.6,13946
20260526,1000,44496.5,44646.8,44483.4,44517.9,9030
20260526,1015,44522.9,44587.9,44464.1,44498.6,4836
20260526,1030,44499.6,44585.9,44427.5,44579.8,4486
20260526,1045,44578.8,44644.8,44507.8,44525,5030
20260526,1100,44524,44525.9,44452.9,44497.6,3178
20260526,1115,44502.6,44506.6,44416.4,44430.5,3000
20260526,1130,44429.5,44541.2,44417.4,44515.8,2398
20260526,1145,44512.8,44563.5,44448.9,44448.8,2536
20260526,1200,44448.8,44497.5,44381.8,44486.4,3780
20260526,1215,44484.4,44497.5,44405.2,44496.5,2156
20260526,1230,44497.6,44521.9,44474.2,44479.3,1814
20260526,1245,44477.2,44540.2,44445.8,44509.7,3540
20260526,1300,44506.7,44546.3,44469.2,44524,2478
20260526,1315,44522.9,44532,44463.1,44514.8,2604
20260526,1330,44514.8,44519.9,44452.9,44497.6,4520
20260526,1345,44498.6,44582.8,44495.6,44581.9,6858
20260526,1515,44636.7,44683.4,44547.4,44607.3,2910
20260526,1530,44609.3,44612.3,44543.3,44558.5,1166
20260526,1545,44557.5,44583.8,44474.2,44579.8,1814
20260526,1600,44582.9,44616.3,44562.6,44605.2,1016
20260526,1615,44607.3,44645.8,44576.8,44613.3,1028
20260526,1630,44613.3,44654.9,44600.2,44650.9,976
20260526,1645,44646.9,44673.2,44618.5,44664.1,874
20260526,1700,44662.1,44748.4,44633.7,44725.1,2228
20260526,1715,44725.1,44744.3,44647.9,44649.9,1456
20260526,1730,44649.9,44745.3,44638.8,44743.4,1734
20260526,1745,44746.4,44768.7,44731.2,44741.3,1078
20260526,1800,44743.4,44777.8,44730.2,44764.7,646
20260526,1815,44764.7,44813.4,44746.5,44812.4,848
20260526,1830,44814.5,44869.3,44802.3,44854.1,1728
20260526,1845,44853.1,44889.6,44832.8,44838.8,1440
20260526,1900,44839.8,44857.1,44803.3,44804.3,1024
20260526,1915,44805.3,44833.7,44799.3,44799.2,568
20260526,1930,44798.2,44845.9,44798.3,44839.8,660
20260526,1945,44837.8,44861.1,44744.4,44813.4,2482
20260526,2000,44810.4,44842.8,44804.3,44819.5,562
20260526,2015,44818.5,44833.7,44771.8,44817.5,992
20260526,2030,44815.5,44853,44804.3,44842.9,920
20260526,2045,44848,44886.5,44836.8,44866.3,836
20260526,2100,44865.2,44881.4,44861.2,44862.2,454
20260526,2115,44860.2,44866.2,44820.6,44843.9,840
20260526,2130,44848,44870.3,44825.7,44854.1,722
20260526,2145,44851,45126.2,44830.8,45115.1,8594
20260526,2200,45117.1,45198.3,45056.2,45095.8,7494
20260526,2215,45095.8,45131.3,44949.6,45080.6,4940
20260526,2230,45082.6,45181.1,45051.2,45128.3,3726
20260526,2245,45130.3,45193.3,45117.2,45129.3,2618
20260526,2300,45127.3,45153.6,45060.3,45076.5,2790
20260526,2315,45076.5,45095.8,45004.4,45084.6,2856
20260526,2330,45083.6,45085.6,45001.4,45042,1930
20260526,2345,45038.9,45061.2,44987.2,45017.6,2082
20260527,0,45018.6,45048,44915.1,44986.1,3150
20260527,15,44987.1,45082.5,44987.2,45001.3,2206
20260527,30,44999.3,45055.1,44986.2,45055.2,1090
20260527,45,45054.2,45075.4,45018.7,45023.7,778
20260527,100,45019.6,45052.1,45006.5,45047,582
20260527,115,45041,45129.3,45036.9,45121.2,1436
20260527,130,45120.2,45132.3,45073.5,45101.9,730
20260527,145,45097.8,45122.2,45083.7,45092.8,476
20260527,200,45092.8,45139.4,45091.8,45122.2,606
20260527,215,45122.2,45161.8,45108,45141.5,864
20260527,230,45141.5,45162.8,45137.5,45142.5,362
20260527,245,45140.5,45160.8,45127.3,45129.3,272
20260527,300,45132.4,45149.6,45112.1,45112.1,468
20260527,315,45119.2,45146.5,45108,45142.5,638
20260527,330,45137.4,45160.8,45135.5,45144.6,320
20260527,345,45144.6,45180.1,45144.6,45169.9,774
20260527,400,45166.9,45185.1,45138.5,45150.6,658
20260527,415,45149.6,45153.6,45129.4,45143.5,338
20260527,430,45142.5,45149.6,45128.4,45128.3,156
20260527,445,45132.4,45137.4,45128.4,45133.4,136
20260527,500,45129.3,45150.6,45125.3,45135.4,440
20260527,900,45188.2,45401.5,45110.1,45398.5,11032
20260527,915,45393.4,45711.3,45386.3,45692,16498
20260527,930,45692,45858.5,45480.8,45677.8,15762
20260527,945,45679.8,45680.8,45358.9,45512.2,11918
20260527,1000,45513.3,45544.7,45379.2,45381.2,6004
20260527,1015,45380.2,45694,45379.2,45652.4,7644
20260527,1030,45658.5,45758,45621,45685.9,4716
20260527,1045,45690,45831.1,45686,45827.1,5278
20260527,1100,45829.1,46009.9,45808.9,45892.1,8510
20260527,1115,45891.1,45899.2,45792.6,45838.3,4008
20260527,1130,45834.2,45890,45766.2,45807.8,3696
20260527,1145,45806.8,45828.1,45718.5,45754,3466
20260527,1200,45756,45764.1,45621,45651.4,4892
20260527,1215,45651.4,45692,45506.2,45506.1,5122
20260527,1230,45505.1,45510.2,45066.4,45078.5,16622
20260527,1245,45075.5,45353.7,45031.9,45294.9,10588
20260527,1300,45296.9,45403.5,45242.1,45325.3,5646
20260527,1315,45332.5,45468.5,45263.4,45441.1,9244
20260527,1330,45439.1,45444.1,45339.6,45397.5,7280
20260527,1345,45397.5,45521.3,45369.1,45501.1,9838
20260527,1515,45362.9,45506.1,45306.1,45503.1,3964
20260527,1530,45504.1,45558.9,45472.7,45505.1,1710
20260527,1545,45505.1,45531.5,45439.2,45464.5,1072
20260527,1600,45472.6,45512.2,45399.5,45504.1,1670
20260527,1615,45501.1,45556.9,45443.2,45536.6,1456
20260527,1630,45533.6,45666.6,45525.5,45649.4,2778
20260527,1645,45651.4,45661.5,45610.8,45637.2,1016
20260527,1700,45635.1,45692,45623,45678.8,1444
20260527,1715,45677.8,45702.1,45614.9,45668.7,1848
20260527,1730,45670.7,45745.8,45648.4,45728.6,1742
20260527,1745,45728.6,45795.6,45700.2,45779.4,2278
20260527,1800,45780.4,45858.5,45757.1,45837.3,1876
20260527,1815,45836.2,45954,45836.3,45951,3214
20260527,1830,45950,45960.1,45860.7,45860.6,2588
20260527,1845,45860.6,45887,45810.9,45883,1796
20260527,1900,45879.9,45938.8,45877.9,45904.3,1766
20260527,1915,45907.3,46044.4,45907.4,46036.3,3902
20260527,1930,46037.3,46127.7,45972.4,46098.3,4064
20260527,1945,46097.3,46128.7,46069.9,46111.5,1640
20260527,2000,46112.5,46191.7,46110.5,46151.1,2302
20260527,2015,46151.1,46197.8,46118.7,46157.2,2090
20260527,2030,46155.2,46348.1,46101.4,46278.1,6538
20260527,2045,46277.1,46326.8,46228.4,46252.7,1804
20260527,2100,46254.7,46260.8,46154.2,46173.5,2200
20260527,2115,46169.4,46248.6,46162.3,46200.9,1656
20260527,2130,46207,46236.4,46128.8,46144,2020
20260527,2145,46147,46202.9,45815,45814.9,11176
20260527,2200,45823,46108.4,45776.4,46070.9,10274
20260527,2215,46072.9,46100.3,45858.6,45869.8,5758
20260527,2230,45866.7,45963.2,45536.7,45620.9,11518
20260527,2245,45615.8,45757,45508.2,45660.5,8886
20260527,2300,45670.7,45798.6,45608.8,45614.8,5306
20260527,2315,45615.8,45728.5,45551.9,45675.8,3740
20260527,2330,45670.7,45671.6,45442.2,45618.9,5666
20260527,2345,45627,45698.1,45481.8,45486.8,3896
20260528,0,45483.8,45587.3,45419.9,45581.3,4176
20260528,15,45583.3,45771.2,45552.9,45744.8,4036
20260528,30,45746.9,45760,45680.9,45721.5,2106
20260528,45,45722.5,45845.3,45696.1,45841.3,2894
20260528,100,45845.4,45882.9,45730.7,45755,2692
20260528,115,45762.1,45766.1,45564.1,45644.3,2568
20260528,130,45649.4,45742.7,45644.3,45716.4,1242
20260528,145,45726.5,45783.4,45706.3,45709.3,1046
20260528,200,45712.3,45808.8,45704.3,45759,1068
20260528,215,45754,45826,45747.9,45818,750
20260528,230,45822,45859.6,45820,45851.5,714
20260528,245,45853.5,45895.1,45815,45881.9,894
20260528,300,45878.9,45905.3,45841.4,45899.2,624
20260528,315,45901.2,45943.9,45887.1,45931.7,904
20260528,330,45932.7,45959.1,45884,45898.2,678
20260528,345,45900.2,45998.7,45900.3,45981.5,1094
20260528,400,45980.5,45982.5,45816,45839.3,1574
20260528,415,45846.4,45871.7,45809.9,45870.8,658
20260528,430,45878.9,45905.3,45867.8,45867.7,406
20260528,445,45874.8,45937.8,45870.8,45930.7,314
20260528,500,45923.6,45953,45886.1,45949,616
20260528,900,45883,45949.9,45524.5,45765.1,11450
20260528,915,45759,45876.8,45615.9,45872.8,9570
20260528,930,45869.8,45873.8,45638.2,45668.7,7946
20260528,945,45677.8,45766.1,45618.9,45705.2,5580
20260528,1000,45696.1,46037.3,45633.2,46015,9944
20260528,1015,46014,46059.6,45654.5,45664.6,8410
20260528,1030,45665.6,45706.2,45497.1,45497,6884
20260528,1045,45497,45612.7,45497.1,45517.3,4746
20260528,1100,45521.4,45694,45509.2,45589.4,4614
20260528,1115,45584.4,45655.4,45537.7,45560,2970
20260528,1130,45556.9,45584.3,45130.4,45130.3,11698
20260528,1145,45130.3,45148.6,44140.1,44487.4,38784
20260528,1200,44487.4,44798.2,44452.9,44550.4,12440
20260528,1215,44542.2,44737.2,44374.7,44424.4,11040
20260528,1230,44423.4,44485.3,44345.3,44485.4,5988
20260528,1245,44477.2,44607.2,44437.7,44469.1,5690
20260528,1300,44474.2,44476.2,44265,44364.5,6560
20260528,1315,44364.5,44558.4,44172.6,44493.5,9770
20260528,1330,44497.6,44565.6,44309.7,44565.6,9068
20260528,1345,44563.6,44605.2,44473.2,44530.1,12848
20260528,1515,44654,44838.8,44635.7,44775.9,6028
20260528,1530,44771.8,44784.9,44708.9,44761.6,1686
20260528,1545,44767.7,44830.7,44738.3,44820.5,1904
20260528,1600,44821.6,44834.7,44710.9,44807.3,1944
20260528,1615,44813.4,44896.7,44784,44851,2822
20260528,1630,44852,44885.5,44775.9,44818.5,1902
20260528,1645,44823.6,44891.6,44819.6,44857.1,1730
20260528,1700,44858.1,44924.1,44828.7,44918.1,1634
20260528,1715,44916,44978.9,44848,44872.3,3376
20260528,1730,44883.5,44940.4,44863.3,44885.6,1338
20260528,1745,44886.6,44886.5,44739.3,44782,2522
20260528,1800,44778.9,44934.3,44770.8,44934.3,1642
20260528,1815,44932.3,44932.2,44832.8,44832.7,1450
20260528,1830,44831.7,44881.4,44784,44875.4,1458
20260528,1845,44870.3,44887.5,44785,44792.1,1172
20260528,1900,44792.1,44839.8,44686.5,44753.5,3042
20260528,1915,44764.7,44838.8,44731.2,44747.4,1904
20260528,1930,44743.4,44843.9,44736.3,44811.4,1304
20260528,1945,44806.3,44940.4,44802.3,44938.4,2078
20260528,2000,44938.4,44962.7,44874.4,44891.6,1396
20260528,2015,44886.6,44944.4,44857.2,44938.4,906
20260528,2030,44934.3,44937.3,44862.2,44912,720
20260528,2045,44909.9,45084.6,44906.9,45079.6,3672
20260528,2100,45078.5,45155.7,45045.1,45139.5,3234
20260528,2115,45135.4,45192.2,45079.6,45080.6,2760
20260528,2130,45084.6,45168.9,45080.6,45164.9,1238
20260528,2145,45164.9,45268.4,44995.3,45008.5,8070
20260528,2200,45012.5,45095.8,44920.1,45058.2,4908
20260528,2215,45058.2,45405.5,44999.4,45395.4,10170
20260528,2230,45399.5,45442.1,45221.8,45356.8,8498
20260528,2245,45360.9,45401.5,45276.6,45374.1,4054
20260528,2300,45373.1,45401.5,45283.8,45392.4,4000
20260528,2315,45393.4,45473.6,45384.3,45433,3414
20260528,2330,45432,45542.7,45389.4,45524.4,3250
20260528,2345,45528.5,45533.5,45437.1,45450.3,2366
20260529,0,45446.2,45495.9,45418.8,45484.8,1428
20260529,15,45484.8,45532.5,45451.3,45514.3,1452
20260529,30,45513.3,45598.5,45503.1,45562,2088
20260529,45,45568.1,45583.3,45528.5,45571.1,824
20260529,100,45572.2,45579.2,45506.2,45564,970
20260529,115,45565.1,45580.2,45508.2,45518.3,678
20260529,130,45517.3,45530.5,45442.2,45453.3,1152
20260529,145,45454.3,45511.2,45419.9,45503.1,936
20260529,200,45500,45555.9,45500.1,45528.5,824
20260529,215,45531.5,45576.2,45488.9,45496,874
20260529,230,45498,45541.6,45481.8,45504.1,984
20260529,245,45498,45513.2,45403.6,45427.9,1230
20260529,300,45425.9,45466.5,45367,45417.8,1070
20260529,315,45415.7,45473.6,45399.5,45414.7,462
20260529,330,45413.7,45442.1,45403.6,45431,338
20260529,345,45435,45478.7,45435.1,45440.1,292
20260529,400,45438.1,45461.4,45411.7,45430,544
20260529,415,45424.9,45474.6,45420.9,45469.6,484
20260529,430,45468.6,45501,45464.5,45496,372
20260529,445,45492.9,45495.9,45470.6,45482.8,106
20260529,500,45476.7,45505.1,45474.7,45491.9,382
20260529,900,45355.8,45589.4,45355.9,45579.3,10418
20260529,915,45583.3,45685.9,45362,45540.7,13484
20260529,930,45538.6,45661.5,45432,45521.4,8210
20260529,945,45518.3,45812.8,45491,45811.9,9820
20260529,1000,45808.8,45865.6,45559,45772.3,10068
20260529,1015,45773.3,45887,45735.7,45873.8,6368
20260529,1030,45871.8,45949.9,45716.4,45750.9,8016
20260529,1045,45744.8,45835.2,45732.7,45769.2,3132
20260529,1100,45769.2,45825,45742.8,45753,2664
20260529,1115,45753,45906.3,45753,45849.4,4344
20260529,1130,45847.4,45906.3,45837.3,45873.8,2132
20260529,1145,45868.7,45919.5,45834.3,45904.3,2792
20260529,1200,45903.3,46000.7,45890.1,45969.3,4286
20260529,1215,45967.3,46016,45955.1,46016,3536
20260529,1230,46014,46045.4,45985.6,46012,3012
20260529,1245,46010.9,46140.9,45996.8,46084.1,5158
20260529,1300,46090.2,46104.3,46005.9,46103.4,3906
20260529,1315,46101.3,46184.6,46064.8,46081,5818
20260529,1330,46085.1,46127.7,46026.2,46038.4,8586
20260529,1345,46036.3,46064.7,45909.4,45995.7,16842
20260529,1515,46074.9,46160.2,46030.3,46115.6,3500
20260529,1530,46113.5,46123.6,46019.1,46019.1,1876
20260529,1545,46019.1,46057.6,45961.2,46023.1,2016
20260529,1600,46019.1,46049.5,46012,46016,882
20260529,1615,46018.1,46084,46003.9,46054.6,1546
20260529,1630,46060.7,46100.3,46021.1,46054.6,964
20260529,1645,46055.6,46083,46044.5,46049.5,534
20260529,1700,46054.6,46071.8,46016.1,46061.7,710
20260529,1715,46064.8,46264.8,46060.8,46264.9,3186
20260529,1730,46265.9,46307.5,46222.3,46298.4,2620
20260529,1745,46299.4,46306.5,46239.5,46257.8,2008
20260529,1800,46258.8,46272.9,46193.8,46198.8,1794
20260529,1815,46197.8,46198.8,45913.5,46068.8,5858
20260529,1830,46065.8,46081,46014,46069.9,1280
20260529,1845,46068.8,46107.4,46019.1,46094.2,1150
20260529,1900,46094.2,46148,46092.2,46120.6,1122
20260529,1915,46118.6,46193.7,46116.6,46180.6,1352
20260529,1930,46176.5,46210,46136.9,46138.9,1086
20260529,1945,46136.9,46151.1,46062.8,46135.9,1654
20260529,2000,46134.9,46179.5,46054.7,46167.4,1510
20260529,2015,46167.4,46177.5,46039.4,46058.7,1252
20260529,2030,46055.6,46110.4,46038.4,46110.5,730
20260529,2045,46110.5,46122.6,46022.2,46083.1,1200
20260529,2100,46083.1,46129.7,46047.6,46126.7,828
20260529,2115,46129.8,46151.1,46085.1,46085.1,818
20260529,2130,46087.1,46116.5,46038.4,46113.5,1186
20260529,2145,46110.5,46139.9,45961.2,46077,5442
20260529,2200,46080,46192.7,46046.5,46125.7,3312
20260529,2215,46133.8,46160.2,45969.3,46010.9,4090
20260529,2230,46010.9,46021,45757.1,45843.4,7548
20260529,2245,45849.4,45899.2,45576.3,45582.3,8000
20260529,2300,45584.4,45888,45562.1,45795.6,7244
20260529,2315,45797.6,45901.2,45746.9,45898.2,3956
20260529,2330,45883,45889,45718.5,45721.5,3520
20260529,2345,45730.6,45815.9,45716.4,45765.1,2698
20260530,0,45766.2,45795.6,45717.5,45756,1644
20260530,15,45763.1,45860.6,45746.9,45831.2,2054
20260530,30,45825.1,45854.5,45777.4,45788.5,980
20260530,45,45788.5,45837.2,45744.9,45798.7,2320
20260530,100,45800.7,45824,45751,45792.6,1008
20260530,115,45793.6,45808.8,45736.8,45762.1,876
20260530,130,45762.1,45779.3,45693.1,45732.6,1984
20260530,145,45734.7,45797.6,45701.2,45711.3,1242
20260530,200,45711.3,45742.7,45646.4,45649.4,1276
20260530,215,45653.4,45779.3,45647.4,45733.7,1876
20260530,230,45734.7,45785.4,45725.6,45770.2,696
20260530,245,45777.3,45807.8,45771.3,45791.6,456
20260530,300,45785.5,45787.4,45671.7,45689,812
20260530,315,45700.1,45752.9,45691,45740.8,546
20260530,330,45735.7,45753.9,45718.5,45753,246
20260530,345,45753,45814.9,45747.9,45802.7,542
20260530,400,45802.7,45807.8,45739.8,45754,948
20260530,415,45756,45792.5,45747.9,45792.6,484
20260530,430,45792.6,45827.1,45786.5,45794.6,426
20260530,445,45791.6,45794.5,45771.3,45777.3,272
20260530,500,45778.3,45786.4,45748.9,45776.3,388
20260601,900,46196.8,46353.2,46117.6,46298.4,15128
20260601,915,46299.4,46687.3,46206,46528.9,17524
20260601,930,46525.9,46660.9,46507.7,46608.2,6980
20260601,945,46610.2,46772.7,46598.1,46763.6,8414
20260601,1000,46762.6,46884.4,46699.6,46858,6384
20260601,1015,46853,46945.3,46767.7,46829.6,6840
20260601,1030,46834.7,47194.2,46729.1,47179,11154
20260601,1045,47175.9,47181,46857.1,46931.2,7508
20260601,1100,46932.2,46937.2,46743.3,46762.6,7490
20260601,1115,46761.5,46943.3,46757.5,46774.7,5814
20260601,1130,46779.8,46838.7,46726,46794,3830
20260601,1145,46790,46874.2,46488.4,46533,8886
20260601,1200,46532,46760.5,46508.7,46678.3,5276
20260601,1215,46676.2,46786.9,46659,46757.5,3240
20260601,1230,46754.4,46807.2,46691.5,46785.9,3624
20260601,1245,46778.8,46841.7,46711.8,46834.7,3894
20260601,1300,46834.7,46843.8,46734.2,46752.4,3580
20260601,1315,46751.4,46786.9,46682.4,46750.4,4840
20260601,1330,46746.3,46746.3,46611.3,46638.6,6918
20260601,1345,46646.8,46855.9,46645.8,46757.5,14196
20260601,1515,46803.2,46816.3,46719.9,46741.2,2296
20260601,1530,46736.1,46757.4,46679.3,46703.6,1008
20260601,1545,46719.9,46785.9,46673.2,46698.6,1690
20260601,1600,46693.5,46795,46686.4,46792,964
20260601,1615,46795.1,46813.3,46710.8,46714.8,1240
20260601,1630,46711.8,46749.3,46701.7,46719.9,588
20260601,1645,46724,46741.2,46675.3,46718.9,816
20260601,1700,46726,46786.9,46696.6,46786.9,934
20260601,1715,46786.9,46840.7,46779.9,46786.9,1576
20260601,1730,46786.9,46823.4,46772.8,46801.2,664
20260601,1745,46804.2,46822.4,46783.9,46804.2,586
20260601,1800,46803.2,46811.3,46757.5,46795.1,896
20260601,1815,46798.1,46967.7,46798.2,46958.6,2492
20260601,1830,46960.6,46970.7,46877.4,46911.9,1598
20260601,1845,46911.9,46992.1,46911.9,46978.9,1366
20260601,1900,46984,46993.1,46934.3,46955.5,998
20260601,1915,46953.5,46955.5,46889.6,46909.8,1050
20260601,1930,46910.8,46925,46879.4,46884.4,576
20260601,1945,46883.4,46969.7,46874.3,46941.3,1234
20260601,2000,46938.3,46943.3,46902.8,46908.8,552
20260601,2015,46907.8,46931.1,46775.8,46779.8,1788
20260601,2030,46785.9,46858,46723,46826.5,1950
20260601,2045,46826.5,46919.9,46780.9,46914.9,1606
20260601,2100,46914.9,46935.2,46859.1,46880.4,1146
20260601,2115,46885.5,46885.4,46463,46563.5,7514
20260601,2130,46564.5,46687.3,46465,46561.4,5476
20260601,2145,46565.5,46867.1,46490.4,46755.4,9380
20260601,2200,46754.4,46834.6,46577.7,46577.7,5402
20260601,2215,46575.7,46857,46570.6,46797.1,6938
20260601,2230,46796.1,46933.1,46767.7,46883.4,7028
20260601,2245,46885.5,47020.5,46857.1,46949.4,5546
20260601,2300,46945.4,46989,46893.6,46928.1,3660
20260601,2315,46928.1,47034.7,46881.4,47007.3,4076
20260601,2330,47010.4,47088.5,47010.4,47072.3,2794
20260601,2345,47067.3,47187.1,47067.3,47166.8,5446
20260602,0,47166.8,47170.8,47103.9,47125.2,1390
20260602,15,47127.2,47192.1,47104.9,47110.9,2200
20260602,30,47107.9,47173.9,47063.3,47164.8,1378
20260602,45,47166.8,47182,47102.9,47120.1,1338
20260602,100,47119.1,47351.6,47088.6,47338.5,4336
20260602,115,47343.5,47382.1,47273.5,47330.3,2394
20260602,130,47326.3,47401.4,47281.6,47395.3,1518
20260602,145,47401.4,47479.6,47353.7,47446.1,2808
20260602,200,47451.2,47476.5,47431.9,47441,1412
20260602,215,47442.1,47446.1,47335.5,47356.7,1176
20260602,230,47355.7,47390.2,47311.1,47351.7,932
20260602,245,47352.7,47374,47320.2,47354.7,786
20260602,300,47348.6,47349.6,47263.3,47282.6,802
20260602,315,47274.5,47296.8,47201.4,47249.1,1252
20260602,330,47249.1,47264.3,47187.2,47217.6,648
20260602,345,47214.5,47254.1,47195.3,47243,552
20260602,400,47240.9,47262.2,47144.5,47152.6,1068
20260602,415,47161.7,47271.4,47100.8,47269.4,1394
20260602,430,47251.1,47266.3,47233.9,47252.1,350
20260602,445,47246,47301.8,47242,47289.7,346
20260602,500,47293.8,47293.7,47260.3,47276.5,570
20260602,900,46869.2,46953.5,46611.3,46792,12874
20260602,915,46784.9,46873.2,46544.2,46780.8,16808
20260602,930,46778.8,46778.8,46316.7,46585.8,14378
20260602,945,46588.9,46759.5,46457.9,46509.6,9194
20260602,1000,46504.6,46517.7,46298.4,46396.9,8300
20260602,1015,46398.9,46543.1,46343.1,46409.1,6214
20260602,1030,46402,46542.1,46378.7,46507.6,4452
20260602,1045,46509.6,46679.2,46505.6,46632.5,4320
20260602,1100,46631.5,46657.9,46416.3,46443.6,4536
20260602,1115,46444.6,46465.9,46357.3,46357.3,3818
20260602,1130,46359.3,46385.7,46044.5,46131.8,11804
20260602,1145,46134.9,46385.7,46060.8,46365.4,8126
20260602,1200,46358.3,46477.1,46339.1,46468,5796
20260602,1215,46469,46602,46441.6,46499.5,4666
20260602,1230,46499.5,46584.8,46442.7,46551.3,3078
20260602,1245,46538.1,46577.6,46487.4,46524.9,1970
20260602,1300,46525.9,46729,46517.8,46722.9,4786
20260602,1315,46716.8,46818.4,46668.1,46808.3,4916
20260602,1330,46811.3,46822.4,46722,46789,7002
20260602,1345,46791,46889.5,46791,46810.3,10268
20260602,1515,46970.8,46980.9,46902.8,46955.5,3188
20260602,1530,46952.5,46976.8,46920,46920,1182
20260602,1545,46919,47008.3,46910.9,46991.1,1614
20260602,1600,46997.2,47000.2,46950.5,46966.7,804
20260602,1615,46966.7,47057.1,46966.8,47022.6,1772
20260602,1630,47016.5,47052,47012.5,47020.5,918
20260602,1645,47019.5,47084.5,47017.5,47032.7,1188
20260602,1700,47029.7,47070.3,47026.7,47042.9,646
20260602,1715,47036.8,47039.8,46970.8,46986,1462
20260602,1730,46987,47057.1,46986.1,47018.5,1514
20260602,1745,47020.5,47121,46997.2,47096.7,1404
20260602,1800,47100.8,47118,47070.4,47082.5,848
20260602,1815,47079.5,47085.5,47027.7,47060.2,694
20260602,1830,47064.2,47093.6,47053.1,47059.1,404
20260602,1845,47066.2,47074.3,47017.5,47027.7,616
20260602,1900,47027.7,47044.9,46984,47031.7,1050
20260602,1915,47031.7,47066.2,46994.2,47035.8,634
20260602,1930,47042.9,47069.2,47018.6,47055.1,470
20260602,1945,47057.1,47099.7,47057.2,47075.4,816
20260602,2000,47076.4,47087.5,47062.2,47064.2,512
20260602,2015,47064.2,47105.8,47062.2,47075.4,532
20260602,2030,47075.4,47156.6,47058.2,47144.5,1614
20260602,2045,47144.5,47169.8,47102.9,47165.8,1414
20260602,2100,47167.8,47169.8,47084.6,47086.6,1030
20260602,2115,47086.6,47124.1,46935.3,47018.5,3714
20260602,2130,47015.5,47087.5,46996.2,47069.3,1498
20260602,2145,47072.3,47209.4,46956.6,47183.1,7928
20260602,2200,47184.1,47331.3,47184.1,47320.2,6392
20260602,2215,47322.2,47328.2,47250.1,47300.9,3112
20260602,2230,47295.8,47308.9,47149.6,47198.3,4354
20260602,2245,47194.2,47368.9,47192.2,47367.9,4032
20260602,2300,47365.9,47404.4,47321.2,47403.5,2716
20260602,2315,47403.5,47457.2,47379.1,47449.2,3234
20260602,2330,47450.2,47476.5,47436,47453.2,1814
20260602,2345,47451.2,47501.9,47430.9,47473.5,2352
20260603,0,47479.6,47505,47468.5,47497.9,1424
20260603,15,47497.9,47518.2,47420.8,47428.9,2566
20260603,30,47436,47448.1,47363.9,47368.9,1874
20260603,45,47368.9,47396.3,47334.4,47364.9,1462
20260603,100,47369.9,47426.8,47362.9,47413.6,1056
20260603,115,47415.6,47420.7,47366.9,47372,984
20260603,130,47369.9,47369.9,47287.7,47302.9,1610
20260603,145,47301.9,47341.5,47265.4,47296.8,1152
20260603,200,47300.9,47347.5,47297.9,47338.5,524
20260603,215,47341.5,47402.4,47338.5,47389.2,834
20260603,230,47388.2,47402.4,47360.8,47395.3,556
20260603,245,47396.3,47408.5,47352.7,47359.8,560
20260603,300,47357.8,47422.7,47338.5,47419.7,504
20260603,315,47420.7,47458.3,47419.8,47447.1,980
20260603,330,47448.1,47458.3,47407.6,47412.6,450
20260603,345,47407.5,47461.3,47407.6,47459.3,444
20260603,400,47462.4,47497.9,47457.3,47491.8,998
20260603,415,47492.8,47492.8,47427.9,47456.3,604
20260603,430,47461.4,47463.3,47423.8,47432.9,238
20260603,445,47428.9,47453.2,47417.7,47426.8,202
20260603,500,47429.9,47436.9,47407.6,47418.7,396
20260603,900,47451.2,47638,47442.1,47580.2,8834
20260603,915,47584.3,47593.3,47435,47454.2,11328
20260603,930,47460.3,47601.5,47414.7,47598.5,6622
20260603,945,47599.5,47731.5,47427.9,47525.3,13450
20260603,1000,47522.3,47630.9,47280.6,47621.8,10564
20260603,1015,47622.8,47677.6,47534.5,47612.7,5208
20260603,1030,47607.6,47658.3,47396.4,47429.9,5738
20260603,1045,47437,47516.2,47363.9,47411.6,5160
20260603,1100,47414.6,47486.7,47386.2,47486.7,3570
20260603,1115,47486.7,47507,47429.9,47441,2988
20260603,1130,47450.2,47579.1,47434,47483.7,3378
20260603,1145,47487.8,47564.9,47487.8,47548.7,2636
20260603,1200,47547.7,47572,47442.1,47484.7,3304
20260603,1215,47488.8,47544.6,47459.4,47497.9,2066
20260603,1230,47496.9,47520.2,47462.4,47515.2,1642
20260603,1245,47515.2,47627.9,47497,47603.5,3900
20260603,1300,47598.5,47610.6,47486.8,47497.9,2926
20260603,1315,47494.9,47574,47411.6,47542.6,4506
20260603,1330,47542.6,47608.6,47517.3,47556.8,4942
20260603,1345,47555.8,47634,47512.2,47603.5,9784
20260603,1515,47524.3,47726.4,47499,47678.7,4086
20260603,1530,47684.8,47700,47546.7,47546.7,2128
20260603,1545,47547.7,47588.3,47534.5,47550.7,1488
20260603,1600,47553.8,47622.8,47549.8,47621.8,1240
20260603,1615,47620.8,47638,47519.3,47597.5,2266
20260603,1630,47596.4,47606.5,47527.4,47597.5,1262
20260603,1645,47599.5,47599.4,47509.1,47535.5,1222
20260603,1700,47534.5,47557.8,47517.3,47544.6,554
20260603,1715,47545.7,47588.3,47524.4,47580.2,960
20260603,1730,47580.2,47624.8,47572.1,47615.7,1184
20260603,1745,47608.6,47608.6,47570.1,47591.4,528
20260603,1800,47592.4,47592.3,47540.6,47546.7,762
20260603,1815,47544.6,47668.5,47524.4,47604.6,3038
20260603,1830,47600.5,47600.5,47554.8,47588.3,690
20260603,1845,47586.3,47611.6,47540.6,47541.6,728
20260603,1900,47542.6,47561.9,47532.5,47552.8,750
20260603,1915,47553.8,47572,47524.4,47539.6,786
20260603,1930,47536.5,47541.5,47452.3,47492.8,2370
20260603,1945,47498.9,47529.4,47492.9,47508.1,574
20260603,2000,47506,47533.4,47497,47524.3,516
20260603,2015,47520.3,47569,47513.2,47548.7,924
20260603,2030,47553.8,47554.7,47458.4,47493.9,1436
20260603,2045,47486.7,47487.7,47335.5,47411.6,4016
20260603,2100,47416.7,47447.1,47381.2,47412.6,1342
20260603,2115,47410.6,47468.4,47410.6,47450.2,1118
20260603,2130,47455.3,47490.8,47434,47483.7,1256
20260603,2145,47489.8,47537.5,47234.9,47247,9172
20260603,2200,47251.1,47287.6,47064.3,47192.2,10566
20260603,2215,47195.2,47321.1,47165.8,47318.1,5708
20260603,2230,47315.1,47378,47261.3,47364.9,4930
20260603,2245,47359.8,47388.2,47292.8,47323.2,3370
20260603,2300,47328.3,47384.1,47296.9,47325.2,2730
20260603,2315,47325.2,47406.5,47323.3,47358.8,3174
20260603,2330,47361.8,47414.6,47274.5,47361.8,3512
20260603,2345,47354.7,47387.2,47258.3,47263.3,2460
20260604,0,47273.4,47306.9,47213.6,47282.6,2328
20260604,15,47285.6,47325.2,47267.4,47316.1,1320
20260604,30,47310,47310,47167.9,47212.5,2268
20260604,45,47223.7,47260.2,47160.8,47197.3,1648
20260604,100,47201.3,47308.9,47196.3,47309,1776
20260604,115,47308,47340.4,47253.2,47259.2,1542
20260604,130,47265.3,47305.9,47243,47301.9,546
20260604,145,47299.9,47335.4,47267.4,47330.3,692
20260604,200,47335.4,47455.2,47327.3,47445.1,2370
20260604,215,47446.1,47468.4,47398.4,47408.5,1252
20260604,230,47410.6,47480.6,47376.1,47479.6,1064
20260604,245,47475.6,47488.7,47418.7,47429.9,646
20260604,300,47440,47460.3,47410.6,47432.9,406
20260604,315,47434.9,47468.4,47409.6,47427.8,454
20260604,330,47414.6,47460.3,47377.1,47408.5,476
20260604,345,47408.5,47473.5,47407.6,47460.3,380
20260604,400,47454.2,47477.6,47382.2,47397.4,768
20260604,415,47396.3,47404.4,47351.7,47364.9,608
20260604,430,47371,47372.9,47289.8,47296.8,820
20260604,445,47297.8,47304.9,47199.4,47201.3,694
20260604,500,47207.4,47280.5,47204.4,47267.4,684
20260604,900,47234.9,47239.9,47039.9,47101.8,10282
20260604,915,47106.9,47311,47082.5,47181,11534
20260604,930,47185.1,47226.7,47057.2,47173.9,7188
20260604,945,47172.9,47305.9,47064.3,47074.4,7444
20260604,1000,47077.4,47135.3,46940.4,47026.6,10190
20260604,1015,47032.7,47072.3,46903.8,46909.8,8244
20260604,1030,46908.8,47117,46864.2,47040.9,8006
20260604,1045,47037.8,47068.2,46936.3,47014.4,3784
20260604,1100,47014.4,47070.3,46971.8,47011.4,2978
20260604,1115,47005.3,47204.3,47003.3,47170.9,5004
20260604,1130,47171.9,47274.4,47143.5,47267.4,3680
20260604,1145,47269.4,47318.1,47136.4,47150.6,4770
20260604,1200,47145.5,47209.4,47103.9,47209.5,3152
20260604,1215,47211.5,47215.5,47155.7,47215.6,1958
20260604,1230,47217.6,47275.4,47206.5,47211.5,2650
20260604,1245,47212.5,47260.2,47194.3,47225.7,1958
20260604,1300,47227.7,47288.6,47214.6,47288.7,2550
20260604,1315,47284.6,47284.6,47093.7,47143.4,4680
20260604,1330,47143.4,47159.6,46949.5,47002.3,6950
20260604,1345,47004.3,47070.3,46916,47020.5,11990
20260604,1515,47099.8,47120,46978.9,47041.9,3394
20260604,1530,47040.9,47049.9,46938.3,47041.9,2538
20260604,1545,47032.7,47089.6,47012.5,47019.5,1558
20260604,1600,47018.5,47033.7,46982,47015.5,742
20260604,1615,47009.4,47009.3,46626.5,46632.5,6918
20260604,1630,46629.5,46671.1,46483.3,46586.8,7552
20260604,1645,46586.8,46629.4,46539.2,46587.9,2548
20260604,1700,46586.8,46595.9,46493.4,46505.6,2122
20260604,1715,46503.6,46508.6,46307.6,46316.7,5542
20260604,1730,46309.6,46405,46266.9,46391.8,3996
20260604,1745,46386.7,46457.8,46367.5,46441.6,2156
20260604,1800,46440.6,46563.4,46437.6,46506.6,3476
20260604,1815,46501.5,46521.8,46459.9,46477.1,1298
20260604,1830,46478.2,46483.2,46362.4,46372.5,1972
20260604,1845,46373.5,46399.9,46319.8,46342.1,1620
20260604,1900,46341,46383.7,46273,46375.6,2124
20260604,1915,46379.6,46432.4,46366.5,46385.7,1538
20260604,1930,46389.8,46470,46386.8,46455.8,1424
20260604,1945,46459.9,46462.9,46300.5,46333.9,2020
20260604,2000,46340,46452.7,46330.9,46446.7,1352
20260604,2015,46446.7,46452.7,46358.4,46376.6,1320
20260604,2030,46377.6,46407,46357.3,46405,860
20260604,2045,46405,46547.2,46405.1,46542.1,2972
20260604,2100,46542.1,46580.7,46502.6,46526.9,1696
20260604,2115,46524.9,46547.2,46482.3,46535,1184
20260604,2130,46532,46573.6,46460.9,46465,1494
20260604,2145,46471.1,46658.9,46386.8,46401,8470
20260604,2200,46405,46506.6,46304.5,46345.1,6870
20260604,2215,46349.2,46428.3,46189.8,46400,8688
20260604,2230,46397.9,46587.8,46392.9,46583.8,5818
20260604,2245,46583.8,46595.9,46480.2,46482.2,4216
20260604,2300,46481.2,46711.7,46481.3,46708.7,4828
20260604,2315,46707.7,46884.4,46652.9,46874.3,6460
20260604,2330,46871.2,46916.9,46847.9,46873.3,3860
20260604,2345,46877.3,46953.5,46848.9,46905.8,3972
20260605,0,46904.8,46909.8,46802.2,46904.8,3446
20260605,15,46905.8,46931.1,46872.3,46900.7,1914
20260605,30,46899.7,47077.4,46897.7,47029.7,3990
20260605,45,47030.7,47031.7,46943.4,47014.4,2106
20260605,100,47011.4,47044.9,46988.1,47025.6,1388
20260605,115,47025.6,47033.7,46954.6,46986,1286
20260605,130,46996.2,47052,46965.7,47043.9,994
20260605,145,47046.9,47111.9,47041.9,47102.8,1630
20260605,200,47105.9,47178.9,47081.5,47168.8,1750
20260605,215,47167.8,47241.9,47164.8,47210.5,1826
20260605,230,47207.4,47216.5,47159.7,47198.3,830
20260605,245,47199.3,47213.5,47174,47202.4,624
20260605,300,47199.3,47260.2,47191.2,47203.4,1020
20260605,315,47208.4,47268.3,47201.4,47217.6,692
20260605,330,47217.6,47249,47179,47248.1,538
20260605,345,47248.1,47280.5,47213.6,47218.6,702
20260605,400,47220.6,47225.7,47129.3,47141.4,1162
20260605,415,47147.5,47157.6,47048,47078.4,1126
20260605,430,47071.3,47073.3,47003.3,47026.6,616
20260605,445,47031.7,47046.9,47002.3,47031.7,370
20260605,500,47033.7,47070.3,47006.4,47069.3,624
20260605,900,46384.7,46432.4,46135.9,46259.8,15888
20260605,915,46259.8,46444.6,45816,45856.6,19310
20260605,930,45856.6,45901.2,45355.9,45642.2,23486
20260605,945,45642.2,46010.9,45641.3,45904.3,14178
20260605,1000,45911.4,46188.6,45897.2,46157.2,10478
20260605,1015,46160.2,46279,46057.7,46173.5,7646
20260605,1030,46175.5,46492.3,46171.5,46442.6,9118
20260605,1045,46439.6,46503.5,46236.5,46343.1,9226
20260605,1100,46345.1,46362.3,46230.4,46271,4516
20260605,1115,46273,46366.4,46240.5,46286.2,3574
20260605,1130,46293.3,46358.3,46116.6,46124.7,4570
20260605,1145,46130.8,46226.2,46052.6,46105.4,5906
20260605,1200,46103.4,46130.7,45853.6,45978.4,7824
20260605,1215,45981.5,46005.8,45849.5,45957.1,5186
20260605,1230,45951,45993.6,45876.9,45895.2,4918
20260605,1245,45898.2,46048.5,45819,45915.5,9088
20260605,1300,45908.4,46028.2,45901.3,45953,5294
20260605,1315,45948,45966.2,45858.6,45887,5324
20260605,1330,45888,46023.1,45872.9,45903.3,7462
20260605,1345,45904.3,46098.2,45884,45920.5,15734
20260605,1515,45808.8,45871.7,45713.4,45784.4,4994
20260605,1530,45786.5,45958.1,45742.8,45942.9,3146
20260605,1545,45931.7,45995.7,45837.3,45861.6,2826
20260605,1600,45863.7,45868.7,45776.4,45788.5,2502
20260605,1615,45790.5,45811.8,45615.9,45674.7,4704
20260605,1630,45675.8,45929.6,45649.4,45929.7,3758
20260605,1645,45929.7,45944.9,45809.9,45822,2426
20260605,1700,45823,45852.4,45789.6,45834.2,908
20260605,1715,45828.1,46002.8,45795.7,45983.5,3730
20260605,1730,45987.6,46022.1,45856.6,45868.7,2742
20260605,1745,45871.8,45877.8,45788.6,45825.1,1738
20260605,1800,45826.1,45904.2,45824.1,45856.6,958
20260605,1815,45848.4,45903.2,45844.4,45896.2,670
20260605,1830,45895.2,45954,45889.1,45936.8,1034
20260605,1845,45934.8,45960.1,45902.3,45939.8,726
20260605,1900,45936.8,45939.8,45900.3,45921.6,404
20260605,1915,45912.4,45926.6,45837.3,45837.3,1072
20260605,1930,45849.4,45853.5,45739.8,45852.5,2150
20260605,1945,45844.4,45858.5,45786.5,45791.6,876
20260605,2000,45790.5,45797.6,45711.4,45719.4,1326
20260605,2015,45718.4,45726.5,45640.3,45661.5,2444
20260605,2030,45661.5,45726.5,45646.4,45673.7,1220
20260605,2045,45685.9,45738.7,45408.7,45553.9,6732
20260605,2100,45556.9,45584.3,45363,45388.3,3992
20260605,2115,45387.3,45407.6,45292.9,45365,4240
20260605,2130,45360.9,45394.4,45173,45228.9,6560
20260605,2145,45223.8,45331.4,45040,45063.3,11086
20260605,2200,45059.2,45148.6,44903.9,44904.9,8076
20260605,2215,44908.9,45119.1,44893.7,45094.8,7482
20260605,2230,45091.7,45142.5,44935.4,44967.8,4816
20260605,2245,44970.9,45242,44960.8,45137.4,5692
20260605,2300,45143.5,45196.3,45093.8,45160.8,3050
20260605,2315,45167.9,45172.9,44901.9,44901.8,4928
20260605,2330,44900.8,45021.6,44898.8,44983.1,3318
20260605,2345,44983.1,45042.9,44823.6,44925.2,5000
20260606,0,44923.1,44957.6,44848,44878.4,2478
20260606,15,44870.3,44878.4,44696.7,44739.3,5252
20260606,30,44742.3,44766.7,44673.3,44686.5,3350
20260606,45,44685.5,44691.5,44484.4,44508.7,6890
20260606,100,44514.8,44700.6,44445.8,44641.8,5630
20260606,115,44647.9,44663.1,44498.6,44546.3,2798
20260606,130,44546.3,44600.1,44454.9,44570.7,2976
20260606,145,44564.6,44676.3,44474.2,44480.3,2990
20260606,200,44484.4,44567.6,44484.4,44554.4,1536
20260606,215,44561.5,44571.7,44318.8,44322.9,3010
20260606,230,44320.8,44345.2,44209.2,44250.7,3624
20260606,245,44252.8,44279.1,44081.2,44188.8,3516
20260606,300,44181.7,44191.8,44012.1,44108.5,5202
20260606,315,44105.5,44129.8,43683,43715.5,5306
20260606,330,43722.6,43942.9,43608.9,43933.8,5634
20260606,345,43932.8,43959.2,43757.2,43850.6,2836
20260606,400,43846.5,43967.3,43720.6,43745.9,4296
20260606,415,43748,43751,43083.8,43122.3,8664
20260606,430,43108.1,43122.3,42794.3,42794.2,6040
20260606,445,42809.5,43573.2,41419,42629.7,8364
20260606,500,42649,43154.8,42575.9,42882.6,3562
20260608,900,43008.5,43368.1,42887.7,43275.7,24604
20260608,915,43280.8,44033.3,43166,43974.5,33886
20260608,930,43973.5,43979.5,43350.9,43405.7,20356
20260608,945,43406.7,43725.6,43292,43702.3,13364
20260608,1000,43700.2,43926.7,43576.4,43894.2,8590
20260608,1015,43903.4,44226.3,43883.1,44177.6,11694
20260608,1030,44169.5,44230.4,43949.1,44189.8,7272
20260608,1045,44191.8,44191.8,43969.4,44129.9,5726
20260608,1100,44124.8,44283.2,44117.7,44179.6,6942
20260608,1115,44185.7,44299.4,44056.8,44117.7,6484
20260608,1130,44115.7,44272,43979.6,44224.3,5786
20260608,1145,44230.4,44340.1,44215.2,44274.1,4742
20260608,1200,44281.2,44294.4,44184.8,44225.4,3796
20260608,1215,44219.3,44268,44073,44154.3,5510
20260608,1230,44156.3,44212.1,43971.5,44036.4,5644
20260608,1245,44037.4,44130.8,43923.7,43938.9,5848
20260608,1300,43941,44120.7,43925.8,44039.5,6374
20260608,1315,44040.5,44231.4,44040.5,44098.4,6226
20260608,1330,44101.4,44164.4,43933.9,43968.4,7056
20260608,1345,43974.5,44011,43666.8,43756.1,26676
20260608,1515,43967.4,44280.1,43893.3,44225.4,6410
20260608,1530,44223.3,44447.7,44193.9,44404.1,6046
20260608,1545,44410.2,44423.4,44307.7,44378.7,2962
20260608,1600,44377.7,44524.9,44362.5,44474.2,3738
20260608,1615,44467.1,44499.5,44347.3,44416.3,3562
20260608,1630,44409.2,44483.3,44372.7,44433.6,1364
20260608,1645,44427.5,44516.8,44291.4,44353.3,2872
20260608,1700,44356.4,44408.1,44274.2,44330,2326
20260608,1715,44340.1,44411.2,44264,44366.5,1720
20260608,1730,44371.6,44426.4,44352.4,44367.5,1196
20260608,1745,44358.4,44479.2,44293.5,44472.2,2244
20260608,1800,44471.1,44575.7,44453.9,44561.5,2742
20260608,1815,44563.6,44568.6,44436.7,44499.6,1868
20260608,1830,44499.6,44509.7,44405.2,44451.9,1324
20260608,1845,44450.8,44557.4,44446.8,44538.2,2622
20260608,1900,44542.2,44544.2,44442.8,44457.9,1540
20260608,1915,44454.9,44692.5,44423.5,44692.6,3536
20260608,1930,44689.5,44768.7,44686.5,44761.6,3244
20260608,1945,44767.7,44832.7,44760.7,44786,2346
20260608,2000,44783,44794.1,44717,44755.5,1798
20260608,2015,44755.5,44798.2,44711.9,44765.7,1732
20260608,2030,44766.7,44806.3,44747.5,44778.9,1056
20260608,2045,44784,44819.5,44729.2,44792.1,1820
20260608,2100,44793.1,44844.9,44771.8,44842.9,2402
20260608,2115,44844.9,44878.4,44801.3,44839.8,2890
20260608,2130,44842.9,44859.1,44763.7,44772.8,2120
20260608,2145,44772.8,44919,44597.1,44836.8,9686
20260608,2200,44835.8,44929.2,44542.3,44544.3,7006
20260608,2215,44551.4,44724,44494.6,44686.5,7566
20260608,2230,44685.5,44818.5,44540.3,44796.2,5250
20260608,2245,44796.2,44953.6,44771.8,44815.5,7214
20260608,2300,44811.4,44903.8,44799.3,44870.3,3352
20260608,2315,44871.3,44969.8,44848,44899.8,3854
20260608,2330,44899.8,44983,44818.6,44832.7,3538
20260608,2345,44835.8,44861.1,44651,44860.2,4558
20260609,0,44858.1,44877.4,44694.7,44732.2,2518
20260609,15,44731.2,44835.7,44726.1,44803.3,2298
20260609,30,44806.3,44903.8,44788.1,44790.1,2218
20260609,45,44797.2,44831.7,44766.8,44807.3,1464
20260609,100,44820.5,44867.2,44796.2,44796.2,1046
20260609,115,44794.1,44807.3,44589,44668.2,2900
20260609,130,44676.3,44757.5,44575.8,44757.6,2242
20260609,145,44752.5,44768.7,44619.5,44619.4,1300
20260609,200,44623.5,44755.5,44622.5,44695.6,1158
20260609,215,44708.8,44834.7,44708.9,44774.8,1220
20260609,230,44776.9,44807.3,44764.7,44790.1,510
20260609,245,44804.3,44825.6,44705.8,44716.9,734
20260609,300,44714.9,44761.6,44701.8,44713.9,436
20260609,315,44713.9,44759.6,44591.1,44595.1,1080
20260609,330,44602.2,44640.7,44474.2,44581.9,2016
20260609,345,44589,44708.8,44564.6,44573.7,1126
20260609,400,44571.7,44716.9,44568.7,44650.9,1304
20260609,415,44656,44685.4,44566.7,44660.1,1116
20260609,430,44669.2,44669.2,44615.4,44654,390
20260609,445,44655,44682.4,44642.9,44682.4,228
20260609,500,44684.4,44713.9,44670.3,44689.5,556
20260609,900,44346.2,44517.8,44235.6,44466.1,12460
20260609,915,44466.1,44649.9,44411.3,44550.4,14774
20260609,930,44548.3,44779.9,44298.5,44659.1,14758
20260609,945,44660.1,44922.1,44564.6,44783,11640
20260609,1000,44785,44938.3,44768.8,44900.8,6580
20260609,1015,44897.7,45046,44870.4,45007.4,6746
20260609,1030,45008.5,45056.1,44886.6,44988.1,6434
20260609,1045,44984.1,45102.9,44945.5,45098.8,6752
20260609,1100,45102.9,45165.8,45017.6,45096.8,6346
20260609,1115,45093.8,45138.4,45034.9,45138.5,3768
20260609,1130,45138.5,45250.1,45133.4,45236,6156
20260609,1145,45236,45360.8,45209.6,45345.7,5640
20260609,1200,45341.6,45390.3,45257.3,45292.8,5540
20260609,1215,45291.8,45315.1,45222.8,45263.4,3456
20260609,1230,45265.4,45350.7,45206.6,45348.7,4504
20260609,1245,45350.7,45417.7,45292.9,45297.9,4664
20260609,1300,45302,45359.8,45301,45332.5,3260
20260609,1315,45336.5,45388.3,45305.1,45334.5,3924
20260609,1330,45335.5,45337.5,45237,45243.1,6000
20260609,1345,45243.1,45452.3,45217.7,45366,14744
20260609,1515,45401.5,45596.5,45387.4,45526.5,6514
20260609,1530,45527.5,45540.6,45303.1,45361.9,4344
20260609,1545,45367,45373,45227.9,45303,3060
20260609,1600,45301,45358.8,45207.6,45247.1,2120
20260609,1615,45250.2,45334.4,45101.9,45321.3,4830
20260609,1630,45314.2,45321.2,45239.1,45298.9,1128
20260609,1645,45304,45408.6,45259.4,45381.2,2574
20260609,1700,45381.2,45408.6,45340.6,45390.4,1998
20260609,1715,45386.3,45502,45386.3,45432,2246
20260609,1730,45435,45479.7,45434.1,45465.5,1010
20260609,1745,45469.6,45482.7,45360.9,45444.2,1178
20260609,1800,45438.1,45498,45436.1,45462.5,1088
20260609,1815,45462.5,45535.5,45239.1,45421.8,4294
20260609,1830,45424.9,45427.9,45333.5,45399.5,1294
20260609,1845,45398.5,45398.4,45242.1,45308.1,1426
20260609,1900,45306,45379.1,45253.3,45361.9,1286
20260609,1915,45353.8,45401.5,45350.8,45387.3,990
20260609,1930,45382.2,45430.9,45347.7,45420.8,1012
20260609,1945,45411.7,45438,45389.4,45412.7,580
20260609,2000,45413.7,45421.8,45345.7,45348.7,704
20260609,2015,45347.7,45381.2,45305.1,45317.2,888
20260609,2030,45311.1,45342.6,45279.7,45327.4,958
20260609,2045,45329.4,45405.5,45323.4,45344.6,1162
20260609,2100,45340.6,45407.6,45302,45401.5,1128
20260609,2115,45399.5,45479.7,45381.3,45419.8,2040
20260609,2130,45418.8,45450.2,45336.6,45416.8,1862
20260609,2145,45414.7,45586.3,45382.3,45487.9,9882
20260609,2200,45492.9,45780.3,45411.7,45424.9,10566
20260609,2215,45422.9,45440.1,45039,45117.1,13482
20260609,2230,45120.2,45229.8,44942.5,45083.6,11930
20260609,2245,45085.6,45096.8,44736.3,44785,7430
20260609,2300,44779.9,44856,44570.7,44834.8,12496
20260609,2315,44827.7,44873.3,44675.4,44838.8,7040
20260609,2330,44833.8,44858.1,44129.9,44147.1,11054
20260609,2345,44147.1,44436.6,44057.8,44290.4,13238
20260610,0,44301.5,44384.8,43794.7,43852.6,8724
20260610,15,43848.5,44128.8,43677.9,43706.3,9946
20260610,30,43696.2,43725.6,43310.3,43614.9,12250
20260610,45,43598.7,43668.7,42998.4,43341.7,10058
20260610,100,43335.6,43570.2,43170.1,43565.2,5428
20260610,115,43565.2,43966.3,43520.5,43882,8658
20260610,130,43873.9,44188.7,43811,43957.2,10612
20260610,145,43959.2,44179.6,43858.7,44048.6,4358
20260610,200,44049.6,44113.6,43831.3,44026.3,3450
20260610,215,44048.6,44120.7,43960.3,44076,2164
20260610,230,44077.1,44296.4,44030.4,44282.2,3214
20260610,245,44274.1,44477.2,44265,44287.3,3504
20260610,300,44287.3,44538.1,44287.4,44506.7,1770
20260610,315,44502.6,44557.4,44286.3,44304.6,2024
20260610,330,44306.6,44404.1,44125.9,44374.7,2908
20260610,345,44372.6,44414.2,44204.1,44254.8,1602
20260610,400,44275.1,44487.4,44213.2,44472.2,2010
20260610,415,44469.1,44501.6,44370.6,44429.5,962
20260610,430,44420.4,44494.5,44420.4,44479.3,368
20260610,445,44478.3,44543.2,44457,44510.8,396
20260610,500,44527,44566.6,44490.5,44566.6,520
20260610,900,44527,44787,44408.2,44784,12498
20260610,915,44786,45115,44667.2,45073.5,16320
20260610,930,45072.4,45179,44854.1,45002.4,13274
20260610,945,45002.4,45060.2,44749.5,44772.8,10432
20260610,1000,44772.8,44900.7,44602.2,44661.1,10966
20260610,1015,44663.1,44740.3,44307.7,44598.1,12290
20260610,1030,44602.2,44685.4,44493.5,44638.7,7832
20260610,1045,44644.8,44713.9,44541.3,44657,5358
20260610,1100,44658,44724,44416.4,44451.9,7812
20260610,1115,44448.8,44734.2,44442.8,44701.7,5768
20260610,1130,44707.8,44863.2,44626.6,44675.3,7858
20260610,1145,44677.3,44684.4,44464.1,44484.4,4974
20260610,1200,44479.3,44583.8,44457,44544.3,5318
20260610,1215,44547.3,44576.7,44185.8,44247.7,11180
20260610,1230,44249.7,44361.4,44221.3,44251.8,7300
20260610,1245,44249.7,44254.8,43985.7,44040.5,10582
20260610,1300,44041.5,44179.6,43995.9,44102.5,7762
20260610,1315,44096.4,44220.2,44034.5,44095.3,7198
20260610,1330,44089.2,44108.5,43802.9,44082.1,12202
20260610,1345,44079.1,44125.8,43927.8,44103.5,17004
20260610,1515,44272.1,44456.9,44093.4,44168.5,8288
20260610,1530,44167.5,44217.2,44040.5,44149.2,2976
20260610,1545,44152.2,44208,44067,44116.7,1258
20260610,1600,44115.7,44163.3,44062.9,44131.9,938
20260610,1615,44136,44142,43814,43857.7,5418
20260610,1630,43865.8,43939.9,43828.3,43889.2,2422
20260610,1645,43900.3,43956.1,43609.9,43633.2,3708
20260610,1700,43635.2,43690,43457.5,43521.5,4712
20260610,1715,43517.4,43524.5,43238.1,43243.2,4788
20260610,1730,43243.2,43454.4,43226,43451.4,3854
20260610,1745,43449.4,43538.7,43390.5,43420.9,3456
20260610,1800,43420.9,43492,43373.2,43488,1706
20260610,1815,43492,43500.1,43305.2,43306.1,1830
20260610,1830,43310.2,43375.2,43171.1,43354.9,3512
20260610,1845,43349.8,43529.6,43336.7,43528.6,2726
20260610,1900,43528.6,43648.4,43500.2,43643.4,4158
20260610,1915,43648.4,43697.1,43137.6,43394.5,6928
20260610,1930,43399.6,43497,43229,43282.8,3366
20260610,1945,43279.7,43311.2,43126.4,43183.2,2856
20260610,2000,43169,43335.6,43128.5,43255.4,1764
20260610,2015,43251.3,43398.5,43222.9,43283.8,1952
20260610,2030,43281.8,43449.3,43237.1,43420.9,1916
20260610,2045,43432.1,44208,43432.1,43989.7,16424
20260610,2100,43979.6,44077,43874,43884.1,3634
20260610,2115,43895.3,43974.4,43748,43921.7,3634
20260610,2130,43915.6,44004.9,43862.8,43907.4,2252
20260610,2145,43911.5,44300.5,43679,44294.4,14656
20260610,2200,44297.5,44454.8,44084.2,44157.3,11632
20260610,2215,44161.4,44431.5,44010.1,44326.9,6936
20260610,2230,44323.9,44552.4,44226.4,44492.5,7882
20260610,2245,44480.3,44663.1,44413.3,44430.5,6522
20260610,2300,44421.4,44443.7,43866.9,43986.7,10766
20260610,2315,43991.7,44151.2,43802.9,43817,8940
20260610,2330,43808.9,43904.3,43563.2,43740.9,9096
20260610,2345,43739.8,43902.3,43643.4,43878,5696
20260611,0,43874.9,43954.1,43448.4,43898.3,12972
20260611,15,43901.3,43977.5,43712.5,43761.2,5136
20260611,30,43772.4,43851.5,43709.4,43805.9,2522
20260611,45,43804.9,43986.6,43739.9,43816,3450
20260611,100,43815,43843.4,43698.3,43805.9,2628
20260611,115,43808.9,43915.5,43640.4,43660.6,2238
20260611,130,43646.4,43782.5,43637.3,43728.7,1328
20260611,145,43716.5,43736.8,43585.5,43588.5,1330
20260611,200,43583.4,43926.7,43580.4,43899.3,3366
20260611,215,43893.2,43982.6,43854.7,43909.5,1856
20260611,230,43897.3,43931.8,43782.6,43835.3,1356
20260611,245,43824.2,43830.2,43691.1,43722.6,1462
20260611,300,43724.6,43745.9,43610.9,43689.1,1042
20260611,315,43689.1,43756.1,43582.5,43610.9,1026
20260611,330,43615.9,43615.9,43309.2,43501.2,3224
20260611,345,43481.9,43723.5,43431.1,43636.2,1994
20260611,400,43628.1,43697.1,43448.4,43469.7,2034
20260611,415,43468.7,43476.7,43268.6,43325.4,1188
20260611,430,43336.6,43376.2,43256.4,43335.6,614
20260611,445,43314.3,43324.4,43222.9,43249.3,672
20260611,500,43242.2,43283.8,43183.3,43283.8,664
20260611,900,43312.2,43877.9,43263.5,43756.1,11952
20260611,915,43759.1,44125.8,43561.1,44123.8,17048
20260611,930,44119.7,44191.8,43893.3,44068.9,12866
20260611,945,44065.9,44086.2,43674.9,43795.7,11232
20260611,1000,43799.8,43809.9,43432.1,43432.1,12674
20260611,1015,43440.2,43637.2,43345.8,43365.1,12394
20260611,1030,43364,43435.1,42915.2,42916.1,18350
20260611,1045,42926.3,43212.7,42710,43119.3,15454
20260611,1100,43125.4,43411.7,43107.1,43363,10874
20260611,1115,43363,43497,43235.1,43249.3,8746
20260611,1130,43249.3,43387.4,43168.1,43383.3,6160
20260611,1145,43383.3,43708.3,43347.8,43658.6,12086
20260611,1200,43655.5,43877.9,43611.9,43861.7,7242
20260611,1215,43869.9,43913.5,43744,43829.2,5326
20260611,1230,43828.2,43899.3,43662.7,43849.5,7136
20260611,1245,43847.5,44043.5,43776.5,44014.1,6816
20260611,1300,44009,44067.9,43869.9,43933.8,5638
20260611,1315,43929.8,43946,43815.1,43911.5,6164
20260611,1330,43905.4,43930.8,43723.6,43850.6,7820
20260611,1345,43844.5,43933.8,43747,43919.6,14746
20260611,1515,44055.7,44123.7,43912.6,43974.5,5072
20260611,1530,43971.4,44152.2,43949.1,44131.9,2956
20260611,1545,44125.8,44165.4,44102.5,44136,1544
20260611,1600,44133.9,44135.9,44037.5,44063.9,1428
20260611,1615,44060.8,44301.5,44058.8,44296.5,3730
20260611,1630,44295.4,44297.4,44226.4,44248.7,1604
20260611,1645,44243.6,44312.7,44226.4,44273.1,1310
20260611,1700,44274.1,44288.3,44226.4,44269,792
20260611,1715,44269,44307.6,44209.2,44233.5,1294
20260611,1730,44236.5,44273,44166.5,44220.3,1436
20260611,1745,44220.3,44279.1,44143.1,44251.8,1440
20260611,1800,44254.8,44309.6,44211.2,44223.3,1306
20260611,1815,44220.3,44275.1,44184.8,44188.8,922
20260611,1830,44194.9,44223.3,44163.4,44175.6,764
20260611,1845,44179.6,44266.9,44179.7,44239.6,548
20260611,1900,44244.6,44281.2,44205.1,44213.2,756
20260611,1915,44212.1,44215.1,44069,44141,2574
20260611,1930,44137,44209.1,44087.3,44169.5,1290
20260611,1945,44165.4,44289.3,44162.4,44263.9,2358
20260611,2000,44260.9,44285.2,44236.6,44251.8,618
20260611,2015,44255.8,44343.1,44243.7,44300.5,1734
20260611,2030,44291.4,44297.4,43674.9,43960.3,9398
20260611,2045,43943,44012,43747,43944,5388
20260611,2100,43946,44124.7,43927.8,44086.2,3354
20260611,2115,44083.2,44098.3,43897.3,43933.8,3328
20260611,2130,43941,44013,43926.8,43990.7,1358
20260611,2145,43992.8,44195.8,43900.4,44109.6,6692
20260611,2200,44096.4,44515.8,44078.1,44402.1,11058
20260611,2215,44398,44588.9,44289.4,44303.6,7418
20260611,2230,44303.6,44399,44156.3,44331,7622
20260611,2245,44333,44436.6,44249.8,44251.8,3910
20260611,2300,44254.8,44304.5,43956.2,44004.9,6340
20260611,2315,44009,44222.3,43920.7,44182.7,6770
20260611,2330,44182.7,44314.7,44148.2,44186.8,4396
20260611,2345,44188.8,44380.7,44184.8,44278.2,3576
20260612,0,44281.2,44349.2,44234.5,44330,2402
20260612,15,44333,44451.8,44271.1,44426.5,3374
20260612,30,44439.7,44458.9,44307.7,44317.8,2380
20260612,45,44316.8,44421.3,44284.3,44323.9,2670
20260612,100,44322.9,44348.2,44177.7,44179.6,2116
20260612,115,44177.6,44268,44113.7,44164.4,2772
20260612,130,44171.5,44685.4,44072,44679.4,6174
20260612,145,44677.3,45046,44675.4,45035.9,10858
20260612,200,45034.9,45080.5,44828.7,44947.5,3722
20260612,215,44946.5,44981,44590,44831.7,5002
20260612,230,44825.6,44926.1,44748.5,44871.3,2894
20260612,245,44877.4,44956.6,44840.9,44944.5,1566
20260612,300,44941.4,45059.2,44932.3,44979,1882
20260612,315,44979,45160.8,44936.4,45137.4,3016
20260612,330,45141.5,45186.1,45089.8,45157.8,1452
20260612,345,45159.8,45295.8,45155.8,45242.1,2416
20260612,400,45237,45243,45039,45169.9,2788
20260612,415,45176,45220.7,45062.3,45213.6,1398
20260612,430,45218.7,45236.9,45183.2,45191.3,440
20260612,445,45188.2,45203.4,45068.4,45098.8,774
20260612,500,45096.8,45121.1,45070.5,45078.5,666
20260612,900,45634.1,45636.1,45395.5,45530.5,12290
20260612,915,45530.5,45559.9,45012.6,45154.7,15888
20260612,930,45154.7,45242,44766.8,44767.7,12852
20260612,945,44770.8,44969.8,44736.3,44871.3,13318
20260612,1000,44869.3,45075.4,44857.2,45035.9,8480
20260612,1015,45039.9,45136.4,44960.8,45010.5,9308
20260612,1030,45015.6,45104.9,44916.1,44947.5,6230
20260612,1045,44947.5,45169.9,44942.5,45055.2,6770
20260612,1100,45054.2,45136.4,45010.5,45114.1,4232
20260612,1115,45112.1,45157.7,45013.6,45065.3,5790
20260612,1130,45062.3,45111,44903.9,44923.1,8250
20260612,1145,44921.1,45102.9,44895.8,45018.6,5822
20260612,1200,45028.8,45035.8,44863.3,45012.5,5512
20260612,1215,45015.6,45090.7,44946.5,45085.6,4872
20260612,1230,45082.6,45106.9,44947.6,45086.7,5746
20260612,1245,45082.6,45117.1,45046.1,45069.4,4796
20260612,1300,45069.4,45116.1,45003.4,45039.9,5182
20260612,1315,45039.9,45100.8,44882.6,44939.4,7236
20260612,1330,44939.4,44990.1,44832.8,44974.9,9638
20260612,1345,44977,45049,44812.5,44881.5,17232
20260612,1515,44642.8,44656,44398.1,44444.7,6706
20260612,1530,44444.7,44591,44418.4,44559.5,2694
20260612,1545,44551.4,44731.1,44521,44728.1,2664
20260612,1600,44724.1,44893.6,44683.5,44873.4,3000
20260612,1615,44877.4,44980,44832.8,44907.9,3050
20260612,1630,44910.9,45135.4,44884.6,45060.3,3802
20260612,1645,45064.3,45098.8,44954.7,44965.8,2098
20260612,1700,44965.8,45045,44937.4,45009.5,1792
20260612,1715,45010.5,45090.7,45008.5,45090.7,1208
20260612,1730,45083.6,45184.1,45080.6,45181.1,2510
20260612,1745,45182.1,45243,45159.8,45169.9,2258
20260612,1800,45168.9,45210.5,45131.4,45167.9,1294
20260612,1815,45159.8,45218.7,45114.1,45157.8,1516
20260612,1830,45159.8,45176,45024.8,45056.2,2174
20260612,1845,45060.3,45128.3,45046.1,45116.1,982
20260612,1900,45117.1,45137.4,45082.6,45092.8,738
20260612,1915,45100.9,45190.2,45099.9,45181.1,1024
20260612,1930,45180.1,45253.2,45172,45229.9,1614
20260612,1945,45221.7,45239,45152.7,45210.6,1176
20260612,2000,45216.7,45237.9,45169,45184.2,820
20260612,2015,45189.2,45193.3,45094.8,45116.1,1214
20260612,2030,45125.3,45136.4,45050.1,45066.3,1552
20260612,2045,45062.3,45122.2,44997.3,45034.9,1828
20260612,2100,45044,45070.4,44901.9,44975.9,2514
20260612,2115,44974.9,45072.4,44922.2,45063.3,2212
20260612,2130,45063.3,45116.1,45017.6,45082.6,1484
20260612,2145,45092.8,45141.5,44841.9,44841.9,9730
20260612,2200,44841.9,45054.1,44756.6,44983.1,5338
20260612,2215,44992.2,45243,44985.1,45162.8,6362
20260612,2230,45163.9,45246.1,45103,45146.6,3480
20260612,2245,45157.8,45227.8,44904.9,44932.3,5064
20260612,2300,44928.2,45245.1,44860.2,45245.1,8768
20260612,2315,45242.1,45292.8,45169,45279.6,4476
20260612,2330,45279.6,45361.9,45240.1,45341.6,3640
20260612,2345,45344.6,45364.9,45152.7,45158.8,4436
20260613,0,45167.9,45249.1,44997.3,45018.6,4706
20260613,15,45025.7,45270.5,45009.5,45224.8,5420
20260613,30,45219.7,45289.7,45171,45220.7,2148
20260613,45,45224.8,45308,45207.6,45276.6,1760
20260613,100,45282.7,45355.8,45272.6,45352.8,1888
20260613,115,45352.8,45465.5,45335.6,45442.2,3746
20260613,130,45443.2,45495.9,45417.8,45452.3,1410
20260613,145,45452.3,45476.6,45411.7,45463.5,1136
20260613,200,45456.4,45511.2,45385.3,45435,1694
20260613,215,45435,45480.7,45381.3,45421.8,1060
20260613,230,45420.8,45460.4,45375.2,45460.4,576
20260613,245,45457.4,45487.8,45450.3,45460.4,398
20260613,300,45460.4,45472.6,45388.4,45388.3,514
20260613,315,45402.5,45466.5,45398.5,45411.7,658
20260613,330,45404.6,45451.2,45395.5,45401.5,408
20260613,345,45406.6,45421.8,45326.4,45400.5,1110
20260613,400,45387.3,45397.4,45346.7,45388.3,484
20260613,415,45390.4,45425.9,45350.8,45403.6,316
20260613,430,45403.6,45424.8,45386.3,45400.5,212
20260613,445,45389.3,45406.6,45386.3,45404.6,284
20260613,500,45412.7,45414.7,45389.4,45405.6,304
20260615,900,46468,46625.4,46374.6,46528.9,14310
20260615,915,46533,46592.9,46130.8,46294.3,19148
20260615,930,46297.4,46332.9,46051.6,46208,10572
20260615,945,46208,46450.7,46151.2,46384.7,16228
20260615,1000,46388.8,46461.9,46290.3,46373.5,11776
20260615,1015,46373.5,46384.7,46221.2,46231.3,9620
20260615,1030,46231.3,46323.7,46201.9,46322.8,9962
20260615,1045,46319.7,46374.5,46214.1,46235.4,9728
20260615,1100,46235.4,46422.2,46225.3,46411.1,14808
20260615,1115,46409.1,46429.4,46325.9,46368.5,13048
20260615,1130,46364.4,46404,46336,46365.4,12318
20260615,1145,46365.4,46444.6,46285.2,46305.5,11976
20260615,1200,46302.4,46334.9,46248.7,46308.5,9940
20260615,1215,46308.5,46319.7,46219.2,46296.4,9018
20260615,1230,46296.4,46357.2,46290.3,46334.9,9104
20260615,1245,46333.9,46336.9,46232.4,46273,10262
20260615,1300,46273,46316.6,46240.5,46306.5,10416
20260615,1315,46303.5,46371.5,46269,46322.8,12386
20260615,1330,46322.8,46335.9,46237.5,46314.6,14066
20260615,1345,46314.6,46368.4,46279.1,46295.3,13736
20260615,1515,46261.8,46432.4,46260.9,46387.8,2716
20260615,1530,46384.7,46500.5,46384.8,46435.5,1706
20260615,1545,46434.5,46479.1,46419.3,46476.1,852
20260615,1600,46475.1,46509.6,46437.6,46479.2,1350
20260615,1615,46478.2,46574.6,46468.1,46570.6,1890
20260615,1630,46570.6,46603,46542.2,46600,1348
20260615,1645,46589.9,46598,46550.3,46550.3,960
20260615,1700,46554.3,46573.6,46493.4,46533,1348
20260615,1715,46530,46575.6,46498.5,46507.6,1166
20260615,1730,46503.6,46520.8,46476.2,46499.5,1184
20260615,1745,46496.4,46507.6,46473.1,46486.3,670
20260615,1800,46481.2,46544.1,46474.1,46535,970
20260615,1815,46528.9,46559.4,46515.8,46557.4,446
20260615,1830,46559.4,46575.6,46537.1,46556.4,580
20260615,1845,46558.4,46561.4,46523.9,46546.2,520
20260615,1900,46549.3,46583.7,46544.2,46577.7,566
20260615,1915,46569.6,46716.8,46567.6,46715.8,2852
20260615,1930,46717.9,46798.1,46717.9,46789,2492
20260615,1945,46790,46793,46707.8,46716.8,1610
20260615,2000,46721.9,46814.3,46712.8,46782.9,1084
20260615,2015,46781.9,46797,46744.3,46772.7,784
20260615,2030,46770.7,46778.8,46724,46770.7,764
20260615,2045,46770.7,46832.6,46769.7,46810.3,1576
20260615,2100,46809.3,46816.3,46763.6,46806.2,924
20260615,2115,46800.1,46807.2,46763.6,46798.1,742
20260615,2130,46799.1,46844.8,46767.7,46806.2,1402
20260615,2145,46806.2,46872.2,46634.6,46705.7,6114
20260615,2200,46710.8,46829.5,46615.3,46623.4,3628
20260615,2215,46626.5,46743.2,46612.3,46725,3478
20260615,2230,46725,46803.1,46682.4,46791,2112
20260615,2245,46794,46800.1,46698.6,46702.6,1708
20260615,2300,46703.6,46795,46688.5,46721.9,1750
20260615,2315,46731.1,46775.7,46716.9,46746.3,1172
20260615,2330,46739.2,46803.1,46722,46789,1212
20260615,2345,46785.9,46857,46750.4,46843.8,2708
20260616,0,46846.9,46952.4,46846.9,46939.3,2498
20260616,15,46940.3,46988,46940.4,46974.8,1656
20260616,30,46971.8,46981.9,46912.9,46977.9,1186
20260616,45,46977.9,46989,46916,46962.6,872
20260616,100,46959.6,46963.6,46926.1,46952.5,760
20260616,115,46950.5,46962.6,46882.5,46907.8,1400
20260616,130,46902.7,46953.5,46892.6,46941.3,510
20260616,145,46940.3,46940.3,46900.7,46916.9,450
20260616,200,46914.9,46941.3,46898.7,46902.7,362
20260616,215,46907.8,46925,46859.1,46920,628
20260616,230,46920,46942.3,46889.6,46889.5,350
20260616,245,46891.5,46958.5,46871.3,46937.3,418
20260616,300,46941.3,46968.7,46930.2,46930.1,388
20260616,315,46931.2,46948.4,46878.4,46909.8,550
20260616,330,46909.8,46943.3,46897.7,46904.8,300
20260616,345,46901.7,46929.1,46868.2,46913.9,814
20260616,400,46913.9,46929.1,46896.7,46928.1,764
20260616,415,46928.1,46929.1,46893.6,46918,414
20260616,430,46919,46945.3,46919,46940.3,360
20260616,445,46944.4,46952.4,46933.2,46934.2,364
20260616,500,46938.3,46975.8,46928.2,46971.8,462
20260616,900,46847.9,46923,46637.7,46720.9,11662
20260616,915,46720.9,46722.9,46238.5,46361.4,16894
20260616,930,46371.5,46430.4,46176.5,46359.3,11648
20260616,945,46359.3,46493.3,46287.3,46472.1,13366
20260616,1000,46472.1,46513.7,46406.1,46438.5,9452
20260616,1015,46437.5,46525.8,46270,46340,10582
20260616,1030,46340,46460.8,46306.6,46355.3,8162
20260616,1045,46355.3,46498.4,46351.2,46491.4,9994
20260616,1100,46491.4,46496.4,46336,46382.7,8756
20260616,1115,46382.7,46446.6,46352.3,46352.2,6822
20260616,1130,46352.2,46514.7,46350.2,46497.5,7336
20260616,1145,46492.4,46615.2,46488.4,46588.9,10584
20260616,1200,46588.9,46668,46559.5,46635.6,7432
20260616,1215,46633.6,46654.8,46554.4,46597,7422
20260616,1230,46597,46625.4,46547.3,46587.9,7434
20260616,1245,46587.9,46589.8,46506.7,46543.2,10394
20260616,1300,46542.1,46553.3,46452.8,46489.3,10288
20260616,1315,46489.3,46578.7,46479.2,46558.4,11816
20260616,1330,46555.4,46599,46520.9,46599,17004
20260616,1345,46596,46608.1,46456.9,46490.3,11410
20260616,1515,46554.3,46573.6,46502.6,46510.7,2162
20260616,1530,46511.7,46549.2,46466,46504.6,966
20260616,1545,46504.6,46508.6,46405.1,46417.2,1424
20260616,1600,46421.3,46477.1,46387.8,46473.1,882
20260616,1615,46465,46555.3,46432.5,46538.1,1288
20260616,1630,46537.1,46619.3,46527,46612.2,1388
20260616,1645,46611.2,46653.8,46553.4,46586.8,1310
20260616,1700,46582.8,46618.3,46555.4,46596,742
20260616,1715,46597,46619.3,46569.6,46571.6,614
20260616,1730,46573.6,46573.6,46522.9,46532,640
20260616,1745,46538.1,46583.7,46537.1,46569.6,488
20260616,1800,46569.6,46590.9,46542.2,46561.4,326
20260616,1815,46564.5,46589.8,46553.4,46571.6,252
20260616,1830,46572.6,46579.7,46534.1,46559.4,534
20260616,1845,46562.5,46614.2,46562.5,46605.1,686
20260616,1900,46601.1,46602,46575.7,46600,480
20260616,1915,46597,46600,46566.6,46572.6,442
20260616,1930,46571.6,46596.9,46525.9,46557.4,780
20260616,1945,46553.3,46562.4,46489.4,46526.9,884
20260616,2000,46524.9,46534,46493.4,46517.8,476
20260616,2015,46516.8,46564.4,46501.6,46512.7,680
20260616,2030,46507.6,46509.6,46412.2,46451.8,1616
20260616,2045,46450.7,46493.3,46429.5,46459.9,988
20260616,2100,46461.9,46529.9,46449.8,46498.5,1196
20260616,2115,46498.5,46506.6,46447.7,46466,908
20260616,2130,46470,46491.3,46439.6,46443.6,744
20260616,2145,46440.6,46574.6,46427.4,46495.4,3492
20260616,2200,46503.6,46581.7,46457.9,46476.1,1994
20260616,2215,46478.2,46541.1,46456.9,46473.1,1864
20260616,2230,46473.1,46490.3,45963.3,46045.5,10438
20260616,2245,46039.4,46169.3,45933.8,46131.8,7858
20260616,2300,46133.8,46176.4,45993.7,46034.3,3904
20260616,2315,46035.3,46197.8,46031.3,46148.1,3764
20260616,2330,46149.1,46196.8,46041.5,46100.3,2916
20260616,2345,46097.3,46134.8,45987.6,46034.3,2968
20260617,0,46034.3,46100.3,45895.2,46036.3,4862
20260617,15,46040.4,46158.2,46036.4,46113.5,2444
20260617,30,46118.6,46148,46080.1,46105.4,1324
20260617,45,46112.5,46112.5,46031.3,46088.1,1260
20260617,100,46087.1,46129.7,46060.8,46114.5,714
20260617,115,46105.4,46129.7,46066.9,46105.4,518
20260617,130,46098.3,46110.4,46018.1,46090.2,688
20260617,145,46078,46109.4,46028.3,46086.1,548
20260617,200,46083.1,46138.9,46065.8,46093.2,574
20260617,215,46092.2,46113.5,46079,46089.2,246
20260617,230,46087.1,46107.4,46062.8,46098.3,350
20260617,245,46090.2,46090.1,46043.5,46068.8,340
20260617,300,46071.9,46071.8,45927.7,45957.1,1174
20260617,315,45957.1,45968.2,45805.8,45828.1,2370
20260617,330,45823,45967.2,45771.3,45964.2,1432
20260617,345,45956.1,46000.7,45835.3,45846.4,1406
20260617,400,45841.3,45841.3,45710.3,45714.4,1444
20260617,415,45716.4,45802.7,45648.4,45678.8,1644
20260617,430,45688,45726.5,45631.1,45699.1,502
20260617,445,45699.1,45729.5,45694.1,45710.3,316
20260617,500,45719.4,45736.7,45687,45726.5,506
20260617,900,46056.6,46122.6,45885,46022.1,6436
20260617,915,46022.1,46165.3,45871.8,46091.2,8238
20260617,930,46099.3,46187.6,46006.9,46173.5,5650
20260617,945,46173.5,46220.1,46079,46098.3,5206
20260617,1000,46099.3,46192.7,46089.2,46165.3,4374
20260617,1015,46171.4,46186.6,46112.6,46186.7,3228
20260617,1030,46186.7,46217.1,46136.9,46166.3,3022
20260617,1045,46166.3,46192.7,46115.6,46137.9,2412
20260617,1100,46148.1,46165.3,46112.6,46143,1956
20260617,1115,46143,46153.1,45973.4,45990.6,3112
20260617,1130,45988.6,45999.7,45821.1,45936.8,4230
20260617,1145,45937.8,46161.2,45919.6,46153.1,3320
20260617,1200,46153.1,46222,46124.8,46187.6,2396
20260617,1215,46190.6,46257.4,46150.2,46254.4,1926
20260617,1230,46256.5,46507.6,46255.5,46446.9,4590
20260617,1245,46450.9,46471.1,46276.8,46283.8,4078
20260617,1300,46278.7,46390.1,46272.7,46377,2838
20260617,1315,46378,46563.3,46340.6,46495.5,6130
20260617,1330,46497.5,46633.2,46482.4,46599.8,5516
20260617,1345,46604.9,46658.5,46580.6,46624.1,6520
20260617,1515,46692,46939.1,46679.9,46883.4,6550
20260617,1530,46883.4,46903.6,46849,46852,1770
20260617,1545,46848,46983.7,46846,46915.8,2510
20260617,1600,46922.9,46942.1,46908.8,46930,746
20260617,1615,46927,46950.2,46815.6,46839.9,2180
20260617,1630,46839.9,46862.1,46785.2,46806.4,1856
20260617,1645,46805.4,46822.6,46710.3,46725.4,1558
20260617,1700,46725.4,46828.7,46702.2,46803.4,1254
20260617,1715,46809.5,46845.9,46768,46783.2,966
20260617,1730,46780.1,46807.4,46731.5,46792.3,980
20260617,1745,46795.3,46835.8,46739.6,46763.9,918
20260617,1800,46763.9,46785.1,46721.4,46766.9,736
20260617,1815,46769,46773,46681.9,46744.7,1034
20260617,1830,46744.7,46768.9,46699.1,46746.7,574
20260617,1845,46744.7,46764.9,46709.3,46763.9,442
20260617,1900,46763.9,46811.5,46730.5,46730.5,1230
20260617,1915,46736.6,46742.6,46698.1,46709.2,744
20260617,1930,46709.2,46751.7,46709.3,46730.5,486
20260617,1945,46725.4,46751.7,46631.3,46652.5,966
20260617,2000,46650.5,46683.8,46587.7,46665.7,1968
20260617,2015,46660.6,46714.2,46635.3,46706.2,1044
20260617,2030,46709.2,46773,46700.1,46742.6,902
20260617,2045,46744.7,46818.6,46739.6,46804.4,1668
20260617,2100,46804.4,46813.5,46752.8,46765.9,730
20260617,2115,46765.9,46798.3,46750.8,46771,556
20260617,2130,46784.2,46843.9,46783.2,46843.9,1108
20260617,2145,46829.7,46960.4,46794.3,46940.2,4428
20260617,2200,46944.2,46965.4,46725.5,46725.4,4330
20260617,2215,46732.5,46891.5,46717.4,46866.2,3654
20260617,2230,46866.2,47070.8,46861.2,47021.2,5402
20260617,2245,47025.2,47051.5,46918.9,46989.8,3430
20260617,2300,46993.8,47016.1,46791.3,46872.3,4638
20260617,2315,46877.4,46946.2,46870.3,46942.2,1848
20260617,2330,46939.1,47031.3,46933.1,47028.3,2224
20260617,2345,47025.2,47053.5,46978.7,46998.9,1746
20260618,0,47004,47053.5,46994.9,47045.5,1088
20260618,15,47048.5,47154.8,47048.6,47113.4,3476
20260618,30,47113.4,47193.3,47103.3,47179.2,1430
20260618,45,47179.2,47200.4,47096.2,47133.6,1928
20260618,100,47129.6,47129.5,47052.6,47109.3,1516
20260618,115,47111.3,47149.8,47062.8,47140.7,1668
20260618,130,47135.6,47175.1,47117.5,47159.9,596
20260618,145,47150.8,47152.8,47099.2,47109.3,624
20260618,200,47107.3,47240.9,47093.1,47210.6,1460
20260618,215,47217.7,47220.7,46301.1,46777.1,11740
20260618,230,46777.1,46916.8,46659.6,46762.9,3060
20260618,245,46763.9,47206.5,46722.4,47202.5,4900
20260618,300,47203.5,47225.7,46930.1,46997.9,2932
20260618,315,47014.1,47126.5,46820.7,47013.1,2698
20260618,330,47028.3,47028.2,46615.1,46694,2888
20260618,345,46682.9,46763.9,46456,46485.4,2726
20260618,400,46498.5,46597.7,46375,46451.9,2394
20260618,415,46460,46622.1,46350.7,46528.9,2004
20260618,430,46533,46607.9,46467.2,46556.3,480
20260618,445,46557.3,46673.7,46557.3,46637.3,556
20260618,500,46634.3,46647.4,46568.5,46629.2,436
20260618,900,47068.8,47112.3,46912.9,46945.2,9776
20260618,915,46943.2,47165,46916.9,47063.7,14884
20260618,930,47063.7,47160.9,46955.4,47045.5,7990
20260618,945,47055.6,47150.8,47026.3,47069.8,5240
20260618,1000,47067.8,47094.1,46897.7,46982.7,8028
20260618,1015,46975.6,47208.5,46942.2,47203.5,7320
20260618,1030,47205.5,47306.8,47079,47094.1,7600
20260618,1045,47093.1,47175.1,47064.8,47141.7,3066
20260618,1100,47134.6,47143.7,46971.6,47027.3,4854
20260618,1115,47029.3,47053.5,46940.2,46961.4,3650
20260618,1130,46963.4,47047.5,46949.3,46969.5,2690
20260618,1145,46973.6,47023.2,46864.2,46984.7,3818
20260618,1200,46988.8,47082.9,46980.7,47022.2,3108
20260618,1215,47024.2,47044.4,46892.6,46895.6,3770
20260618,1230,46898.6,46927.9,46868.3,46900.6,2282
20260618,1245,46898.6,46971.5,46856.1,46949.3,3022
20260618,1300,46948.3,47049.5,46926,47019.2,2816
20260618,1315,47019.2,47176.1,46986.8,47130.6,4802
20260618,1330,47130.6,47256.1,47130.6,47241,8314
20260618,1345,47234.9,47380.7,47192.4,47371.6,13338
20260618,1515,47353.4,47475.9,47331.2,47406.1,3298
20260618,1530,47412.2,47456.7,47372.7,47440.5,1486
20260618,1545,47442.5,47446.5,47390.9,47423.3,926
20260618,1600,47423.3,47489.1,47393,47489.1,890
20260618,1615,47489.1,47595.4,47475,47523.6,2698
20260618,1630,47529.7,47536.7,47459.8,47471.9,1142
20260618,1645,47478,47532.6,47463.9,47509.4,1094
20260618,1700,47504.3,47514.4,47384.9,47416.2,1486
20260618,1715,47414.2,47481,47372.7,47420.3,1576
20260618,1730,47441.5,47464.8,47423.3,47435.5,434
20260618,1745,47434.4,47497.2,47414.2,47482,692
20260618,1800,47483.1,47547.8,47474,47525.6,950
20260618,1815,47527.6,47532.6,47487.2,47518.5,566
20260618,1830,47517.5,47527.6,47492.2,47510.4,456
20260618,1845,47510.4,47524.5,47414.2,47418.2,1078
20260618,1900,47416.2,47444.5,47397,47435.5,1068
20260618,1915,47437.5,47465.8,47379.8,47416.2,1242
20260618,1930,47414.2,47436.4,47379.8,47422.3,670
20260618,1945,47426.3,47442.5,47335.2,47393.9,1656
20260618,2000,47397,47436.4,47355.5,47434.4,824
20260618,2015,47435.5,47470.9,47409.2,47469.9,958
20260618,2030,47470.9,47497.2,47443.6,47486.1,990
20260618,2045,47486.1,47531.6,47480.1,47503.3,1060
20260618,2100,47505.3,47582.3,47481.1,47549.9,1538
20260618,2115,47549.9,47553.9,47502.4,47535.7,1266
20260618,2130,47539.8,47624.8,47528.7,47588.4,2150
20260618,2145,47585.4,47757.5,47567.2,47671.5,7038
20260618,2200,47673.5,47754.5,47664.4,47722.1,3572
20260618,2215,47726.1,47795,47696.8,47753.5,3688
20260618,2230,47751.5,47883.1,47723.2,47828.5,3742
20260618,2245,47820.3,47893.2,47791,47858.8,2584
20260618,2300,47861.9,47905.4,47846.7,47868,1886
20260618,2315,47872,47883.1,47832.6,47842.6,1838
20260618,2330,47838.6,47866.9,47796.1,47804.1,1542
20260618,2345,47808.2,47845.6,47739.4,47820.3,2630
20260619,0,47818.3,47887.1,47793.1,47883.1,1584
20260619,15,47882.1,47960.1,47882.2,47942.9,2860
20260619,30,47942.9,47984.4,47919.7,47960.1,1324
20260619,45,47961.1,47998.6,47949,47985.4,1020
20260619,100,47987.5,48000.6,47932.8,47974.3,1142
20260619,115,47974.3,48067.4,47945,48060.4,1422
20260619,130,48060.4,48096.8,48044.2,48091.8,762
20260619,145,48091.8,48158.6,48088.8,48153.6,1398
20260619,200,48155.6,48161.6,48126.3,48134.3,680
20260619,215,48139.4,48171.8,48112.1,48152.6,642
20260619,230,48150.5,48181.9,48132.4,48137.4,702
20260619,245,48135.4,48140.4,48100,48124.2,644
20260619,300,48125.2,48159.6,48118.2,48141.4,428
20260619,315,48137.4,48145.4,48058.4,48081.7,1098
20260619,330,48085.7,48150.5,48069.6,48101.9,786
20260619,345,48099.9,48198.1,48088.8,48192.1,842
20260619,400,48191.1,48233.6,48152.6,48156.6,1380
20260619,415,48162.7,48183.9,48115.1,48180.9,662
20260619,430,48177.9,48209.2,48173.9,48195.1,264
20260619,445,48194.1,48214.3,48176.9,48176.9,408
20260619,500,48177.9,48187,48132.4,48177.9,738
20260622,900,48071.5,48335.9,47981.4,48304.5,11730
20260622,915,48306.5,48508,48167.8,48406.8,14198
20260622,930,48411.9,48665,48365.3,48586.1,10232
20260622,945,48593.2,48821,48573,48701.6,7248
20260622,1000,48700.5,48742,48484.9,48698.5,7812
20260622,1015,48703.6,48842.3,48669.2,48747.1,6006
20260622,1030,48747.1,48950.7,48740.1,48820.1,5508
20260622,1045,48811,48899,48735,48813,3744
20260622,1100,48818,48874.7,48760.4,48776.5,3278
20260622,1115,48773.5,48815,48679.3,48739,2884
20260622,1130,48744.1,48851.4,48744.1,48777.5,2164
20260622,1145,48783.6,48854.5,48781.6,48808.9,1758
20260622,1200,48811,48871.7,48735,48767.4,2546
20260622,1215,48770.4,48809.9,48750.2,48762.3,1496
20260622,1230,48758.3,48851.4,48738.1,48784.6,2440
20260622,1245,48787.7,48809.9,48645.9,48684.3,3978
20260622,1300,48692.4,48884.8,48682.4,48867.7,3952
20260622,1315,48867.7,48973,48820.1,48925.4,4454
20260622,1330,48924.4,49025.6,48922.4,49025.7,5310
20260622,1345,49026.7,49100.6,48888,49036.8,16078
20260622,1515,49156.3,49303.2,49112.8,49291.1,4906
20260622,1530,49292.1,49408.5,49282,49363,3084
20260622,1545,49363,49400.4,49321.5,49339.7,2014
20260622,1600,49336.6,49368,49298.2,49308.3,972
20260622,1615,49306.3,49340.6,49195.9,49263.7,2342
20260622,1630,49271.8,49307.2,49239.5,49276.9,734
20260622,1645,49273.8,49307.2,49266.8,49297.1,506
20260622,1700,49299.2,49339.6,49272.9,49331.6,594
20260622,1715,49333.6,49504.7,49312.4,49462.2,2688
20260622,1730,49466.3,49514.9,49440,49495.7,1060
20260622,1745,49490.6,49509.8,49447.1,49484.5,996
20260622,1800,49478.4,49530,49465.3,49483.5,1116
20260622,1815,49484.5,49627.3,49479.5,49603,1852
20260622,1830,49603,49628.3,49597,49615.2,1158
20260622,1845,49615.2,49615.1,49560.5,49574.7,980
20260622,1900,49575.7,49597.9,49555.5,49555.4,500
20260622,1915,49557.4,49784.3,49535.2,49576.7,3890
20260622,1930,49583.8,49626.3,49538.3,49602,1162
20260622,1945,49596.9,49674.9,49596,49635.4,936
20260622,2000,49634.4,49654.6,49581.8,49645.6,888
20260622,2015,49650.6,49702.2,49629.4,49697.2,804
20260622,2030,49694.2,49762,49676,49753.9,890
20260622,2045,49755,49793.4,49729.7,49734.7,1464
20260622,2100,49735.7,49739.7,49692.2,49697.2,942
20260622,2115,49702.3,49789.3,49699.3,49777.2,1332
20260622,2130,49783.3,49784.3,49714.5,49729.6,1144
20260622,2145,49723.6,49828.9,49538.3,49549.3,7708
20260622,2200,49553.4,49727.6,49548.4,49715.5,2696
20260622,2215,49705.3,49874.4,49682.1,49771.2,4088
20260622,2230,49773.2,49831.9,49609.2,49631.4,3612
20260622,2245,49640.5,49675.9,49499.8,49516.9,4522
20260622,2300,49526,49634.4,49395.4,49569.6,5054
20260622,2315,49565.5,49650.6,49552.4,49601,2546
20260622,2330,49601,49621.2,49518,49551.4,2320
20260622,2345,49551.4,49660.7,49496.7,49616.2,1884
20260623,0,49632.4,49664.8,49469.4,49486.5,1910
20260623,15,49488.6,49497.6,49332.6,49474.4,3236
20260623,30,49474.4,49530,49429.9,49506.8,1328
20260623,45,49496.7,49511.8,49398.5,49460.2,852
20260623,100,49457.2,49524,49424.8,49505.8,1132
20260623,115,49500.7,49553.3,49434.9,49449.1,780
20260623,130,49466.3,49530,49466.3,49507.8,344
20260623,145,49501.7,49526,49459.2,49478.4,292
20260623,200,49480.5,49513.8,49467.4,49474.4,508
20260623,215,49474.4,49487.5,49421.8,49444,508
20260623,230,49437.9,49487.5,49418.7,49430.8,400
20260623,245,49445,49453.1,49356.9,49357.9,886
20260623,300,49357.9,49408.5,49353.9,49367,394
20260623,315,49379.2,49440.9,49363,49406.5,438
20260623,330,49407.5,49407.5,49344.8,49357.9,426
20260623,345,49356.9,49433.8,49356.9,49368,326
20260623,400,49375.1,49473.3,49368.1,49450.1,784
20260623,415,49453.1,49469.3,49410.6,49456.2,434
20260623,430,49460.2,49489.5,49440,49440,214
20260623,445,49444,49484.5,49444.1,49480.5,102
20260623,500,49482.5,49526,49474.4,49512.9,416
20260623,900,49276.9,49338.6,48827.2,49088.5,11498
20260623,915,49083.4,49235.3,48930.5,48998.3,15548
20260623,930,48998.3,49061.1,48779.6,49028.7,13046
20260623,945,49034.8,49083.4,48706.7,48746.1,8624
20260623,1000,48741.1,48881.8,48578,48773.5,12258
20260623,1015,48785.6,48826.1,48609.4,48758.3,7098
20260623,1030,48753.2,48857.5,48632.7,48749.2,9070
20260623,1045,48756.3,48817,48679.3,48791.7,6466
20260623,1100,48795.8,48810.9,48594.2,48611.4,5954
20260623,1115,48617.5,48693.4,48496,48548.6,7638
20260623,1130,48550.6,48562.7,48473.7,48507.1,3946
20260623,1145,48504,48524.3,48282.3,48433.1,7562
20260623,1200,48427.1,48680.2,48391.7,48677.2,7658
20260623,1215,48676.2,48714.7,48572,48589.1,4016
20260623,1230,48592.2,48594.1,48426.1,48525.3,4564
20260623,1245,48533.4,48533.4,48416,48427.1,2394
20260623,1300,48426.1,48446.3,48213.4,48227.5,6234
20260623,1315,48233.6,48298.4,48187.1,48266,5036
20260623,1330,48265,48308.5,48106,48125.2,6096
20260623,1345,48129.3,48153.5,48014.9,48047.2,12884
20260623,1515,47544.8,47678.5,47333.2,47595.5,8900
20260623,1530,47598.5,47605.6,47344.3,47392.9,3890
20260623,1545,47386.8,47388.8,47099.2,47126.5,6454
20260623,1600,47132.6,47201.4,47031.4,47077.9,3612
20260623,1615,47083,47117.4,46825.7,46852,6668
20260623,1630,46852,46874.3,46615.1,46696,5606
20260623,1645,46691,47001.9,46689,46908.8,5148
20260623,1700,46916.9,46916.8,46760.9,46896.6,2534
20260623,1715,46901.7,47197.4,46896.6,47100.2,3974
20260623,1730,47106.3,47265.2,47106.3,47226.8,4620
20260623,1745,47222.7,47238.9,47147.8,47151.8,2658
20260623,1800,47158.9,47243,47126.6,47183.2,1638
20260623,1815,47186.3,47287.5,47128.6,47140.7,2052
20260623,1830,47143.7,47165,46958.4,46980.7,1990
20260623,1845,46970.5,46982.6,46805.5,46962.4,2572
20260623,1900,46963.4,47007,46867.3,46984.7,1806
20260623,1915,46988.8,47074.8,46917.9,47066.8,1812
20260623,1930,47062.7,47109.3,46979.7,46991.8,1474
20260623,1945,46996.9,47205.5,46969.6,47190.3,2250
20260623,2000,47190.3,47245,47142.8,47201.5,1546
20260623,2015,47200.5,47211.6,47060.7,47084,1540
20260623,2030,47082,47089,46992.9,47063.7,1460
20260623,2045,47057.6,47118.4,46955.4,47042.5,2142
20260623,2100,47038.4,47050.5,46982.7,47021.2,1082
20260623,2115,47021.2,47024.2,46885.5,46946.2,2056
20260623,2130,46937.1,47001.9,46807.5,46878.4,2846
20260623,2145,46873.3,47073.8,46778.1,46940.2,7724
20260623,2200,46922.9,47208.5,46867.3,47183.2,6994
20260623,2215,47183.2,47277.4,47115.4,47222.7,6488
20260623,2230,47222.7,47300.7,47102.3,47158.9,5204
20260623,2245,47153.9,47174.1,47004,47029.3,3766
20260623,2300,47036.4,47125.5,46953.4,47064.7,2856
20260623,2315,47063.7,47112.3,46965.5,46997.9,2190
20260623,2330,47005,47015.1,46844,46869.2,3156
20260623,2345,46866.2,47000.9,46866.3,46919.9,2126
20260624,0,46923.9,47084.9,46893.6,47052.6,2008
20260624,15,47049.5,47185.2,47026.3,47162,2124
20260624,30,47162,47175.1,47048.6,47087,1358
20260624,45,47087,47148.8,47034.4,47141.7,982
20260624,100,47148.8,47149.8,47008.1,47038.4,1250
20260624,115,47040.4,47078.9,46962.5,47034.3,1458
20260624,130,47036.4,47093,46985.8,47044.5,710
20260624,145,47051.6,47072.8,46984.8,46991.8,948
20260624,200,46989.8,47016.1,46868.3,46868.2,1354
20260624,215,46869.2,46972.5,46858.2,46904.7,958
20260624,230,46908.8,46927.9,46857.1,46888.5,648
20260624,245,46880.4,46896.5,46677.9,46677.8,2044
20260624,300,46677.8,46829.7,46651.5,46827.7,1410
20260624,315,46828.7,46990.7,46812.6,46879.4,1560
20260624,330,46873.3,46934,46764,46909.8,1006
20260624,345,46907.7,46926.9,46787.3,46832.8,614
20260624,400,46836.8,46846.9,46711.3,46712.3,1288
20260624,415,46717.3,46886.4,46701.2,46863.2,856
20260624,430,46859.1,46902.6,46854.1,46898.6,380
20260624,445,46894.6,46916.8,46891.6,46904.7,202
20260624,500,46896.6,46901.6,46796.4,46802.4,768
20260624,900,47461.8,47673.4,47087.1,47300.7,18044
20260624,915,47297.7,47313.9,46900.7,47033.3,18712
20260624,930,47038.4,47278.4,46947.3,47089,11958
20260624,945,47086,47261.2,47061.7,47090.1,7016
20260624,1000,47102.2,47368.6,47053.6,47297.7,8314
20260624,1015,47294.7,47330.1,47044.5,47107.3,7030
20260624,1030,47102.2,47170,46851.1,47135.6,11536
20260624,1045,47135.6,47192.3,46800.4,46892.5,8072
20260624,1100,46892.5,46922.9,46617.1,46625.1,10640
20260624,1115,46625.1,46830.7,46489.5,46789.2,11404
20260624,1130,46786.2,46851,46597.8,46851,6980
20260624,1145,46846,46891.5,46780.2,46800.4,5418
20260624,1200,46797.3,46874.3,46730.5,46869.2,3590
20260624,1215,46869.2,46876.3,46638.4,46676.8,3888
20260624,1230,46679.8,46736.5,46563.4,46672.7,5278
20260624,1245,46671.7,47134.6,46671.8,47069.8,9282
20260624,1300,47072.8,47089,46976.7,47045.5,6496
20260624,1315,47043.5,47154.8,47007.1,47114.4,6040
20260624,1330,47112.3,47286.5,46947.3,46965.5,12672
20260624,1345,46964.5,47100.1,46876.4,46984.7,20060
20260624,1515,46958.4,47035.3,46781.2,46804.4,5556
20260624,1530,46810.5,46826.7,46598.9,46611,4006
20260624,1545,46611,46680.8,46359.8,46544.1,7360
20260624,1600,46530.9,46569.4,46311.2,46336.5,4182
20260624,1615,46331.4,46546.1,46294,46545.1,3682
20260624,1630,46542.1,46562.3,46380.1,46441.8,2972
20260624,1645,46443.8,46511.7,46400.3,46436.7,1528
20260624,1700,46438.8,46450.9,46369.9,46381,1414
20260624,1715,46400.3,46464,46327.4,46437.8,2150
20260624,1730,46431.7,46442.8,46231.2,46246.3,3744
20260624,1745,46255.4,46274.6,46126.9,46128.8,3420
20260624,1800,46126.8,46246.3,46086.3,46223,3124
20260624,1815,46221,46241.2,46107.6,46233.2,1722
20260624,1830,46236.2,46356.7,46228.1,46356.7,1856
20260624,1845,46359.8,46463,46339.6,46421.6,1936
20260624,1900,46426.6,46430.6,46304.1,46308.1,1018
20260624,1915,46318.2,46439.7,46228.1,46236.2,2076
20260624,1930,46235.2,46273.6,46198.8,46237.2,1218
20260624,1945,46235.2,46371.9,46235.2,46354.7,1292
20260624,2000,46357.7,46487.3,46331.5,46458,1436
20260624,2015,46461.1,46469.1,46371,46411.4,1034
20260624,2030,46420.5,46465.1,46355.8,46361.8,1262
20260624,2045,46361.8,46371.9,46243.3,46253.4,1856
20260624,2100,46255.4,46265.5,46108.6,46126.8,2774
20260624,2115,46123.8,46177.4,45946.6,45983,5580
20260624,2130,45989.1,46108.5,45917.2,46054.9,4102
20260624,2145,46035.6,46373.9,45841.2,45974.9,11728
20260624,2200,45974.9,46339.5,45919.2,46187.6,7622
20260624,2215,46201.8,46308.1,46151.2,46221,4068
20260624,2230,46219,46281.7,45952.6,46225.1,4166
20260624,2245,46238.2,46419.5,46235.2,46398.3,4310
20260624,2300,46397.2,46476.2,46319.3,46462.1,3586
20260624,2315,46462.1,46547.1,46318.3,46380,4366
20260624,2330,46375,46442.8,46276.8,46421.6,2622
20260624,2345,46423.6,46433.7,46309.2,46348.6,1840
20260625,0,46344.6,46426.6,46288.9,46367.9,1868
20260625,15,46362.8,46422.5,46328.4,46395.2,1138
20260625,30,46398.3,46450.9,46365.9,46415.5,940
20260625,45,46414.5,46415.4,46180.5,46253.4,2564
20260625,100,46244.3,46286.8,46187.6,46207.8,1078
20260625,115,46205.8,46276.7,46079.2,46094.4,1652
20260625,130,46093.4,46131.8,45677.1,45743.9,6496
20260625,145,45741.9,45836.1,45643.7,45769.3,4076
20260625,200,45764.2,45912,45753.1,45786.5,1660
20260625,215,45787.5,45922.2,45763.2,45884.7,1160
20260625,230,45883.7,46176.4,45883.8,46134.9,2552
20260625,245,46126.8,46147,45975.9,46023.5,1012
20260625,300,46029.6,46036.6,45863.5,45915.1,1428
20260625,315,45923.2,46029.5,45772.3,45885.7,1596
20260625,330,45877.6,46039.6,45819.9,46020.5,1058
20260625,345,46026.5,46115.6,45969.9,46048.8,1564
20260625,400,46055.9,46334.4,46029.6,46254.4,2428
20260625,415,46253.4,46941.1,46227.1,46892.5,7168
20260625,430,46890.5,47215.6,46769,47180.2,5154
20260625,445,47171.1,47429.3,47171.1,47393.9,4206
20260625,500,47390.9,47518.5,47362.6,47514.5,2386
20260625,900,47598.5,47602.5,47107.3,47548.9,23188
20260625,915,47547.9,47579.2,47068.8,47143.7,17124
20260625,930,47152.9,47375.6,47090.1,47154.9,7546
20260625,945,47149.8,47418.2,47085,47205.5,7518
20260625,1000,47205.5,47362.5,47139.7,47158.9,6180
20260625,1015,47159.9,47332.1,46777.1,46803.4,10208
20260625,1030,46807.5,47120.4,46685,47024.2,11306
20260625,1045,47028.3,47142.7,46945.3,46967.5,4182
20260625,1100,46972.6,47117.4,46892.6,47116.4,3690
20260625,1115,47116.4,47231.8,47039.5,47091.1,4142
20260625,1130,47090.1,47224.7,47055.7,47086,3808
20260625,1145,47089,47222.7,46978.7,47017.1,3690
20260625,1200,47013.1,47123.4,46983.8,47074.9,2922
20260625,1215,47080.9,47112.3,47026.3,47078.9,2146
20260625,1230,47070.8,47142.7,46992.9,47028.3,2978
20260625,1245,47036.4,47104.2,46952.4,47096.1,3352
20260625,1300,47099.2,47156.9,47068.8,47102.2,3326
20260625,1315,47097.1,47301.7,47083,47219.7,6204
20260625,1330,47217.7,47226.7,47058.7,47125.5,6364
20260625,1345,47130.6,47169,47034.4,47143.7,11696
20260625,1515,47028.3,47252.1,47028.3,47176.2,3154
20260625,1530,47176.2,47261.2,47162,47178.2,1414
20260625,1545,47183.2,47257.1,47152.9,47228.8,1092
20260625,1600,47228.8,47240.9,47190.4,47235.9,864
20260625,1615,47235.9,47296.6,47175.2,47200.5,1848
20260625,1630,47197.4,47204.5,47144.8,47147.8,1174
20260625,1645,47149.8,47222.7,47143.8,47204.5,770
20260625,1700,47204.5,47209.5,47081,47124.5,1370
20260625,1715,47129.6,47198.4,47101.2,47163,1382
20260625,1730,47164,47198.4,47091.1,47127.5,1112
20260625,1745,47131.6,47163.9,47122.5,47127.5,530
20260625,1800,47121.5,47121.4,46959.4,47002.9,2656
20260625,1815,47006,47070.8,46985.8,47064.7,880
20260625,1830,47064.7,47078.9,47007.1,47066.8,698
20260625,1845,47066.8,47141.7,47066.8,47085,1060
20260625,1900,47097.1,47154.8,47068.8,47107.3,608
20260625,1915,47114.4,47192.3,47114.4,47127.5,1118
20260625,1930,47126.5,47151.8,47052.6,47074.9,910
20260625,1945,47064.7,47096.1,47008.1,47088,1114
20260625,2000,47083,47110.3,47068.8,47080.9,482
20260625,2015,47085,47216.6,47057.7,47152.9,1758
20260625,2030,47149.8,47192.3,47121.5,47156.9,996
20260625,2045,47159.9,47488.1,47160,47336.2,9280
20260625,2100,47340.2,47457.7,47326.1,47414.2,2106
20260625,2115,47418.2,47443.5,47354.5,47371.6,1294
20260625,2130,47372.7,47376.7,47294.7,47336.2,1700
20260625,2145,47334.2,47393.9,46732.6,46754.8,11772
20260625,2200,46758.8,46830.7,45922.3,45955.6,38900
20260625,2215,45961.7,46555.2,45894.9,46351.7,23580
20260625,2230,46348.6,46568.4,46266.6,46408.4,7420
20260625,2245,46411.4,46548.1,46347.7,46415.5,4626
20260625,2300,46409.4,46623.1,46363.9,46447.9,5368
20260625,2315,46461.1,46602.8,46251.4,46271.6,4666
20260625,2330,46279.7,46473.2,46163.3,46370.9,4482
20260625,2345,46372.9,46509.6,46360.8,46509.7,2094
20260626,0,46497.5,46592.7,46441.9,46462.1,2456
20260626,15,46461.1,46727.4,46441.9,46718.3,5522
20260626,30,46720.4,46896.5,46663.7,46693,5438
20260626,45,46698.1,46703.1,46403.4,46425.6,3932
20260626,100,46415.5,46431.6,46319.3,46381,3632
20260626,115,46388.1,46427.6,46332.5,46361.8,2044
20260626,130,46368.9,46449.9,46254.5,46341.5,2720
20260626,145,46344.6,46352.6,46258.5,46279.7,1582
20260626,200,46278.7,46348.6,46173.4,46340.5,2168
20260626,215,46341.5,46345.5,46177.5,46296,1962
20260626,230,46287.9,46426.6,46259.5,46422.6,2018
20260626,245,46421.6,46423.5,46220,46287.9,880
20260626,300,46288.9,46333.4,46192.7,46302,860
20260626,315,46306.1,46306,46122.8,46153.1,1180
20260626,330,46142,46281.7,46088.4,46265.6,1228
20260626,345,46266.6,46281.7,46180.5,46232.1,624
20260626,400,46226.1,46326.3,46108.6,46322.3,1028
20260626,415,46322.3,46479.2,46290.9,46382.1,1218
20260626,430,46383.1,46435.7,46382.1,46406.4,372
20260626,445,46414.5,46422.5,46344.6,46353.7,528
20260626,500,46348.6,46408.3,46344.6,46395.2,526
20260626,900,46298,46395.2,46177.5,46249.4,8908
20260626,915,46248.4,46380,45985,46262.5,16800
20260626,930,46268.6,46513.7,46250.4,46407.4,7686
20260626,945,46409.4,46486.3,45937.4,45988,12274
20260626,1000,45987,46020.4,45744,45972.8,17676
20260626,1015,45969.8,46074.1,45869.6,45945.5,7622
20260626,1030,45947.5,45964.7,45750.1,45840.2,8354
20260626,1045,45840.2,45923.2,45622.4,45664.9,10372
20260626,1100,45660.9,45695.3,45517.1,45576.8,8760
20260626,1115,45576.8,45585.9,44834.4,45348.9,20028
20260626,1130,45346.9,45438,45255.8,45390.4,10422
20260626,1145,45397.5,45476.5,45241.6,45476.5,6248
20260626,1200,45476.5,45723.6,45326.7,45674,7924
20260626,1215,45675.1,45743.9,45561.7,45684.2,4656
20260626,1230,45684.2,45735.8,45511,45579.8,4596
20260626,1245,45581.9,45613.2,45330.7,45401.6,5348
20260626,1300,45408.7,45412.7,45277,45321.6,4400
20260626,1315,45319.5,45340.8,45213.2,45271.9,7838
20260626,1330,45274,45307.3,45092.7,45201,12020
20260626,1345,45204.1,45385.3,44935.7,44944.8,22826
20260626,1515,45478.6,45544.3,45241.6,45387.4,6674
20260626,1530,45381.3,45460.3,45350,45457.3,2472
20260626,1545,45457.3,45502.8,45396.6,45405.6,2250
20260626,1600,45404.6,45522.1,45373.3,45489.7,2022
20260626,1615,45491.7,45605.1,45326.7,45359,3062
20260626,1630,45361.1,45383.3,45265.9,45357,2074
20260626,1645,45344.9,45359,45091.7,45091.6,2476
20260626,1700,45095.7,45112.9,44703.7,44905.3,5740
20260626,1715,44908.3,45079.4,44866.8,45058.2,3246
20260626,1730,45051.1,45103.7,44935.7,45060.2,2232
20260626,1745,45054.2,45192.9,44978.2,45168.6,2158
20260626,1800,45170.6,45219.2,45055.2,45071.4,2032
20260626,1815,45071.4,45080.4,44953.9,45063.3,1322
20260626,1830,45058.2,45097.7,44972.2,45011.6,870
20260626,1845,45009.6,45061.2,44837.5,44863.7,2154
20260626,1900,44860.7,44948.8,44804,44906.3,1880
20260626,1915,44908.3,45058.2,44893.2,45013.6,1558
20260626,1930,45007.6,45009.5,44853.7,44865.8,1040
20260626,1945,44867.8,44950.8,44850.6,44883,946
20260626,2000,44881,44919.4,44766.5,44870.8,1610
20260626,2015,44871.8,45112.9,44841.5,45066.3,2208
20260626,2030,45066.3,45119.9,44964.1,45027.8,1228
20260626,2045,45023.8,45035.9,44870.9,44902.2,1414
20260626,2100,44892.1,44956.9,44852.6,44941.7,1176
20260626,2115,44947.8,44947.8,44836.4,44924.5,1208
20260626,2130,44922.5,45023.7,44744.3,45023.8,3250
20260626,2145,45015.7,45108.8,44779.7,44999.5,7504
20260626,2200,44992.4,45252.6,44861.8,45215.2,5498
20260626,2215,45230.4,45457.2,45230.5,45401.6,7098
20260626,2230,45401.6,45469.4,45302.4,45376.3,4266
20260626,2245,45373.2,45410.6,45241.6,45281,3304
20260626,2300,45282.1,45390.4,45236.5,45294.2,2524
20260626,2315,45295.2,45338.7,45125.1,45139.2,3166
20260626,2330,45139.2,45501.8,45071.4,45492.7,4464
20260626,2345,45485.6,45711.5,45415.8,45673,6436
20260627,0,45676.1,45696.3,45463.4,45613.3,4060
20260627,15,45617.3,45660.8,45591,45660.9,2278
20260627,30,45660.9,45691.2,45535.3,45665.9,2424
20260627,45,45669,45839.1,45669,45795.6,3362
20260627,100,45791.5,45848.2,45758.2,45816.9,1506
20260627,115,45803.7,45955.6,45774.4,45893.8,2906
20260627,130,45889.8,45901.9,45788.6,45883.7,1502
20260627,145,45883.7,45932.3,45804.8,45858.4,1274
20260627,200,45872.6,45872.5,45714.6,45725.7,1074
20260627,215,45728.7,45764.1,45612.3,45648.7,1604
20260627,230,45650.7,45681.1,45540.4,45580.9,1418
20260627,245,45582.9,45649.7,45543.4,45579.8,1008
20260627,300,45580.9,45580.8,45396.6,45452.2,2132
20260627,315,45452.2,45675,45425.9,45664.9,1510
20260627,330,45660.9,45673,45537.4,45593,878
20260627,345,45596.1,45758.1,45542.4,45755.1,1058
20260627,400,45753,45771.2,45569.8,45593,1942
20260627,415,45583.9,45694.3,45481.6,45575.8,1286
20260627,430,45571.7,45634.5,45566.7,45595,448
20260627,445,45594,45605.1,45500.9,45547.4,712
20260627,500,45544.4,45616.3,45521.1,45574.8,750
20260629,900,45376.3,45678,44944.8,45538.3,20072
20260629,915,45544.4,46076.1,45349,45794.6,21952
20260629,930,45789.5,45979.9,45606.2,45772.3,8716
20260629,945,45776.3,46211.8,45754.1,46177.4,11050
20260629,1000,46175.4,46225,45991.1,45999.2,6272
20260629,1015,45998.2,46082.2,45649.8,45684.2,8420
20260629,1030,45672,46002.2,45646.7,45964.7,5724
20260629,1045,45965.8,46020.4,45911.1,45971.8,2762
20260629,1100,45974.9,46005.2,45796.7,45935.4,5246
20260629,1115,45937.4,46085.2,45880.7,45880.7,3502
20260629,1130,45877.6,45957.6,45830.1,45896.9,2560
20260629,1145,45897.9,45960.6,45590,45640.6,5940
20260629,1200,45639.6,45997.1,45628.5,45969.8,6156
20260629,1215,45973.9,45976.8,45802.7,45831,3080
20260629,1230,45834.1,45856.3,45709.5,45712.5,3362
20260629,1245,45713.5,45797.6,45617.4,45649.7,3594
20260629,1300,45652.8,45848.2,45604.2,45684.2,3440
20260629,1315,45694.3,45842.1,45638.6,45829,4356
20260629,1330,45827,45963.7,45809.8,45855.4,7048
20260629,1345,45855.4,46169.3,45821,46136.9,13522
20260629,1515,46167.3,46271.6,46114.7,46220,3844
20260629,1530,46219,46323.3,46179.5,46304.1,2080
20260629,1545,46307.1,46422.5,46236.2,46384.1,2854
20260629,1600,46383.1,46388.1,46327.4,46358.8,1108
20260629,1615,46354.7,46459,46335.5,46408.4,2256
20260629,1630,46410.4,46486.3,46378,46398.3,1398
20260629,1645,46387.1,46420.5,46340.6,46380,1242
20260629,1700,46378,46471.1,46329.4,46338.5,1496
20260629,1715,46335.5,46387.1,46315.3,46378,1084
20260629,1730,46369.9,46430.6,46350.7,46415.5,1108
20260629,1745,46415.5,46422.5,46356.8,46370.9,580
20260629,1800,46376,46400.2,46319.3,46381,746
20260629,1815,46384.1,46455.9,46379.1,46400.3,810
20260629,1830,46406.4,46451.9,46369.9,46451.9,570
20260629,1845,46456,46554.2,46429.7,46516.8,1750
20260629,1900,46512.7,46565.3,46476.3,46541.1,1382
20260629,1915,46546.1,46571.4,46465.2,46472.2,1284
20260629,1930,46478.3,46483.3,46429.7,46442.8,972
20260629,1945,46441.8,46519.8,46411.5,46462.1,2460
20260629,2000,46463.1,46499.5,46445.9,46462.1,494
20260629,2015,46456,46529.9,46435.8,46512.7,792
20260629,2030,46514.7,46538,46478.3,46490.4,694
20260629,2045,46490.4,46497.5,46347.7,46399.3,1636
20260629,2100,46401.3,46466.1,46398.3,46463.1,874
20260629,2115,46465.1,46518.7,46463.1,46493.5,890
20260629,2130,46491.4,46495.4,46377,46395.2,1094
20260629,2145,46390.2,46558.2,46212.9,46543.1,7500
20260629,2200,46547.2,46601.8,46153.2,46208.8,7300
20260629,2215,46226.1,46228,45712.6,45719.6,11044
20260629,2230,45711.5,46106.5,45618.4,46085.3,8528
20260629,2245,46075.1,46243.2,46060,46106.5,5162
20260629,2300,46097.4,46374.9,45996.2,46373.9,4936
20260629,2315,46364.8,46405.3,46297,46375,2868
20260629,2330,46375,46446.8,46241.3,46438.8,3126
20260629,2345,46437.8,46534.9,46408.4,46524.9,2310
20260630,0,46515.8,46683.8,46466.2,46680.9,4262
20260630,15,46681.9,46810.5,46681.9,46810.5,4134
20260630,30,46809.5,46930,46791.3,46835.8,3872
20260630,45,46844.9,46865.1,46780.2,46847,1764
20260630,100,46847,46988.7,46825.7,46961.4,1972
20260630,115,46965.5,47051.5,46953.4,47026.2,2026
20260630,130,47019.2,47030.2,46913.9,46961.4,1566
20260630,145,46958.4,46983.7,46909.8,46961.4,1036
20260630,200,46957.4,47008,46934.1,46963.4,684
20260630,215,46969.5,47018.1,46945.3,47002.9,630
20260630,230,47001.9,47016.1,46947.3,46950.3,564
20260630,245,46957.4,47070.8,46945.3,47059.7,774
20260630,300,47058.7,47073.8,46981.7,46987.8,516
20260630,315,46992.8,46998.8,46885.5,46935.1,1226
20260630,330,46921.9,47007,46922,46970.5,336
20260630,345,46970.5,47002.9,46938.2,46959.4,364
20260630,400,46975.6,47024.2,46939.2,47005,1114
20260630,415,47005,47004.9,46892.6,46972.6,1026
20260630,430,46971.6,46973.5,46946.3,46946.2,218
20260630,445,46953.3,46958.3,46930.1,46939.1,178
20260630,500,46940.2,46975.6,46915.9,46958.4,440
20260630,900,46694,46852,46513.8,46847,14512
20260630,915,46846,47007,46658.6,46875.3,15080
20260630,930,46875.3,47158.9,46826.8,47104.2,9818
20260630,945,47105.3,47249,46937.2,47072.8,9018
20260630,1000,47065.7,47168,46925,47168.1,4838
20260630,1015,47168.1,47174.1,46938.2,46938.1,4066
20260630,1030,46943.2,47210.5,46798.4,47198.4,7310
20260630,1045,47198.4,47340.2,47183.3,47241,7308
20260630,1100,47235.9,47277.4,47118.5,47125.5,2952
20260630,1115,47119.4,47134.6,47004,47006,3918
20260630,1130,47012.1,47117.4,47006,47112.3,2738
20260630,1145,47113.4,47186.2,47096.2,47137.7,2424
20260630,1200,47132.6,47213.6,47114.4,47179.2,2072
20260630,1215,47175.1,47327,47175.2,47292.6,3054
20260630,1230,47295.7,47385.8,47269.4,47380.8,2744
20260630,1245,47378.7,47420.2,47354.5,47405.1,2954
20260630,1300,47402,47441.5,47363.6,47366.6,3078
20260630,1315,47363.5,47411.1,47342.3,47376.7,3402
20260630,1330,47375.7,47385.8,47237,47269.3,6314
20260630,1345,47279.5,47487.1,47155.9,47332.1,23966
20260630,1515,47285.5,47301.7,47187.3,47218.7,3804
20260630,1530,47222.7,47339.2,47222.8,47273.4,1148
20260630,1545,47284.5,47316.9,47268.4,47282.5,818
20260630,1600,47286.6,47288.5,47127.6,47213.6,2022
20260630,1615,47211.6,47263.2,47180.3,47180.2,1238
20260630,1630,47176.2,47234.9,47107.3,47230.8,1208
20260630,1645,47232.9,47240.9,46962.5,47066.8,2592
20260630,1700,47065.7,47144.7,47028.3,47132.6,1286
20260630,1715,47131.6,47154.8,47057.7,47129.6,1168
20260630,1730,47133.6,47175.1,47108.3,47109.3,1028
20260630,1745,47112.3,47134.6,47057.7,47124.5,812
20260630,1800,47128.5,47166,47118.5,47139.7,638
20260630,1815,47144.8,47188.3,47135.7,47166,624
20260630,1830,47164,47182.2,47140.8,47172.1,374
20260630,1845,47173.1,47200.4,47115.4,47176.2,622
20260630,1900,47169.1,47327,47160,47291.6,1330
20260630,1915,47296.7,47370.6,47269.4,47357.5,1588
20260630,1930,47359.5,47382.7,47262.3,47311.9,1432
20260630,1945,47312.9,47349.3,47293.7,47342.3,586
20260630,2000,47342.3,47387.8,47302.8,47306.8,1134
20260630,2015,47302.8,47324,47203.6,47211.6,1048
20260630,2030,47218.7,47261.2,47183.3,47195.4,1174
20260630,2045,47191.3,47257.1,47162,47230.8,1020
20260630,2100,47230.8,47248,47172.2,47183.2,598
20260630,2115,47182.2,47261.2,47182.3,47218.7,572
20260630,2130,47217.7,47311.8,47197.5,47292.6,1076
20260630,2145,47294.7,47551.9,47235,47486.1,7292
20260630,2200,47486.1,47705.8,47486.1,47702.9,5644
20260630,2215,47705.9,47807.1,47639.1,47801.1,5456
20260630,2230,47793,47968.2,47776.8,47934.8,5184
20260630,2245,47928.7,47990.5,47859.9,47922.6,3904
20260630,2300,47917.6,47924.6,47787,47815.3,2458
20260630,2315,47816.3,47964.1,47816.3,47921.6,2228
20260630,2330,47921.6,47929.7,47844.7,47849.7,1598
20260630,2345,47851.7,47909.4,47818.4,47874,1186
20260701,0,47879.1,47929.7,47857.9,47880.1,996
20260701,15,47878.1,47947.9,47871,47930.8,1426
20260701,30,47929.7,47962.1,47918.6,47921.6,590
20260701,45,47921.6,47937.8,47893.3,47929.7,492
20260701,100,47933.8,48046.2,47928.8,47985.4,2204
20260701,115,47982.4,48029,47965.2,47999.6,610
20260701,130,47992.5,48036,47990.6,47997.6,306
20260701,145,47997.6,48059.3,47972.3,48042.2,612
20260701,200,48040.1,48070.5,48020.9,48045.2,590
20260701,215,48053.3,48085.7,48037.2,48055.3,588
20260701,230,48061.4,48095.8,48059.4,48092.8,432
20260701,245,48080.7,48121.1,48067.5,48116.1,812
20260701,300,48121.2,48132.3,48086.8,48098.9,544
20260701,315,48096.9,48116.1,48061.5,48102.9,624
20260701,330,48100.9,48114,48024,48030,526
20260701,345,48022.9,48095.8,48006.8,48094.8,550
20260701,400,48095.9,48131.3,48055.4,48066.5,794
20260701,415,48069.5,48104.9,48016.9,48081.7,560
20260701,430,48077.6,48078.6,48045.3,48061.4,162
20260701,445,48055.3,48058.3,48029.1,48037.1,240
20260701,500,48036.1,48041.1,48013.9,48039.1,418
20260701,900,48128.3,48309.5,48017.9,48245.8,10578
20260701,915,48241.7,48301.4,47813.3,47861.9,15286
20260701,930,47855.8,47998.6,47738.4,47934.8,9030
20260701,945,47919.6,47988.4,47617.8,47672.5,9522
20260701,1000,47671.5,47791.9,47513.5,47668.4,9930
20260701,1015,47676.5,47696.7,47499.3,47630.9,6774
20260701,1030,47629.9,47852.7,47630,47725.1,6296
20260701,1045,47721.1,47903.4,47696.8,47859.9,4340
20260701,1100,47860.9,47882.1,47777.9,47800.1,2276
20260701,1115,47801.1,47960.1,47717.1,47907.5,3936
20260701,1130,47911.5,47915.5,47725.2,47776.8,2938
20260701,1145,47771.7,47879,47753.5,47816.3,2710
20260701,1200,47809.2,47994.5,47802.2,47929.7,3704
20260701,1215,47929.7,47929.7,47736.3,47741.3,3042
20260701,1230,47739.3,47808.1,47701.9,47798.1,3590
20260701,1245,47792,47877,47779.9,47844.7,2218
20260701,1300,47843.6,47894.2,47807.2,47815.3,2912
20260701,1315,47812.2,47889.2,47774.8,47844.7,2514
20260701,1330,47844.7,47875,47722.1,47863.9,5940
20260701,1345,47862.9,47905.4,47808.2,47839.6,8624
20260701,1515,47777.8,47800,47593.5,47609.7,2978
20260701,1530,47608.7,47708.9,47559.1,47703.9,1546
20260701,1545,47705.9,47740.3,47689.7,47735.3,1068
20260701,1600,47735.3,47833.5,47716.1,47830.5,1468
20260701,1615,47832.5,47838.5,47752.5,47805.2,1068
20260701,1630,47798.1,47821.3,47742.4,47753.5,540
20260701,1645,47755.5,47858.8,47715.1,47851.7,1206
20260701,1700,47846.7,47857.8,47796.1,47843.6,756
20260701,1715,47843.6,47844.6,47737.3,47777.8,1090
20260701,1730,47778.8,47814.2,47778.9,47791,478
20260701,1745,47783.9,47844.6,47781.9,47834.5,624
20260701,1800,47837.6,47970.2,47837.6,47965.2,2054
20260701,1815,47965.2,48025.9,47896.4,47909.5,1534
20260701,1830,47904.4,47975.3,47890.3,47962.2,914
20260701,1845,47960.1,48047.2,47955.1,47972.3,1326
20260701,1900,47970.3,48105.9,47968.3,48105,1494
20260701,1915,48101.9,48160.6,48078.7,48080.7,1758
20260701,1930,48082.7,48091.8,48050.3,48062.4,772
20260701,1945,48061.4,48071.5,48004.7,48041.2,930
20260701,2000,48041.2,48041.1,47899.4,47928.7,1530
20260701,2015,47929.7,47946.9,47851.8,47909.5,1644
20260701,2030,47907.5,47970.2,47907.5,47953,818
20260701,2045,47948,47977.3,47655.3,47739.3,4210
20260701,2100,47744.4,47752.4,47646.2,47699.8,2420
20260701,2115,47699.8,47759.5,47613.8,47641.1,1876
20260701,2130,47650.2,47757.5,47508.4,47587.4,2950
20260701,2145,47583.3,47694.7,47212.7,47322,12388
20260701,2200,47322,47586.3,47289.6,47526.6,6572
20260701,2215,47532.7,47596.5,47422.3,47493.2,3762
20260701,2230,47499.3,47554.9,47435.5,47486.1,2140
20260701,2245,47485.1,47488.1,47237,47277.4,5134
20260701,2300,47273.4,47315.9,47100.2,47157.9,5652
20260701,2315,47159.9,47235.9,47051.6,47207.6,5354
20260701,2330,47208.6,47357.4,47207.6,47356.4,3888
20260701,2345,47357.5,47359.4,47237,47248.1,3082
20260702,0,47243,47247,47068.8,47075.9,2592
20260702,15,47080.9,47184.2,47075.9,47092.1,2300
20260702,30,47088,47180.2,47080,47137.7,1564
20260702,45,47135.6,47166,47023.3,47073.9,1794
20260702,100,47076.9,47118.4,46923,46943.2,2326
20260702,115,46943.2,47026.2,46884.5,46922.9,2608
20260702,130,46931,47018.1,46900.7,46969.5,1044
20260702,145,46967.5,47003.9,46925,46926,762
20260702,200,46936.1,46957.3,46867.3,46879.4,1054
20260702,215,46884.4,46960.4,46872.3,46916.9,864
20260702,230,46920.9,46974.5,46856.1,46918.9,1208
20260702,245,46916.9,46937.1,46858.2,46879.4,724
20260702,300,46881.4,46881.4,46732.6,46829.7,2240
20260702,315,46826.7,47087,46825.7,47016.1,2236
20260702,330,47018.1,47086,46975.7,47047.5,942
20260702,345,47039.4,47126.5,46925,46933.1,928
20260702,400,46937.1,46983.7,46817.6,46871.3,1296
20260702,415,46867.2,46888.4,46797.4,46871.3,482
20260702,430,46856.1,46876.3,46825.7,46866.2,230
20260702,445,46864.2,46917.8,46814.6,46915.8,326
20260702,500,46916.9,46957.3,46916.9,46951.3,416
20260702,900,46795.3,46809.4,46369.9,46705.2,14100
20260702,915,46715.3,47068.7,46628.2,46954.3,15598
20260702,930,46961.4,47139.6,46854.1,47119.4,11966
20260702,945,47122.5,47327,47098.2,47254.1,8208
20260702,1000,47259.2,47396.9,47238,47347.3,5622
20260702,1015,47352.4,47408.1,47267.4,47359.5,4524
20260702,1030,47360.5,47456.7,47286.6,47347.3,5982
20260702,1045,47346.3,47486,47267.4,47479,4252
20260702,1100,47478,47534.7,47317,47442.5,4688
20260702,1115,47444.6,47454.6,47221.8,47284.5,4098
20260702,1130,47280.5,47338.2,47158,47191.3,3902
20260702,1145,47189.3,47349.3,47184.3,47218.7,3106
20260702,1200,47226.8,47299.7,47165.1,47214.6,2944
20260702,1215,47215.7,47287.5,47139.7,47220.7,2976
20260702,1230,47218.7,47335.1,47144.8,47305.8,2890
20260702,1245,47304.8,47309.8,47086.1,47090.1,3478
20260702,1300,47089,47318.9,47064.8,47303.8,3552
20260702,1315,47313.9,47569.1,47272.4,47521.5,5546
20260702,1330,47517.5,47592.4,47445.6,47457.7,6310
20260702,1345,47453.7,47462.7,47191.4,47199.4,12004
20260702,1515,46896.6,46899.6,46565.4,46592.7,6868
20260702,1530,46586.7,46679.8,46522.9,46659.6,3156
20260702,1545,46668.7,46833.7,46620.1,46827.7,2678
20260702,1600,46826.7,46850,46731.5,46758.8,1818
20260702,1615,46757.8,46819.6,46576.6,46596.8,2418
20260702,1630,46603.9,46832.7,46596.8,46806.4,1646
20260702,1645,46803.4,46881.4,46782.2,46848,1498
20260702,1700,46852,46956.3,46825.7,46947.2,1618
20260702,1715,46945.2,46968.5,46797.4,46846,1676
20260702,1730,46852,46860.1,46752.8,46835.8,1266
20260702,1745,46829.7,46941.1,46824.7,46894.6,1224
20260702,1800,46892.5,46914.8,46817.6,46824.7,506
20260702,1815,46823.7,46830.7,46706.2,46738.6,1234
20260702,1830,46733.5,46828.7,46710.3,46810.5,864
20260702,1845,46814.6,46896.5,46803.5,46843.9,1110
20260702,1900,46840.9,46914.8,46805.5,46911.8,642
20260702,1915,46904.7,46941.1,46849,46908.8,944
20260702,1930,46911.8,46937.1,46836.9,46930,682
20260702,1945,46929,47048.5,46884.5,47045.5,1814
20260702,2000,47042.5,47104.2,47033.4,47037.4,1470
20260702,2015,47033.3,47185.2,47003,47173.1,1996
20260702,2030,47170.1,47289.5,47145.8,47254.1,2512
20260702,2045,47266.3,47611.6,47200.5,47508.4,7866
20260702,2100,47505.3,47563,47393,47453.7,2996
20260702,2115,47461.8,47509.3,47353.5,47461.8,2402
20260702,2130,47457.7,47546.8,47403.1,47413.2,1898
20260702,2145,47410.1,47674.4,47286.6,47570.2,8096
20260702,2200,47577.3,47824.3,47533.8,47806.2,7098
20260702,2215,47807.2,47831.4,47631,47759.6,4612
20260702,2230,47754.5,47754.5,47206.6,47282.5,8060
20260702,2245,47288.6,47401,46973.6,47064.7,9676
20260702,2300,47073.9,47251.1,47028.3,47215.7,6420
20260702,2315,47217.7,47275.4,46844,46996.9,7158
20260702,2330,46997.9,47046.5,46740.7,46827.7,5324
20260702,2345,46822.7,47144.7,46819.7,46990.8,4564
20260703,0,46986.7,47060.6,46871.3,46913.8,2546
20260703,15,46916.9,46938.1,46767,46916.9,3122
20260703,30,46922.9,46947.2,46471.2,46491.4,7344
20260703,45,46494.5,46497.5,46300.1,46366.9,7196
20260703,100,46365.8,46376.9,46137,46222,5570
20260703,115,46225.1,46291.9,46099.5,46184.5,4372
20260703,130,46191.6,46282.7,46152.2,46208.8,2206
20260703,145,46209.9,46316.2,46024.6,46058.9,4290
20260703,200,46052.9,46076.1,45871.6,45908,3492
20260703,215,45913.1,46177.4,45854.4,46096.4,3662
20260703,230,46095.4,46248.3,46010.4,46238.2,2074
20260703,245,46238.2,46288.8,46168.4,46177.4,1568
20260703,300,46182.5,46249.3,46108.6,46204.8,1196
20260703,315,46210.9,46238.2,46042.8,46095.4,1150
20260703,330,46093.4,46160.2,45955.7,46124.8,1176
20260703,345,46126.8,46213.9,46101.5,46166.3,1012
20260703,400,46157.2,46390.1,46143.1,46363.8,1762
20260703,415,46363.8,46390.1,46155.2,46314.2,1792
20260703,430,46317.2,46335.4,46281.8,46296,308
20260703,445,46290.9,46330.3,46250.4,46266.6,454
20260703,500,46266.6,46309.1,46250.4,46256.5,404
20260703,900,46288.9,46498.5,46195.7,46481.3,9760
20260703,915,46482.3,46833.7,46350.7,46721.4,15960
20260703,930,46723.4,46947.2,46665.7,46880.4,7822
20260703,945,46878.4,47016.1,46764,46995.9,5886
20260703,1000,46997.9,47093,46888.5,46961.4,6546
20260703,1015,46956.4,47196.4,46934.1,47030.3,6086
20260703,1030,47033.3,47245,47023.3,47244,4176
20260703,1045,47244,47262.2,47076.9,47139.7,4236
20260703,1100,47144.8,47204.5,47051.6,47168.1,3978
20260703,1115,47170.1,47170,47038.5,47110.3,3100
20260703,1130,47109.3,47236.9,47109.4,47227.8,2674
20260703,1145,47225.8,47296.6,47048.6,47058.7,5018
20260703,1200,47054.6,47402,47041.5,47358.5,5166
20260703,1215,47361.5,47501.2,47329.1,47481,4588
20260703,1230,47479,47622.8,47479.1,47617.8,5738
20260703,1245,47617.8,47658.2,47530.7,47626.9,3404
20260703,1300,47633,47690.6,47580.3,47602.6,3980
20260703,1315,47603.6,47648.1,47566.2,47570.2,3388
20260703,1330,47570.2,47619.7,47454.7,47601.6,6158
20260703,1345,47595.5,47645.1,47555,47571.2,10184
20260703,1515,47636,47720,47551,47585.4,3620
20260703,1530,47585.4,47701.8,47576.3,47614.7,1222
20260703,1545,47617.8,47644.1,47578.3,47596.5,750
20260703,1600,47601.6,47639,47590.5,47609.7,424
20260703,1615,47605.6,47653.2,47585.4,47600.6,636
20260703,1630,47599.5,47630.9,47592.5,47611.7,470
20260703,1645,47607.6,47662.3,47600.6,47654.2,646
20260703,1700,47656.3,47661.3,47529.7,47570.2,1448
20260703,1715,47565.1,47628.9,47524.6,47624.9,828
20260703,1730,47622.8,47677.5,47622.9,47656.3,1028
20260703,1745,47658.3,47676.5,47625.9,47666.4,486
20260703,1800,47660.3,47666.3,47620.9,47620.8,318
20260703,1815,47620.8,47667.4,47603.6,47662.3,724
20260703,1830,47662.3,47666.3,47615.8,47632,240
20260703,1845,47636,47705.8,47633,47703.9,606
20260703,1900,47700.8,47705.8,47662.4,47674.5,362
20260703,1915,47667.4,47689.6,47641.1,47684.6,352
20260703,1930,47682.6,47693.7,47662.4,47676.5,248
20260703,1945,47677.5,47785.9,47673.5,47760.6,1644
20260703,2000,47762.6,47768.6,47723.2,47768.7,598
20260703,2015,47769.7,47919.6,47769.8,47861.9,2768
20260703,2030,47858.8,47864.9,47742.4,47775.8,1254
20260703,2045,47781.9,47799,47757.6,47768.7,582
20260703,2100,47773.8,47799,47752.5,47795,338
20260703,2115,47794,47837.5,47730.3,47741.3,894
20260703,2130,47750.5,47785.9,47739.4,47784.9,700
20260703,2145,47787.9,47841.6,47732.3,47829.5,1538
20260703,2200,47828.5,47911.5,47828.5,47910.5,1300
20260703,2215,47909.5,47944.9,47862.9,47877.1,1396
20260703,2230,47878.1,47927.7,47859.9,47889.2,692
20260703,2245,47886.2,47920.6,47866,47898.3,630
20260703,2300,47894.3,48003.6,47888.3,47998.6,1488
20260703,2315,47999.6,48083.6,47979.4,48058.4,1866
20260703,2330,48058.4,48066.4,48017.9,48027,980
20260703,2345,48025,48037.1,48004.7,48012.8,784
20260704,0,48012.8,48036,47936.9,48003.7,1156
20260704,15,48003.7,48031,47995.6,48023.9,566
20260704,30,48028,48057.3,48009.8,48012.8,654
20260704,45,48013.8,48031,48007.8,48010.8,194
20260704,100,48006.7,48006.7,47981.4,47998.6,328
20260704,115,48004.7,48027.9,47981.4,48000.6,274
20260704,130,48006.7,48014.8,47980.4,47986.5,288
20260704,145,47986.5,48007.7,47875.1,47901.4,960
20260704,200,47901.4,47971.2,47887.2,47889.2,460
20260704,215,47890.2,47908.4,47811.3,47881.1,1082
20260704,230,47887.2,47896.3,47857.9,47892.3,282
20260704,245,47899.4,47909.4,47873.1,47873,142
20260704,300,47874,47907.4,47874.1,47886.2,68
20260704,315,47883.1,47896.3,47877.1,47889.2,118
20260704,330,47886.2,47886.1,47848.8,47882.1,76
20260704,345,47878.1,47878,47840.7,47843.6,94
20260704,400,47843.6,47857.8,47403.1,47603.6,3056
20260704,415,47605.6,47605.6,47130.6,47537.8,2468
20260704,430,47514.5,47591.4,47514.5,47580.3,390
20260704,445,47565.1,47718,47564.1,47685.6,468
20260704,500,47694.8,47737.2,47674.5,47723.1,528
20260706,900,47889.2,48159.6,47861.9,47975.3,12140
20260706,915,47978.4,48000.6,47737.3,47882.1,10344
20260706,930,47888.2,47980.3,47709,47787.9,7074
20260706,945,47786.9,48108,47777.9,48028,10050
20260706,1000,48021.9,48092.8,47747.5,47810.2,7948
20260706,1015,47816.3,47944.9,47497.3,47588.4,7380
20260706,1030,47597.5,47775.7,47517.5,47524.6,6470
20260706,1045,47524.6,47577.2,47260.3,47269.3,7720
20260706,1100,47268.3,47398.9,47181.3,47326.1,7608
20260706,1115,47331.1,47442.5,47270.4,47352.4,4492
20260706,1130,47360.5,47479,47332.2,47443.6,3476
20260706,1145,47450.6,47590.4,47358.5,47418.2,3818
20260706,1200,47413.2,47570.1,47393,47551.9,3112
20260706,1215,47549.9,47613.7,47412.2,47600.6,3912
20260706,1230,47595.5,47661.3,47574.3,47636,3314
20260706,1245,47627.9,47715,47615.8,47662.3,2578
20260706,1300,47666.4,47679.5,47555,47603.6,3568
20260706,1315,47605.6,47626.8,47504.4,47578.3,3710
20260706,1330,47584.3,47627.9,47409.2,47412.2,4852
20260706,1345,47414.2,47503.3,47382.8,47490.1,6512
20260706,1515,47605.6,47688.6,47505.4,47560,2492
20260706,1530,47572.2,47640,47499.3,47516.5,1126
20260706,1545,47516.5,47666.3,47503.4,47666.4,1006
20260706,1600,47668.4,47681.5,47640.1,47648.2,624
20260706,1615,47641.1,47803.1,47636.1,47648.2,2594
20260706,1630,47648.2,47651.1,47553,47603.6,1416
20260706,1645,47601.6,47608.6,47516.5,47571.2,826
20260706,1700,47571.2,47618.7,47560.1,47605.6,350
20260706,1715,47603.6,47604.6,47433.5,47481,1964
20260706,1730,47479,47543.8,47471,47520.5,872
20260706,1745,47518.5,47570.1,47472,47542.8,1116
20260706,1800,47541.8,47593.4,47507.4,47563.1,604
20260706,1815,47557,47601.5,47526.7,47599.5,576
20260706,1830,47599.5,47600.5,47570.2,47581.3,336
20260706,1845,47581.3,47651.1,47557,47558,676
20260706,1900,47557,47573.2,47535.8,47570.2,332
20260706,1915,47568.1,47584.3,47446.6,47488.1,1410
20260706,1930,47493.2,47553.9,47479.1,47526.6,610
20260706,1945,47519.5,47554.9,47472,47498.3,452
20260706,2000,47498.3,47554.9,47476,47479,534
20260706,2015,47478,47558,47463.9,47542.8,836
20260706,2030,47538.8,47545.8,47391.9,47449.6,1402
20260706,2045,47449.6,47484,47414.2,47452.7,530
20260706,2100,47461.8,47529.6,47441.6,47516.5,668
20260706,2115,47524.6,47525.5,47385.9,47401,778
20260706,2130,47411.1,47486,47358.5,47476,1506
20260706,2145,47478,47887.1,47431.5,47844.7,9100
20260706,2200,47831.5,47929.7,47752.5,47842.6,4078
20260706,2215,47845.7,48078.6,47797.1,48057.4,5694
20260706,2230,48056.4,48112,47975.4,47994.6,3534
20260706,2245,47994.6,48071.5,47954.1,48045.2,2672
20260706,2300,48046.2,48046.2,47924.7,47975.3,1822
20260706,2315,47979.4,48035,47851.8,47904.4,2562
20260706,2330,47897.3,48051.2,47814.3,48051.3,2426
20260706,2345,48047.2,48075.5,47989.6,48012.8,1612
20260707,0,48012.8,48021.9,47946,48005.7,1126
20260707,15,48003.7,48042.1,47947,47996.6,1000
20260707,30,47992.5,48006.7,47948,47966.2,566
20260707,45,47960.1,47994.5,47920.7,47958.1,598
20260707,100,47953,47985.4,47904.5,47925.7,666
20260707,115,47930.8,47985.4,47897.4,47956.1,720
20260707,130,47956.1,47977.3,47879.1,47889.2,590
20260707,145,47884.2,47891.2,47787,47842.6,1234
20260707,200,47840.6,47901.3,47811.3,47845.7,634
20260707,215,47848.7,47926.7,47838.6,47896.3,484
20260707,230,47899.4,47977.3,47899.4,47935.8,794
20260707,245,47932.8,47965.1,47906.5,47963.2,384
20260707,300,47958.1,47975.3,47919.7,47949,304
20260707,315,47951,47994.5,47933.8,47944.9,470
20260707,330,47944.9,48003.6,47938.9,47967.2,322
20260707,345,47968.2,47968.2,47919.7,47945.9,370
20260707,400,47950,47962.1,47817.4,47859.9,898
20260707,415,47860.9,47894.2,47832.6,47884.2,384
20260707,430,47881.1,47902.3,47874.1,47878.1,202
20260707,445,47880.1,47909.4,47878.1,47907.5,222
20260707,500,47908.5,47963.1,47892.3,47950,486
20260707,900,47605.6,47616.7,47216.7,47459.8,11120
20260707,915,47456.7,47751.4,47418.3,47612.7,11954
20260707,930,47619.8,47644.1,47267.4,47347.3,10978
20260707,945,47333.2,47666.3,47258.2,47652.2,7852
20260707,1000,47659.3,47795,47541.9,47548.9,7970
20260707,1015,47556,47641,47506.4,47515.5,4216
20260707,1030,47522.6,47561,47327.1,47367.6,5286
20260707,1045,47363.5,47445.5,47314,47355.4,4410
20260707,1100,47354.4,47390.8,47154.9,47209.6,7864
20260707,1115,47210.6,47386.8,47200.5,47216.7,4676
20260707,1130,47216.7,47216.6,46712.3,46723.4,16878
20260707,1145,46734.5,46884.4,46649.5,46714.3,9356
20260707,1200,46715.3,46767.9,46587.7,46733.5,9534
20260707,1215,46728.5,46790.2,46569.5,46584.6,5692
20260707,1230,46580.6,46608.9,46339.6,46485.4,9656
20260707,1245,46485.4,46586.6,46421.6,46494.5,5416
20260707,1300,46493.5,46531.9,46390.2,46453,4310
20260707,1315,46453,46473.2,46275.7,46287.9,6212
20260707,1330,46287.9,46408.3,46186.6,46279.7,9486
20260707,1345,46278.7,46487.3,46240.3,46364.8,23298
20260707,1515,46557.3,46595.7,46396.3,46486.4,3780
20260707,1530,46485.4,46538,46366.9,46414.5,2066
20260707,1545,46408.4,46450.9,46317.3,46318.2,1326
20260707,1600,46317.2,46343.5,46196.7,46197.7,1784
20260707,1615,46200.7,46377.9,46086.3,46342.5,2918
20260707,1630,46346.6,46463,46337.5,46357.7,2092
20260707,1645,46364.8,46430.6,46329.4,46404.3,1050
20260707,1700,46405.3,46453.9,46359.8,46375,712
20260707,1715,46380,46445.8,46320.3,46419.5,1128
20260707,1730,46422.6,46435.7,46346.6,46352.7,642
20260707,1745,46350.7,46356.7,46247.4,46260.5,1326
20260707,1800,46258.5,46347.6,46218,46347.6,1054
20260707,1815,46346.6,46414.4,46295,46326.3,1110
20260707,1830,46333.4,46475.2,46321.3,46412.4,1376
20260707,1845,46410.4,46414.4,46322.3,46331.4,496
20260707,1900,46331.4,46374.9,46254.5,46375,1234
20260707,1915,46372.9,46372.9,46191.7,46214.9,1468
20260707,1930,46219,46309.1,46219,46269.6,1104
20260707,1945,46270.6,46284.8,46132.9,46204.8,2418
20260707,2000,46205.8,46439.7,46205.9,46413.5,4338
20260707,2015,46417.5,46460,46366.9,46420.5,2082
20260707,2030,46417.5,46518.7,46357.8,46449.9,2598
20260707,2045,46448.9,46463,46360.8,46400.3,1406
20260707,2100,46407.4,46410.4,46328.4,46387.1,1048
20260707,2115,46390.2,46397.2,46339.6,46392.2,684
20260707,2130,46384.1,46406.3,46201.8,46201.8,2092
20260707,2145,46199.7,46369.8,46061,46363.8,8104
20260707,2200,46367.9,46395.2,46003.3,46142,6648
20260707,2215,46144,46264.5,45934.4,45941.4,5756
20260707,2230,45944.5,46007.2,45801.7,45899.9,5330
20260707,2245,45893.8,45927.2,45634.6,45689.2,5866
20260707,2300,45691.3,45833,45670,45782.4,4120
20260707,2315,45781.4,45867.5,45717.6,45794.6,3044
20260707,2330,45790.5,45790.5,45570.8,45652.8,4192
20260707,2345,45649.7,45717.5,45549.5,45686.2,3050
20260708,0,45691.3,45836.1,45691.3,45828,3124
20260708,15,45830,45948.5,45809.8,45919.2,3712
20260708,30,45919.2,46064,45876.7,46005.3,3210
20260708,45,46001.2,46030.5,45924.3,45987,1738
20260708,100,45991.1,46021.4,45944.5,46000.2,1596
20260708,115,46004.2,46113.6,45966.8,45993.1,2144
20260708,130,45992.1,46043.7,45950.6,45995.1,1238
20260708,145,46002.2,46093.3,45998.2,46082.2,1544
20260708,200,46086.3,46086.2,46009.4,46069.1,716
20260708,215,46062,46070,45960.7,45972.8,884
20260708,230,45970.8,46020.4,45935.4,45955.6,782
20260708,245,45958.7,45969.8,45830.1,45853.3,1004
20260708,300,45861.4,45899.9,45719.7,45748,1896
20260708,315,45756.1,45778.3,45630.5,45665.9,1756
20260708,330,45661.9,45665.9,45482.7,45649.7,2948
20260708,345,45653.8,45772.2,45653.8,45681.1,1546
20260708,400,45673,45855.3,45665,45850.3,1074
20260708,415,45851.3,45904.9,45794.6,45888.8,774
20260708,430,45885.7,45903.9,45831.1,45843.2,330
20260708,445,45843.2,45894.8,45843.2,45879.7,188
20260708,500,45881.7,45894.8,45787.5,45789.5,432
20260708,900,46193.7,46490.4,46157.2,46490.4,14120
20260708,915,46488.4,46552.2,46187.6,46414.5,16740
20260708,930,46414.5,46430.6,46045.8,46086.3,11296
20260708,945,46080.2,46148,45859.5,46083.2,11832
20260708,1000,46082.2,46305,46033.7,46061,8228
20260708,1015,46061,46073.1,45823,45982,8006
20260708,1030,45974.9,46328.3,45959.7,46203.8,7622
20260708,1045,46210.9,46272.6,46011.4,46250.4,4714
20260708,1100,46244.3,46402.3,46149.1,46258.5,8524
20260708,1115,46261.5,46368.8,46259.5,46337.5,4320
20260708,1130,46329.4,46538,46321.3,46480.3,5462
20260708,1145,46473.2,46550.1,46276.8,46298,4314
20260708,1200,46301,46317.2,46092.4,46095.4,4100
20260708,1215,46096.4,46160.2,46043.8,46063,3774
20260708,1230,46069.1,46175.4,46024.6,46127.8,3916
20260708,1245,46125.8,46163.2,45938.5,46061,5334
20260708,1300,46054.9,46136.9,45961.8,46100.5,4382
20260708,1315,46100.5,46248.3,46029.6,46191.6,6134
20260708,1330,46191.6,46291.9,46126.9,46242.3,6588
20260708,1345,46243.3,46290.8,46117.7,46151.1,13244
20260708,1515,46043.7,46103.5,45890.9,45973.9,3062
20260708,1530,45967.8,46344.5,45932.4,46254.4,5972
20260708,1545,46247.3,46333.4,46212.9,46277.7,1900
20260708,1600,46281.8,46325.3,46263.6,46293.9,1096
20260708,1615,46287.9,46372.9,46211.9,46369.9,2142
20260708,1630,46367.9,46380,45613.3,45668,7988
20260708,1645,45665.9,45696.3,45270,45407.7,7168
20260708,1700,45424.9,45536.2,45305.4,45319.5,4110
20260708,1715,45319.5,45377.2,45163.6,45169.6,4308
20260708,1730,45171.7,45299.2,45149.4,45265.9,2462
20260708,1745,45254.7,45438,45249.7,45383.3,2996
20260708,1800,45383.3,45438,45319.6,45329.7,1326
20260708,1815,45340.8,45387.3,45287.2,45366.1,1454
20260708,1830,45370.2,45506.9,45350,45498.8,1884
20260708,1845,45493.8,45596,45477.6,45572.8,2568
20260708,1900,45570.7,45575.7,45497.9,45506.9,902
20260708,1915,45506.9,45539.3,45440.1,45524.1,1218
20260708,1930,45515,45549.4,45451.3,45457.3,586
20260708,1945,45454.2,45795.5,45419.9,45748,3566
20260708,2000,45744.9,45788.5,45638.6,45731.8,2750
20260708,2015,45730.8,45846.2,45655.9,45822.9,1758
20260708,2030,45812.8,45851.2,45760.2,45808.8,1102
20260708,2045,45802.7,45872.5,45772.3,45866.5,1058
20260708,2100,45868.5,45930.3,45759.2,45761.2,2390
20260708,2115,45764.2,45917.1,45744,45885.7,1554
20260708,2130,45881.7,45892.8,45731.8,45832.1,1702
20260708,2145,45829,46207.8,45829.1,46149.1,9836
20260708,2200,46144,46261.5,46038.7,46175.4,5684
20260708,2215,46167.3,46211.8,45959.7,46023.5,4036
20260708,2230,46016.4,46206.8,45949.6,46119.7,4544
20260708,2245,46107.6,46167.3,45949.6,46025.5,3358
20260708,2300,46029.6,46098.4,45844.3,46022.5,4094
20260708,2315,46027.5,46040.7,45843.2,45853.3,2482
20260708,2330,45858.4,45899.9,45666,45707.5,3672
20260708,2345,45708.5,45941.4,45681.2,45872.6,3742
20260709,0,45871.6,45895.8,45770.3,45849.3,1920
20260709,15,45850.3,46089.3,45841.2,46073.1,3226
20260709,30,46076.2,46198.7,46026.6,46146,3228
20260709,45,46133.9,46317.2,46096.5,46283.8,5014
20260709,100,46282.8,46431.6,46251.4,46422.6,3624
20260709,115,46424.6,46465.1,46344.6,46353.7,2044
20260709,130,46352.7,46529.9,46343.6,46524.9,2000
20260709,145,46524.9,46537,46378,46382.1,1990
20260709,200,46382.1,46395.2,46240.3,46324.3,1526
20260709,215,46326.3,46486.3,46312.2,46457,1816
20260709,230,46449.9,46473.2,46411.5,46419.5,674
20260709,245,46414.5,46450.9,46334.5,46438.8,884
20260709,300,46442.8,46475.2,46411.5,46467.1,426
20260709,315,46468.1,46532.9,46416.5,46461.1,710
20260709,330,46465.1,46486.3,46429.7,46480.3,494
20260709,345,46465.1,46493.4,46357.8,46420.5,738
20260709,400,46421.6,46576.5,46339.6,46530.9,1344
20260709,415,46523.9,46537,46368.9,46407.4,1344
20260709,430,46397.2,46401.2,46241.3,46279.7,808
20260709,445,46270.6,46304,46164.3,46300,822
20260709,500,46283.8,46335.4,46239.3,46316.2,518
20260709,900,46600.8,46654.5,46368.9,46401.3,10036
20260709,915,46409.4,46483.3,46197.8,46320.3,10918
20260709,930,46326.3,46469.1,46266.6,46438.8,5698
20260709,945,46440.8,46688.9,46336.5,46674.8,8768
20260709,1000,46674.8,46752.7,46212.9,46258.5,12966
20260709,1015,46254.4,46594.7,46167.4,46582.6,9502
20260709,1030,46580.6,46701.1,46488.5,46513.7,6440
20260709,1045,46511.7,46571.4,46174.5,46178.5,7330
20260709,1100,46183.5,46192.6,46018.5,46055.9,10186
20260709,1115,46066,46116.6,45931.4,45961.7,7156
20260709,1130,45960.7,46237.2,45915.2,46217,6734
20260709,1145,46219,46355.7,46187.6,46355.7,6256
20260709,1200,46352.7,46497.5,46348.7,46431.7,6308
20260709,1215,46431.7,46521.8,46415.5,46415.5,4210
20260709,1230,46415.5,46451.9,46203.8,46214.9,6000
20260709,1245,46215.9,46420.5,46208.9,46366.9,4342
20260709,1300,46366.9,46415.4,46293,46352.7,3130
20260709,1315,46352.7,46396.2,46179.5,46293.9,6788
20260709,1330,46297,46304,46079.2,46084.3,6992
20260709,1345,46090.3,46285.8,45972.9,46266.6,12972
20260709,1515,46390.2,46553.2,46375,46430.7,4608
20260709,1530,46434.7,46516.7,46381.1,46471.2,2276
20260709,1545,46471.2,46537,46427.7,46533,1896
20260709,1600,46536,46547.1,46435.8,46458,1478
20260709,1615,46458,46625.1,46428.7,46560.3,2620
20260709,1630,46558.3,46637.2,46538.1,46548.2,1224
20260709,1645,46550.2,46564.3,46472.2,46514.7,1258
20260709,1700,46521.8,46523.8,46451,46490.4,702
20260709,1715,46492.5,46559.3,46467.2,46488.4,1332
20260709,1730,46494.5,46529.9,46453,46516.8,830
20260709,1745,46508.7,46539,46394.3,46402.3,1398
20260709,1800,46410.4,46486.3,46408.4,46463.1,564
20260709,1815,46471.2,46506.6,46440.8,46457,470
20260709,1830,46470.2,46516.7,46436.8,46483.3,396
20260709,1845,46475.2,46485.3,46427.7,46467.1,506
20260709,1900,46468.1,46468.1,46289.9,46436.7,2856
20260709,1915,46435.7,46483.3,46388.2,46428.6,1046
20260709,1930,46425.6,46483.3,46382.1,46474.2,820
20260709,1945,46476.2,46603.8,46443.9,46574.5,1704
20260709,2000,46572.5,46673.7,46550.2,46648.4,2174
20260709,2015,46646.4,46706.1,46579.6,46593.7,3088
20260709,2030,46593.7,46688.9,46584.7,46689,1544
20260709,2045,46690,46801.3,46685,46720.4,3080
20260709,2100,46720.4,46749.7,46663.7,46735.5,1208
20260709,2115,46739.6,46815.5,46734.6,46790.2,2756
20260709,2130,46792.3,46870.2,46750.8,46856.1,2258
20260709,2145,46859.1,47029.2,46805.5,46981.7,8478
20260709,2200,46975.6,47027.2,46853.1,46980.7,4278
20260709,2215,46986.7,47072.8,46880.4,46906.7,3426
20260709,2230,46906.7,46906.7,46736.6,46871.3,6970
20260709,2245,46870.3,46957.3,46805.5,46943.2,2468
20260709,2300,46937.1,46990.7,46888.5,46927,2172
20260709,2315,46925,47021.1,46891.6,47009,1930
20260709,2330,47007,47033.3,46939.2,46977.6,1528
20260709,2345,46967.5,47042.4,46967.5,47012.1,972
20260710,0,47012.1,47034.3,46991.9,47005,748
20260710,15,47011.1,47094.1,47011.1,47042.5,2162
20260710,30,47040.4,47061.6,46963.5,46975.6,1114
20260710,45,46977.6,47013,46931.1,46995.9,1238
20260710,100,46992.8,47020.1,46979.7,47001.9,512
20260710,115,46997.9,47075.8,46993.9,47057.6,914
20260710,130,47057.6,47070.8,47041.5,47049.5,400
20260710,145,47053.6,47066.7,47034.4,47042.5,306
20260710,200,47038.4,47058.6,46986.8,47020.2,612
20260710,215,47025.2,47036.3,46993.9,47025.2,288
20260710,230,47019.2,47025.2,46947.3,46981.7,650
20260710,245,46997.9,47013,46974.6,47002.9,346
20260710,300,47002.9,47005.9,46975.7,46996.9,264
20260710,315,46998.9,47009,46900.7,46917.9,844
20260710,330,46912.8,46967.4,46884.5,46920.9,618
20260710,345,46918.9,46918.8,46846,46871.3,746
20260710,400,46876.3,46886.4,46767,46812.5,1342
20260710,415,46821.6,46877.3,46790.3,46876.3,748
20260710,430,46876.3,46909.7,46853.1,46853,356
20260710,445,46857.1,46876.3,46829.8,46846,352
20260710,500,46846,46877.3,46784.2,46877.4,670
20260713,900,46817.6,46975.6,46584.7,46678.8,11956
20260713,915,46673.8,46925.9,46573.5,46706.2,19940
20260713,930,46706.2,46886.4,46449,46539,13812
20260713,945,46542.1,46765.9,46404.4,46423.6,13228
20260713,1000,46429.7,46431.6,46177.5,46375,19780
20260713,1015,46376,46444.8,46271.7,46348.6,11322
20260713,1030,46348.6,46671.7,46320.3,46624.1,13090
20260713,1045,46624.1,46626.1,46440.8,46514.7,15882
20260713,1100,46510.7,46521.8,46405.4,46460,19492
20260713,1115,46460,46475.2,46263.6,46312.2,15542
20260713,1130,46312.2,46394.2,46251.4,46341.5,11240
20260713,1145,46338.5,46369.8,46138,46174.4,16076
20260713,1200,46174.4,46210.8,46057,46100.5,16010
20260713,1215,46098.4,46103.5,45834.1,45934.4,11976
20260713,1230,45937.4,46070,45902,46057.9,12890
20260713,1245,46060,46091.3,45959.7,46034.6,19034
20260713,1300,46034.6,46121.7,45971.9,46064,11736
20260713,1315,46064,46402.3,46019.5,46392.2,13772
20260713,1330,46389.1,46407.3,46030.6,46032.6,31602
20260713,1345,46031.6,46260.5,45985,46204.8,17732
20260713,1515,46120.7,46274.6,46116.7,46267.6,2096
20260713,1530,46263.5,46285.8,46186.6,46248.4,1178
20260713,1545,46252.4,46256.4,46139,46220,1176
20260713,1600,46223,46234.1,46181.5,46215.9,572
20260713,1615,46223,46354.7,46204.8,46319.3,2230
20260713,1630,46328.4,46380,46314.2,46317.2,1006
20260713,1645,46326.3,46400.2,46309.2,46390.2,956
20260713,1700,46385.1,46459,46357.8,46456,1398
20260713,1715,46457,46479.2,46365.9,46390.2,1334
20260713,1730,46393.2,46428.6,46374,46383.1,678
20260713,1745,46382.1,46420.5,46351.7,46395.2,630
20260713,1800,46394.2,46395.2,46327.4,46385.1,600
20260713,1815,46385.1,46411.4,46294,46308.1,942
20260713,1830,46310.1,46349.6,46278.8,46294.9,540
20260713,1845,46294.9,46334.4,46283.9,46292.9,506
20260713,1900,46290.9,46350.6,46290.9,46344.6,396
20260713,1915,46348.6,46434.7,46326.4,46372.9,1188
20260713,1930,46376,46390.1,46303.1,46371.9,694
20260713,1945,46361.8,46414.4,46354.8,46375,422
20260713,2000,46369.9,46374.9,46263.6,46272.7,828
20260713,2015,46278.7,46331.4,46205.9,46257.5,1528
20260713,2030,46263.5,46284.8,46202.8,46221,866
20260713,2045,46217,46242.2,46169.4,46229.1,1056
20260713,2100,46231.1,46325.3,46228.1,46315.2,1034
20260713,2115,46310.1,46337.4,46289.9,46306.1,642
20260713,2130,46302,46377.9,46278.8,46358.8,966
20260713,2145,46361.8,46386.1,45987.1,46017.4,7170
20260713,2200,46023.5,46196.6,45954.7,46158.2,5712
20260713,2215,46152.1,46222,46040.8,46176.4,3790
20260713,2230,46184.5,46302,45856.4,46291.9,7988
20260713,2245,46289.9,46333.4,46158.3,46186.6,3554
20260713,2300,46186.6,46276.7,46116.7,46269.6,2752
20260713,2315,46275.7,46333.4,46172.4,46206.8,2846
20260713,2330,46188.6,46268.6,46172.4,46215.9,1132
20260713,2345,46212.9,46239.2,46118.8,46119.7,1442
20260714,0,46127.8,46138.9,46048.9,46073.1,1750
20260714,15,46073.1,46123.7,46018.5,46051.9,1842
20260714,30,46053.9,46055.9,45951.6,45989.1,1790
20260714,45,45987,45988,45755.1,45893.8,4408
20260714,100,45890.8,45925.2,45772.3,45880.7,2048
20260714,115,45885.7,46015.3,45875.7,45966.8,1466
20260714,130,45965.8,45972.8,45882.7,45911.1,794
20260714,145,45916.1,45974.8,45880.7,45937.4,680
20260714,200,45944.5,45953.6,45827,45843.2,890
20260714,215,45841.2,45955.6,45817.9,45918.1,964
20260714,230,45920.2,45922.2,45824,45831,582
20260714,245,45822.9,45861.4,45784.5,45841.2,868
20260714,300,45840.2,45886.7,45812.9,45837.1,610
20260714,315,45844.2,45918.1,45792.6,45830,892
20260714,330,45814.8,45818.8,45704.5,45722.7,1722
20260714,345,45739.9,45813.8,45723.7,45802.7,1130
20260714,400,45796.6,45817.8,45756.1,45760.1,712
20260714,415,45755.1,45770.2,45681.2,45681.1,870
20260714,430,45681.1,45705.4,45628.5,45697.3,826
20260714,445,45687.2,45701.3,45646.7,45649.7,276
20260714,500,45647.7,45657.8,45612.3,45638.6,816
20260714,900,45626.4,45999.1,45626.5,45905,11412
20260714,915,45905,46049.8,45359.1,45382.3,20986
20260714,930,45394.5,45747.9,45296.3,45623.4,17536
20260714,945,45628.5,45651.7,45213.2,45371.2,16192
20260714,1000,45372.2,45420.8,45002.6,45118,19674
20260714,1015,45119,45199,44920.5,44924.5,15392
20260714,1030,44924.5,44933.6,44683.5,44782.7,17986
20260714,1045,44782.7,45003.5,44642,44876.9,16064
20260714,1100,44876.9,44955.9,44658.2,44747.3,17920
20260714,1115,44755.4,44777.6,44525.5,44555.8,13636
20260714,1130,44555.8,44735,44417.1,44728,11808
20260714,1145,44725,44785.7,44602.5,44662.2,14812
20260714,1200,44658.1,44997.4,44648,44985.3,16222
20260714,1215,44989.3,45035.9,44756.4,44818.2,15254
20260714,1230,44820.2,45014.6,44728.1,44969.1,18260
20260714,1245,44969.1,45173.6,44941.8,45124,17476
20260714,1300,45113.9,45271.9,45099.8,45246.6,16826
20260714,1315,45246.6,45376.2,45160.6,45350.9,15076
20260714,1330,45350.9,45489.6,45326.7,45385.4,18786
20260714,1345,45383.3,45473.4,45339.8,45392.5,18484
20260714,1515,45355,45445.1,45258.8,45386.4,2526
20260714,1530,45380.3,45417.7,45322.6,45328.7,1120
20260714,1545,45326.6,45326.6,45225.4,45253.7,1162
20260714,1600,45263.8,45330.6,45223.4,45317.5,764
20260714,1615,45322.6,45397.5,45260.8,45336.8,1298
20260714,1630,45347.9,45421.8,45344.9,45403.6,1186
20260714,1645,45398.5,45432.9,45377.3,45403.6,716
20260714,1700,45392.5,45392.4,45317.6,45350.9,682
20260714,1715,45347.9,45458.2,45314.5,45435,1016
20260714,1730,45428.9,45435,45374.3,45386.4,542
20260714,1745,45385.4,45432.9,45385.4,45397.5,398
20260714,1800,45388.4,45452.2,45383.4,45405.6,508
20260714,1815,45407.7,45428.9,45374.3,45384.4,430
20260714,1830,45388.4,45400.5,45338.8,45398.5,478
20260714,1845,45389.4,45443.1,45345.9,45398.5,880
20260714,1900,45395.5,45415.7,45370.2,45402.6,650
20260714,1915,45406.6,45475.5,45331.7,45468.4,1814
20260714,1930,45467.4,45573.7,45456.3,45529.2,1792
20260714,1945,45533.3,45593,45502.9,45504.9,1050
20260714,2000,45511,45572.7,45504.9,45555.5,552
20260714,2015,45542.4,45555.5,45462.4,45478.6,856
20260714,2030,45484.6,45727.7,45476.6,45713.5,2362
20260714,2045,45716.6,45934.3,45710.6,45886.7,6308
20260714,2100,45890.8,45895.8,45793.6,45812.8,1562
20260714,2115,45821.9,45868.5,45783.5,45838.1,1212
20260714,2130,45840.2,45908,45801.7,45865.5,1128
20260714,2145,45865.5,45909,45622.4,45689.2,4838
20260714,2200,45698.4,45795.5,45672.1,45774.3,2640
20260714,2215,45768.2,45805.7,45556.6,45582.9,3462
20260714,2230,45581.9,45690.2,45413.8,45643.7,4278
20260714,2245,45643.7,45801.6,45598.1,45711.5,3006
20260714,2300,45711.5,45783.4,45630.5,45755.1,1788
20260714,2315,45756.1,45892.8,45733.9,45845.2,3116
20260714,2330,45848.3,45901.9,45786.5,45832.1,2078
20260714,2345,45833.1,45853.3,45697.4,45767.2,1874
20260715,0,45771.3,45790.5,45681.2,45708.5,1056
20260715,15,45706.5,45716.5,45633.6,45692.3,1674
20260715,30,45686.2,45751,45646.7,45741.9,910
20260715,45,45741.9,45765.2,45710.6,45753,650
20260715,100,45751,45774.3,45708.5,45769.3,540
20260715,115,45772.3,45788.5,45738.9,45747,368
20260715,130,45741.9,45766.2,45709.5,45750,446
20260715,145,45752,45758.1,45709.5,45721.6,372
20260715,200,45721.6,45778.3,45704.5,45759.1,312
20260715,215,45760.1,45800.6,45743,45794.6,302
20260715,230,45794.6,45812.8,45784.5,45794.6,198
20260715,245,45799.6,45809.7,45707.5,45735.8,566
20260715,300,45727.7,45769.2,45711.6,45735.8,222
20260715,315,45750,45758.1,45676.1,45731.8,278
20260715,330,45714.6,45757.1,45701.4,45707.5,264
20260715,345,45702.4,45726.7,45660.9,45726.7,392
20260715,400,45713.5,45755,45708.5,45724.7,324
20260715,415,45738.9,45739.8,45652.8,45700.4,594
20260715,430,45700.4,45700.3,45669,45681.1,58
20260715,445,45681.1,45681.1,45620.4,45636.6,350
20260715,500,45630.5,45641.6,45530.3,45595,556
20260715,900,45937.4,45969.8,45754.1,45848.3,5820
20260715,915,45848.3,45900.9,45613.3,45754.1,6120
20260715,930,45742.9,46035.6,45711.6,46004.2,6464
20260715,945,46011.3,46091.3,45776.4,45794.6,6572
20260715,1000,45797.6,46066,45776.4,46066,4726
20260715,1015,46063,46111.6,46011.4,46032.6,3966
20260715,1030,46032.6,46128.8,45967.8,46013.4,3526
20260715,1045,46016.4,46119.7,45998.2,46076.2,2344
20260715,1100,46081.2,46150.1,46031.6,46057.9,2470
20260715,1115,46057.9,46106.5,45994.2,46084.3,2476
20260715,1130,46081.2,46185.5,46045.8,46157.2,2706
20260715,1145,46160.2,46258.4,46157.2,46221,2664
20260715,1200,46221,46330.4,46221.1,46280.2,2720
20260715,1215,46281.2,46310.3,46144.7,46192.9,2602
20260715,1230,46194.9,46279.2,46182.9,46187.9,1892
20260715,1245,46183.9,46231,46157.8,46182.8,3088
20260715,1300,46183.9,46275.2,46154.8,46261.2,2530
20260715,1315,46265.2,46354.5,46218,46291.3,4596
20260715,1330,46287.3,46319.3,46134.7,46161.8,6202
20260715,1345,46156.7,46285.2,46121.7,46235.1,13342
20260715,1515,46305.3,46429.8,46270.2,46415.8,4972
20260715,1530,46417.8,46445.9,46216,46284.3,2940
20260715,1545,46284.3,46340.4,46255.2,46338.5,1288
20260715,1600,46339.5,46415.7,46325.5,46374.6,1184
20260715,1615,46379.6,46393.6,46248.2,46267.2,1752
20260715,1630,46267.2,46279.2,46194.9,46271.2,1524
20260715,1645,46273.2,46300.3,46239.1,46299.3,948
20260715,1700,46295.3,46336.4,46286.3,46325.4,912
20260715,1715,46325.4,46335.4,46299.4,46317.4,590
20260715,1730,46316.4,46316.3,46275.3,46278.2,574
20260715,1745,46280.2,46301.3,46230.1,46285.3,1140
20260715,1800,46290.3,46294.2,46223.1,46236.1,810
20260715,1815,46239.1,46263.1,46210,46260.2,518
20260715,1830,46257.1,46270.1,46147.8,46160.8,1470
20260715,1845,46158.8,46219.9,46136.7,46161.8,1370
20260715,1900,46156.7,46188.8,46151.8,46176.8,510
20260715,1915,46188.9,46231,46123.7,46152.7,1310
20260715,1930,46150.7,46194.8,46149.8,46182.8,450
20260715,1945,46183.9,46233,46152.8,46194.9,994
20260715,2000,46197.9,46197.9,46129.7,46142.7,1040
20260715,2015,46151.7,46164.7,46044.3,46081.4,1582
20260715,2030,46083.5,46146.7,46050.4,46143.7,786
20260715,2045,46146.7,46259.1,46131.7,46224,2582
20260715,2100,46223,46315.3,46214,46294.3,1726
20260715,2115,46301.3,46335.4,46220,46223,1488
20260715,2130,46223,46261.1,46205,46254.1,1110
20260715,2145,46251.1,46272.2,46000.2,46046.3,5338
20260715,2200,46044.3,46150.7,45990.1,46150.7,4800
20260715,2215,46153.7,46218.9,46045.3,46069.4,3886
20260715,2230,46066.4,46085.4,45825.5,45911.8,6664
20260715,2245,45904.7,45915.7,45688.9,45811.4,6894
20260715,2300,45805.3,45820.3,45729.1,45811.4,3452
20260715,2315,45813.4,45840.4,45747.2,45760.2,2164
20260715,2330,45758.1,45828.4,45637.7,45828.4,4248
20260715,2345,45830.4,45836.4,45740.1,45756.1,1788
20260716,0,45747.1,45756.1,45667.8,45683.9,1944
20260716,15,45682.8,45711.9,45505.2,45520.2,4488
20260716,30,45518.2,45538.2,45436.9,45504.1,2806
20260716,45,45503.1,45532.2,45397.8,45489.1,2678
20260716,100,45491.1,45626.6,45470,45576.4,3240
20260716,115,45577.4,45693.8,45574.5,45640.7,1784
20260716,130,45635.7,45816.3,45633.7,45808.4,1964
20260716,145,45814.4,45839.4,45787.3,45808.4,1190
20260716,200,45810.4,45924.8,45787.3,45861.6,1628
20260716,215,45876.6,46009.1,45869.6,45966,1624
20260716,230,45962,46029.2,45913.8,46010.2,1118
20260716,245,46014.2,46034.2,45918.8,45925.8,698
20260716,300,45921.8,45939.8,45838.5,45863.6,1214
20260716,315,45869.6,45989,45864.6,45945.9,806
20260716,330,45949.9,45962.9,45869.6,45947.9,816
20260716,345,45964,46064.3,45916.8,46058.4,892
20260716,400,46057.3,46064.3,45968,46004.1,616
20260716,415,46004.1,46044.2,45950,45999.1,634
20260716,430,45998.1,46059.3,45998.2,46033.3,218
20260716,445,46039.3,46046.3,46024.3,46037.3,108
20260716,500,46035.3,46049.3,45995.1,46001.1,400
20260716,900,45701.9,45794.2,45605.6,45675.8,9868
20260716,915,45675.8,45823.4,45516.2,45676.8,15100
20260716,930,45663.8,45705.9,45411.8,45426.8,9630
20260716,945,45425.8,45650.7,45372.7,45406.7,10992
20260716,1000,45410.8,45733,45388.7,45569.4,9298
20260716,1015,45562.4,45568.3,45422.9,45504.1,4670
20260716,1030,45503.1,45844.4,45497.2,45790.3,6930
20260716,1045,45791.3,45956.9,45775.3,45899.7,5560
20260716,1100,45898.7,46128.6,45898.8,46069.4,6074
20260716,1115,46070.4,46202.9,46048.4,46192.9,4850
20260716,1130,46191.9,46212.9,45995.1,46028.2,5008
20260716,1145,46022.2,46179.8,46006.2,46094.5,3400
20260716,1200,46093.5,46277.2,46064.4,46275.2,3916
20260716,1215,46277.2,46309.3,46171.9,46274.2,3970
20260716,1230,46273.2,46273.2,46064.4,46097.5,3668
20260716,1245,46093.5,46128.6,46014.2,46014.2,3460
20260716,1300,46013.2,46094.4,45994.1,46054.3,3464
20260716,1315,46057.3,46138.6,46008.2,46134.7,3830
20260716,1330,46137.7,46254.1,46106.6,46243.1,5554
20260716,1345,46242.1,46433.8,45723.1,45883.7,20124
20260716,1515,45632.6,45632.6,45187.9,45198.9,8854
20260716,1530,45197.9,45387.6,45080.5,45329.4,3858
20260716,1545,45321.4,45371.6,45203,45202.9,2316
20260716,1600,45203.9,45213.9,45087.5,45137.7,2688
20260716,1615,45130.6,45137.6,44929.9,44952.9,4410
20260716,1630,44960,45093.4,44899.8,45058.3,3824
20260716,1645,45062.4,45135.6,45005.2,45020.2,1970
20260716,1700,45024.2,45172.8,45015.2,45167.8,1582
20260716,1715,45171.8,45276.2,45165.8,45239.1,2470
20260716,1730,45243.1,45266.1,45136.7,45145.7,1688
20260716,1745,45143.7,45166.7,44953,44956.9,2338
20260716,1800,44956.9,44976,44755.2,44829.4,5066
20260716,1815,44822.4,45004.1,44795.3,44924.8,2614
20260716,1830,44919.8,44941.8,44825.5,44919.8,1330
20260716,1845,44916.8,44979,44864.6,44894.7,1054
20260716,1900,44913.8,44928.8,44823.5,44884.7,1170
20260716,1915,44888.7,44891.6,44729.1,44775.2,2310
20260716,1930,44777.2,44884.6,44683.9,44805.3,2234
20260716,1945,44814.4,44842.4,44734.1,44805.3,1182
20260716,2000,44802.3,44832.4,44669.8,44822.4,2600
20260716,2015,44828.4,44862.5,44704,44763.2,1508
20260716,2030,44763.2,44814.3,44676.9,44793.3,1742
20260716,2045,44793.3,44811.3,44642.7,44682.8,2014
20260716,2100,44679.8,44731,44643.7,44694.9,1060
20260716,2115,44691.9,44856.5,44684.9,44845.5,2010
20260716,2130,44838.5,44922.8,44803.4,44875.6,2208
20260716,2145,44871.6,45080.4,44729.1,44758.1,8772
20260716,2200,44763.2,44968.9,44704,44913.8,4854
20260716,2215,44897.7,45127.6,44894.7,45055.3,4794
20260716,2230,45045.3,45096.5,44919.8,45087.5,2856
20260716,2245,45080.4,45124.6,44977.1,45012.2,2208
20260716,2300,45002.1,45068.3,44887.7,45019.2,2388
20260716,2315,45019.2,45063.3,44877.7,44917.8,1826
20260716,2330,44919.8,45083.4,44884.7,45024.2,1842
20260716,2345,45022.2,45104.5,44950,44990.1,2060
20260717,0,44983,45056.3,44938.9,44969,1396
20260717,15,44956.9,44965.9,44765.2,44782.2,2352
20260717,30,44775.2,44834.4,44735.1,44794.3,1604
20260717,45,44804.3,44854.5,44773.3,44773.2,710
20260717,100,44775.2,44872.6,44699,44857.5,1696
20260717,115,44854.5,44854.5,44755.2,44765.2,1050
20260717,130,44764.2,44865.5,44745.1,44845.5,556
20260717,145,44843.5,44856.5,44737.1,44742.1,700
20260717,200,44753.1,44812.3,44709,44770.2,804
20260717,215,44770.2,44835.4,44722.1,44779.2,918
20260717,230,44774.2,44905.7,44749.2,44852.5,976
20260717,245,44843.5,44843.4,44753.2,44832.4,792
20260717,300,44829.4,44850.5,44789.3,44801.3,280
20260717,315,44791.3,44887.6,44790.3,44814.4,564
20260717,330,44820.4,44822.4,44741.1,44798.3,500
20260717,345,44779.2,44816.3,44718,44760.2,520
20260717,400,44756.1,44960.9,44719,44941.9,1048
20260717,415,44948.9,44961.9,44884.7,44886.7,450
20260717,430,44888.7,44899.7,44864.6,44872.6,242
20260717,445,44871.6,44873.6,44843.5,44848.5,340
20260717,500,44848.5,44894.6,44841.5,44894.7,370
20260717,900,44427.8,44585.4,44222.1,44387.7,12708
20260717,915,44387.7,44690.8,44314.4,44626.6,18068
20260717,930,44624.6,44665.7,44387.7,44387.7,8392
20260717,945,44393.7,44416.7,44125.7,44215,14214
20260717,1000,44220,44336.4,44088.5,44237.1,9572
20260717,1015,44243.1,44257.1,44072.5,44142.7,6940
20260717,1030,44138.7,44175.8,44056.4,44105.5,5632
20260717,1045,44103.5,44109.5,44001.2,44061.4,5196
20260717,1100,44068.4,44115.5,43898.8,43989.1,7156
20260717,1115,43988.1,44237,43983.1,44051.3,8518
20260717,1130,44056.3,44224,44040.3,44185.9,5058
20260717,1145,44187.9,44193.8,43879.7,43886.7,6796
20260717,1200,43891.7,43899.7,43678.9,43678.8,7650
20260717,1215,43678.8,43725,43579.5,43664.8,7278
20260717,1230,43660.8,43712.9,43428.9,43479,9152
20260717,1245,43477,43505.1,43327.5,43447.9,8148
20260717,1300,43446.9,43531.2,43306.4,43309.3,8574
20260717,1315,43307.3,43358.5,43172.9,43347.5,9678
20260717,1330,43351.5,43420.7,43012.2,43015.2,14570
20260717,1345,43015.2,43102.5,42698,42896.7,33724
20260717,1515,42871.6,43172.8,42871.6,43100.5,5992
20260717,1530,43107.5,43168.7,42981.1,43122.6,2678
20260717,1545,43124.6,43148.7,42911.8,43002.1,2368
20260717,1600,43007.1,43009.1,42879.7,42886.7,1806
20260717,1615,42891.7,43062.3,42733.1,42812.4,3202
20260717,1630,42814.4,42820.3,42398.8,42520.2,5526
20260717,1645,42522.2,42602.5,42342.5,42476,3802
20260717,1700,42465,42692.8,42418.8,42604.5,3042
20260717,1715,42604.5,42837.4,42589.5,42816.4,3102
20260717,1730,42812.4,42937.8,42715,42931.8,2740
20260717,1745,42937.9,42982,42821.4,42853.5,2096
20260717,1800,42857.5,42967.9,42851.6,42919.8,1548
20260717,1815,42918.8,43132.6,42880.7,43117.6,3038
20260717,1830,43116.6,43160.7,42988.1,43111.6,2282
20260717,1845,43108.5,43217.9,43079.5,43176.8,2744
20260717,1900,43176.8,43199.9,43093.5,43130.6,1156
20260717,1915,43136.7,43206.9,43018.2,43077.4,1972
20260717,1930,43074.4,43130.6,42993.1,43121.6,1056
20260717,1945,43121.6,43136.6,43027.3,43051.3,862
20260717,2000,43045.3,43201.9,43013.2,43143.7,1324
20260717,2015,43143.7,43193.8,43026.3,43061.4,1250
20260717,2030,43071.4,43113.5,42993.1,43044.3,938
20260717,2045,43038.3,43088.4,43005.2,43072.4,608
20260717,2100,43059.3,43104.5,42935.9,43042.3,1362
20260717,2115,43044.3,43062.3,42895.7,42909.7,1666
20260717,2130,42905.7,43059.3,42882.7,42923.8,1956
20260717,2145,42932.8,43033.2,42686.9,42736.1,7048
20260717,2200,42740.1,43257.1,42729.1,43219,6350
20260717,2215,43220,43528.2,43198,43422.8,8206
20260717,2230,43425.8,43570.3,43399.8,43485.1,4402
20260717,2245,43477,43613.5,43356.6,43545.3,4742
20260717,2300,43543.3,43588.4,43431.9,43441.9,2640
20260717,2315,43453.9,43464.9,43311.4,43412.8,3626
20260717,2330,43408.7,43525.2,43374.7,43491.1,2758
20260717,2345,43494.1,43686.8,43415.8,43558.3,4698
20260718,0,43554.3,43764.1,43549.4,43731,3522
20260718,15,43735.1,43818.3,43637.7,43812.4,4768
20260718,30,43813.4,43863.5,43675.9,43759.1,3250
20260718,45,43755.1,43820.3,43722,43820.4,1456
20260718,100,43821.4,43899.7,43804.4,43850.5,2088
20260718,115,43843.5,43946.8,43834.5,43860.6,2056
20260718,130,43855.5,43921.7,43842.5,43899.7,1160
20260718,145,43902.7,43907.7,43721,43744.1,1492
20260718,200,43739.1,43794.2,43647.8,43662.8,1464
20260718,215,43668.8,43732,43626.7,43670.8,1064
20260718,230,43690.9,43733,43615.6,43733,778
20260718,245,43720,43766.1,43614.6,43639.7,1012
20260718,300,43639.7,43755.1,43620.6,43728,1230
20260718,315,43732,43735,43572.5,43584.4,1092
20260718,330,43577.4,43714.9,43552.4,43701.9,1094
20260718,345,43711,43811.3,43691.9,43783.2,1262
20260718,400,43793.3,43847.5,43741.1,43755.1,998
20260718,415,43742.1,43760.1,43649.8,43697.9,632
20260718,430,43691.9,43711.9,43683.9,43712,234
20260718,445,43714,43725,43682.9,43685.9,304
20260718,500,43690.9,43692.8,43649.8,43655.7,652
20260720,900,43674.8,43674.8,43274.3,43293.3,10384
20260720,915,43298.3,43651.7,43154.8,43157.7,22360
20260720,930,43167.8,43284.2,42650.8,42694.9,20694
20260720,945,42693.9,43189.8,42627.7,42992.1,14494
20260720,1000,43005.1,43333.4,42888.7,43085.5,8622
20260720,1015,43081.4,43432.8,43073.5,43160.8,7436
20260720,1030,43167.8,43179.8,42780.3,42930.8,8142
20260720,1045,42932.8,43300.3,42928.9,43223,6572
20260720,1100,43219,43384.6,43183.9,43205.9,4552
20260720,1115,43203.9,43324.4,43007.2,43142.7,5834
20260720,1130,43136.7,43217.9,43002.2,43029.2,3634
20260720,1145,43024.2,43183.8,42998.2,43129.6,3728
20260720,1200,43132.6,43393.6,43068.4,43216,4880
20260720,1215,43214,43353.5,43152.8,43160.8,3932
20260720,1230,43157.7,43305.3,43004.2,43238.1,5900
20260720,1245,43242.1,43468.9,43174.9,43423.8,6158
20260720,1300,43428.8,43433.8,43179.9,43182.8,4862
20260720,1315,43182.8,43214.9,42844.5,42992.1,8864
20260720,1330,42990.1,43048.3,42821.4,42829.4,9430
20260720,1345,42833.4,42928.8,42793.3,42812.4,10690
20260720,1515,42812.4,43015.1,42811.4,42962,2762
20260720,1530,42966,43160.7,42897.8,43152.7,2420
20260720,1545,43148.7,43306.3,43137.7,43241.1,2964
20260720,1600,43241.1,43278.2,43173.9,43255.1,1378
20260720,1615,43247.1,43346.4,43223.1,43325.4,2326
20260720,1630,43331.4,43363.5,43273.3,43308.3,1210
20260720,1645,43298.3,43311.3,43201,43214,1120
20260720,1700,43215,43315.3,43208,43300.3,682
20260720,1715,43299.3,43333.4,43239.1,43265.2,876
20260720,1730,43283.2,43319.3,43259.2,43302.3,642
20260720,1745,43302.3,43423.8,43298.4,43384.6,1638
20260720,1800,43383.6,43459.9,43347.6,43382.6,1054
20260720,1815,43387.7,43397.7,43330.5,43362.6,674
20260720,1830,43361.6,43449.9,43343.5,43431.8,772
20260720,1845,43427.8,43494,43398.8,43474,1018
20260720,1900,43477,43513.1,43462,43484,692
20260720,1915,43485.1,43615.5,43474.1,43598.5,1716
20260720,1930,43590.5,43610.5,43515.2,43541.3,814
20260720,1945,43544.3,43767.1,43533.3,43697.9,3314
20260720,2000,43705.9,43714.9,43615.6,43665.8,1376
20260720,2015,43660.8,43663.7,43451,43535.3,2802
20260720,2030,43535.3,43595.4,43507.2,43594.5,746
20260720,2045,43599.5,43614.5,43526.3,43532.2,762
20260720,2100,43529.2,43569.3,43474.1,43518.2,714
20260720,2115,43519.2,43579.4,43508.2,43526.2,892
20260720,2130,43525.2,43566.3,43517.2,43559.3,528
20260720,2145,43566.4,43730,43516.2,43710,4004
20260720,2200,43707.9,43732,43472,43508.1,4244
20260720,2215,43508.1,43624.6,43395.7,43471,3948
20260720,2230,43474,43600.5,43388.7,43580.4,3526
20260720,2245,43575.4,43628.6,43432.9,43477,2672
20260720,2300,43468,43539.2,43206,43264.2,3858
20260720,2315,43265.2,43448.9,43211,43366.6,3570
20260720,2330,43360.6,43531.2,43336.5,43504.1,2160
20260720,2345,43503.1,43539.2,43445.9,43498.1,1224
20260721,0,43502.1,43570.3,43410.8,43563.4,1598
20260721,15,43562.4,43649.7,43539.3,43609.5,1694
20260721,30,43616.6,43623.6,43530.3,43563.4,690
20260721,45,43572.4,43582.4,43404.8,43423.8,1774
20260721,100,43419.8,43477,43366.6,43411.8,1094
20260721,115,43418.8,43452.9,43373.7,43382.6,566
20260721,130,43380.6,43457.9,43349.6,43425.8,664
20260721,145,43431.8,43450.9,43349.6,43360.6,448
20260721,200,43364.6,43427.8,43359.6,43383.6,340
20260721,215,43403.7,43447.9,43390.7,43437.9,424
20260721,230,43433.8,43467.9,43323.5,43343.5,816
20260721,245,43339.5,43339.4,43218,43222,1018
20260721,300,43219,43258.1,43159.8,43218,1450
20260721,315,43222,43272.1,43074.5,43078.4,1438
20260721,330,43078.4,43173.8,43061.4,43159.7,1048
20260721,345,43158.7,43276.2,43149.8,43246.1,940
20260721,400,43260.2,43270.1,43086.5,43179.8,1006
20260721,415,43188.9,43224,43020.2,43022.2,1294
20260721,430,43032.2,43048.3,43013.2,43031.2,218
20260721,445,43042.3,43131.6,43033.3,43081.4,496
20260721,500,43085.5,43151.7,43084.5,43151.7,384
20260721,900,43471,43611.5,43370.6,43468,9158
20260721,915,43469,43976,43409.8,43930.8,15852
20260721,930,43937.9,44026.2,43816.4,43968,9782
20260721,945,43970,44160.7,43896.7,43917.8,11576
20260721,1000,43919.8,44034.2,43879.7,43996.1,5738
20260721,1015,43997.1,44210.9,43983.1,44013.2,8278
20260721,1030,44013.2,44136.6,43908.8,43971,5046
20260721,1045,43973,44223,43973.1,44214,4454
20260721,1100,44207.9,44227,44088.5,44115.6,3298
20260721,1115,44118.6,44265.1,44106.6,44222,3866
20260721,1130,44222,44272.2,44197,44254.1,2702
20260721,1145,44248.1,44363.5,44212,44336.5,4536
20260721,1200,44339.5,44386.6,44313.4,44350.5,2792
20260721,1215,44348.5,44412.7,44324.5,44362.6,3120
20260721,1230,44355.5,44421.8,44325.5,44375.6,2306
20260721,1245,44378.6,44463.9,44355.6,44416.8,3370
20260721,1300,44417.8,44417.7,44325.5,44353.5,2808
20260721,1315,44350.5,44431.8,44347.6,44367.6,2626
20260721,1330,44367.6,44492,44295.3,44483,7954
20260721,1345,44485.1,44582.4,44456,44555.3,12992
20260721,1515,44752.1,44752.1,44623.7,44635.7,3856
20260721,1530,44635.7,44669.7,44596.5,44644.7,1234
20260721,1545,44640.7,44682.8,44592.5,44658.7,852
20260721,1600,44654.7,44682.8,44620.6,44678.8,816
20260721,1615,44673.8,44689.8,44593.5,44678.8,1176
20260721,1630,44675.8,44739,44650.8,44739.1,1570
20260721,1645,44729,44818.3,44712,44818.4,2068
20260721,1700,44817.4,44820.3,44762.2,44784.3,852
20260721,1715,44782.2,44840.4,44777.3,44790.3,1048
20260721,1730,44798.3,44833.4,44764.2,44770.2,826
20260721,1745,44767.2,44789.2,44751.2,44782.2,622
20260721,1800,44774.2,44824.4,44774.3,44783.2,702
20260721,1815,44792.3,44868.5,44775.3,44844.5,1378
20260721,1830,44841.5,44856.5,44826.5,44829.4,398
20260721,1845,44829.4,44897.7,44809.4,44818.4,1336
20260721,1900,44819.4,44832.4,44789.3,44799.3,698
20260721,1915,44799.3,44837.4,44738.1,44779.2,1162
20260721,1930,44773.2,44791.2,44746.1,44789.3,630
20260721,1945,44794.3,44835.4,44782.3,44827.4,578
20260721,2000,44827.4,44835.4,44784.3,44791.3,528
20260721,2015,44805.3,44826.4,44775.3,44812.4,444
20260721,2030,44810.4,44817.3,44746.1,44750.1,744
20260721,2045,44746.1,44775.2,44729.1,44762.2,1286
20260721,2100,44764.2,44853.5,44763.2,44849.5,1008
20260721,2115,44850.5,44850.5,44788.3,44798.3,376
20260721,2130,44793.3,44937.8,44780.3,44935.9,1490
20260721,2145,44933.9,44938.8,44737.1,44761.2,4576
20260721,2200,44760.2,44857.5,44709,44797.3,3758
20260721,2215,44802.3,44869.5,44723.1,44819.4,2786
20260721,2230,44821.4,44985,44751.2,44980,4458
20260721,2245,44982,45014.1,44919.8,45004.1,2336
20260721,2300,45005.1,45030.2,44973.1,45020.2,1474
20260721,2315,45017.2,45138.6,44981.1,45130.6,2818
20260721,2330,45131.6,45178.8,45109.6,45140.7,2196
20260721,2345,45132.6,45135.6,45046.4,45055.3,1812
20260722,0,45054.3,45093.4,45030.3,45050.3,996
20260722,15,45052.3,45127.6,45047.4,45118.6,800
20260722,30,45116.6,45160.7,45114.6,45134.7,866
20260722,45,45140.7,45143.6,45113.6,45136.7,658
20260722,100,45133.6,45162.7,45123.7,45127.6,492
20260722,115,45128.6,45174.8,45123.7,45125.6,540
20260722,130,45130.6,45140.6,45118.6,45140.7,264
20260722,145,45139.7,45168.7,45113.6,45130.6,468
20260722,200,45134.7,45149.7,45112.6,45124.6,328
20260722,215,45124.6,45157.7,45117.6,45117.6,528
20260722,230,45114.6,45117.5,45058.4,45074.4,496
20260722,245,45067.4,45094.4,45051.4,45090.5,314
20260722,300,45097.5,45105.5,45072.5,45099.5,222
20260722,315,45106.5,45116.5,45080.5,45107.5,408
20260722,330,45103.5,45135.6,45071.5,45075.4,280
20260722,345,45076.4,45091.4,45064.4,45083.4,300
20260722,400,45083.4,45111.5,45072.5,45077.4,448
20260722,415,45076.4,45089.4,45033.3,45089.5,674
20260722,430,45084.5,45104.5,45075.5,45100.5,272
20260722,445,45102.5,45125.6,45100.6,45123.6,220
20260722,500,45123.6,45141.6,45117.6,45141.7,516
20260722,900,45180.8,45385.6,45174.9,45379.6,10360
20260722,915,45376.6,45540.2,45278.3,45473,15734
20260722,930,45474,45546.3,45161.8,45200.9,11538
20260722,945,45200.9,45239,45004.2,45172.8,10942
20260722,1000,45173.8,45302.3,45100.6,45115.6,7458
20260722,1015,45119.6,45224,44990.1,45182.8,8270
20260722,1030,45177.8,45250.1,45130.7,45210,4286
20260722,1045,45204.9,45212.9,45062.4,45113.6,3706
20260722,1100,45112.6,45188.8,45046.4,45117.6,2866
20260722,1115,45112.6,45195.8,44984.1,45013.2,4270
20260722,1130,45014.2,45281.2,45000.2,45281.2,5754
20260722,1145,45276.2,45301.3,45050.4,45079.4,3482
20260722,1200,45079.4,45184.8,44957,45035.3,5054
20260722,1215,45044.3,45229,45028.3,45162.8,4218
20260722,1230,45157.7,45244,45129.7,45194.9,2660
20260722,1245,45190.9,45216.9,45155.8,45195.9,2130
20260722,1300,45191.9,45207.9,45065.4,45144.7,3078
20260722,1315,45142.7,45157.7,44898.8,44931.8,5552
20260722,1330,44927.8,44945.8,44792.3,44911.8,10136
20260722,1345,44913.8,44994,44794.3,44810.4,10358
20260722,1515,44631.6,44804.3,44573.5,44775.2,4478
20260722,1530,44778.2,44890.6,44767.2,44870.6,1860
20260722,1545,44868.6,44879.6,44682.9,44792.3,2034
20260722,1600,44787.3,44807.3,44723.1,44753.1,1154
20260722,1615,44759.2,44843.4,44726.1,44766.2,1450
20260722,1630,44758.1,44840.4,44749.2,44840.5,628
20260722,1645,44843.5,44869.5,44800.4,44809.4,732
20260722,1700,44811.4,44876.6,44787.3,44854.5,610
20260722,1715,44855.5,44946.9,44842.5,44879.6,1416
20260722,1730,44878.6,44919.7,44871.7,44873.6,570
20260722,1745,44869.6,44873.6,44764.2,44825.4,1444
20260722,1800,44825.4,44827.4,44725.1,44792.3,1142
20260722,1815,44796.3,44852.5,44793.3,44828.4,732
20260722,1830,44824.4,44913.7,44824.5,44909.8,942
20260722,1845,44909.8,44912.7,44864.6,44875.6,446
20260722,1900,44875.6,44929.8,44870.6,44901.7,446
20260722,1915,44899.7,44935.8,44829.5,44833.4,760
20260722,1930,44832.4,44851.5,44789.3,44793.3,466
20260722,1945,44800.3,44819.3,44631.7,44674.8,1958
20260722,2000,44669.8,44747.1,44663.8,44684.9,926
20260722,2015,44691.9,44725,44658.8,44714,864
20260722,2030,44714,44724,44616.6,44678.8,1236
20260722,2045,44686.9,44793.2,44686.9,44731,1628
20260722,2100,44730,44741,44613.6,44668.8,1514
20260722,2115,44678.8,44783.2,44678.9,44764.2,822
20260722,2130,44759.2,44835.4,44755.2,44764.2,1328
20260722,2145,44767.2,44925.8,44745.1,44920.8,4340
20260722,2200,44918.8,45075.4,44875.7,45074.4,4484
20260722,2215,45075.4,45101.5,44997.2,45053.3,2624
20260722,2230,45051.3,45133.6,44984.1,45082.4,2694
20260722,2245,45086.5,45167.7,45053.4,45055.3,2694
20260722,2300,45056.3,45124.6,45038.3,45122.6,1382
20260722,2315,45121.6,45286.2,45121.7,45263.2,3442
20260722,2330,45266.2,45353.5,45261.2,45320.4,2084
20260722,2345,45321.4,45331.4,45246.2,45272.2,1510
20260723,0,45273.2,45330.4,45271.3,45322.4,990
20260723,15,45323.4,45336.4,45293.3,45317.4,692
20260723,30,45318.4,45326.4,45269.2,45293.3,776
20260723,45,45294.3,45323.4,45273.3,45286.3,674
20260723,100,45283.2,45369.5,45260.2,45331.4,1210
20260723,115,45333.4,45386.6,45328.5,45344.5,958
20260723,130,45348.5,45352.5,45297.4,45323.4,726
20260723,145,45331.4,45354.5,45295.3,45316.4,530
20260723,200,45313.4,45318.3,45222.1,45243.1,942
20260723,215,45253.1,45298.3,45226.1,45231,706
20260723,230,45231,45264.1,45229.1,45250.1,412
20260723,245,45251.1,45253.1,45188.9,45241.1,528
20260723,300,45238.1,45301.3,45228.1,45291.3,386
20260723,315,45284.3,45299.3,45198,45204.9,770
20260723,330,45204.9,45290.2,45200,45283.2,400
20260723,345,45273.2,45278.2,45195.9,45233,370
20260723,400,45231,45268.1,45163.8,45178.8,862
20260723,415,45180.8,45244,44980.1,45243.1,2824
20260723,430,45229,45321.4,45211,45252.1,992
20260723,445,45251.1,45259.1,45230.1,45239.1,244
20260723,500,45237.1,45237,45164.8,45215,722
20260723,900,45492.1,45521.2,45359.6,45373.6,7040
20260723,915,45376.6,45428.8,45046.4,45068.4,11510
20260723,930,45065.4,45205.9,45052.4,45144.7,6480
20260723,945,45150.7,45216.9,45033.3,45087.5,6110
20260723,1000,45080.4,45199.9,45017.2,45037.3,6022
20260723,1015,45038.3,45185.8,45007.2,45013.2,4436
20260723,1030,45014.2,45058.3,44640.7,44768.2,10408
20260723,1045,44769.2,44921.8,44694.9,44737.1,6192
20260723,1100,44741.1,44856.5,44722.1,44824.4,3430
20260723,1115,44829.4,44841.4,44664.8,44758.1,3350
20260723,1130,44758.1,44857.5,44678.9,44857.5,3732
20260723,1145,44856.5,44865.5,44758.2,44837.5,2684
20260723,1200,44835.5,44874.6,44776.3,44810.4,2102
20260723,1215,44811.4,44811.3,44623.7,44762.2,5346
20260723,1230,44775.2,44823.4,44665.8,44779.2,3722
20260723,1245,44782.2,44853.5,44775.3,44835.5,2258
20260723,1300,44841.5,44859.5,44729.1,44786.3,2668
20260723,1315,44788.3,44846.5,44719,44833.4,2962
20260723,1330,44835.5,45090.4,44821.5,45083.4,10056
20260723,1345,45082.4,45132.6,45003.2,45110.6,7998
20260723,1515,45033.2,45077.4,44849.6,44922.8,4042
20260723,1530,44922.8,44986,44909.8,44948.9,1360
20260723,1545,44945.9,44951.9,44841.5,44841.5,1674
20260723,1600,44843.5,44906.7,44805.4,44904.7,1630
20260723,1615,44907.7,44966.9,44858.6,44953.9,1554
20260723,1630,44954.9,45014.1,44943.9,45005.1,900
20260723,1645,44999.1,45019.1,44939.9,44946.9,708
20260723,1700,44949.9,45062.3,44947,45056.3,1124
20260723,1715,45054.3,45208.9,45030.3,45063.4,2496
20260723,1730,45065.4,45097.5,45053.4,45080.4,684
20260723,1745,45077.4,45080.4,45014.2,45051.3,766
20260723,1800,45054.3,45076.4,44970,44978,1194
20260723,1815,44990.1,45011.1,44945.9,44954.9,788
20260723,1830,44968,45011.1,44954,45002.1,682
20260723,1845,45002.1,45090.4,45000.2,45056.3,876
20260723,1900,45060.4,45078.4,45050.4,45071.4,300
20260723,1915,45069.4,45080.4,44983.1,45003.1,690
20260723,1930,45008.1,45019.1,44871.7,44888.7,1276
20260723,1945,44889.7,44912.7,44784.3,44797.3,2276
20260723,2000,44804.3,44904.7,44783.3,44853.5,1296
20260723,2015,44852.5,44855.5,44744.1,44752.1,1356
20260723,2030,44751.1,44803.3,44646.8,44694.9,2378
20260723,2045,44685.9,44696.9,44350.6,44364.6,6172
20260723,2100,44364.6,44411.7,44301.4,44360.6,3620
20260723,2115,44360.6,44388.6,44235.1,44235.1,3654
20260723,2130,44236.1,44364.5,44229.1,44343.5,2314
20260723,2145,44342.5,44688.8,44262.2,44673.8,8072
20260723,2200,44667.8,44683.8,44429.9,44447.9,6082
20260723,2215,44457.9,44630.6,44439.9,44547.3,4368
20260723,2230,44549.3,44631.6,44511.2,44577.4,2404
20260723,2245,44586.5,44601.5,44402.8,44426.8,4350
20260723,2300,44426.8,44485,44317.4,44387.7,3200
20260723,2315,44385.7,44396.7,44208,44240.1,3524
20260723,2330,44237.1,44335.4,44057.4,44100.5,5558
20260723,2345,44096.5,44240,44015.2,44169.8,3722
20260724,0,44164.8,44335.4,44148.8,44321.4,2676
20260724,15,44322.4,44445.8,44286.3,44415.8,2810
20260724,30,44415.8,44535.2,44365.6,44515.2,1596
20260724,45,44516.2,44578.4,44473.1,44509.2,1500
20260724,100,44508.1,44509.1,44414.8,44462,1352
20260724,115,44462,44483,44370.6,44452.9,1296
20260724,130,44452.9,44528.2,44435.9,44488.1,794
20260724,145,44485.1,44495,44360.6,44406.7,884
20260724,200,44391.7,44448.9,44337.5,44345.5,584
20260724,215,44346.5,44367.5,44308.4,44331.4,506
20260724,230,44331.4,44375.6,44318.4,44365.6,306
20260724,245,44376.6,44433.8,44349.6,44354.5,354
20260724,300,44357.5,44385.6,44306.4,44346.5,342
20260724,315,44352.5,44363.5,44275.3,44298.3,448
20260724,330,44298.3,44425.8,44298.4,44419.8,610
20260724,345,44424.8,44447.9,44355.6,44355.5,500
20260724,400,44364.6,44494,44324.5,44479,918
20260724,415,44495.1,44614.5,44478.1,44592.5,1258
20260724,430,44588.5,44622.6,44579.5,44601.5,392
20260724,445,44602.5,44616.5,44575.5,44589.5,314
20260724,500,44588.5,44597.5,44564.4,44569.4,350
20260724,900,44343.5,44499.1,44289.3,44378.6,7096
20260724,915,44381.6,44574.4,44194.9,44387.7,13956
20260724,930,44388.7,44668.7,44345.5,44526.2,8340
20260724,945,44534.3,44677.8,44462,44638.7,8018
20260724,1000,44633.6,44638.6,44363.6,44383.6,5730
20260724,1015,44388.7,44429.8,44290.3,44369.6,5278
20260724,1030,44372.6,44402.7,44149.8,44187.9,7680
20260724,1045,44187.9,44249.1,43883.7,43926.8,9150
20260724,1100,43925.8,43986,43829.5,43838.5,7174
20260724,1115,43842.5,44034.2,43828.5,44026.2,6798
20260724,1130,44025.2,44243,44000.2,44237.1,7484
20260724,1145,44236.1,44245,44052.4,44078.4,4220
20260724,1200,44074.4,44145.6,43934.9,43972,3192
20260724,1215,43971,44025.2,43902.8,43905.7,3634
20260724,1230,43905.7,44138.6,43880.7,44090.5,4850
20260724,1245,44086.5,44117.5,43938.9,43988.1,3516
20260724,1300,43988.1,44054.3,43944.9,44051.3,2338
20260724,1315,44047.3,44064.3,43914.8,44031.2,5440
20260724,1330,44029.2,44081.4,43950,43982,6898
20260724,1345,43981,44096.4,43815.4,44081.4,17578
20260724,1515,43996.1,44292.2,43981.1,44281.2,4502
20260724,1530,44267.2,44311.3,44250.2,44289.3,1670
20260724,1545,44291.3,44339.4,44244.1,44284.3,1368
20260724,1600,44283.2,44294.2,44266.2,44270.2,650
20260724,1615,44269.2,44277.2,44174.9,44192.9,1384
20260724,1630,44195.9,44272.2,44191.9,44270.2,956
20260724,1645,44267.2,44323.4,44258.2,44302.3,878
20260724,1700,44301.3,44312.3,44260.2,44297.3,384
20260724,1715,44293.3,44416.7,44258.2,44311.4,1874
20260724,1730,44308.3,44357.5,44284.3,44336.5,850
20260724,1745,44337.5,44388.6,44328.5,44358.5,830
20260724,1800,44358.5,44423.8,44345.5,44400.7,634
20260724,1815,44404.7,44419.7,44350.6,44370.6,482
20260724,1830,44368.6,44407.7,44338.5,44398.7,536
20260724,1845,44394.7,44412.7,44347.6,44354.5,548
20260724,1900,44359.6,44382.6,44325.5,44346.5,638
20260724,1915,44341.5,44386.6,44335.5,44377.6,506
20260724,1930,44377.6,44383.6,44338.5,44347.5,368
20260724,1945,44343.5,44367.5,44294.3,44315.4,672
20260724,2000,44316.4,44484,44240.1,44417.8,2548
20260724,2015,44430.8,44437.8,44313.4,44426.8,1456
20260724,2030,44419.8,44442.8,44341.5,44406.7,834
20260724,2045,44401.7,44402.7,44322.5,44325.4,574
20260724,2100,44321.4,44327.4,44177.9,44177.8,1560
20260724,2115,44186.9,44233,44142.7,44215,1412
20260724,2130,44215,44292.2,44146.7,44146.7,1484
20260724,2145,44157.7,44213.9,43915.8,44011.2,6152
20260724,2200,44025.2,44050.3,43695.9,43723,7274
20260724,2215,43725,43941.8,43674.9,43874.6,6194
20260724,2230,43875.6,43892.6,43619.6,43808.3,5414
20260724,2245,43800.3,43815.3,43585.5,43624.6,3546
20260724,2300,43619.6,43873.6,43561.4,43838.5,4134
20260724,2315,43845.5,44004.1,43693.9,43968,5170
20260724,2330,43962,44042.2,43895.7,43910.8,3640
20260724,2345,43910.8,44029.2,43863.6,43947.9,2622
20260725,0,43941.9,44095.4,43935.9,44085.5,1924
20260725,15,44087.5,44186.8,44016.2,44086.5,2718
20260725,30,44082.4,44110.5,44047.4,44057.3,1440
20260725,45,44048.3,44049.3,43910.8,43920.8,1984
20260725,100,43919.8,43952.9,43850.6,43921.8,2022
20260725,115,43921.8,43945.8,43785.3,43826.4,1966
20260725,130,43829.4,43983,43808.4,43977,1336
20260725,145,43982,44032.2,43921.8,43930.8,1024
20260725,200,43921.8,43965.9,43890.7,43921.8,728
20260725,215,43921.8,43952.9,43874.7,43884.7,658
20260725,230,43885.7,43898.7,43771.2,43785.3,1392
20260725,245,43786.3,43786.2,43624.7,43652.7,1738
20260725,300,43646.7,43720.9,43635.7,43694.9,1102
20260725,315,43702.9,43731,43468,43472,3112
20260725,330,43472,43553.3,43449,43509.1,1292
20260725,345,43523.2,43621.5,43512.2,43584.4,1492
20260725,400,43588.5,43611.5,43504.2,43604.5,1088
20260725,415,43599.5,43613.5,43532.3,43547.3,612
20260725,430,43553.3,43557.3,43531.3,43535.3,326
20260725,445,43526.2,43532.2,43486.1,43524.2,484
20260725,500,43521.2,43602.5,43505.2,43543.3,494
20260727,900,44064.4,44260.1,43865.6,43871.6,12840
20260727,915,43872.6,43925.8,43643.7,43708.9,15080
20260727,930,43724,43753.1,43349.6,43508.1,14752
20260727,945,43503.1,43865.5,43502.2,43718,13154
20260727,1000,43715,43874.6,43619.6,43867.6,5818
20260727,1015,43873.6,43898.7,43734.1,43762.2,4970
20260727,1030,43758.1,43945.8,43638.7,43897.7,6516
20260727,1045,43893.7,43924.8,43680.9,43845.5,6132
20260727,1100,43848.5,43863.5,43669.8,43678.8,3614
20260727,1115,43679.8,43777.2,43530.3,43636.7,5114
20260727,1130,43640.7,43706.9,43494.1,43499.1,3644
20260727,1145,43503.1,43575.4,43420.8,43485.1,4470
20260727,1200,43488.1,43563.3,43396.7,43495.1,3632
20260727,1215,43497.1,43614.5,43492.1,43556.3,2840
20260727,1230,43560.4,43691.8,43499.2,43612.6,4162
20260727,1245,43613.6,43727,43548.4,43722,3440
20260727,1300,43720,43820.3,43662.8,43754.1,3766
20260727,1315,43749.1,43961.9,43731.1,43945.9,5088
20260727,1330,43940.9,44066.3,43926.9,44010.2,6804
20260727,1345,44008.1,44097.5,43979.1,44083.4,6500
20260727,1515,44132.6,44337.4,44089.5,44237.1,3228
20260727,1530,44227,44240,44188.9,44222,776
20260727,1545,44222,44224,44119.6,44163.8,990
20260727,1600,44160.8,44206.9,44146.7,44158.7,1044
20260727,1615,44157.7,44250.1,44148.8,44247.1,1612
20260727,1630,44239.1,44249.1,44192.9,44234,588
20260727,1645,44232,44323.4,44223.1,44301.3,1004
20260727,1700,44304.3,44370.5,44282.3,44339.5,1212
20260727,1715,44340.5,44356.5,44287.3,44319.4,908
20260727,1730,44322.4,44351.5,44311.4,44316.4,622
20260727,1745,44314.4,44379.6,44305.4,44364.6,946
20260727,1800,44364.6,44385.6,44317.4,44366.6,522
20260727,1815,44361.6,44379.6,44299.4,44325.4,692
20260727,1830,44329.4,44349.5,44317.4,44331.4,332
20260727,1845,44336.5,44366.5,44312.4,44350.5,538
20260727,1900,44347.5,44402.7,44343.5,44352.5,592
20260727,1915,44349.5,44361.5,44291.3,44326.4,678
20260727,1930,44332.4,44342.4,44213,44216,1008
20260727,1945,44217,44337.4,44216,44313.4,1152
20260727,2000,44311.4,44333.4,44310.4,44324.4,300
20260727,2015,44327.4,44369.5,44256.2,44256.1,904
20260727,2030,44251.1,44293.2,44250.2,44283.2,506
20260727,2045,44278.2,44317.3,44242.1,44317.4,678
20260727,2100,44310.4,44391.6,44310.4,44391.7,994
20260727,2115,44391.7,44418.7,44285.3,44311.4,1646
20260727,2130,44310.4,44329.4,44175.9,44187.9,1900
20260727,2145,44191.9,44213.9,43859.6,43915.8,10126
20260727,2200,43923.8,44014.1,43731.1,43760.2,5060
20260727,2215,43768.2,43777.2,43518.2,43580.4,7170
20260727,2230,43579.4,43634.6,43163.8,43180.8,7458
20260727,2245,43183.8,43235,42959,43004.1,7240
20260727,2300,43010.2,43338.4,43009.2,43320.4,5952
20260727,2315,43321.4,43343.4,43205,43233,3546
20260727,2330,43236.1,43294.2,43058.4,43114.6,4232
20260727,2345,43116.6,43158.7,42994.1,43047.3,3128
20260728,0,43057.3,43161.7,42985.1,43144.7,2534
20260728,15,43142.7,43300.3,43129.7,43187.9,2844
20260728,30,43190.9,43367.5,43119.6,43286.3,3760
20260728,45,43284.2,43361.5,43200,43239.1,1794
20260728,100,43241.1,43280.2,43049.4,43093.5,2244
20260728,115,43096.5,43121.5,42992.1,43100.5,1752
20260728,130,43097.5,43112.5,43009.2,43017.2,826
20260728,145,43014.2,43132.6,43005.2,43088.5,1118
20260728,200,43092.5,43172.8,43052.4,43153.7,632
20260728,215,43165.8,43168.7,43103.6,43146.7,520
20260728,230,43142.7,43153.7,43070.4,43140.7,554
20260728,245,43132.6,43158.7,43056.4,43136.7,1384
20260728,300,43136.7,43322.4,43110.6,43317.4,1112
20260728,315,43316.4,43425.8,43281.3,43399.7,1696
20260728,330,43403.7,43510.1,43394.7,43507.1,1202
20260728,345,43508.1,43527.2,43409.8,43426.8,952
20260728,400,43413.8,43433.8,43341.5,43412.8,1626
20260728,415,43415.8,43423.8,43331.5,43368.6,664
20260728,430,43363.6,43375.6,43346.5,43349.5,218
20260728,445,43347.5,43377.6,43325.5,43358.5,470
20260728,500,43358.5,43362.5,43339.5,43345.5,346
20260728,900,42740.1,42798.3,42300.4,42378.6,12470
20260728,915,42376.6,42607.5,42165.8,42172.8,18750
20260728,930,42174.8,42543.2,42124.7,42484,12782
20260728,945,42485,42598.5,42312.4,42543.3,8826
20260728,1000,42546.3,42556.3,42206,42232,7820
20260728,1015,42230,42249.1,42073.5,42130.6,9840
20260728,1030,42121.6,42397.6,42077.5,42195.9,7262
20260728,1045,42194.9,42225,42086.5,42141.7,5410
20260728,1100,42136.7,42263.1,42053.4,42094.5,8178
20260728,1115,42087.5,42095.4,41860.6,41993.1,7738
20260728,1130,41984,42294.2,41968,42082.4,6770
20260728,1145,42080.4,42422.7,41992.1,42413.8,7272
20260728,1200,42410.8,42449.9,42339.5,42385.7,4400
20260728,1215,42382.6,42391.6,42178.9,42186.9,3176
20260728,1230,42191.9,42342.4,42173.9,42188.9,2722
20260728,1245,42187.9,42235,42146.7,42168.8,2806
20260728,1300,42167.8,42281.2,42073.5,42105.5,2994
20260728,1315,42108.5,42195.8,41978.1,41989.1,4836
20260728,1330,41989.1,42037.2,41835.5,41914.8,8184
20260728,1345,41912.8,41959.9,41682.9,41780.2,22900
20260728,1515,41946.9,42027.2,41777.3,41890.7,4174
20260728,1530,41883.6,41907.7,41770.2,41782.2,1494
20260728,1545,41785.2,41852.5,41688.9,41832.4,2094
20260728,1600,41832.4,41832.4,41701,41779.2,1420
20260728,1615,41781.2,41787.2,41552.4,41577.4,2814
20260728,1630,41589.5,41960.9,41585.5,41909.7,3008
20260728,1645,41911.8,41993,41835.5,41957.9,1646
20260728,1700,41955.9,41981,41869.6,41889.7,830
20260728,1715,41883.6,41930.8,41839.5,41861.6,958
20260728,1730,41861.6,41906.7,41845.5,41904.7,536
20260728,1745,41897.7,41900.7,41762.2,41771.2,1130
20260728,1800,41773.2,41807.3,41658.8,41690.9,1128
20260728,1815,41686.9,41733,41647.7,41683.8,1082
20260728,1830,41674.8,41753.1,41622.6,41745.1,996
20260728,1845,41747.1,41757.1,41566.4,41610.5,1672
20260728,1900,41616.6,41659.7,41580.5,41654.7,708
20260728,1915,41665.8,41701.9,41400.8,41401.7,3110
20260728,1930,41402.7,41600.5,41400.8,41451.9,2976
20260728,1945,41459.9,41550.3,41343.5,41405.7,2456
20260728,2000,41401.7,41678.8,41401.8,41671.8,2148
20260728,2015,41668.8,41913.7,41668.8,41804.3,3484
20260728,2030,41806.3,41873.6,41739.1,41835.4,1726
20260728,2045,41846.5,41882.6,41733.1,41840.5,1788
20260728,2100,41840.5,41895.6,41800.4,41840.5,1084
20260728,2115,41832.4,41887.6,41802.4,41860.5,1010
20260728,2130,41867.6,41934.8,41747.1,41807.3,2154
20260728,2145,41807.3,41891.6,41494.1,41578.4,7852
20260728,2200,41581.4,41774.2,41449,41573.4,6396
20260728,2215,41572.4,41787.2,41564.4,41599.5,4594
20260728,2230,41602.5,41685.8,41429.9,41656.7,5020
20260728,2245,41662.8,41798.3,41606.6,41752.1,3690
20260728,2300,41760.1,41926.8,41707,41821.4,3356
20260728,2315,41819.4,41884.6,41733.1,41823.4,3534
20260728,2330,41825.4,42139.6,41801.4,42064.4,5170
20260728,2345,42061.4,42203.9,42016.2,42191.9,2906
20260729,0,42187.9,42259.1,42171.8,42190.9,2480
20260729,15,42203.9,42277.2,42109.6,42134.6,2578
20260729,30,42140.7,42195.8,42091.5,42133.6,1160
20260729,45,42118.6,42165.7,42034.3,42158.7,1412
20260729,100,42155.7,42228,42108.6,42193.9,1196
20260729,115,42194.9,42214.9,42068.4,42101.5,1190
20260729,130,42090.5,42176.8,42086.5,42092.5,1148
20260729,145,42090.5,42136.6,41983.1,41993.1,826
20260729,200,41992.1,42009.1,41907.8,41964,992
20260729,215,41973,42022.1,41931.9,41942.9,600
20260729,230,41937.9,41998,41936.9,41954.9,384
20260729,245,41968,42034.2,41962,42004.1,476
20260729,300,42000.1,42078.4,41992.1,42071.4,618
20260729,315,42064.4,42160.7,42062.4,42126.6,738
20260729,330,42129.6,42195.8,42086.5,42186.9,582
20260729,345,42190.9,42202.9,42058.4,42097.5,682
20260729,400,42107.5,42132.6,42035.3,42040.3,672
20260729,415,42044.3,42053.3,41978.1,42005.1,684
20260729,430,41992.1,42101.5,41991.1,42086.5,266
20260729,445,42071.4,42082.4,42017.2,42023.2,328
20260729,500,42027.2,42075.4,41979.1,42057.3,372
20260729,900,42083.4,42239,41850.6,41865.6,9942
20260729,915,41868.6,42056.3,41140.7,41205.9,22094
20260729,930,41208.9,41777.2,40980.1,41580.4,22886
20260729,945,41583.4,41686.8,41193.9,41400.7,13216
20260729,1000,41399.7,41430.8,40757.2,40761.1,15544
20260729,1015,40755.1,41008.1,40685.9,40856.5,13630
20260729,1030,40852.5,40949.9,40532.3,40919.8,13482
20260729,1045,40920.8,40967.9,40524.3,40527.2,10140
20260729,1100,40527.2,40580.4,40215,40310.3,11960
20260729,1115,40304.3,40701.9,40216,40493.1,11900
20260729,1130,40495.1,40503.1,40256.2,40258.1,5222
20260729,1145,40256.1,40298.2,40156.8,40184.8,6680
20260729,1200,40189.9,40284.2,39941.9,39959.9,7360
20260729,1215,39959.9,39999,39766.2,39939.9,8604
20260729,1230,39940.9,40006.1,39789.3,39845.5,6514
20260729,1245,39844.5,39939.8,39632.7,39640.7,6560
20260729,1300,39646.7,40344.4,39600.6,40293.3,14514
20260729,1315,40293.3,40626.6,40155.8,40602.5,15264
20260729,1330,40599.5,40606.5,40374.7,40495.1,13954
20260729,1345,40491.1,40583.4,40326.5,40554.3,21770
20260729,1515,40824.4,40912.7,40689.9,40771.2,4372
20260729,1530,40780.2,40856.5,40762.2,40805.3,1820
20260729,1545,40803.3,40852.5,40759.2,40785.2,1234
20260729,1600,40776.2,40812.3,40721,40773.2,1246
20260729,1615,40779.2,40823.3,40690.9,40690.9,1660
20260729,1630,40693.9,40710.9,40502.2,40586.4,2870
20260729,1645,40588.5,40769.1,40564.4,40762.2,1834
20260729,1700,40763.2,40783.2,40726.1,40749.1,748
20260729,1715,40756.1,40941.8,40749.2,40917.8,2254
20260729,1730,40909.7,40945.8,40872.6,40889.7,1152
20260729,1745,40886.7,41052.3,40860.6,41029.2,2394
20260729,1800,41029.2,41122.5,41014.2,41083.4,2182
20260729,1815,41084.4,41146.6,41052.4,41075.4,1192
20260729,1830,41076.4,41094.4,41027.3,41076.4,1048
20260729,1845,41071.4,41078.4,40984.1,41004.1,1228
20260729,1900,41001.1,41004.1,40891.7,40908.7,1360
20260729,1915,40911.8,41034.2,40888.7,41009.1,1358
20260729,1930,41014.2,41091.4,41000.2,41045.3,846
20260729,1945,41042.3,41072.3,40980.1,40986,742
20260729,2000,40985,41068.3,40956,41068.4,892
20260729,2015,41059.3,41080.4,40945.9,40963,1000
20260729,2030,40956.9,40968.9,40626.7,40823.4,4218
20260729,2045,40820.4,40925.8,40779.3,40913.8,794
20260729,2100,40923.8,40948.9,40869.6,40886.7,742
20260729,2115,40892.7,40907.7,40816.4,40845.5,1002
20260729,2130,40841.5,40968.9,40829.5,40927.8,1110
20260729,2145,40919.8,41138.6,40828.5,41004.1,6420
20260729,2200,41001.1,41044.2,40606.6,40717,5976
20260729,2215,40723,40922.7,40610.6,40630.6,4332
20260729,2230,40633.6,40752.1,40403.8,40531.2,5096
20260729,2245,40533.2,40706.9,40287.3,40332.4,5396
20260729,2300,40329.4,40530.2,40289.3,40487.1,4004
20260729,2315,40485,40600.5,40417.8,40438.9,2982
20260729,2330,40434.8,40526.2,40364.6,40397.7,2100
20260729,2345,40401.7,40471.9,40334.5,40385.6,1862
20260730,0,40375.6,40417.7,40201,40332.4,2796
20260730,15,40340.5,40391.6,40091.5,40091.5,3054
20260730,30,40090.5,40389.6,40076.5,40376.6,2476
20260730,45,40367.6,40450.9,40318.4,40342.5,2182
20260730,100,40344.5,40542.2,40326.5,40524.2,1890
20260730,115,40528.2,40835.4,40517.2,40832.4,2868
20260730,130,40831.4,40854.5,40708,40724,1758
20260730,145,40720,40778.2,40641.7,40682.8,1176
20260730,200,40692.9,40816.3,40644.7,40807.3,1622
20260730,215,40816.4,41227,40816.4,40922.8,9546
20260730,230,40923.8,41032.2,40697.9,40789.3,3356
20260730,245,40793.3,41282.2,40704,41227,4384
20260730,300,41230,41375.6,41211,41331.4,2730
20260730,315,41324.4,41401.7,40950,41023.2,3220
20260730,330,41020.2,41092.4,40650.8,40779.2,2678
20260730,345,40788.3,40863.5,40293.3,40314.4,3554
20260730,400,40314.4,40321.3,40088.5,40108.5,2358
20260730,415,40114.6,40144.6,39733.1,39854.5,2636
20260730,430,39815.4,39907.7,39626.7,39694.9,1452
20260730,445,39678.8,39972.9,39605.6,39871.6,1328
20260730,500,39863.6,39909.7,39785.3,39804.3,688
20260730,900,40167.8,40434.8,40056.4,40261.1,14492
20260730,915,40265.2,40863.5,39860.6,40426.8,27050
20260730,930,40438.9,40712.9,40072.4,40669.8,12738
20260730,945,40654.7,41431.8,40650.8,41255.1,17820
20260730,1000,41248.1,41263.1,40997.1,41030.2,9758
20260730,1015,41030.2,41196.8,40863.6,40897.7,11272
20260730,1030,40893.7,40940.8,40586.5,40602.5,8218
20260730,1045,40608.5,40962.9,40510.2,40957.9,10304
20260730,1100,40953.9,40996,40640.7,40677.8,6730
20260730,1115,40685.8,40889.6,40517.2,40629.6,5816
20260730,1130,40631.6,40650.7,40391.7,40512.2,6684
20260730,1145,40512.2,40734,40399.8,40691.9,6484
20260730,1200,40691.9,40838.4,40585.5,40658.7,5506
20260730,1215,40665.8,40762.1,40500.2,40526.2,4494
20260730,1230,40526.2,40756.1,40393.7,40726,6622
20260730,1245,40725,40753.1,40383.7,40415.8,6004
20260730,1300,40411.8,40571.3,40048.3,40124.6,8366
20260730,1315,40130.6,40213.9,39956,40214,11120
20260730,1330,40217,40476,40184.9,40331.4,13114
20260730,1345,40330.4,40542.2,40255.2,40431.8,16072
20260730,1515,40195.9,40436.8,40193.9,40323.4,3586
20260730,1530,40327.4,40335.4,40102.6,40130.6,2396
20260730,1545,40128.6,40247,40026.3,40207.9,2674
20260730,1600,40215,40253.1,40148.7,40155.7,1162
20260730,1615,40158.7,40335.4,40090.5,40309.3,2024
20260730,1630,40291.3,40465.9,40255.2,40429.8,1914
20260730,1645,40438.9,40449.9,40343.5,40353.5,1248
20260730,1700,40350.5,40393.6,40312.4,40373.6,708
20260730,1715,40367.6,40490,40325.5,40451.9,1248
20260730,1730,40455.9,40522.1,40428.9,40451.9,1580
20260730,1745,40451.9,40522.1,40408.8,40437.9,1154
20260730,1800,40438.9,40479,40405.8,40418.8,962
20260730,1815,40409.7,40498,40369.6,40440.9,982
20260730,1830,40441.9,40682.8,40436.9,40665.8,1964
20260730,1845,40660.7,40748,40644.7,40709.9,1584
20260730,1900,40702.9,40773.1,40681.9,40689.9,1390
20260730,1915,40688.9,40823.3,40681.9,40766.2,1466
20260730,1930,40771.2,40836.4,40752.2,40836.5,990
20260730,1945,40829.4,40861.5,40760.2,40832.4,1068
20260730,2000,40829.4,41052.3,40829.5,40950.9,2302
20260730,2015,40950.9,41020.1,40898.7,41007.1,1556
20260730,2030,41009.1,41033.2,40928.9,41009.1,1032
20260730,2045,41011.1,41144.6,40998.1,41096.5,2948
20260730,2100,41084.4,41109.5,41046.3,41070.4,1088
20260730,2115,41070.4,41208.9,41055.4,41152.7,2526
20260730,2130,41153.7,41255.1,41111.6,41250.1,1568
20260730,2145,41246.1,41393.6,41118.6,41345.5,6744
20260730,2200,41337.5,41628.6,41335.5,41608.5,6858
20260730,2215,41607.5,41654.7,41512.2,41589.5,4318
20260730,2230,41596.5,41922.7,41579.5,41893.7,5982
20260730,2245,41892.7,41944.8,41805.4,41845.5,3982
20260730,2300,41841.5,41869.5,41672.8,41731,4038
20260730,2315,41739.1,41841.4,41656.8,41732,3296
20260730,2330,41734,41809.3,41692.9,41735,1428
20260730,2345,41714,41816.3,41697.9,41792.3,1532
20260731,0,41798.3,41859.5,41768.2,41802.3,1866
20260731,15,41806.3,41982,41782.3,41968,2224
20260731,30,41957.9,41993,41902.8,41919.8,1488
20260731,45,41907.7,41932.8,41809.4,41829.4,1122
20260731,100,41831.4,41899.7,41828.5,41883.6,778
20260731,115,41888.7,41964.9,41884.7,41942.9,1088
20260731,130,41942.9,42008.1,41909.8,41921.8,1128
20260731,145,41922.8,41951.9,41883.7,41941.9,700
20260731,200,41939.9,41949.9,41893.7,41909.7,428
20260731,215,41911.8,41950.9,41905.8,41946.9,540
20260731,230,41942.9,41946.8,41878.7,41908.7,474
20260731,245,41914.8,41923.8,41869.6,41896.7,410
20260731,300,41897.7,41916.7,41870.6,41915.8,432
20260731,315,41916.8,42042.2,41916.8,42016.2,986
20260731,330,42014.2,42038.2,41927.9,41927.8,836
20260731,345,41923.8,41942.8,41894.7,41928.8,526
20260731,400,41931.8,41947.8,41861.6,41873.6,628
20260731,415,41874.6,41988,41862.6,41972,1230
20260731,430,41979,42005.1,41956,41981,398
20260731,445,41982,42007.1,41917.8,41974,540
20260731,500,41972,42027.2,41951,42027.2,548
20260731,900,42501.1,42928.8,42475.1,42876.6,13946
20260731,915,42875.6,43453.9,42874.7,43400.7,24608
20260731,930,43395.7,43664.7,43360.6,43619.6,14780
20260731,945,43616.6,43672.8,43512.2,43641.7,10058
20260731,1000,43639.7,43680.8,43442.9,43573.4,10206
20260731,1015,43574.4,43694.8,43523.3,43546.3,6208
20260731,1030,43548.3,43672.8,43448,43639.7,6416
20260731,1045,43635.7,43730,43585.5,43718,6680
20260731,1100,43717,43961.9,43713,43948.9,7926
20260731,1115,43949.9,43951.9,43628.7,43681.8,7182
20260731,1130,43675.8,43919.7,43675.9,43895.7,5392
20260731,1145,43900.7,43915.7,43803.4,43816.4,3056
20260731,1200,43819.4,43825.4,43682.9,43705.9,4130
20260731,1215,43708.9,43717.9,43604.6,43612.6,3944
20260731,1230,43616.6,43744,43577.5,43739.1,4756
20260731,1245,43742.1,44069.3,43717,44066.4,7442
20260731,1300,44070.4,44127.6,43962,43968,6008
20260731,1315,43973,44080.4,43929.9,44041.3,6114
20260731,1330,44042.3,44077.4,43930.9,43975,9502
20260731,1345,43979,44074.4,43845.5,43853.5,24776
20260731,1515,43693.9,43850.5,43605.6,43805.3,4096
20260731,1530,43803.3,44049.3,43781.3,44039.3,2688
20260731,1545,44028.2,44031.2,43963,43989.1,1672
20260731,1600,43996.1,44046.2,43860.6,43897.7,2006
20260731,1615,43900.7,43915.7,43721,43829.4,3022
20260731,1630,43839.5,43935.8,43802.4,43912.8,1790
20260731,1645,43903.7,43920.7,43772.3,43775.2,1668
20260731,1700,43785.3,43823.4,43756.2,43771.2,2364
20260731,1715,43780.2,43864.5,43695.9,43816.4,2652
20260731,1730,43812.4,43825.4,43707,43717,1342
20260731,1745,43716,43735,43620.6,43702.9,3014
20260731,1800,43705.9,43754.1,43666.8,43693.9,1418
20260731,1815,43687.9,43815.3,43674.9,43803.3,1110
20260731,1830,43803.3,43821.3,43764.2,43805.3,886
20260731,1845,43803.3,43833.4,43765.2,43801.3,864
20260731,1900,43800.3,43816.3,43719,43746.1,752
20260731,1915,43748.1,43855.5,43743.1,43809.3,1146
20260731,1930,43810.4,43810.3,43718,43750.1,962
20260731,1945,43751.1,43753.1,43667.8,43677.8,968
20260731,2000,43683.8,43766.1,43683.9,43755.1,688
20260731,2015,43755.1,43755.1,43631.7,43638.7,1034
20260731,2030,43636.7,43650.7,43417.8,43554.3,3928
20260731,2045,43547.3,43578.4,43432.9,43453.9,1602
20260731,2100,43450.9,43564.3,43422.9,43489.1,1240
20260731,2115,43484,43587.4,43457,43537.3,1136
20260731,2130,43539.3,43665.7,43539.3,43579.4,1984
20260731,2145,43574.4,43611.5,42991.1,43000.1,10204
20260731,2200,43010.2,43087.4,42625.7,42757.1,10864
20260731,2215,42752.1,42827.4,42255.2,42360.6,10558
20260731,2230,42363.6,42721.9,42315.4,42713,9536
20260731,2245,42720,42863.5,42647.7,42731,6650
20260731,2300,42739.1,42935.8,42670.8,42850.5,4884
20260731,2315,42856.5,42985,42722,42822.4,4796
20260731,2330,42821.4,42945.8,42536.3,42682.8,4678
20260731,2345,42691.9,42883.6,42578.5,42798.3,5506
20260801,0,42807.3,42896.6,42701,42829.4,2402
20260801,15,42826.4,42878.6,42744.1,42798.3,1658
20260801,30,42816.4,42911.7,42734.1,42911.8,1710
20260801,45,42910.8,43020.1,42882.7,42898.7,2770
20260801,100,42891.7,42961.9,42858.6,42921.8,1344
20260801,115,42921.8,43072.3,42917.8,43027.2,1794
20260801,130,43024.2,43164.7,42994.1,43127.6,1528
20260801,145,43126.6,43179.8,43067.4,43076.4,1324
20260801,200,43077.4,43124.6,43015.2,43031.2,880
20260801,215,43034.2,43075.4,42897.8,42910.8,1346
20260801,230,42903.7,42980,42900.8,42957.9,752
20260801,245,42962,43009.1,42940.9,42949.9,740
20260801,300,42945.9,43006.1,42891.7,42932.8,774
20260801,315,42925.8,42980,42852.6,42906.7,984
20260801,330,42909.7,42986,42885.7,42929.8,594
20260801,345,42934.8,42967.9,42877.7,42951.9,606
20260801,400,42963,43020.1,42824.5,42842.5,1372
20260801,415,42853.5,42879.6,42792.3,42850.5,1028
20260801,430,42835.5,42852.5,42819.4,42844.5,266
20260801,445,42841.5,42884.6,42824.5,42871.6,508
20260801,500,42876.6,42983,42821.4,42821.4,1302
20260803,900,43359.5,43523.2,43161.8,43505.1,12230
20260803,915,43500.1,43608.5,43205,43534.2,19586
20260803,930,43534.2,43683.8,43362.6,43607.5,9802
20260803,945,43606.5,43674.8,43382.7,43594.5,7066
20260803,1000,43588.5,43724,43474.1,43723,6136
20260803,1015,43717,43844.4,43590.5,43838.5,6996
20260803,1030,43840.5,44012.1,43619.6,43668.8,9358
20260803,1045,43669.8,43761.1,43640.7,43644.7,4084
20260803,1100,43646.7,43753.1,43606.6,43717,7422
20260803,1115,43720,43721.9,43563.4,43597.5,5202
20260803,1130,43597.5,43626.6,43445.9,43482,5186
20260803,1145,43484,43603.5,43473.1,43574.4,3268
20260803,1200,43574.4,43760.1,43573.5,43601.5,5058
20260803,1215,43606.5,43649.7,43535.3,43597.5,2900
20260803,1230,43605.5,43724,43565.4,43672.8,3344
20260803,1245,43672.8,43685.8,43522.3,43602.5,4586
20260803,1300,43596.5,43669.7,43517.2,43529.2,3026
20260803,1315,43527.2,43594.4,43418.8,43458.9,4938
20260803,1330,43451.9,43531.2,43339.5,43500.1,7670
20260803,1345,43503.1,43564.3,43376.7,43403.7,11372
20260803,1515,43175.8,43297.2,43047.3,43200.9,5364
20260803,1530,43203.9,43247,42973.1,43110.6,4368
20260803,1545,43105.5,43111.5,42953,42962,2272
20260803,1600,42962,43054.3,42938.9,43015.2,1724
20260803,1615,43012.2,43037.2,42861.6,43037.3,2814
20260803,1630,43031.2,43034.2,42761.2,42792.3,2664
20260803,1645,42792.3,42932.8,42782.3,42893.7,1704
20260803,1700,42885.7,43022.1,42877.7,43022.2,1594
20260803,1715,43019.2,43058.3,42803.4,42888.7,1940
20260803,1730,42875.6,42918.7,42853.6,42861.6,1298
20260803,1745,42866.6,42915.7,42735.1,42737.1,1346
20260803,1800,42745.1,42820.3,42626.7,42766.2,2256
20260803,1815,42769.2,42795.2,42670.8,42719,1708
20260803,1830,42717,42782.2,42572.4,42693.9,2608
20260803,1845,42700.9,42756.1,42650.8,42711,1018
20260803,1900,42706.9,42829.4,42682.9,42786.3,1144
20260803,1915,42785.3,42799.3,42590.5,42606.5,1572
20260803,1930,42611.6,42678.8,42578.5,42578.4,1248
20260803,1945,42582.4,42660.7,42505.2,42536.3,1902
20260803,2000,42540.3,42548.3,42462,42480,1484
20260803,2015,42481,42533.2,42418.8,42531.2,1714
20260803,2030,42527.2,42565.3,42484.1,42531.2,1082
20260803,2045,42531.2,42601.5,42489.1,42579.4,1078
20260803,2100,42585.5,42594.4,42437.9,42487.1,1426
20260803,2115,42483,42533.2,42404.8,42500.1,1476
20260803,2130,42495.1,42580.4,42455,42536.3,1302
20260803,2145,42538.3,42673.8,42273.3,42444.9,9170
20260803,2200,42457.9,42649.7,42329.5,42649.7,3676
20260803,2215,42638.7,42714.9,42481.1,42612.6,4906
20260803,2230,42608.5,42809.3,42573.5,42803.3,3894
20260803,2245,42806.3,42811.3,42696.9,42728,3442
20260803,2300,42729,42990,42699,42958.9,4120
20260803,2315,42956.9,42962.9,42723.1,42740.1,2934
20260803,2330,42739.1,42794.2,42639.7,42650.7,2478
20260803,2345,42651.7,42835.4,42644.7,42801.3,1568
20260804,0,42813.4,42851.5,42766.2,42793.3,918
20260804,15,42804.3,42896.6,42794.3,42860.6,1112
20260804,30,42860.6,42948.9,42833.5,42854.5,1444
20260804,45,42849.5,42860.5,42780.3,42822.4,588
20260804,100,42822.4,42848.5,42777.3,42801.3,488
20260804,115,42799.3,42902.7,42771.2,42889.7,796
20260804,130,42882.6,42920.7,42876.7,42912.8,412
20260804,145,42916.8,43108.5,42916.8,43097.5,2348
20260804,200,43095.5,43165.7,43088.5,43156.7,1006
20260804,215,43162.8,43245,43162.8,43190.9,1276
20260804,230,43206.9,43254.1,43098.6,43110.6,906
20260804,245,43106.5,43146.6,43070.4,43107.5,552
20260804,300,43122.6,43142.6,43075.5,43095.5,380
20260804,315,43090.5,43176.8,43090.5,43117.6,462
20260804,330,43115.6,43154.7,43091.5,43102.5,560
20260804,345,43114.6,43129.6,43084.5,43127.6,320
20260804,400,43128.6,43150.7,43058.4,43101.5,660
20260804,415,43098.5,43220.9,43080.5,43197.9,540
20260804,430,43206.9,43279.2,43207,43243.1,734
20260804,445,43244.1,43338.4,43238.1,43321.4,954
20260804,500,43314.4,43325.4,43276.3,43325.4,292
20260804,900,42921.8,43051.3,42724.1,43040.3,13406
20260804,915,43031.2,43068.3,42731.1,42907.7,17230
20260804,930,42911.8,43165.7,42863.6,43139.7,11504
20260804,945,43142.7,43558.3,43142.7,43552.3,12570
20260804,1000,43548.3,43965.9,43538.3,43899.7,14076
20260804,1015,43900.7,43908.7,43449,43505.1,10896
20260804,1030,43504.1,43559.3,43341.5,43453.9,6722
20260804,1045,43470,43599.5,43454,43546.3,3370
20260804,1100,43555.3,43584.4,43376.7,43383.6,3434
20260804,1115,43381.6,43527.2,43169.8,43172.8,6914
20260804,1130,43178.8,43440.8,43100.6,43372.6,5970
20260804,1145,43378.6,43463.9,43224.1,43254.1,3714
20260804,1200,43254.1,43310.3,43223.1,43250.1,2682
20260804,1215,43253.1,43302.3,43112.6,43137.7,3716
20260804,1230,43141.7,43380.6,43131.7,43358.5,3424
20260804,1245,43364.6,43375.6,43222,43235.1,2688
20260804,1300,43233,43428.8,43202,43378.6,3560
20260804,1315,43371.6,43415.7,43204,43276.2,3684
20260804,1330,43282.2,43412.7,43232.1,43373.6,5904
20260804,1345,43367.6,43657.7,43354.6,43531.2,12158
20260804,1515,43627.6,43689.8,43571.4,43597.5,2334
20260804,1530,43596.5,43676.8,43561.4,43612.6,1294
20260804,1545,43612.6,43723,43576.5,43603.5,1900
20260804,1600,43599.5,43629.6,43540.3,43554.3,888
20260804,1615,43553.3,43752.1,43549.4,43737.1,2772
20260804,1630,43725,43852.5,43675.9,43722,2912
20260804,1645,43722,43721.9,43577.5,43608.5,1778
20260804,1700,43608.5,43629.6,43560.4,43598.5,898
20260804,1715,43597.5,43600.5,43452,43524.2,2036
20260804,1730,43524.2,43584.4,43406.8,43584.4,1582
20260804,1745,43583.4,43675.8,43576.5,43651.7,1446
20260804,1800,43656.7,43693.8,43616.6,43690.9,932
20260804,1815,43690.9,43769.1,43650.8,43758.1,1066
20260804,1830,43756.1,43818.3,43729.1,43789.3,1376
20260804,1845,43791.3,43901.7,43762.2,43880.6,2204
20260804,1900,43877.6,43924.8,43817.4,43852.5,1886
20260804,1915,43860.6,43948.9,43860.6,43936.9,1104
20260804,1930,43937.9,44063.3,43919.8,44063.4,2718
20260804,1945,44062.4,44104.5,43925.9,44084.5,2726
20260804,2000,44090.5,44152.7,44037.3,44127.6,2206
20260804,2015,44121.6,44130.6,44066.4,44079.4,992
20260804,2030,44075.4,44137.6,44055.4,44101.5,1268
20260804,2045,44103.5,44118.5,44038.3,44105.5,794
20260804,2100,44103.5,44109.5,44041.3,44083.4,570
20260804,2115,44088.5,44196.9,44066.4,44180.8,1622
20260804,2130,44180.8,44278.2,44092.5,44124.6,3462
20260804,2145,44118.6,44329.4,44022.3,44256.1,6800
20260804,2200,44269.2,44399.7,44250.2,44274.2,4888
20260804,2215,44290.3,44375.6,44210,44318.4,2990
20260804,2230,44327.4,44360.5,44223.1,44350.5,2268
20260804,2245,44343.5,44392.6,44299.4,44389.7,2024
20260804,2300,44382.6,44416.7,44334.5,44389.7,2024
20260804,2315,44389.7,44495,44387.7,44465,3046
20260804,2330,44458.9,44502.1,44444.9,44457.9,1642
20260804,2345,44460,44563.3,44454,44550.3,1958
20260805,0,44548.3,44598.5,44543.3,44568.4,1652
20260805,15,44567.4,44655.7,44566.4,44594.5,2380
20260805,30,44596.5,44670.7,44586.5,44648.7,1046
20260805,45,44646.7,44673.8,44627.7,44654.7,786
20260805,100,44650.7,44676.8,44636.7,44659.8,356
20260805,115,44659.8,44711.9,44657.8,44704.9,1012
20260805,130,44706.9,44791.2,44690.9,44764.2,1156
20260805,145,44760.2,44851.5,44745.1,44848.5,1436
20260805,200,44850.5,44859.5,44735.1,44766.2,1390
20260805,215,44762.2,44822.4,44734.1,44817.4,834
20260805,230,44819.4,44843.4,44796.3,44843.5,614
20260805,245,44845.5,44883.6,44775.3,44798.3,824
20260805,300,44824.4,44827.4,44809.4,44821.4,262
20260805,315,44827.4,44905.7,44827.5,44849.5,886
20260805,330,44849.5,44855.5,44809.4,44819.4,630
20260805,345,44828.4,44855.5,44815.4,44855.5,358
20260805,400,44849.5,44860.5,44760.2,44769.2,836
20260805,415,44777.2,44854.5,44769.2,44800.3,712
20260805,430,44797.3,44797.3,44481.1,44583.4,2874
20260805,445,44563.4,44658.7,44556.4,44637.7,488
20260805,500,44648.7,44717.9,44616.6,44718,484
20260805,900,44832.4,44857.5,44669.8,44832.4,8094
20260805,915,44834.5,44877.6,44550.4,44582.4,14818
20260805,930,44578.4,44626.6,44396.8,44580.4,11092
20260805,945,44586.5,44819.3,44519.2,44769.2,11312
20260805,1000,44767.2,45033.2,44763.2,44953.9,11740
20260805,1015,44956.9,45089.4,44957,45060.4,5992
20260805,1030,45063.4,45091.4,44937.9,44987.1,5512
20260805,1045,44980,45037.2,44896.8,45005.1,3904
20260805,1100,45005.1,45103.5,44974.1,44986.1,4656
20260805,1115,44997.1,45101.5,44964,44964,3918
20260805,1130,44967,44980,44792.3,44796.3,5636
20260805,1145,44798.3,44915.7,44719,44863.6,6102
20260805,1200,44862.6,44919.7,44771.2,44836.5,2616
20260805,1215,44835.5,44859.5,44741.1,44771.2,2158
20260805,1230,44765.2,44782.2,44524.3,44578.4,5720
20260805,1245,44575.4,44714.9,44563.4,44663.8,4404
20260805,1300,44664.8,44696.9,44546.3,44643.7,3546
20260805,1315,44640.7,44731,44590.5,44643.7,3958
20260805,1330,44644.7,44719.9,44560.4,44690.9,7334
20260805,1345,44690.9,44763.1,44665.8,44692.9,12648
20260805,1515,44759.2,44804.3,44577.5,44599.5,3030
20260805,1530,44603.5,44608.5,44463,44494.1,2742
20260805,1545,44490.1,44543.2,44429.9,44519.2,1876
20260805,1600,44518.2,44592.4,44515.2,44562.4,1546
20260805,1615,44563.4,44607.5,44411.8,44448.9,2602
20260805,1630,44444.9,44516.1,44400.8,44467,1816
20260805,1645,44468,44467.9,44308.4,44363.6,2828
20260805,1700,44367.6,44407.7,44336.5,44376.6,1124
20260805,1715,44376.6,44439.8,44319.4,44370.6,1540
20260805,1730,44373.6,44428.8,44336.5,44422.8,1018
20260805,1745,44424.8,44523.2,44418.8,44458.9,2204
20260805,1800,44454.9,44462.9,44369.6,44412.8,1012
20260805,1815,44412.8,44447.9,44396.8,44433.8,690
20260805,1830,44430.8,44493,44427.9,44473,912
20260805,1845,44473,44503.1,44448,44473,686
20260805,1900,44476,44559.3,44417.8,44534.3,1892
20260805,1915,44537.3,44598.5,44512.2,44573.4,1442
20260805,1930,44579.4,44618.5,44568.4,44591.5,770
20260805,1945,44586.5,44694.8,44559.4,44669.8,1690
20260805,2000,44668.8,44719.9,44578.5,44586.5,1674
20260805,2015,44583.4,44628.6,44513.2,44563.4,1750
20260805,2030,44563.4,44627.6,44514.2,44570.4,1468
20260805,2045,44566.4,44601.5,44486.1,44601.5,1264
20260805,2100,44603.5,44628.6,44545.3,44547.3,908
20260805,2115,44546.3,44583.4,44510.2,44518.2,618
20260805,2130,44522.2,44605.5,44460,44590.5,1750
20260805,2145,44587.5,44767.1,44474.1,44720,6230
20260805,2200,44728,44823.4,44668.8,44764.2,4612
20260805,2215,44755.1,44755.1,44511.2,44590.5,4900
20260805,2230,44591.5,44639.6,44432.9,44492.1,3456
20260805,2245,44492.1,44492,44321.4,44402.7,4250
20260805,2300,44392.7,44490,44275.3,44421.8,3818
20260805,2315,44420.8,44543.2,44394.7,44457.9,3190
20260805,2330,44463,44541.2,44396.8,44498.1,2164
20260805,2345,44499.1,44638.6,44498.2,44566.4,2372
20260806,0,44550.3,44589.4,44447,44495.1,1948
20260806,15,44491.1,44579.4,44488.1,44544.3,1170
20260806,30,44526.2,44672.8,44525.3,44669.8,1332
20260806,45,44672.8,44689.8,44576.5,44598.5,1058
20260806,100,44598.5,44630.6,44592.5,44615.6,546
20260806,115,44618.6,44625.6,44509.2,44536.3,702
20260806,130,44533.2,44573.4,44496.1,44528.2,568
20260806,145,44532.2,44582.4,44501.2,44556.3,312
20260806,200,44551.3,44588.4,44528.3,44577.4,292
20260806,215,44574.4,44594.4,44553.4,44558.3,504
20260806,230,44557.3,44597.5,44552.4,44592.5,220
20260806,245,44591.5,44594.4,44514.2,44528.2,328
20260806,300,44538.3,44585.4,44536.3,44578.4,264
20260806,315,44572.4,44661.7,44564.4,44648.7,766
20260806,330,44652.7,44678.8,44635.7,44645.7,328
20260806,345,44642.7,44656.7,44574.5,44585.5,492
20260806,400,44586.5,44601.5,44407.8,44424.8,776
20260806,415,44423.8,44452.9,44322.5,44393.7,1542
20260806,430,44395.7,44411.7,44351.6,44407.7,368
20260806,445,44414.8,44466.9,44413.8,44455.9,332
20260806,500,44449.9,44470.9,44428.9,44455.9,264
20260806,900,44354.5,44493,44288.3,44430.8,8332
20260806,915,44428.8,44506.1,44242.1,44334.5,13914
20260806,930,44336.5,44353.5,44019.2,44222,12774
20260806,945,44224,44322.4,44049.4,44058.3,8722
20260806,1000,44066.4,44203.9,44041.3,44119.6,5838
20260806,1015,44121.6,44299.3,44121.6,44249.1,6986
20260806,1030,44254.1,44372.6,44203,44267.2,6030
20260806,1045,44263.2,44607.5,44228.1,44605.5,7846
20260806,1100,44595.5,44670.7,44506.2,44614.6,5812
20260806,1115,44611.6,44672.8,44482.1,44555.3,4062
20260806,1130,44553.3,44585.4,44417.8,44434.9,2980
20260806,1145,44437.9,44498.1,44385.7,44444.9,2870
20260806,1200,44449.9,44523.2,44414.8,44521.2,2046
20260806,1215,44517.2,44538.2,44413.8,44419.8,2426
20260806,1230,44417.8,44511.1,44395.7,44453.9,2082
20260806,1245,44448.9,44535.2,44382.7,44412.8,2332
20260806,1300,44415.8,44513.1,44384.7,44501.1,2164
20260806,1315,44502.1,44622.6,44480.1,44587.5,5084
20260806,1330,44581.4,44598.5,44475.1,44489.1,4346
20260806,1345,44484,44526.2,44380.7,44457.9,6192
20260806,1515,44306.3,44511.1,44275.3,44503.1,3044
20260806,1530,44501.1,44558.3,44476.1,44538.3,1184
20260806,1545,44534.3,44539.2,44428.9,44442.9,1308
20260806,1600,44441.9,44456.9,44404.8,44433.8,912
20260806,1615,44434.9,44452.9,44285.3,44319.4,2000
20260806,1630,44319.4,44410.7,44303.4,44403.7,976
20260806,1645,44407.7,44431.8,44370.6,44414.8,666
20260806,1700,44415.8,44488,44397.8,44485.1,832
20260806,1715,44485.1,44494,44335.5,44345.5,1184
20260806,1730,44342.5,44397.7,44338.5,44391.7,460
20260806,1745,44381.6,44388.6,44353.6,44369.6,426
20260806,1800,44378.6,44479,44374.7,44479,788
20260806,1815,44480,44490,44445.9,44453.9,502
20260806,1830,44450.9,44461.9,44399.8,44432.8,554
20260806,1845,44435.9,44440.8,44371.6,44377.6,476
20260806,1900,44376.6,44402.7,44351.6,44394.7,522
20260806,1915,44397.7,44397.7,44045.3,44210,4472
20260806,1930,44211,44332.4,44208,44320.4,1520
20260806,1945,44314.4,44436.8,44311.4,44384.7,1870
20260806,2000,44390.7,44421.8,44311.4,44366.6,1106
20260806,2015,44373.6,44390.6,44246.1,44249.1,1124
20260806,2030,44251.1,44335.4,44202,44267.2,1324
20260806,2045,44265.2,44339.4,44240.1,44305.3,942
20260806,2100,44302.3,44317.3,44241.1,44272.2,672
20260806,2115,44267.2,44276.2,44149.8,44149.7,1140
20260806,2130,44160.8,44219.9,44126.7,44139.7,1112
20260806,2145,44142.7,44427.8,43976.1,44412.8,8966
20260806,2200,44417.8,44605.5,44390.7,44590.5,6254
20260806,2215,44592.5,44817.3,44545.3,44757.1,7328
20260806,2230,44757.1,44912.7,44719,44856.5,5028
20260806,2245,44854.5,45053.3,44854.6,44860.6,6692
20260806,2300,44863.6,44972,44763.2,44971,3982
20260806,2315,44970,45020.1,44881.7,44962,2716
20260806,2330,44960,44974,44862.6,44914.8,2398
20260806,2345,44911.8,44946.9,44770.2,44776.2,2178
20260807,0,44776.2,44915.7,44690.9,44745.1,3648
20260807,15,44758.1,44831.4,44701,44766.2,2990
20260807,30,44761.2,44813.3,44682.9,44724,1914
20260807,45,44724,44840.4,44718,44773.2,1488
20260807,100,44780.2,44896.7,44752.2,44885.7,1662
20260807,115,44889.7,44901.7,44827.5,44835.5,950
20260807,130,44837.5,44870.5,44825.5,44843.5,540
20260807,145,44844.5,44863.5,44794.3,44812.4,390
20260807,200,44812.4,44839.4,44801.4,44834.5,390
20260807,215,44839.5,44855.5,44768.2,44803.3,548
20260807,230,44804.3,44873.6,44716,44861.6,1200
20260807,245,44849.5,44856.5,44751.2,44767.2,338
20260807,300,44775.2,44788.2,44737.1,44744.1,270
20260807,315,44742.1,44838.4,44734.1,44790.3,552
20260807,330,44790.3,44810.3,44706,44740.1,408
20260807,345,44740.1,44785.2,44716,44740.1,372
20260807,400,44741.1,44767.1,44683.9,44719,726
20260807,415,44720,44739,44665.8,44711,716
20260807,430,44711,44725,44618.6,44627.6,478
20260807,445,44628.6,44668.7,44616.6,44651.7,284
20260807,500,44650.7,44722,44636.7,44722,448
20260807,900,44767.2,44883.6,44595.5,44879.6,9978
20260807,915,44876.6,44923.8,44409.8,44431.8,12636
20260807,930,44439.9,44644.6,44352.6,44556.3,10562
20260807,945,44553.3,44667.7,44286.3,44440.9,8640
20260807,1000,44441.9,44543.2,44377.7,44386.7,4838
20260807,1015,44394.7,44600.5,44375.7,44518.2,5768
20260807,1030,44515.2,44633.6,44478.1,44520.2,4864
20260807,1045,44520.2,44601.5,44475.1,44498.1,3572
20260807,1100,44500.1,44618.5,44435.9,44545.3,4218
20260807,1115,44545.3,44667.7,44542.3,44557.3,3592
20260807,1130,44557.3,44578.4,44319.4,44385.7,5364
20260807,1145,44377.6,44522.2,44363.6,44461,3078
20260807,1200,44454.9,44516.1,44344.5,44362.6,2848
20260807,1215,44362.6,44472,44322.5,44397.7,2552
20260807,1230,44398.7,44445.8,44278.3,44387.7,3240
20260807,1245,44386.7,44453.9,44221,44234,3770
20260807,1300,44232,44302.3,44099.6,44299.3,4866
20260807,1315,44295.3,44488,44294.3,44401.7,5692
20260807,1330,44404.7,44500.1,44400.8,44426.8,5040
20260807,1345,44424.8,44532.2,44410.8,44527.2,6856
20260807,1515,44540.3,44700.9,44540.3,44697.9,2382
20260807,1530,44700.9,44724,44643.7,44696.9,1216
20260807,1545,44691.9,44705.9,44655.8,44671.8,708
20260807,1600,44668.8,44692.8,44643.7,44648.7,474
20260807,1615,44651.7,44750.1,44651.8,44727,1178
20260807,1630,44720,44728,44652.8,44666.8,926
20260807,1645,44671.8,44723,44653.8,44688.9,604
20260807,1700,44690.9,44724,44670.8,44724,448
20260807,1715,44718,44834.4,44709,44770.2,2132
20260807,1730,44774.2,44824.4,44766.2,44772.2,666
20260807,1745,44774.2,44843.4,44769.2,44806.3,772
20260807,1800,44809.4,44840.4,44794.3,44815.4,668
20260807,1815,44819.4,44833.4,44786.3,44786.3,454
20260807,1830,44787.3,44798.3,44735.1,44797.3,746
20260807,1845,44799.3,44811.3,44766.2,44779.2,288
20260807,1900,44782.2,44796.2,44748.2,44759.2,274
20260807,1915,44769.2,44900.7,44768.2,44868.6,1442
20260807,1930,44867.6,44904.7,44859.6,44886.7,476
20260807,1945,44883.6,44891.6,44855.6,44877.6,380
20260807,2000,44882.6,44915.7,44840.5,44843.5,790
20260807,2015,44839.5,44953.9,44822.5,44903.7,1186
20260807,2030,44895.7,44960.9,44829.5,44908.7,886
20260807,2045,44911.8,45274.2,44875.7,45266.2,5950
20260807,2100,45274.2,45427.8,45274.3,45386.7,3724
20260807,2115,45381.6,45408.7,45231.1,45247.1,3146
20260807,2130,45249.1,45258.1,45110.6,45225,2854
20260807,2145,45225,45250.1,45097.6,45228,4514
20260807,2200,45220,45251.1,44906.8,44950.9,5166
20260807,2215,44937.9,44976,44700,44718,7074
20260807,2230,44722,44992,44691.9,44961,4190
20260807,2245,44965,44975,44788.3,44812.4,2822
20260807,2300,44813.4,44967.9,44805.4,44941.9,2040
20260807,2315,44943.9,45002.1,44935.9,44968,1802
20260807,2330,44965,45092.4,44912.8,45061.4,2312
20260807,2345,45068.4,45099.5,45000.2,45038.3,1986
20260808,0,45037.3,45124.6,45030.3,45093.5,1506
20260808,15,45095.5,45130.6,45057.4,45062.4,1228
20260808,30,45058.3,45100.5,44945.9,44966,1876
20260808,45,44970,45035.2,44890.7,45011.2,1404
20260808,100,45011.2,45065.3,45004.2,45008.1,704
20260808,115,45009.2,45060.3,44988.1,45020.2,678
20260808,130,45020.2,45072.4,45020.2,45041.3,548
20260808,145,45040.3,45049.3,45011.2,45027.2,676
20260808,200,45025.2,45055.3,45010.2,45028.2,502
20260808,215,45025.2,45043.2,44985.1,44991.1,562
20260808,230,45001.1,45020.1,44975.1,44981,392
20260808,245,44985.1,45005.1,44947,44946.9,372
20260808,300,44949.9,45016.1,44947,45008.1,354
20260808,315,45013.2,45177.8,45013.2,45141.7,1502
20260808,330,45150.7,45200.9,45128.7,45150.7,596
20260808,345,45152.7,45155.7,45109.6,45109.6,678
20260808,400,45111.6,45222,45110.6,45196.9,722
20260808,415,45193.9,45202.9,45173.9,45178.8,326
20260808,430,45178.8,45199.9,45171.9,45173.8,220
20260808,445,45171.8,45208.9,45169.8,45201.9,196
20260808,500,45201.9,45225,45194.9,45214,396
20260810,900,45165.8,45214.9,44971,44971,8190
20260810,915,44973,45107.5,44847.6,45102.5,10904
20260810,930,45102.5,45357.5,45068.4,45206.9,10066
20260810,945,45203.9,45244,45050.4,45218,7688
20260810,1000,45218,45391.6,45198,45340.5,7540
20260810,1015,45346.5,45400.7,45282.3,45328.4,4224
20260810,1030,45323.4,45333.4,45256.2,45296.3,3198
20260810,1045,45300.3,45312.3,45204,45227,3016
20260810,1100,45226,45366.5,45222.1,45237.1,3450
20260810,1115,45232,45296.3,45120.6,45158.8,3458
20260810,1130,45163.8,45220.9,45105.6,45121.6,3386
20260810,1145,45123.6,45192.8,45110.6,45170.8,2270
20260810,1200,45170.8,45185.8,45095.5,45141.7,1840
20260810,1215,45144.7,45155.7,45027.3,45061.4,3302
20260810,1230,45065.4,45109.5,45048.4,45103.5,1852
20260810,1245,45102.5,45104.5,44976.1,45027.2,3684
20260810,1300,45029.2,45054.3,44963,44994.1,2656
20260810,1315,45000.1,45185.8,44983.1,45183.9,3872
20260810,1330,45185.9,45245,45147.8,45147.7,5316
20260810,1345,45149.7,45188.8,45092.5,45167.8,10024
20260810,1515,45180.8,45253.1,45143.7,45159.8,2192
20260810,1530,45159.8,45231,45158.8,45223,748
20260810,1545,45222,45305.3,45219,45305.3,1052
20260810,1600,45305.3,45351.5,45228.1,45290.3,1652
20260810,1615,45287.3,45350.5,45269.2,45328.4,1354
20260810,1630,45330.4,45360.5,45269.2,45277.2,958
20260810,1645,45283.2,45312.3,45261.2,45281.2,670
20260810,1700,45279.2,45291.2,45266.2,45287.3,324
20260810,1715,45286.3,45295.2,45249.2,45258.1,608
20260810,1730,45264.2,45283.2,45215,45261.2,812
20260810,1745,45261.2,45282.2,45189.9,45207.9,654
20260810,1800,45202.9,45233,45201,45222,460
20260810,1815,45217,45248.1,45072.5,45100.5,1306
20260810,1830,45101.5,45185.8,45074.5,45172.8,1042
20260810,1845,45168.8,45180.8,45127.7,45156.7,514
20260810,1900,45160.8,45205.9,45142.7,45166.8,914
20260810,1915,45172.8,45201.9,45057.4,45118.6,1182
20260810,1930,45116.6,45190.8,45106.6,45181.8,864
20260810,1945,45179.8,45185.8,45080.5,45080.4,690
20260810,2000,45082.4,45114.5,45062.4,45114.6,806
20260810,2015,45110.6,45137.6,45041.3,45041.3,960
20260810,2030,45045.3,45073.4,45034.3,45055.3,1004
20260810,2045,45051.3,45088.4,45024.3,45058.3,796
20260810,2100,45058.3,45066.3,44994.1,44999.1,704
20260810,2115,44996.1,45045.2,44949,45040.3,1820
20260810,2130,45037.3,45085.4,45013.2,45081.4,936
20260810,2145,45077.4,45100.5,44821.5,44920.8,5916
20260810,2200,44917.8,45028.2,44899.8,45000.1,3638
20260810,2215,44989.1,45165.7,44966,45134.7,3786
20260810,2230,45138.7,45157.7,44972.1,45004.1,2950
20260810,2245,45008.1,45121.6,44985.1,45036.3,2126
20260810,2300,45039.3,45073.4,44945.9,44947.9,1728
20260810,2315,44947.9,45060.3,44948,45018.2,1676
20260810,2330,45023.2,45052.3,44971,44984.1,968
20260810,2345,44980,44999.1,44917.8,44991.1,1216
20260811,0,44993.1,45036.2,44964,45018.2,986
20260811,15,45026.2,45039.2,44982.1,44994.1,552
20260811,30,44989.1,45017.1,44976.1,44981,446
20260811,45,44981,44987,44861.6,44879.6,1632
20260811,100,44882.6,44925.8,44871.7,44901.7,816
20260811,115,44899.7,44934.8,44893.7,44922.8,306
20260811,130,44927.8,44947.9,44899.8,44910.8,240
20260811,145,44916.8,44925.8,44876.7,44879.6,360
20260811,200,44875.6,44906.7,44875.7,44901.7,200
20260811,215,44905.7,44941.8,44895.7,44913.8,324
20260811,230,44911.8,44920.7,44895.7,44905.7,106
20260811,245,44904.7,44967.9,44902.8,44967,308
20260811,300,44968,45004.1,44962,44995.1,284
20260811,315,45004.1,45010.1,44988.1,45004.1,190
20260811,330,45004.1,45023.2,44996.1,45017.2,238
20260811,345,45019.2,45020.1,44971,44971,230
20260811,400,44970,45001.1,44891.7,44915.8,612
20260811,415,44948.9,44949.9,44904.8,44904.7,340
20260811,430,44901.7,44908.7,44886.7,44896.7,134
20260811,445,44892.7,44892.6,44862.6,44879.6,306
20260811,500,44883.6,44916.7,44869.6,44898.7,390
20260811,900,44940.9,45144.6,44932.9,45064.4,5862
20260811,915,45062.4,45137.6,44749.2,45137.7,14990
20260811,930,45136.7,45172.8,44952,45093.5,8476
20260811,945,45091.5,45112.5,44846.6,44949.9,7524
20260811,1000,44951.9,45023.2,44867.6,44905.7,5224
20260811,1015,44901.7,44947.9,44827.5,44889.7,4704
20260811,1030,44889.7,45021.1,44837.5,44997.1,4858
20260811,1045,44995.1,45110.5,44981.1,45090.5,4368
20260811,1100,45100.5,45151.7,44928.9,44999.1,4930
20260811,1115,45000.1,45078.4,44957,45050.3,3066
20260811,1130,45054.3,45321.4,45053.4,45299.3,7458
20260811,1145,45296.3,45326.4,45216,45237.1,4654
20260811,1200,45241.1,45305.3,45178.9,45190.9,3096
20260811,1215,45190.9,45284.2,45166.8,45250.1,2842
20260811,1230,45250.1,45306.3,45222.1,45261.2,2740
20260811,1245,45259.2,45293.2,45232.1,45274.2,1840
20260811,1300,45276.2,45312.3,45267.2,45310.4,1664
20260811,1315,45309.4,45381.6,45263.2,45325.4,4342
20260811,1330,45324.4,45334.4,45217,45247.1,3736
20260811,1345,45241.1,45298.3,45208,45271.2,4878
20260811,1515,45117.6,45154.7,45010.2,45095.5,2842
20260811,1530,45094.5,45110.5,45036.3,45080.4,1154
20260811,1545,45085.5,45175.8,45081.5,45128.6,1072
20260811,1600,45125.6,45199.9,45116.6,45190.9,720
20260811,1615,45195.9,45279.2,45144.7,45150.7,2070
20260811,1630,45147.7,45162.7,45120.6,45141.7,798
20260811,1645,45143.7,45182.8,45128.7,45182.8,540
20260811,1700,45180.8,45196.9,45157.8,45174.8,554
20260811,1715,45169.8,45202.9,45121.7,45148.7,704
20260811,1730,45153.7,45243,45153.8,45240.1,1028
20260811,1745,45243.1,45354.5,45226.1,45311.4,1862
20260811,1800,45316.4,45350.5,45295.3,45301.3,1114
20260811,1815,45306.3,45317.3,45248.2,45290.3,1262
20260811,1830,45289.3,45515.1,45287.3,45508.1,3232
20260811,1845,45509.2,45532.2,45470,45497.1,1684
20260811,1900,45501.1,45523.2,45472.1,45493.1,964
20260811,1915,45492.1,45702.9,45492.1,45647.7,4648
20260811,1930,45650.7,45654.7,45571.5,45587.5,1710
20260811,1945,45586.5,45597.5,45544.3,45562.4,874
20260811,2000,45561.4,45592.4,45545.3,45591.5,600
20260811,2015,45590.5,45635.6,45522.3,45610.6,1194
20260811,2030,45612.6,45625.6,45517.2,45546.3,1188
20260811,2045,45544.3,45591.4,45535.3,45590.5,552
20260811,2100,45591.5,45614.5,45534.3,45551.3,762
20260811,2115,45551.3,45619.5,45549.4,45578.4,674
20260811,2130,45577.4,45620.5,45557.4,45611.6,684
20260811,2145,45607.5,45669.7,45472.1,45637.7,4644
20260811,2200,45635.7,45638.6,45431.9,45560.4,3728
20260811,2215,45548.3,45682.8,45534.3,45606.5,3570
20260811,2230,45612.6,45693.8,45599.6,45669.8,2402
20260811,2245,45671.8,45690.8,45602.6,45612.6,2046
20260811,2300,45613.6,45699.9,45607.6,45625.6,2474
20260811,2315,45627.6,45667.7,45554.4,45573.4,2046
20260811,2330,45569.4,45608.5,45524.3,45542.3,1814
20260811,2345,45534.3,45550.3,45458,45492.1,1844
20260812,0,45488.1,45488,45417.8,45431.8,1814
20260812,15,45434.9,45493,45426.9,45440.9,1282
20260812,30,45438.9,45476,45396.8,45439.9,1364
20260812,45,45436.9,45487,45406.8,45435.9,702
20260812,100,45439.9,45439.8,45382.7,45392.7,662
20260812,115,45396.7,45402.7,45311.4,45314.4,1434
20260812,130,45312.4,45407.7,45305.4,45399.7,722
20260812,145,45394.7,45468.9,45374.7,45452.9,698
20260812,200,45446.9,45467.9,45433.9,45442.9,312
20260812,215,45439.9,45444.8,45394.7,45407.7,364
20260812,230,45407.7,45431.8,45284.3,45289.3,684
20260812,245,45297.3,45354.5,45292.3,45338.5,484
20260812,300,45340.5,45397.7,45340.5,45374.6,316
20260812,315,45373.6,45397.7,45341.5,45379.6,282
20260812,330,45375.6,45405.7,45369.6,45398.7,212
20260812,345,45402.7,45436.8,45401.8,45420.8,352
20260812,400,45420.8,45472,45406.8,45454.9,664
20260812,415,45457.9,45482,45413.8,45477,682
20260812,430,45481,45490,45469,45479,316
20260812,445,45478,45483,45460,45469,364
20260812,500,45463,45472,45441.9,45461,282
20260812,900,45532.2,45592.4,45465,45488.1,5746
20260812,915,45487.1,45698.9,45467,45492.1,11440
20260812,930,45491.1,45523.2,45337.5,45434.9,8812
20260812,945,45418.8,45546.3,45396.8,45546.3,5066
20260812,1000,45546.3,45619.5,45488.1,45597.5,7068
20260812,1015,45589.5,45610.5,45442.9,45487.1,4484
20260812,1030,45486.1,45554.3,45431.9,45552.3,3860
20260812,1045,45546.3,45633.6,45534.3,45607.5,4276
20260812,1100,45611.6,45728,45611.6,45687.9,7064
20260812,1115,45688.9,45744,45640.7,45733,5558
20260812,1130,45733,45737,45669.8,45680.8,3194
20260812,1145,45672.8,45700.9,45533.3,45554.3,4848
20260812,1200,45556.3,45617.5,45528.3,45600.5,3626
20260812,1215,45598.5,45604.5,45547.4,45594.5,2536
20260812,1230,45592.5,45604.5,45562.4,45578.4,1914
20260812,1245,45581.4,45703.9,45571.5,45646.7,4414
20260812,1300,45642.7,45717.9,45614.6,45711,3706
20260812,1315,45711,45712.9,45618.6,45618.6,3536
20260812,1330,45618.6,45662.7,45540.3,45657.7,6006
20260812,1345,45658.8,45711.9,45633.7,45711,6720
20260812,1515,45783.3,45924.8,45773.3,45884.7,3284
20260812,1530,45878.6,45902.7,45844.5,45866.6,1116
20260812,1545,45865.6,45901.7,45853.6,45901.7,712
20260812,1600,45902.7,45928.8,45868.6,45924.8,628
20260812,1615,45925.8,45997.1,45902.8,45979,2088
20260812,1630,45980,46051.3,45967,46047.3,1574
20260812,1645,46043.3,46068.3,45986.1,46046.3,1764
20260812,1700,46046.3,46078.4,46032.3,46062.4,756
20260812,1715,46072.4,46140.6,46053.4,46125.6,1232
20260812,1730,46127.6,46204.9,46124.7,46153.7,1422
20260812,1745,46160.8,46166.7,46104.6,46106.5,812
20260812,1800,46106.5,46122.6,46040.3,46100.5,1488
20260812,1815,46097.5,46137.6,46089.5,46116.6,732
20260812,1830,46118.6,46140.6,46101.6,46114.6,506
20260812,1845,46114.6,46133.6,46105.6,46114.6,342
20260812,1900,46114.6,46119.5,46016.2,46087.5,1224
20260812,1915,46094.5,46151.7,46094.5,46128.6,650
20260812,1930,46125.6,46129.6,46094.5,46125.6,448
20260812,1945,46126.6,46174.8,46118.6,46156.7,678
20260812,2000,46157.7,46225,46137.7,46206.9,1468
20260812,2015,46210,46231,46177.9,46181.8,876
20260812,2030,46183.9,46356.5,46181.9,46344.5,2112
20260812,2045,46352.5,46389.6,46084.5,46348.5,6348
20260812,2100,46341.5,46440.8,46315.4,46440.9,2404
20260812,2115,46436.9,46459.9,46365.6,46399.7,2040
20260812,2130,46397.7,46468.9,46381.7,46456.9,1426
20260812,2145,46456.9,46478,46250.2,46363.6,5862
20260812,2200,46370.6,46443.8,46292.3,46395.7,3412
20260812,2215,46385.7,46431.8,46357.6,46361.6,2012
20260812,2230,46373.6,46498.1,46363.6,46471,2578
20260812,2245,46468,46495,46338.5,46450.9,3094
20260812,2300,46449.9,46454.9,46300.4,46310.4,2224
20260812,2315,46306.3,46385.6,46272.3,46380.6,1332
20260812,2330,46380.6,46385.6,46306.4,46373.6,864
20260812,2345,46373.6,46377.6,46281.3,46298.3,994
20260813,0,46297.3,46321.4,46265.2,46290.3,1750
20260813,15,46290.3,46346.5,46290.3,46320.4,942
20260813,30,46320.4,46328.4,46282.3,46290.3,542
20260813,45,46292.3,46308.3,46245.1,46278.2,1210
20260813,100,46280.2,46307.3,46278.3,46288.3,276
20260813,115,46288.3,46345.5,46288.3,46339.5,564
20260813,130,46331.4,46373.6,46305.4,46358.6,450
20260813,145,46358.6,46398.7,46358.6,46391.7,564
20260813,200,46389.7,46401.7,46364.6,46375.6,262
20260813,215,46382.6,46396.7,46361.6,46377.6,296
20260813,230,46373.6,46431.8,46373.7,46407.7,502
20260813,245,46411.8,46445.9,46405.8,46445.9,292
20260813,300,46441.9,46447.9,46385.7,46398.7,270
20260813,315,46402.7,46414.7,46392.7,46398.7,192
20260813,330,46409.8,46430.8,46368.6,46383.7,338
20260813,345,46383.7,46385.6,46350.6,46358.6,362
20260813,400,46352.5,46362.5,46307.4,46353.5,602
20260813,415,46347.5,46385.6,46304.4,46318.4,518
20260813,430,46323.4,46325.4,46276.3,46306.3,408
20260813,445,46300.3,46311.3,46292.3,46307.3,126
20260813,500,46307.3,46307.3,46281.3,46302.3,332
20260813,900,46305.3,46435.8,46291.3,46384.7,6268
20260813,915,46385.7,46429.8,46262.2,46315.4,8630
20260813,930,46314.4,46359.5,46247.2,46280.2,6292
20260813,945,46280.2,46410.7,46254.2,46306.3,7264
20260813,1000,46317.4,46397.7,46227.1,46317.4,6520
20260813,1015,46327.4,46388.6,46290.3,46326.4,3814
20260813,1030,46325.4,46352.5,46108.6,46114.6,7224
20260813,1045,46114.6,46204.9,46024.3,46175.8,7066
20260813,1100,46175.8,46227,46132.7,46219,3180
20260813,1115,46221,46232,46151.8,46196.9,3186
20260813,1130,46197.9,46212.9,46173.9,46173.8,2712
20260813,1145,46184.9,46207.9,46113.6,46156.7,3222
20260813,1200,46160.8,46201.9,46144.7,46180.8,2324
20260813,1215,46184.9,46249.1,46175.9,46176.8,3202
20260813,1230,46176.8,46209.9,46137.7,46177.8,2514
20260813,1245,46177.8,46292.2,46174.9,46224,3568
20260813,1300,46224,46268.1,46200,46221,2436
20260813,1315,46221,46279.2,46217,46244.1,3062
20260813,1330,46245.1,46287.2,46171.9,46272.2,4712
20260813,1345,46270.2,46301.3,46171.9,46189.9,8696
20260813,1515,46134.7,46215.9,46085.5,46116.6,2026
20260813,1530,46119.6,46183.8,46080.5,46182.8,1030
20260813,1545,46173.8,46189.8,46143.7,46176.8,564
20260813,1600,46174.8,46174.8,46122.7,46124.6,456
20260813,1615,46128.6,46156.7,46062.4,46104.5,1732
20260813,1630,46102.5,46166.7,46081.5,46164.8,640
20260813,1645,46154.7,46160.7,46108.6,46147.7,476
20260813,1700,46144.7,46174.8,46131.7,46158.8,510
20260813,1715,46159.8,46174.8,46119.6,46119.6,382
20260813,1730,46118.6,46154.7,46095.5,46125.6,596
20260813,1745,46127.6,46175.8,46124.7,46172.8,450
20260813,1800,46168.8,46229,46151.8,46226,724
20260813,1815,46222,46242,46193.9,46231,594
20260813,1830,46232,46265.1,46221.1,46239.1,736
20260813,1845,46238.1,46249.1,46207,46234.1,336
20260813,1900,46231,46272.2,46223.1,46257.1,470
20260813,1915,46260.2,46277.2,46241.1,46241.1,648
20260813,1930,46247.1,46256.1,46205,46209,422
20260813,1945,46207.9,46259.1,46198,46250.1,466
20260813,2000,46250.1,46270.1,46219,46229,360
20260813,2015,46232,46236,46180.9,46204.9,538
20260813,2030,46200.9,46232,46154.8,46224,694
20260813,2045,46234.1,46294.2,46191.9,46245.1,1868
20260813,2100,46240.1,46255.1,46218,46251.1,442
20260813,2115,46253.1,46348.5,46245.1,46331.4,1346
20260813,2130,46330.4,46343.4,46302.4,46318.4,538
20260813,2145,46313.4,46494,46259.2,46450.9,5506
20260813,2200,46450.9,46650.7,46446,46585.5,4406
20260813,2215,46586.5,46677.8,46555.4,46638.7,2882
20260813,2230,46642.7,46694.8,46613.6,46684.9,2054
20260813,2245,46684.9,46761.1,46666.8,46741.1,2338
20260813,2300,46734.1,46749.1,46696,46710,1428
20260813,2315,46710,46758.1,46674.9,46675.8,1802
20260813,2330,46676.8,46736,46629.7,46641.7,2098
20260813,2345,46645.7,46653.7,46524.3,46606.5,3158
20260814,0,46599.5,46614.5,46548.4,46581.4,1258
20260814,15,46582.4,46639.6,46575.5,46600.5,1068
20260814,30,46596.5,46662.7,46596.6,46652.7,862
20260814,45,46656.7,46680.8,46652.8,46669.8,678
20260814,100,46669.8,46686.8,46647.8,46686.9,426
20260814,115,46686.9,46721,46686.9,46712,784
20260814,130,46706.9,46728,46702,46711,416
20260814,145,46712,46724,46679.9,46689.9,418
20260814,200,46693.9,46705.9,46637.7,46638.7,538
20260814,215,46646.7,46655.7,46618.6,46637.7,448
20260814,230,46641.7,46645.7,46616.6,46636.7,214
20260814,245,46641.7,46651.7,46630.7,46631.6,180
20260814,300,46631.6,46658.7,46622.7,46628.6,192
20260814,315,46628.6,46648.7,46603.6,46603.5,320
20260814,330,46602.5,46629.6,46581.5,46592.5,598
20260814,345,46589.5,46589.4,46555.4,46555.3,480
20260814,400,46553.3,46559.3,46501.2,46540.3,908
20260814,415,46541.3,46578.4,46505.2,46551.3,500
20260814,430,46551.3,46557.3,46537.3,46550.3,182
20260814,445,46555.3,46586.4,46543.3,46564.4,178
20260814,500,46568.4,46575.4,46534.3,46575.4,258
20260814,900,46652.7,46656.7,46469,46510.2,7918
20260814,915,46510.2,46561.3,46315.4,46368.6,13600
20260814,930,46369.6,46382.6,46260.2,46335.5,8874
20260814,945,46335.5,46350.5,46205,46329.4,7078
20260814,1000,46329.4,46362.5,46229.1,46280.2,5978
20260814,1015,46284.3,46415.7,46282.3,46347.5,5704
20260814,1030,46340.5,46364.5,46250.2,46293.3,4842
20260814,1045,46293.3,46330.4,46264.2,46285.3,4790
20260814,1100,46285.3,46339.4,46200,46204.9,5034
20260814,1115,46204.9,46241,46101.6,46191.9,7582
20260814,1130,46191.9,46336.4,46180.9,46324.4,4710
20260814,1145,46331.4,46331.4,46231.1,46238.1,3566
20260814,1200,46239.1,46253.1,46192.9,46192.9,3110
20260814,1215,46192.9,46200.9,46122.7,46122.6,4478
20260814,1230,46124.6,46172.8,46093.5,46121.6,4572
20260814,1245,46125.6,46139.6,45970,46092.5,7040
20260814,1300,46092.5,46096.5,45992.1,46040.3,5696
20260814,1315,46040.3,46048.3,45859.6,46017.2,9018
20260814,1330,46018.2,46054.3,45965,45971,6098
20260814,1345,45973,46042.2,45920.9,46025.2,12822
20260814,1515,46036.3,46089.4,45933.9,45968,1902
20260814,1530,45969,45989,45949,45972,576
20260814,1545,45977,46024.2,45947,46024.2,704
20260814,1600,46023.2,46049.3,46009.2,46010.2,704
20260814,1615,46010.2,46049.3,45949,45950.9,1344
20260814,1630,45960,46006.1,45952,45994.1,564
20260814,1645,45996.1,46053.3,45996.2,46026.2,868
20260814,1700,46026.2,46053.3,46024.3,46030.2,372
20260814,1715,46029.2,46067.3,46001.2,46067.4,668
20260814,1730,46063.4,46152.7,46059.4,46116.6,2004
20260814,1745,46118.6,46118.5,46055.4,46076.4,718
20260814,1800,46075.4,46122.6,46068.4,46117.6,464
20260814,1815,46120.6,46149.7,46113.6,46130.6,588
20260814,1830,46124.6,46125.6,46076.5,46085.5,420
20260814,1845,46086.5,46094.4,46076.5,46088.5,324
20260814,1900,46088.5,46110.5,46077.5,46108.6,404
20260814,1915,46107.5,46124.6,46079.5,46082.4,650
20260814,1930,46083.5,46102.5,46053.4,46093.5,554
20260814,1945,46086.5,46124.6,46070.4,46094.5,388
20260814,2000,46097.5,46122.6,46097.6,46117.6,358
20260814,2015,46112.6,46135.6,45994.1,46062.4,1448
20260814,2030,46061.4,46080.4,46015.2,46076.4,800
20260814,2045,46082.4,46139.6,46069.4,46074.4,954
20260814,2100,46085.5,46111.5,46066.4,46103.5,256
20260814,2115,46097.5,46113.5,46049.4,46050.3,452
20260814,2130,46050.3,46068.3,46031.3,46031.2,796
20260814,2145,46038.3,46060.3,45878.7,46014.2,4634
20260814,2200,46006.1,46038.2,45943.9,45974,2240
20260814,2215,45972,46122.6,45947,46057.3,2278
20260814,2230,46053.3,46076.4,45871.7,45933.9,2704
20260814,2245,45929.8,45988,45891.7,45955.9,1448
20260814,2300,45955.9,45971,45929.9,45943.9,690
20260814,2315,45944.9,45982,45899.8,45899.7,1090
20260814,2330,45902.7,45925.8,45751.2,45837.5,3394
20260814,2345,45842.5,45846.5,45749.2,45778.2,1550
20260815,0,45779.2,45819.3,45734.1,45802.3,1604
20260815,15,45803.3,45861.5,45800.4,45859.6,1228
20260815,30,45854.5,45897.7,45849.6,45878.6,822
20260815,45,45877.6,45893.6,45841.5,45846.5,636
20260815,100,45844.5,45851.5,45809.4,45816.4,616
20260815,115,45819.4,45843.4,45810.4,45824.4,382
20260815,130,45832.4,45836.4,45798.4,45812.4,374
20260815,145,45813.4,45828.4,45794.3,45804.3,362
20260815,200,45807.3,45822.4,45792.3,45808.4,298
20260815,215,45807.3,45869.5,45807.4,45845.5,524
20260815,230,45848.5,45864.5,45831.5,45835.5,272
20260815,245,45831.4,45883.6,45820.4,45873.6,300
20260815,300,45876.6,45900.7,45861.6,45861.6,238
20260815,315,45861.6,45873.6,45840.5,45858.6,178
20260815,330,45856.5,45892.6,45849.6,45878.6,208
20260815,345,45876.6,45908.7,45865.6,45887.7,336
20260815,400,45883.7,45911.7,45881.7,45901.7,422
20260815,415,45899.7,45917.7,45890.7,45891.7,282
20260815,430,45897.7,45912.7,45897.8,45910.8,80
20260815,445,45906.7,45933.8,45905.8,45912.8,348
20260815,500,45914.8,45945.9,45895.8,45910.8,894
20260817,900,46034.3,46143.6,45963,46126.6,8718
20260817,915,46126.6,46290.2,45996.2,46003.1,15544
20260817,930,46003.1,46128.6,45921.9,46071.4,12014
20260817,945,46071.4,46080.4,45938.9,46047.3,10802
20260817,1000,46047.3,46116.5,46005.2,46079.4,8762
20260817,1015,46079.4,46118.5,46001.2,46086.5,8756
20260817,1030,46086.5,46224,46069.4,46170.8,9650
20260817,1045,46170.8,46197.9,46144.7,46181.8,11240
20260817,1100,46182.8,46201.9,46117.6,46164.8,18634
20260817,1115,46164.8,46186.8,46137.7,46169.8,18330
20260817,1130,46169.8,46216.9,46085.5,46130.6,14962
20260817,1145,46131.6,46172.8,46089.5,46144.7,14086
20260817,1200,46148.7,46252.1,46141.7,46240.1,12098
20260817,1215,46240.1,46325.4,46226.1,46284.3,12550
20260817,1230,46283.3,46323.4,46238.1,46290.3,10848
20260817,1245,46290.3,46291.2,46241.1,46262.2,11228
20260817,1300,46262.2,46270.1,46146.8,46171.8,10982
20260817,1315,46171.8,46211.9,46125.7,46125.6,9786
20260817,1330,46127.6,46134.6,46045.3,46077.4,9660
20260817,1345,46077.4,46111.5,46024.3,46072.4,9576
20260817,1515,46184.9,46200.9,46079.5,46079.4,1724
20260817,1530,46079.4,46102.5,46046.4,46101.5,790
20260817,1545,46101.5,46170.8,46094.5,46160.8,1064
20260817,1600,46160.8,46178.8,46153.8,46163.8,500
20260817,1615,46158.8,46182.8,46129.7,46162.8,728
20260817,1630,46157.7,46175.8,46140.7,46172.8,322
20260817,1645,46172.8,46194.8,46139.7,46139.7,484
20260817,1700,46142.7,46160.7,46131.7,46151.7,334
20260817,1715,46149.7,46154.7,46124.7,46151.7,214
20260817,1730,46145.7,46154.7,46087.5,46099.5,542
20260817,1745,46100.5,46125.6,46097.6,46122.6,316
20260817,1800,46116.6,46150.7,46096.6,46111.6,392
20260817,1815,46107.5,46140.6,46106.6,46140.7,306
20260817,1830,46139.7,46258.1,46127.7,46247.1,1278
20260817,1845,46235.1,46297.3,46175.9,46199.9,1316
20260817,1900,46198.9,46203.9,46174.9,46184.9,304
20260817,1915,46187.9,46245,46161.8,46204.9,740
20260817,1930,46204.9,46213.9,46189.9,46199.9,302
20260817,1945,46200.9,46221,46193.9,46218,268
20260817,2000,46219,46241,46215,46228,342
20260817,2015,46231,46256.1,46176.9,46256.1,738
20260817,2030,46246.1,46254.1,46140.7,46173.8,1260
20260817,2045,46168.8,46196.9,46096.6,46110.6,1224
20260817,2100,46104.5,46164.7,46091.5,46124.6,882
20260817,2115,46125.6,46151.7,46122.7,46141.7,364
20260817,2130,46140.7,46161.7,46105.6,46161.8,828
20260817,2145,46162.8,46209.9,46014.2,46104.5,5078
20260817,2200,46100.5,46222,46065.4,46207.9,2464
20260817,2215,46199.9,46219.9,46115.6,46198.9,1978
20260817,2230,46196.9,46239,46147.8,46239.1,1420
20260817,2245,46238.1,46281.2,46220,46271.2,1686
20260817,2300,46274.2,46421.8,46274.3,46409.8,3652
20260817,2315,46413.8,46483,46406.8,46446.9,2360
20260817,2330,46444.9,46468.9,46430.9,46437.9,830
20260817,2345,46439.9,46450.9,46368.6,46384.7,1176
20260818,0,46387.7,46431.8,46375.7,46427.8,726
20260818,15,46428.8,46445.9,46407.8,46424.8,650
20260818,30,46417.8,46441.8,46411.8,46420.8,302
20260818,45,46425.8,46425.8,46373.7,46385.7,500
20260818,100,46380.6,46388.6,46347.6,46353.5,398
20260818,115,46355.5,46358.5,46245.1,46245.1,1236
20260818,130,46244.1,46266.1,46177.9,46191.9,1206
20260818,145,46186.9,46222,46095.5,46185.9,1714
20260818,200,46190.9,46196.9,46141.7,46155.7,510
20260818,215,46151.7,46172.8,46083.5,46114.6,918
20260818,230,46117.6,46121.6,46056.4,46104.5,580
20260818,245,46103.5,46139.6,46091.5,46137.7,390
20260818,300,46137.7,46153.7,46113.6,46116.6,262
20260818,315,46118.6,46122.6,46065.4,46078.4,384
20260818,330,46078.4,46129.6,46078.5,46104.5,314
20260818,345,46103.5,46157.7,46091.5,46138.7,354
20260818,400,46143.7,46155.7,46089.5,46140.7,404
20260818,415,46141.7,46141.6,46086.5,46104.5,528
20260818,430,46104.5,46109.5,46079.5,46079.4,178
20260818,445,46082.4,46083.4,46036.3,46040.3,440
20260818,500,46039.3,46045.2,45930.9,45995.1,1530
20260818,900,46151.7,46161.7,46044.3,46119.6,7524
20260818,915,46119.6,46144.6,45956,46100.5,12882
20260818,930,46100.5,46105.5,45933.9,45971,10778
20260818,945,45973,45997.1,45724.1,45748.1,11396
20260818,1000,45748.1,45789.2,45639.7,45768.2,12812
20260818,1015,45764.2,45794.2,45604.6,45619.6,11156
20260818,1030,45618.6,45646.7,45438.9,45459,15860
20260818,1045,45459,45627.6,45448,45532.2,12318
20260818,1100,45532.2,45567.3,45454,45546.3,12104
20260818,1115,45546.3,45581.4,45512.2,45546.3,8432
20260818,1130,45549.3,45576.4,45467,45511.2,11718
20260818,1145,45512.2,45571.4,45398.8,45537.3,10830
20260818,1200,45536.3,45557.3,45478.1,45487.1,8738
20260818,1215,45487.1,45512.1,45431.9,45432.8,8786
20260818,1230,45435.9,45508.1,45354.6,45494.1,11552
20260818,1245,45494.1,45557.3,45433.9,45447.9,10880
20260818,1300,45447.9,45533.2,45431.9,45527.2,8680
20260818,1315,45520.2,45525.2,45388.7,45427.8,10204
20260818,1330,45427.8,45439.8,45342.5,45343.5,15426
20260818,1345,45343.5,45366.5,45251.2,45266.2,13306
20260818,1515,45318.4,45389.6,45231.1,45231,2362
20260818,1530,45232,45259.1,45212,45216,744
20260818,1545,45216,45246.1,45132.7,45161.8,1918
20260818,1600,45162.8,45217.9,45141.7,45153.7,922
20260818,1615,45155.7,45160.7,44968,45058.3,3026
20260818,1630,45066.4,45092.4,44982.1,45060.4,1282
20260818,1645,45059.4,45128.6,45047.4,45114.6,1016
20260818,1700,45118.6,45121.6,45041.3,45078.4,746
20260818,1715,45070.4,45080.4,45010.2,45068.4,916
20260818,1730,45064.4,45081.4,45002.2,45040.3,686
20260818,1745,45035.3,45055.3,44974.1,45000.1,844
20260818,1800,45000.1,45039.2,44931.9,45020.2,1278
20260818,1815,45023.2,45046.3,44991.1,45003.1,566
20260818,1830,44999.1,45029.2,44968,45008.1,436
20260818,1845,45005.1,45038.2,45005.2,45027.2,406
20260818,1900,45023.2,45073.4,45018.2,45049.3,544
20260818,1915,45053.3,45113.5,45030.3,45096.5,962
20260818,1930,45091.5,45117.5,45071.5,45086.5,544
20260818,1945,45083.4,45094.4,45036.3,45088.5,456
20260818,2000,45091.5,45129.6,45074.5,45080.4,640
20260818,2015,45075.4,45166.7,45063.4,45103.5,970
20260818,2030,45103.5,45150.7,45080.5,45088.5,420
20260818,2045,45098.5,45105.5,45052.4,45064.4,454
20260818,2100,45060.4,45093.4,45057.4,45080.4,260
20260818,2115,45078.4,45093.4,45021.2,45028.2,600
20260818,2130,45025.2,45051.3,44982.1,45004.1,664
20260818,2145,45000.1,45151.7,44976.1,45029.2,3750
20260818,2200,45028.2,45047.3,44843.5,44940.9,3902
20260818,2215,44941.9,44991,44764.2,44797.3,3014
20260818,2230,44795.3,44939.8,44784.3,44891.7,2636
20260818,2245,44892.7,44916.7,44769.2,44769.2,1694
20260818,2300,44775.2,44804.3,44668.8,44694.9,3048
20260818,2315,44696.9,44711.9,44602.6,44666.8,2500
20260818,2330,44663.8,44717.9,44642.7,44702.9,1624
20260818,2345,44698.9,44727,44648.8,44694.9,1170
20260819,0,44696.9,44763.1,44694.9,44762.2,1204
20260819,15,44762.2,44767.1,44709,44716,638
20260819,30,44719,44722,44652.8,44654.7,604
20260819,45,44654.7,44705.9,44654.8,44689.9,490
20260819,100,44691.9,44779.2,44682.9,44765.2,1034
20260819,115,44757.1,44772.2,44728.1,44761.2,614
20260819,130,44765.2,44765.1,44731.1,44759.2,262
20260819,145,44755.1,44786.2,44746.1,44764.2,496
20260819,200,44764.2,44772.2,44686.9,44697.9,518
20260819,215,44690.9,44692.8,44615.6,44658.7,582
20260819,230,44663.8,44742,44658.8,44735.1,586
20260819,245,44734.1,44754.1,44711,44719,282
20260819,300,44728,44752.1,44708,44726,202
20260819,315,44725,44762.1,44718,44761.2,334
20260819,330,44760.2,44802.3,44731.1,44792.3,418
20260819,345,44787.3,44815.3,44773.3,44813.4,384
20260819,400,44810.4,44832.4,44764.2,44776.2,446
20260819,415,44787.3,44789.2,44740.1,44740.1,138
20260819,430,44741.1,44746,44722.1,44734.1,136
20260819,445,44729,44749.1,44719,44742.1,200
20260819,500,44742.1,44747.1,44697,44705.9,326
20260819,900,44589.5,44621.6,44385.7,44522.2,4534
20260819,915,44511.2,44747.1,44417.8,44689.9,7628
20260819,930,44699.9,44935.8,44669.8,44895.7,6550
20260819,945,44893.7,44981,44813.4,44927.8,4448
20260819,1000,44927.8,44956.9,44840.5,44935.9,2994
20260819,1015,44935.9,44944.8,44703,44733,3622
20260819,1030,44728,44908.7,44715,44891.7,5174
20260819,1045,44896.7,44905.7,44748.2,44768.2,2718
20260819,1100,44768.2,44901.7,44768.2,44883.6,2220
20260819,1115,44884.7,44972,44860.6,44918.8,2356
20260819,1130,44917.8,45004.1,44899.8,44939.9,2072
20260819,1145,44931.8,45029.2,44929.9,44992.1,2402
20260819,1200,44992.1,45061.3,44981.1,45008.2,1904
20260819,1215,45006.1,45012.1,44825.4,44825.4,2970
20260819,1230,44827.4,44948.9,44818.4,44862.5,1894
20260819,1245,44861.5,44876.5,44760.2,44770.2,2664
20260819,1300,44772.2,44858.5,44690.9,44847.5,3384
20260819,1315,44842.5,44965.9,44796.3,44801.3,4732
20260819,1330,44796.3,44862.5,44725,44854.5,5454
20260819,1345,44858.5,44871.5,44668.8,44715.9,9380
20260819,1515,44819.4,44887.6,44748.1,44861.5,3760
20260819,1530,44858.5,44951.9,44820.4,44940.9,2024
20260819,1545,44943.9,44996.1,44885.7,44919.8,2040
20260819,1600,44920.8,44982,44904.8,44982,1098
20260819,1615,44976,45151.7,44931.9,45089.5,3504
20260819,1630,45087.5,45132.6,45064.4,45109.6,1148
20260819,1645,45112.6,45145.7,45079.5,45126.6,790
20260819,1700,45127.7,45140.7,45063.4,45082.5,792
20260819,1715,45076.4,45135.6,45046.4,45054.3,1302
20260819,1730,45050.3,45051.3,44991.1,45006.1,1014
20260819,1745,45008.2,45044.3,44977.1,44979,874
20260819,1800,44977,45031.2,44974.1,45008.2,760
20260819,1815,45009.2,45042.2,44941.9,45039.3,1868
20260819,1830,45036.3,45039.2,44946.9,44988.1,2178
20260819,1845,44989.1,45019.1,44953,45006.1,776
20260819,1900,45014.2,45045.3,44969,44989.1,684
20260819,1915,44988.1,45081.4,44974.1,45023.2,696
20260819,1930,45022.2,45057.3,45011.2,45029.2,302
20260819,1945,45021.2,45029.2,44957,44965,718
20260819,2000,44959.9,45007.1,44957,45005.1,438
20260819,2015,45004.1,45049.3,44973.1,45044.3,724
20260819,2030,45047.3,45113.5,45045.4,45086.5,1512
20260819,2045,45088.5,45276.2,45029.3,45273.3,5046
20260819,2100,45276.3,45354.6,45276.3,45348.6,2910
20260819,2115,45347.6,45386.7,45297.4,45370.7,1778
20260819,2130,45368.7,45375.6,45308.5,45325.5,992
20260819,2145,45329.5,45366.6,45134.7,45186.9,5572
20260819,2200,45186.9,45220,44865.6,44966,7366
20260819,2215,44965,44982,44761.2,44792.2,5258
20260819,2230,44793.2,44938.8,44726,44937.9,4060
20260819,2245,44933.8,45053.3,44924.9,45014.2,3438
20260819,2300,45009.2,45060.3,44955,45060.4,1958
20260819,2315,45061.4,45065.3,44974.1,45039.3,1204
20260819,2330,45036.3,45044.3,44988.1,45007.1,656
20260819,2345,45014.2,45016.1,44942.9,45013.2,1082
20260820,0,45004.1,45028.2,44961,45001.1,768
20260820,15,44998.1,45148.7,44965,45126.6,1834
20260820,30,45128.7,45161.7,45051.4,45060.4,746
20260820,45,45061.4,45117.6,45024.3,45077.4,1242
20260820,100,45079.5,45079.4,44999.2,45012.2,848
20260820,115,45009.2,45021.2,44966,44992.1,786
20260820,130,44990.1,44993,44912.8,44949.9,658
20260820,145,44948.9,44977,44927.9,44952.9,362
20260820,200,44949.9,44973,44924.9,44956.9,378
20260820,215,44968,45033.2,44880.7,44893.7,1198
20260820,230,44897.7,44932.8,44834.5,44930.8,680
20260820,245,44936.9,45004.1,44936.9,44982,578
20260820,300,44967,44977,44938.9,44961,150
20260820,315,44956.9,44977,44937.9,44961,138
20260820,330,44951.9,45014.1,44944.9,44989.1,266
20260820,345,44993.1,45019.1,44924.9,44930.8,316
20260820,400,44924.8,44935.8,44884.7,44919.8,590
20260820,415,44922.8,44942.8,44897.7,44907.7,432
20260820,430,44905.7,44905.7,44885.7,44893.7,178
20260820,445,44896.7,44908.7,44890.7,44908.7,216
20260820,500,44904.7,44991,44901.8,44991.1,384
20260820,900,45139.7,45312.4,45093.6,45293.3,8444
20260820,915,45295.4,45299.3,44969,45016.2,11730
20260820,930,45016.2,45100.5,44860.6,44887.6,8606
20260820,945,44889.7,45003.1,44794.3,44945.9,8004
20260820,1000,44945.9,44954.9,44786.3,44860.5,5692
20260820,1015,44859.5,45043.2,44844.5,44925.8,6632
20260820,1030,44922.8,44934.8,44743.1,44856.5,5522
20260820,1045,44851.5,44984,44811.4,44892.7,3426
20260820,1100,44884.6,44889.6,44635.6,44825.4,7094
20260820,1115,44831.4,44897.6,44795.3,44846.5,3636
20260820,1130,44842.5,44901.7,44781.2,44794.3,2582
20260820,1145,44792.2,44815.3,44689.9,44798.3,3440
20260820,1200,44797.3,44858.5,44762.2,44789.2,2596
20260820,1215,44788.2,44977,44765.2,44970,4010
20260820,1230,44972,45025.2,44933.9,44939.9,3758
20260820,1245,44939.9,44948.9,44848.5,44914.8,2680
20260820,1300,44914.8,44923.7,44869.6,44877.6,2276
20260820,1315,44878.6,44946.8,44844.5,44930.8,3070
20260820,1330,44932.8,45147.7,44928.9,45058.4,7280
20260820,1345,45059.4,45128.6,45024.3,45057.4,6950
20260820,1515,45171.8,45189.9,45043.3,45097.5,2232
20260820,1530,45096.5,45109.5,44996.2,45051.3,1684
20260820,1545,45047.3,45085.4,44981.1,45037.3,1116
20260820,1600,45039.3,45094.5,45016.2,45016.2,740
20260820,1615,45009.2,45054.3,44921.8,44967,1946
20260820,1630,44964,44989,44868.6,44883.6,1308
20260820,1645,44882.6,44894.6,44800.3,44868.6,1822
20260820,1700,44866.6,44882.6,44816.4,44836.4,1124
20260820,1715,44845.5,44931.8,44836.5,44912.7,1226
20260820,1730,44912.7,44948.9,44893.7,44894.7,724
20260820,1745,44895.7,44899.6,44833.5,44885.6,1170
20260820,1800,44889.7,44928.8,44868.6,44893.7,534
20260820,1815,44893.7,44951.9,44855.6,44932.8,832
20260820,1830,44930.8,44934.8,44881.7,44898.7,480
20260820,1845,44897.7,44933.8,44863.6,44875.6,556
20260820,1900,44879.6,44933.8,44877.7,44932.8,400
20260820,1915,44934.8,44965.9,44823.4,44857.5,1096
20260820,1930,44864.5,44876.5,44711,44710.9,2080
20260820,1945,44715.9,44804.2,44716,44767.1,1266
20260820,2000,44767.1,44767.1,44674.8,44693.8,2018
20260820,2015,44694.8,44702.8,44508.1,44525.1,3502
20260820,2030,44517.1,44575.3,44503.1,44525.1,1510
20260820,2045,44522.1,44624.5,44447.8,44617.5,3144
20260820,2100,44620.5,44715.9,44599.5,44707.9,2320
20260820,2115,44708.9,44753,44678.8,44697.8,1946
20260820,2130,44698.9,44739,44667.8,44707.9,1058
20260820,2145,44707.9,44981,44707.9,44918.8,7638
20260820,2200,44909.7,44938.8,44700.9,44797.3,6044
20260820,2215,44799.3,44968.9,44776.2,44921.8,3444
20260820,2230,44916.8,45000.1,44818.4,44935.8,3884
20260820,2245,44934.8,45089.4,44924.9,45064.4,3240
20260820,2300,45065.4,45071.4,44959,45036.3,2024
20260820,2315,45036.3,45137.6,44941.9,44997.1,3812
20260820,2330,44999.1,45004.1,44872.6,44948.9,1920
20260820,2345,44950.9,44956.9,44817.4,44824.4,2202
20260821,0,44820.4,44922.7,44803.3,44912.7,1414
20260821,15,44916.8,44933.8,44874.6,44891.7,1110
20260821,30,44887.6,44963.9,44883.7,44942.9,746
20260821,45,44924.8,44981,44879.7,44981,608
20260821,100,44973,45016.1,44958,45012.2,650
20260821,115,45008.2,45020.2,44949,44965,402
20260821,130,44958.9,44959.9,44919.8,44926.8,418
20260821,145,44929.8,44938.8,44905.8,44930.8,420
20260821,200,44928.8,44998.1,44925.9,44971,436
20260821,215,44953.9,44962.9,44838.5,44855.5,780
20260821,230,44856.5,44918.7,44813.4,44905.7,488
20260821,245,44894.7,44894.6,44838.5,44865.6,188
20260821,300,44865.6,44913.7,44865.6,44882.6,220
20260821,315,44881.6,44946.8,44878.7,44924.8,320
20260821,330,44929.8,44992,44922.8,44977,320
20260821,345,44972,45006.1,44953,44958.9,284
20260821,400,44958.9,45014.1,44946.9,45006.1,596
20260821,415,45004.1,45017.1,44956,44961,412
20260821,430,44959.9,45009.1,44949,44994.1,102
20260821,445,44996.1,45042.2,44992.1,45022.2,262
20260821,500,45026.2,45032.2,44966,44993.1,318
20260821,900,45076.4,45263.2,45022.3,45025.2,9002
20260821,915,45024.2,45089.4,44754.1,45035.3,13210
20260821,930,45032.3,45168.8,44960,45089.5,8240
20260821,945,45086.5,45206.9,45064.4,45206,4596
20260821,1000,45207,45344.5,45077.5,45181.9,8632
20260821,1015,45180.9,45289.3,45116.7,45264.2,3952
20260821,1030,45271.3,45376.6,45255.2,45349.6,4364
20260821,1045,45345.6,45436.9,45308.5,45349.6,6284
20260821,1100,45349.6,45485.1,45343.6,45449,3554
20260821,1115,45448,45457,45261.3,45271.3,5378
20260821,1130,45277.3,45322.4,45236.2,45299.4,3226
20260821,1145,45303.4,45397.7,45220.1,45227.1,3490
20260821,1200,45226.1,45271.2,45104.6,45203,5516
20260821,1215,45215,45313.4,45187,45276.3,2912
20260821,1230,45275.3,45287.3,45198,45243.1,1680
20260821,1245,45235.1,45280.2,45216.1,45271.3,1588
20260821,1300,45274.3,45344.5,45216.1,45264.2,3302
20260821,1315,45265.2,45324.4,45256.2,45286.3,2414
20260821,1330,45284.3,45331.5,45252.2,45307.4,4134
20260821,1345,45305.4,45356.6,45291.4,45338.5,5388
20260821,1515,45410.8,45474.1,45381.8,45464.1,2178
20260821,1530,45470.1,45583.5,45441,45542.4,2950
20260821,1545,45542.4,45613.6,45535.4,45577.5,1730
20260821,1600,45578.5,45640.8,45569.6,45639.8,840
20260821,1615,45637.8,45651.8,45531.4,45560.5,2050
20260821,1630,45566.5,45601.6,45511.3,45591.6,1384
20260821,1645,45588.6,45616.7,45577.6,45608.7,566
20260821,1700,45609.7,45620.7,45585.6,45598.6,578
20260821,1715,45598.6,45602.6,45499.3,45524.3,1448
20260821,1730,45524.3,45551.4,45504.3,45515.3,816
20260821,1745,45526.3,45573.5,45515.3,45557.5,616
20260821,1800,45558.5,45580.5,45537.4,45537.4,354
20260821,1815,45537.4,45608.6,45522.4,45535.4,804
20260821,1830,45535.4,45554.4,45518.3,45541.4,342
20260821,1845,45540.4,45542.3,45522.4,45528.3,266
20260821,1900,45533.4,45551.4,45528.4,45546.4,240
20260821,1915,45546.4,45566.4,45491.2,45535.4,886
20260821,1930,45543.4,45634.7,45540.4,45619.7,1250
20260821,1945,45618.7,45665.9,45561.5,45630.8,1520
20260821,2000,45633.8,45633.7,45579.6,45589.6,476
20260821,2015,45589.6,45596.6,45550.5,45576.5,612
20260821,2030,45573.5,45599.6,45556.5,45591.6,358
20260821,2045,45595.6,45613.6,45561.5,45613.7,368
20260821,2100,45618.7,45629.7,45566.5,45585.6,792
20260821,2115,45584.6,45600.6,45544.5,45551.4,472
20260821,2130,45551.4,45579.5,45458.1,45557.5,1890
20260821,2145,45555.5,45589.5,45316.5,45363.6,6130
20260821,2200,45360.6,45467,45298.4,45380.7,3920
20260821,2215,45378.7,45393.7,45201,45214,3658
20260821,2230,45211,45309.4,45167.9,45265.2,3830
20260821,2245,45261.2,45286.3,45174.9,45229.1,1606
20260821,2300,45240.1,45273.2,45189,45222,1484
20260821,2315,45228.1,45296.3,45206,45271.3,1392
20260821,2330,45267.2,45300.3,45234.2,45300.4,918
20260821,2345,45296.4,45438.9,45283.4,45402.8,2550
20260822,0,45402.8,45438.9,45355.7,45365.7,1388
20260822,15,45362.6,45366.6,45282.4,45288.3,1048
20260822,30,45288.3,45380.7,45275.3,45302.4,1250
20260822,45,45308.4,45323.4,45285.4,45315.4,334
20260822,100,45315.4,45315.4,45254.2,45301.4,626
20260822,115,45302.4,45305.4,45275.3,45278.3,376
20260822,130,45283.3,45283.3,45219.1,45260.2,594
20260822,145,45267.2,45296.3,45256.2,45286.3,368
20260822,200,45288.3,45314.4,45280.3,45294.4,312
20260822,215,45292.3,45319.4,45275.3,45275.3,362
20260822,230,45276.3,45310.4,45266.3,45266.2,186
20260822,245,45268.2,45277.2,45249.2,45265.2,168
20260822,300,45265.2,45295.3,45261.3,45295.4,180
20260822,315,45298.4,45309.4,45265.3,45272.3,330
20260822,330,45266.2,45283.3,45261.3,45265.2,154
20260822,345,45267.2,45276.2,45240.2,45245.1,368
20260822,400,45241.1,45296.3,45203,45218,888
20260822,415,45222,45243.1,45205,45233.1,312
20260822,430,45246.2,45248.1,45210,45224.1,158
20260822,445,45225.1,45240.1,45217.1,45228.1,308
20260822,500,45225.1,45264.2,45190,45264.2,806
20260824,900,45222,45420.8,45212.1,45404.8,6368
20260824,915,45403.8,45432.9,45269.3,45371.7,7896
20260824,930,45382.7,45474.1,45346.6,45392.8,5724
20260824,945,45379.7,45483.1,45300.4,45417.9,4816
20260824,1000,45417.9,45471,45072.5,45088.5,7882
20260824,1015,45085.5,45244.1,44998.2,45225.1,9936
20260824,1030,45223.1,45270.2,45158.8,45232.1,2970
20260824,1045,45231.1,45303.3,45211.1,45269.2,2754
20260824,1100,45277.3,45312.4,45202,45311.4,2132
20260824,1115,45308.4,45320.4,45144.8,45159.8,2708
20260824,1130,45160.8,45172.8,45082.5,45104.6,2334
20260824,1145,45104.6,45151.7,45068.5,45082.5,2310
20260824,1200,45081.5,45115.6,45044.4,45069.4,1902
20260824,1215,45074.4,45134.6,45043.3,45132.7,1726
20260824,1230,45136.7,45149.7,45050.4,45093.5,1618
20260824,1245,45096.5,45138.6,45064.4,45124.6,1474
20260824,1300,45126.6,45135.6,45035.3,45045.3,1864
20260824,1315,45043.3,45073.4,44954,45072.4,5812
20260824,1330,45072.4,45074.4,44883.7,44905.7,5912
20260824,1345,44904.7,45001.1,44797.3,44950.9,8108
20260824,1515,44846.5,44950.9,44846.5,44934.8,1648
20260824,1530,44934.8,44960.9,44888.7,44896.7,676
20260824,1545,44893.7,44956.9,44860.6,44862.5,768
20260824,1600,44867.6,44891.6,44821.4,44837.4,872
20260824,1615,44843.5,44932.8,44721,44876.6,2542
20260824,1630,44870.6,44936.8,44844.5,44902.7,1078
20260824,1645,44900.7,44983,44876.6,44968,882
20260824,1700,44965,44989,44930.9,44930.8,702
20260824,1715,44930.8,44994,44924.9,44976,546
20260824,1730,44972,44978,44943.9,44975,268
20260824,1745,44979,45054.3,44979.1,45034.3,940
20260824,1800,45036.3,45081.4,45024.3,45037.3,906
20260824,1815,45037.3,45082.4,45026.3,45036.3,724
20260824,1830,45030.2,45064.3,44989.1,45014.2,826
20260824,1845,45011.2,45041.2,44979.1,44989.1,536
20260824,1900,44985.1,44989,44959,44975,434
20260824,1915,44967,44981,44932.9,44962,550
20260824,1930,44958.9,45006.1,44954,44976,444
20260824,1945,44980,45204.9,44980.1,45120.6,2986
20260824,2000,45116.6,45121.6,45055.4,45105.6,888
20260824,2015,45099.5,45104.5,45051.4,45067.4,530
20260824,2030,45062.4,45088.4,45045.4,45084.5,394
20260824,2045,45084.5,45119.6,44966,45061.4,2476
20260824,2100,45068.4,45096.5,44998.2,45000.1,896
20260824,2115,45004.1,45023.2,44968,44988.1,812
20260824,2130,44985.1,45019.1,44967,44975,628
20260824,2145,44971,44983,44593.5,44600.4,7494
20260824,2200,44605.5,44658.6,44497.1,44595.4,4786
20260824,2215,44598.4,44607.4,44488,44540.2,2720
20260824,2230,44543.2,44598.4,44498.1,44578.3,1994
20260824,2245,44581.4,44657.6,44570.4,44591.4,2266
20260824,2300,44582.4,44620.5,44562.3,44572.3,632
20260824,2315,44567.3,44578.3,44456.9,44489,2176
20260824,2330,44491,44766.1,44490,44715.9,3752
20260824,2345,44720.9,44771.1,44687.9,44744,3152
20260825,0,44749.1,44804.2,44684.8,44734,1594
20260825,15,44738,44763.1,44707.9,44728,900
20260825,30,44730,44822.3,44730,44774.2,1062
20260825,45,44778.2,44787.2,44706.9,44716.9,486
20260825,100,44719.9,44727.9,44695.9,44705.9,334
20260825,115,44703.9,44800.2,44690.9,44770.2,872
20260825,130,44771.2,44789.2,44700.9,44702.9,748
20260825,145,44699.9,44705.8,44660.7,44667.7,498
20260825,200,44663.7,44681.7,44649.7,44658.7,292
20260825,215,44659.7,44769.1,44659.7,44769.1,658
20260825,230,44769.1,44842.4,44747.1,44832.4,678
20260825,245,44829.4,44844.4,44784.3,44808.3,246
20260825,300,44798.3,44801.2,44788.3,44792.2,122
20260825,315,44790.2,44809.3,44786.3,44794.3,242
20260825,330,44788.2,44788.2,44748.1,44775.2,248
20260825,345,44773.2,44790.2,44723,44734,436
20260825,400,44728,44727.9,44640.7,44699.9,686
20260825,415,44703.9,44713.9,44677.8,44687.8,238
20260825,430,44682.8,44712.9,44676.8,44686.8,182
20260825,445,44687.8,44717.9,44687.9,44711.9,92
20260825,500,44713.9,44725.9,44696.9,44719.9,286
20260825,900,44675.8,44687.8,44555.3,44570.3,6146
20260825,915,44577.3,44626.5,44359.5,44519.1,13656
20260825,930,44517.1,44594.4,44332.4,44413.7,8294
20260825,945,44419.7,44647.6,44387.6,44546.2,7992
20260825,1000,44549.2,44682.7,44520.1,44532.2,5920
20260825,1015,44532.2,44569.3,44421.7,44542.2,4602
20260825,1030,44542.2,44611.4,44487,44553.2,3460
20260825,1045,44549.2,44620.5,44509.1,44525.1,3676
20260825,1100,44517.1,44517,44392.6,44406.6,4678
20260825,1115,44413.7,44588.3,44407.7,44539.2,3196
20260825,1130,44548.2,44712.9,44537.2,44681.8,4170
20260825,1145,44681.8,44797.2,44650.7,44697.8,5444
20260825,1200,44696.8,44707.8,44579.4,44634.6,3724
20260825,1215,44639.6,44868.5,44614.5,44865.6,4926
20260825,1230,44861.5,44934.8,44817.4,44873.6,4488
20260825,1245,44874.6,45035.2,44842.5,44988.1,4792
20260825,1300,44993.1,45042.2,44909.8,45025.2,3152
20260825,1315,45024.2,45139.7,45001.2,45095.5,4516
20260825,1330,45101.5,45242.1,45101.6,45238.1,5520
20260825,1345,45238.1,45285.3,45191,45217,7842
20260825,1515,45283.3,45340.5,45260.3,45305.4,2358
20260825,1530,45302.4,45319.4,45258.3,45277.3,888
20260825,1545,45276.3,45305.4,45260.3,45301.4,480
20260825,1600,45301.4,45304.3,45237.2,45250.2,726
20260825,1615,45250.2,45285.3,45210,45228.1,870
20260825,1630,45223.1,45428.9,45223.1,45334.5,3350
20260825,1645,45330.5,45359.6,45298.4,45336.5,956
20260825,1700,45333.5,45399.7,45332.6,45392.8,804
20260825,1715,45391.8,45437.9,45371.7,45418.9,1438
20260825,1730,45421.9,45445.9,45409.9,45415.9,730
20260825,1745,45415.9,45505.2,45407.9,45447,2344
20260825,1800,45448,45529.3,45447,45482.1,1190
20260825,1815,45481.1,45488.1,45450.1,45461.1,674
20260825,1830,45460,45463,45446,45446,308
20260825,1845,45448,45454,45425,45424.9,390
20260825,1900,45431.9,45469,45431,45448,368
20260825,1915,45446,45453,45382.8,45421.9,890
20260825,1930,45417.9,45432.9,45395.8,45409.8,440
20260825,1945,45425.9,45442.9,45408.9,45438,368
20260825,2000,45440,45483.1,45435,45476.1,598
20260825,2015,45475.1,45499.2,45461.1,45493.2,632
20260825,2030,45490.2,45528.3,45460.1,45474.1,646
20260825,2045,45474.1,45478.1,45426,45442,768
20260825,2100,45447,45461,45439,45442,384
20260825,2115,45441,45451,45400.9,45430.9,898
20260825,2130,45427.9,45439.9,45369.7,45384.7,836
20260825,2145,45382.7,45561.4,45366.7,45501.2,5080
20260825,2200,45516.3,45608.6,45450.1,45486.2,4502
20260825,2215,45490.2,45508.2,45399.8,45438,2826
20260825,2230,45434.9,45468,45368.7,45403.8,1900
20260825,2245,45399.8,45527.3,45303.4,45457,3914
20260825,2300,45454,45513.2,45454.1,45472.1,1144
20260825,2315,45475.1,45479.1,45443,45464.1,628
20260825,2330,45466.1,45511.2,45442,45510.3,1012
20260825,2345,45511.3,45561.4,45486.2,45490.2,2444
20260826,0,45488.2,45492.1,45460.1,45477.1,550
20260826,15,45478.1,45542.3,45474.2,45535.4,664
20260826,30,45535.4,45551.4,45529.4,45530.3,480
20260826,45,45534.4,45536.3,45492.2,45501.2,332
20260826,100,45494.2,45526.3,45476.2,45500.2,738
20260826,115,45502.2,45508.2,45431,45458,1138
20260826,130,45451,45470,45443,45457,232
20260826,145,45456,45502.2,45450.1,45485.2,308
20260826,200,45483.1,45503.2,45481.2,45498.2,148
20260826,215,45490.2,45503.2,45473.2,45488.2,136
20260826,230,45488.2,45511.2,45488.2,45503.2,132
20260826,245,45503.2,45555.4,45503.3,45552.4,454
20260826,300,45552.4,45571.5,45540.4,45546.4,360
20260826,315,45547.4,45572.5,45531.4,45531.3,258
20260826,330,45531.3,45536.3,45505.3,45524.3,200
20260826,345,45520.3,45550.4,45509.3,45525.3,206
20260826,400,45521.3,45594.6,45512.3,45571.5,556
20260826,415,45581.6,45639.8,45563.5,45628.8,1102
20260826,430,45629.8,45661.8,45620.8,45641.8,546
20260826,445,45643.8,45659.8,45637.8,45642.8,220
20260826,500,45641.8,45641.8,45616.8,45628.8,452
20260826,900,45476.1,45480.1,45122.7,45125.6,11102
20260826,915,45126.6,45342.5,45054.4,45275.3,10688
20260826,930,45273.3,45326.4,45138.7,45270.3,5688
20260826,945,45274.3,45436.9,45240.2,45421.9,7674
20260826,1000,45413.9,45617.7,45334.6,45589.6,7752
20260826,1015,45585.6,45611.6,45434,45571.5,5542
20260826,1030,45571.5,45806.5,45550.5,45797.5,8308
20260826,1045,45798.5,46020.4,45773.4,46014.4,7000
20260826,1100,46013.4,46070.6,45984.3,46031.5,5900
20260826,1115,46034.5,46080.6,45981.3,46072.6,3954
20260826,1130,46074.6,46103.7,45995.3,46010.4,3118
20260826,1145,46012.4,46110.7,46009.4,46048.5,2780
20260826,1200,46051.5,46151.9,46043.6,46113.8,3566
20260826,1215,46116.8,46144.9,46075.7,46124.8,2500
20260826,1230,46126.9,46127.8,46063.6,46089.7,1912
20260826,1245,46091.7,46133.8,46085.7,46119.8,2724
20260826,1300,46119.8,46122.8,46056.6,46082.7,3016
20260826,1315,46084.7,46174,46082.7,46109.8,4582
20260826,1330,46110.8,46132.8,46026.5,46085.7,6504
20260826,1345,46089.7,46221.2,46079.7,46205.2,11148
20260826,1515,46196.1,46254.3,46181.1,46227.3,2402
20260826,1530,46227.3,46239.3,46157,46166,950
20260826,1545,46171,46192.1,46147,46190.1,828
20260826,1600,46188.1,46211.2,46166.1,46200.2,714
20260826,1615,46199.2,46305.6,46181.1,46233.3,2534
20260826,1630,46234.3,46293.5,46220.3,46282.5,1558
20260826,1645,46282.5,46336.7,46256.4,46327.7,1248
20260826,1700,46329.7,46329.7,46257.5,46288.5,1090
20260826,1715,46289.5,46293.5,46260.5,46278.5,572
20260826,1730,46278.5,46286.5,46236.4,46247.4,826
20260826,1745,46251.4,46298.5,46251.4,46274.5,326
20260826,1800,46276.5,46287.5,46270.5,46281.5,150
20260826,1815,46278.5,46278.4,46215.3,46217.2,726
20260826,1830,46221.2,46249.3,46217.3,46240.3,366
20260826,1845,46238.3,46272.4,46219.3,46250.4,422
20260826,1900,46252.4,46269.4,46244.4,46256.4,226
20260826,1915,46257.4,46306.6,46257.5,46279.5,630
20260826,1930,46279.5,46323.6,46241.4,46266.4,800
20260826,1945,46264.4,46280.4,46205.2,46232.3,774
20260826,2000,46222.3,46231.2,46184.1,46213.2,842
20260826,2015,46213.2,46234.3,46200.2,46227.3,362
20260826,2030,46222.3,46288.5,46190.2,46287.5,656
20260826,2045,46284.5,46289.5,46115.9,46136.9,2518
20260826,2100,46136.9,46164,46042.5,46095.7,2314
20260826,2115,46087.7,46133.8,46051.6,46131.9,1156
20260826,2130,46132.9,46140.9,46093.8,46139.9,666
20260826,2145,46145.9,46256.3,46137.9,46207.2,3760
20260826,2200,46208.2,46234.3,46164.1,46209.2,1512
20260826,2215,46211.2,46211.2,46061.6,46096.7,1704
20260826,2230,46098.7,46117.8,45988.3,46003.3,2938
20260826,2245,46002.3,46078.6,45995.3,46060.6,1482
20260826,2300,46057.6,46074.6,46021.5,46040.5,874
20260826,2315,46041.5,46080.6,46028.5,46033.5,806
20260826,2330,46033.5,46053.5,45983.3,46040.5,1266
20260826,2345,46041.5,46088.6,46020.5,46082.7,898
20260827,0,46079.7,46091.7,46020.5,46026.4,1160
20260827,15,46025.4,46029.4,45969.2,45979.2,1140
20260827,30,45983.2,46026.4,45965.2,46003.3,544
20260827,45,46007.4,46013.3,45959.2,45968.2,410
20260827,100,45973.2,46014.3,45965.2,46009.4,422
20260827,115,46008.4,46046.5,46005.4,46046.5,490
20260827,130,46046.5,46084.6,46046.6,46071.6,518
20260827,145,46071.6,46116.8,46056.6,46090.7,644
20260827,200,46090.7,46102.7,46078.7,46091.7,240
20260827,215,46094.7,46103.7,46068.7,46075.6,270
20260827,230,46072.6,46093.7,46069.7,46087.7,224
20260827,245,46084.7,46105.7,46079.7,46087.7,272
20260827,300,46086.7,46126.8,46085.7,46098.7,332
20260827,315,46105.8,46144.9,46101.8,46117.8,328
20260827,330,46117.8,46145.9,46099.8,46124.8,234
20260827,345,46116.8,46120.8,46086.7,46088.7,178
20260827,400,46088.7,46110.7,46049.6,46066.6,418
20260827,415,46070.6,46137.8,46064.6,46117.8,464
20260827,430,46121.8,46157.9,46002.4,46036.5,1890
20260827,445,46042.5,46102.7,46031.5,46072.6,330
20260827,500,46074.6,46187.1,46068.7,46187.1,710
20260827,900,46369.9,46434.1,46286.6,46398,9364
20260827,915,46396,46615.9,46270.5,46321.7,13374
20260827,930,46317.7,46518.4,46285.6,46461.3,6748
20260827,945,46463.3,46644,46414.1,46427.1,7664
20260827,1000,46430.1,46629.9,46429.2,46548.6,4724
20260827,1015,46546.6,46690.2,46513.5,46651.1,6036
20260827,1030,46652.1,46691.2,46593.9,46631,4010
20260827,1045,46635,46713.3,46534.6,46575.7,4724
20260827,1100,46580.8,46655,46555.7,46579.8,2942
20260827,1115,46585.8,46616.9,46537.6,46592.8,2534
20260827,1130,46593.8,46608.8,46552.7,46552.6,1828
20260827,1145,46561.7,46604.8,46540.6,46563.7,1776
20260827,1200,46564.7,46592.8,46491.4,46566.7,2942
20260827,1215,46565.7,46591.8,46479.4,46489.4,2266
20260827,1230,46494.4,46550.6,46405.1,46414.1,2832
20260827,1245,46411,46443.1,46331.8,46337.7,4152
20260827,1300,46341.8,46425.1,46269.5,46323.7,4700
20260827,1315,46324.7,46372.8,46266.5,46323.7,4236
20260827,1330,46321.7,46325.6,46202.2,46267.4,5496
20260827,1345,46271.5,46292.5,46200.2,46272.5,9140
20260827,1515,46326.7,46356.8,46301.6,46336.7,1654
20260827,1530,46337.7,46350.7,46310.7,46331.7,760
20260827,1545,46334.7,46339.7,46265.5,46282.5,756
20260827,1600,46284.5,46347.7,46279.5,46329.7,686
20260827,1615,46327.7,46489.3,46319.7,46489.4,2152
20260827,1630,46490.4,46563.6,46454.3,46562.7,1856
20260827,1645,46555.7,46561.6,46503.5,46523.5,1048
20260827,1700,46524.5,46572.7,46522.6,46544.6,878
20260827,1715,46546.6,46558.6,46505.5,46523.5,902
20260827,1730,46525.5,46547.6,46510.5,46521.5,996
20260827,1745,46522.5,46532.5,46502.5,46517.5,682
20260827,1800,46513.5,46543.6,46483.4,46488.4,976
20260827,1815,46490.4,46512.4,46443.2,46485.4,866
20260827,1830,46485.4,46500.4,46468.3,46474.3,358
20260827,1845,46473.3,46479.3,46435.2,46475.3,554
20260827,1900,46468.3,46497.4,46451.3,46495.4,492
20260827,1915,46498.4,46514.4,46454.3,46499.4,852
20260827,1930,46499.4,46500.4,46450.3,46450.2,442
20260827,1945,46451.2,46486.3,46426.2,46457.2,792
20260827,2000,46448.2,46464.2,46375.9,46464.3,960
20260827,2015,46463.3,46486.3,46451.3,46472.3,362
20260827,2030,46472.3,46488.3,46461.3,46478.3,272
20260827,2045,46475.3,46477.3,46424.2,46425.1,444
20260827,2100,46426.1,46436.1,46405.1,46412.1,392
20260827,2115,46412.1,46474.3,46407.1,46465.3,540
20260827,2130,46461.3,46481.3,46413.1,46425.1,614
20260827,2145,46429.1,46490.3,46313.7,46420.1,4366
20260827,2200,46426.1,46440.1,46230.3,46293.6,4572
20260827,2215,46294.6,46406,46284.6,46385.9,2244
20260827,2230,46386.9,46469.2,46377,46458.2,1872
20260827,2245,46460.3,46487.3,46424.2,46445.2,1836
20260827,2300,46447.2,46525.5,46434.2,46486.4,2130
20260827,2315,46481.3,46517.4,46474.4,46490.4,952
20260827,2330,46491.4,46514.4,46453.3,46453.2,782
20260827,2345,46458.2,46501.4,46450.3,46475.3,966
20260828,0,46472.3,46591.8,46449.3,46553.6,2324
20260828,15,46553.6,46600.8,46538.6,46569.7,2016
20260828,30,46567.7,46583.7,46530.6,46574.7,1128
20260828,45,46579.8,46643,46578.8,46637,1246
20260828,100,46637,46697.2,46635,46696.2,1398
20260828,115,46693.2,46745.4,46683.2,46727.4,1560
20260828,130,46729.4,46740.4,46678.2,46678.2,798
20260828,145,46685.2,46687.2,46597.9,46603.9,1204
20260828,200,46604.9,46605.8,46540.6,46545.6,1366
20260828,215,46544.6,46548.6,46499.5,46525.5,778
20260828,230,46520.5,46538.5,46440.2,46445.2,874
20260828,245,46454.2,46495.4,46444.2,46482.3,574
20260828,300,46481.3,46488.3,46453.3,46477.3,196
20260828,315,46473.3,46520.5,46473.4,46484.4,460
20260828,330,46493.4,46511.4,46473.4,46489.4,214
20260828,345,46485.4,46532.5,46483.4,46529.5,262
20260828,400,46535.6,46645,46533.6,46627,770
20260828,415,46630,46640,46550.7,46554.7,400
20260828,430,46555.7,46568.7,46547.7,46562.7,176
20260828,445,46567.7,46584.7,46566.8,46581.8,156
20260828,500,46581.8,46593.8,46570.8,46583.8,288
20260828,900,46561.7,46676.1,46525.6,46604.9,6234
20260828,915,46608.9,46723.3,46563.7,46662.1,10374
20260828,930,46665.1,46776.5,46583.8,46600.8,9160
20260828,945,46605.9,46679.1,46492.4,46561.7,7398
20260828,1000,46566.7,46569.7,46410.1,46437.2,5544
20260828,1015,46437.2,46540.5,46410.1,46532.6,4102
20260828,1030,46535.6,46648,46509.5,46534.6,4842
20260828,1045,46535.6,46543.6,46454.3,46460.3,2052
20260828,1100,46459.2,46628.9,46453.3,46617.9,3230
20260828,1115,46620.9,46631.9,46566.8,46582.8,1926
20260828,1130,46582.8,46632.9,46565.7,46619.9,1962
20260828,1145,46620.9,46636.9,46490.4,46507.5,3014
20260828,1200,46506.4,46633.9,46463.3,46578.8,3438
20260828,1215,46579.8,46608.8,46506.5,46570.7,2554
20260828,1230,46570.7,46590.8,46530.6,46541.6,1446
20260828,1245,46544.6,46549.6,46479.4,46495.4,2490
20260828,1300,46496.4,46516.4,46442.2,46467.3,2508
20260828,1315,46470.3,46559.6,46457.3,46521.5,3320
20260828,1330,46524.5,46553.6,46500.5,46547.6,3128
20260828,1345,46549.6,46562.6,46526.6,46552.6,5066
20260828,1515,46634,46647,46570.8,46618.9,1590
20260828,1530,46616.9,46642,46603.9,46635,860
20260828,1545,46637,46676.1,46626,46630,1310
20260828,1600,46628,46680.1,46626,46655.1,690
20260828,1615,46654.1,46691.2,46632,46650.1,856
20260828,1630,46656.1,46663.1,46636,46636,292
20260828,1645,46636,46706.2,46636,46680.2,912
20260828,1700,46678.2,46679.1,46652.1,46660.1,286
20260828,1715,46662.1,46665.1,46639.1,46645,518
20260828,1730,46645,46658,46626,46646,452
20260828,1745,46645,46648,46618,46645,282
20260828,1800,46636,46676.1,46630,46656.1,458
20260828,1815,46656.1,46656,46619,46624.9,630
20260828,1830,46624.9,46641,46613.9,46628,350
20260828,1845,46631,46642,46609.9,46610.9,418
20260828,1900,46617.9,46639,46608.9,46637,438
20260828,1915,46632,46644,46610.9,46624.9,410
20260828,1930,46625.9,46664.1,46623,46649,572
20260828,1945,46649,46662.1,46598.9,46602.9,494
20260828,2000,46598.8,46618.9,46585.8,46587.8,472
20260828,2015,46592.8,46606.8,46573.8,46596.8,870
20260828,2030,46596.8,46647,46594.9,46637,580
20260828,2045,46636,46635.9,46576.8,46610.9,620
20260828,2100,46613.9,46640,46612.9,46637,316
20260828,2115,46637,46684.1,46629,46676.2,1172
20260828,2130,46678.2,46689.2,46638.1,46658.1,588
20260828,2145,46657.1,46739.4,46524.6,46691.2,5196
20260828,2200,46693.2,46767.5,46624,46677.2,3272
20260828,2215,46680.2,46809.7,46438.2,46466.3,7658
20260828,2230,46479.3,46636.9,46475.4,46606.9,3414
20260828,2245,46615.9,46743.4,46592.9,46707.3,3630
20260828,2300,46708.3,46723.3,46643.1,46705.3,1586
20260828,2315,46703.3,46714.3,46572.8,46580.8,2010
20260828,2330,46579.8,46625.9,46574.8,46602.9,1342
20260828,2345,46610.9,46611.8,46449.3,46468.3,2338
20260829,0,46472.3,46488.3,46287.6,46293.6,4302
20260829,15,46296.6,46329.7,46207.2,46262.4,3434
20260829,30,46264.4,46287.5,46151,46193.1,2962
20260829,45,46197.1,46263.4,46174.1,46208.2,1524
20260829,100,46214.2,46303.5,46209.2,46235.3,1486
20260829,115,46234.3,46234.3,46119.9,46159,1818
20260829,130,46159,46182,46111.8,46141.9,992
20260829,145,46139.9,46190.1,46116.9,46141.9,724
20260829,200,46137.9,46214.2,46137.9,46197.1,702
20260829,215,46193.1,46194.1,46132.9,46132.9,614
20260829,230,46131.9,46148.9,46083.7,46104.8,1154
20260829,245,46098.7,46134.8,46062.6,46068.6,682
20260829,300,46067.6,46076.6,46019.5,46040.5,1310
20260829,315,46040.5,46116.8,46032.5,46078.6,830
20260829,330,46087.7,46124.8,46057.6,46110.8,476
20260829,345,46109.8,46117.8,46081.7,46090.7,480
20260829,400,46090.7,46129.8,46056.6,46106.8,804
20260829,415,46104.8,46104.7,46073.7,46083.7,318
20260829,430,46080.7,46100.7,46077.7,46086.7,124
20260829,445,46086.7,46101.7,46077.7,46100.7,288
20260829,500,46100.7,46106.7,46082.7,46093.7,318
20260831,900,45993.3,46096.7,45885.9,45906.9,8108
20260831,915,45901.9,45968.1,45665,45790.4,16620
20260831,930,45791.4,45894.8,45692.1,45818.6,8024
20260831,945,45816.5,45945,45769.4,45849.7,6594
20260831,1000,45849.7,45921.9,45789.5,45849.7,4894
20260831,1015,45844.7,45973.2,45805.6,45883.8,4740
20260831,1030,45887.8,45892.8,45635.8,45703.1,7704
20260831,1045,45706.1,45749.2,45606.7,45668.9,4764
20260831,1100,45668.9,45881.8,45667,45876.8,5364
20260831,1115,45876.8,45959.1,45833.7,45923,3946
20260831,1130,45922,45943,45868.8,45904.9,2290
20260831,1145,45905.9,45928,45852.8,45872.8,1420
20260831,1200,45872.8,45910.9,45860.8,45899.9,1126
20260831,1215,45903.9,45906.9,45842.7,45892.9,1168
20260831,1230,45893.9,45920.9,45849.7,45879.8,1680
20260831,1245,45874.8,45961.1,45862.8,45922,1958
20260831,1300,45921,46069.6,45861.8,46040.5,4460
20260831,1315,46039.5,46153.9,46009.4,46153,5032
20260831,1330,46148.9,46254.3,46132.9,46217.2,9180
20260831,1345,46219.2,46250.3,46125.9,46177.1,7992
20260831,1515,46320.7,46329.7,46251.4,46292.5,2466
20260831,1530,46289.5,46291.5,46254.4,46259.4,522
20260831,1545,46259.4,46283.5,46233.3,46243.3,570
20260831,1600,46242.3,46248.3,46219.3,46248.4,342
20260831,1615,46251.4,46293.5,46214.3,46222.3,1316
20260831,1630,46223.3,46242.3,46205.2,46238.3,402
20260831,1645,46234.3,46243.3,46185.1,46194.1,482
20260831,1700,46199.2,46238.3,46197.2,46224.3,344
20260831,1715,46223.3,46245.3,46202.2,46240.3,344
20260831,1730,46242.3,46267.4,46231.3,46231.3,374
20260831,1745,46230.3,46235.3,46184.1,46194.1,512
20260831,1800,46191.1,46191.1,46160,46164,538
20260831,1815,46168,46182,46154,46165,414
20260831,1830,46159,46206.1,46150,46193.1,506
20260831,1845,46184.1,46186.1,46164.1,46174.1,172
20260831,1900,46178.1,46212.2,46174.1,46200.2,366
20260831,1915,46194.1,46199.1,46158,46162,234
20260831,1930,46160,46218.2,46158,46217.2,362
20260831,1945,46214.2,46218.2,46174.1,46175.1,400
20260831,2000,46180.1,46190.1,46162,46164,266
20260831,2015,46168,46247.3,46144,46235.3,1480
20260831,2030,46236.3,46267.4,46098.8,46157,1628
20260831,2045,46162,46272.4,46150,46238.3,1670
20260831,2100,46234.3,46256.3,46186.2,46214.2,696
20260831,2115,46211.2,46235.3,46193.2,46235.3,450
20260831,2130,46239.3,46287.5,46220.3,46271.5,772
20260831,2145,46268.4,46380.9,46232.3,46264.4,4780
20260831,2200,46264.4,46364.8,46244.4,46352.8,2950
20260831,2215,46351.8,46389.9,46284.6,46316.6,2472
20260831,2230,46316.6,46371.8,46251.4,46261.4,1794
20260831,2245,46263.4,46361.8,46250.4,46343.8,2150
20260831,2300,46348.8,46355.8,46279.5,46283.5,1174
20260831,2315,46287.5,46327.6,46160,46179.1,2658
20260831,2330,46178.1,46224.2,46135.9,46209.2,1596
20260831,2345,46203.2,46210.2,46099.8,46140.9,1336
20260901,0,46137.9,46168,46059.6,46059.6,1582
20260901,15,46063.6,46110.7,46033.5,46095.7,1420
20260901,30,46095.7,46131.8,46078.7,46129.9,564
20260901,45,46126.9,46129.8,46074.7,46108.8,528
20260901,100,46107.8,46138.9,46094.8,46132.9,466
20260901,115,46132.9,46136.8,46104.8,46105.8,358
20260901,130,46105.8,46115.8,46019.5,46025.4,858
20260901,145,46020.4,46090.7,46012.4,46090.7,828
20260901,200,46090.7,46108.7,46071.7,46073.6,368
20260901,215,46079.7,46115.8,46076.7,46084.7,482
20260901,230,46087.7,46097.7,46067.7,46068.6,118
20260901,245,46064.6,46064.5,45981.3,46009.4,698
20260901,300,46013.4,46046.5,46004.4,46025.4,362
20260901,315,46037.5,46043.5,46023.5,46038.5,166
20260901,330,46038.5,46076.6,46032.5,46065.6,214
20260901,345,46063.6,46091.7,46048.6,46088.7,208
20260901,400,46085.7,46194.1,46081.7,46137.9,1396
20260901,415,46139.9,46163,46115.9,46126.9,424
20260901,430,46128.9,46133.8,46116.9,46130.9,168
20260901,445,46127.9,46159.9,46125.9,46159,216
20260901,500,46156,46174,46146,46172,312
20260901,900,46194.1,46424.1,46181.1,46409,7884
20260901,915,46409,46889,46399,46860.9,17602
20260901,930,46864,47153.1,46861,46940.3,14992
20260901,945,46945.3,47088.8,46889.1,47054.8,6456
20260901,1000,47053.7,47097.9,46917.2,47005.5,4434
20260901,1015,47015.6,47102.9,46960.4,47081.9,4434
20260901,1030,47079.9,47124,46990.5,47020.6,4586
20260901,1045,47021.6,47087.8,46846.9,46978.4,6170
20260901,1100,46978.4,47197.3,46967.4,47174.3,5884
20260901,1115,47176.3,47207.3,47137.1,47177.3,4460
20260901,1130,47182.3,47211.4,47154.2,47154.2,2072
20260901,1145,47159.2,47224.4,47159.2,47206.4,1962
20260901,1200,47206.4,47279.6,47201.4,47279.7,3080
20260901,1215,47277.7,47277.6,47233.6,47263.6,2066
20260901,1230,47262.6,47338.9,47258.7,47298.8,2946
20260901,1245,47295.8,47346.9,47269.7,47277.7,2700
20260901,1300,47278.7,47334.9,47268.7,47297.8,2282
20260901,1315,47294.8,47307.8,47216.5,47220.4,3040
20260901,1330,47217.4,47258.6,47148.2,47245.6,5342
20260901,1345,47243.5,47419.2,47224.5,47408.2,12994
20260901,1515,47400.2,47535.7,47362.1,47513.7,3860
20260901,1530,47504.6,47542.8,47480.6,47505.6,1224
20260901,1545,47506.7,47506.6,47372.1,47386.1,1912
20260901,1600,47384.1,47431.3,47356.1,47368.1,1298
20260901,1615,47364.1,47374,47156.2,47195.3,4110
20260901,1630,47196.3,47206.3,47074.9,47079.9,2900
20260901,1645,47084.9,47120,47010.6,47039.7,2600
20260901,1700,47038.7,47070.8,46982.5,46987.5,2428
20260901,1715,46990.5,47032.6,46937.3,46995.5,3554
20260901,1730,46995.5,47022.6,46973.5,47004.5,1056
20260901,1745,47005.5,47043.7,46989.5,47041.7,1282
20260901,1800,47040.7,47082.8,47016.6,47021.6,1232
20260901,1815,47015.6,47045.7,47012.6,47041.7,560
20260901,1830,47046.7,47105.9,47031.7,47073.8,1238
20260901,1845,47072.8,47079.8,47038.7,47038.7,498
20260901,1900,47037.7,47057.7,46989.5,47015.6,946
20260901,1915,47015.6,47020.6,46967.4,47000.5,972
20260901,1930,47004.5,47026.6,46996.6,47018.6,526
20260901,1945,47021.6,47071.8,47017.6,47040.7,532
20260901,2000,47038.7,47044.7,46952.4,46956.3,784
20260901,2015,46956.3,46965.3,46900.2,46964.4,1788
20260901,2030,46965.4,46995.5,46934.3,46961.4,700
20260901,2045,46958.3,46982.4,46917.2,46943.3,708
20260901,2100,46942.3,46977.4,46916.2,46926.2,914
20260901,2115,46927.2,46931.2,46870,46900.1,1784
20260901,2130,46906.1,46980.4,46894.1,46980.4,1122
20260901,2145,46977.4,47013.5,46848.9,46943.3,4544
20260901,2200,46920.2,47015.5,46920.2,46977.4,2238
20260901,2215,46978.4,47054.7,46941.3,46957.3,2700
20260901,2230,46956.3,47002.5,46924.3,46929.2,1510
20260901,2245,46927.2,47059.7,46925.3,47059.8,1734
20260901,2300,47061.8,47094.9,47004.6,47053.7,1834
20260901,2315,47058.8,47085.8,47004.6,47019.6,1876
20260901,2330,47017.6,47072.8,47007.6,47059.8,848
20260901,2345,47060.8,47148.1,47051.8,47143.1,1600
20260902,0,47145.1,47173.2,47107,47117,1294
20260902,15,47118,47125,47083.9,47089.9,1112
20260902,30,47085.9,47099.9,46952.4,46977.4,2274
20260902,45,46977.4,46982.4,46913.2,46930.2,1598
20260902,100,46935.2,46979.4,46935.3,46967.4,654
20260902,115,46972.4,46975.4,46904.2,46929.2,540
20260902,130,46932.2,46936.2,46865,46925.2,1200
20260902,145,46926.2,46947.3,46915.2,46927.2,556
20260902,200,46930.2,46930.2,46869,46885,488
20260902,215,46889.1,46900.1,46799.7,46805.7,1322
20260902,230,46802.7,46832.8,46781.7,46785.6,640
20260902,245,46791.6,46800.6,46711.4,46716.3,1456
20260902,300,46717.3,46785.6,46702.3,46775.6,1124
20260902,315,46776.6,46842.8,46776.6,46841.9,722
20260902,330,46845.9,46856.9,46829.9,46854.9,334
20260902,345,46850.9,46852.9,46813.8,46836.8,256
20260902,400,46840.9,46840.8,46789.7,46808.7,356
20260902,415,46826.8,46855.9,46801.7,46852.9,446
20260902,430,46859.9,46882,46859,46871,316
20260902,445,46870,46887,46857,46870,290
20260902,500,46875,46895,46860,46876,350
20260902,900,46898.1,46943.2,46777.6,46777.6,6558
20260902,915,46776.6,46886,46718.4,46765.5,10494
20260902,930,46763.5,46799.6,46642.1,46655.1,8086
20260902,945,46655.1,46667.1,46464.3,46478.3,9598
20260902,1000,46478.3,46577.7,46440.2,46553.6,5532
20260902,1015,46552.6,46564.6,46385,46514.5,6138
20260902,1030,46513.5,46567.7,46488.4,46516.5,3284
20260902,1045,46524.5,46528.5,46422.1,46514.5,3364
20260902,1100,46516.5,46551.6,46454.3,46481.3,3054
20260902,1115,46483.4,46508.4,46377,46473.3,3606
20260902,1130,46475.3,46487.3,46417.1,46428.1,1864
20260902,1145,46429.1,46467.2,46374.9,46467.3,2560
20260902,1200,46468.3,46483.3,46370.9,46407,2080
20260902,1215,46407,46425.1,46371.9,46425.1,1514
20260902,1230,46424.1,46449.2,46399,46416.1,1920
20260902,1245,46422.1,46456.2,46403.1,46442.2,1420
20260902,1300,46439.2,46458.2,46398,46433.1,1544
20260902,1315,46435.1,46437.1,46358.9,46422.1,3364
20260902,1330,46422.1,46462.2,46371.9,46407,6210
20260902,1345,46410,46424.1,46325.7,46383.9,10390
20260902,1515,46395,46446.1,46385,46432.1,1540
20260902,1530,46424.1,46447.1,46336.8,46369.9,1004
20260902,1545,46374.9,46393.9,46341.8,46382.9,774
20260902,1600,46377.9,46382.9,46252.4,46297.6,1540
20260902,1615,46306.6,46374.8,46273.5,46339.7,1346
20260902,1630,46344.8,46360.8,46259.5,46274.5,978
20260902,1645,46268.4,46304.5,46220.3,46230.3,1118
20260902,1700,46234.3,46243.3,46034.5,46100.7,3282
20260902,1715,46098.7,46177,46040.5,46049.5,1904
20260902,1730,46043.5,46065.5,46001.4,46033.5,1800
20260902,1745,46034.5,46037.4,45878.9,45885.8,2858
20260902,1800,45888.9,45956.1,45884.9,45944.1,1638
20260902,1815,45943.1,46005.3,45892.9,46005.3,1316
20260902,1830,46003.3,46013.3,45971.2,45986.3,736
20260902,1845,45987.3,45990.2,45948.2,45957.1,540
20260902,1900,45958.1,46021.4,45952.2,46021.4,530
20260902,1915,46023.4,46141.9,45920,46117.8,1972
20260902,1930,46118.8,46148.9,46067.7,46113.8,1334
20260902,1945,46108.8,46190.1,46108.8,46133.9,1334
20260902,2000,46136.9,46262.4,46128.9,46256.4,1248
20260902,2015,46256.4,46314.6,46224.3,46305.6,1658
20260902,2030,46304.6,46364.8,46261.5,46316.6,2078
20260902,2045,46311.6,46320.6,46255.4,46270.5,1084
20260902,2100,46270.5,46274.4,46202.2,46240.3,994
20260902,2115,46244.3,46296.5,46239.4,46283.5,854
20260902,2130,46284.5,46379.9,46276.5,46341.8,1110
20260902,2145,46344.8,46437.1,46276.5,46377.9,3816
20260902,2200,46377.9,46388.9,46227.3,46345.8,3374
20260902,2215,46343.8,46410,46298.6,46381.9,2226
20260902,2230,46384.9,46491.3,46371.9,46461.3,2892
20260902,2245,46463.3,46488.3,46424.2,46456.2,1552
20260902,2300,46455.2,46459.2,46311.7,46320.7,1928
20260902,2315,46322.7,46403,46295.6,46379.9,1838
20260902,2330,46384.9,46455.2,46369.9,46454.2,1412
20260902,2345,46458.2,46512.4,46430.2,46502.4,1352
20260903,0,46498.4,46502.4,46414.1,46496.4,1396
20260903,15,46498.4,46520.5,46482.4,46491.4,1066
20260903,30,46489.4,46495.4,46450.3,46465.3,676
20260903,45,46467.3,46491.3,46445.2,46455.2,522
20260903,100,46451.2,46469.2,46430.2,46455.2,666
20260903,115,46458.2,46514.4,46404.1,46437.2,1122
20260903,130,46440.2,46468.2,46414.1,46467.3,326
20260903,145,46467.3,46491.3,46450.3,46480.3,300
20260903,200,46490.4,46532.5,46481.4,46515.5,502
20260903,215,46493.4,46538.5,46480.4,46510.5,432
20260903,230,46509.5,46580.7,46505.5,46518.5,1346
20260903,245,46531.6,46545.6,46495.5,46499.4,202
20260903,300,46508.5,46546.6,46500.5,46542.6,192
20260903,315,46543.6,46566.7,46530.6,46551.6,174
20260903,330,46552.6,46566.7,46535.6,46548.6,128
20260903,345,46558.7,46590.8,46537.6,46589.8,396
20260903,400,46585.8,46602.8,46569.8,46587.8,570
20260903,415,46589.8,46589.7,46555.7,46575.7,316
20260903,430,46571.7,46571.7,46507.5,46517.5,506
20260903,445,46510.5,46532.5,46508.5,46515.5,146
20260903,500,46514.5,46532.5,46503.5,46531.6,496
20260903,900,46363.8,46523.5,46363.9,46520.5,5422
20260903,915,46520.5,46594.8,46407.1,46519.5,9844
20260903,930,46518.5,46570.7,46337.8,46427.1,7958
20260903,945,46431.1,46510.4,46217.3,46310.6,8950
20260903,1000,46312.6,46441.1,46154,46159,6424
20260903,1015,46158,46419,46116.9,46400,7166
20260903,1030,46401,46445.1,46324.7,46444.2,3308
20260903,1045,46436.2,46437.1,46333.8,46340.8,2864
20260903,1100,46336.7,46414,46316.7,46381.9,2742
20260903,1115,46380.9,46623.9,46381,46622.9,4388
20260903,1130,46620.9,46668.1,46555.7,46603.9,5432
20260903,1145,46603.9,46619.9,46523.6,46542.6,2196
20260903,1200,46538.6,46565.6,46487.4,46525.5,2286
20260903,1215,46521.5,46580.7,46499.5,46535.6,1956
20260903,1230,46533.6,46558.6,46477.4,46484.4,2040
20260903,1245,46485.4,46560.6,46475.4,46492.4,2008
20260903,1300,46494.4,46538.5,46451.3,46459.2,2038
20260903,1315,46461.3,46466.2,46148,46167,7158
20260903,1330,46169,46174,45907,46012.4,12926
20260903,1345,46008.4,46048.5,45944.1,46030.4,9734
20260903,1515,46095.7,46188.1,46081.7,46131.9,3010
20260903,1530,46129.9,46164,46053.6,46128.9,1934
20260903,1545,46130.9,46216.2,46078.7,46208.2,1972
20260903,1600,46211.2,46216.2,46089.7,46160,1660
20260903,1615,46168,46322.6,46144,46276.5,3170
20260903,1630,46272.5,46330.7,46268.5,46302.6,1014
20260903,1645,46295.6,46309.6,46261.5,46264.4,670
20260903,1700,46263.4,46286.5,46230.3,46238.3,460
20260903,1715,46238.3,46251.3,46190.2,46220.2,670
20260903,1730,46226.3,46231.2,46156,46162,846
20260903,1745,46160,46177,46091.8,46094.7,1516
20260903,1800,46096.7,46120.8,46067.7,46089.7,1360
20260903,1815,46096.7,46123.8,46021.5,46030.4,1642
20260903,1830,46034.5,46074.6,46025.5,46053.5,558
20260903,1845,46049.5,46093.7,45993.3,46082.7,802
20260903,1900,46081.7,46096.7,46035.5,46079.7,658
20260903,1915,46083.7,46135.8,46018.4,46109.8,1346
20260903,1930,46112.8,46152.9,46070.7,46117.8,830
20260903,1945,46123.8,46149.9,46024.5,46095.7,1098
20260903,2000,46102.8,46102.7,46001.4,46013.4,1104
20260903,2015,46019.4,46057.5,46004.4,46013.4,658
20260903,2030,46017.4,46088.6,45973.3,46058.6,1538
20260903,2045,46066.6,46224.2,46066.6,46149.9,2582
20260903,2100,46149.9,46275.4,46148,46262.4,1424
20260903,2115,46254.4,46270.4,46167.1,46247.4,1256
20260903,2130,46251.4,46260.4,46145,46189.1,1078
20260903,2145,46186.1,46210.2,45919,46104.8,7020
20260903,2200,46103.8,46156.9,46048.6,46119.8,2748
20260903,2215,46117.8,46117.8,45980.3,46067.6,3184
20260903,2230,46064.6,46225.2,46057.6,46152,2742
20260903,2245,46148.9,46158.9,46028.5,46048.5,2004
20260903,2300,46049.5,46252.3,46046.6,46251.4,2728
20260903,2315,46248.4,46351.7,46243.4,46301.6,3192
20260903,2330,46303.6,46516.4,46297.6,46489.4,3216
20260903,2345,46488.4,46511.4,46448.3,46463.3,1522
20260904,0,46460.3,46498.4,46442.2,46492.4,778
20260904,15,46496.4,46538.5,46457.3,46516.5,1262
20260904,30,46520.5,46570.7,46507.5,46516.5,1180
20260904,45,46513.5,46577.7,46483.4,46566.7,1104
20260904,100,46568.7,46598.8,46556.7,46570.7,1078
20260904,115,46574.7,46583.7,46522.6,46524.5,562
20260904,130,46534.6,46571.7,46531.6,46571.7,332
20260904,145,46572.7,46640,46572.8,46635,940
20260904,200,46635,46691.2,46630,46685.2,1132
20260904,215,46686.2,46755.4,46678.2,46698.3,1618
20260904,230,46698.3,46720.3,46689.3,46701.3,380
20260904,245,46698.3,46720.3,46689.3,46697.2,284
20260904,300,46702.3,46725.3,46699.3,46705.3,244
20260904,315,46708.3,46714.3,46661.1,46667.1,486
20260904,330,46670.1,46680.1,46651.1,46673.1,404
20260904,345,46672.1,46714.3,46661.1,46710.3,370
20260904,400,46706.3,46740.4,46674.2,46699.3,478
20260904,415,46700.3,46713.3,46657.1,46699.3,512
20260904,430,46696.2,46696.2,46678.2,46691.2,120
20260904,445,46687.2,46694.2,46677.2,46686.2,162
20260904,500,46686.2,46691.2,46670.2,46683.2,290
20260904,900,46601.8,46791.6,46601.9,46776.6,5164
20260904,915,46773.6,46846.8,46453.3,46520.5,14454
20260904,930,46521.5,46536.5,46383,46413.1,7042
20260904,945,46410,46500.4,46359.9,46423.1,6112
20260904,1000,46423.1,46423,46251.4,46359.8,8268
20260904,1015,46362.8,46427.1,46285.6,46395,3682
20260904,1030,46393,46445.1,46354.9,46445.2,2920
20260904,1045,46445.2,46456.2,46346.8,46422.1,2650
20260904,1100,46417.1,46520.5,46407.1,46512.5,3684
20260904,1115,46511.5,46540.5,46450.3,46456.2,2932
20260904,1130,46457.2,46525.5,46440.2,46469.3,2728
20260904,1145,46470.3,46491.3,46430.2,46437.2,1880
20260904,1200,46439.2,46548.6,46435.2,46538.6,2686
20260904,1215,46541.6,46676.1,46482.4,46669.1,3978
20260904,1230,46676.2,46731.3,46651.1,46713.3,3758
20260904,1245,46712.3,46738.4,46679.2,46696.2,2444
20260904,1300,46700.3,46726.3,46662.2,46722.4,2668
20260904,1315,46724.4,46881,46714.4,46868,6258
20260904,1330,46867,46953.3,46865,46872,7492
20260904,1345,46871,46945.2,46844.9,46901.1,10408
20260904,1515,46818.8,46939.2,46817.8,46926.2,2172
20260904,1530,46924.2,46966.3,46886.1,46960.4,982
20260904,1545,46960.4,46991.4,46939.3,46963.4,880
20260904,1600,46965.4,46988.4,46951.4,46971.4,342
20260904,1615,46969.4,47007.5,46960.4,46977.4,1036
20260904,1630,46978.4,47040.6,46965.4,47024.6,734
20260904,1645,47024.6,47032.6,46990.5,47027.6,814
20260904,1700,47023.6,47087.8,47023.7,47070.8,1446
20260904,1715,47067.8,47070.8,46991.5,46995.5,938
20260904,1730,46995.5,47032.6,46990.5,47032.7,780
20260904,1745,47034.7,47063.7,47017.6,47054.8,448
20260904,1800,47055.8,47094.9,47055.8,47081.9,686
20260904,1815,47078.9,47107.9,47077.9,47096.9,806
20260904,1830,47097.9,47128,47068.9,47107,786
20260904,1845,47105,47104.9,47070.9,47089.9,404
20260904,1900,47093.9,47123,47069.9,47074.8,494
20260904,1915,47074.8,47076.8,47036.7,47046.7,482
20260904,1930,47044.7,47068.8,47032.7,47053.7,276
20260904,1945,47059.8,47092.9,47054.8,47072.8,336
20260904,2000,47077.8,47114,47076.9,47093.9,456
20260904,2015,47093.9,47099.9,47028.7,47077.8,728
20260904,2030,47077.8,47178.2,47074.9,47173.2,1242
20260904,2045,47164.2,47183.2,46765.6,46844.9,8322
20260904,2100,46844.9,46854.9,46756.5,46838.8,2862
20260904,2115,46835.8,46877,46800.7,46867,1410
20260904,2130,46875,46918.1,46862,46901.1,1410
20260904,2145,46909.1,47176.2,46862,47142.1,6656
20260904,2200,47134.1,47374,47118.1,47373.1,5134
20260904,2215,47373.1,47386.1,47198.4,47349,4100
20260904,2230,47348,47354,47256.7,47314.8,1918
20260904,2245,47314.8,47341.9,47283.8,47284.7,1728
20260904,2300,47292.8,47301.7,47225.5,47254.6,1840
20260904,2315,47258.6,47374,47234.6,47374.1,2352
20260904,2330,47366.1,47372,47273.7,47282.7,1592
20260904,2345,47282.7,47333.9,47225.5,47331.9,1476
20260905,0,47329.9,47336.9,47301.8,47327.9,694
20260905,15,47331.9,47372,47321.9,47364.1,980
20260905,30,47371.1,47416.2,47369.1,47401.2,1374
20260905,45,47397.2,47414.2,47389.2,47396.2,350
20260905,100,47391.2,47435.3,47381.2,47415.3,828
20260905,115,47414.3,47421.2,47367.1,47370.1,476
20260905,130,47366.1,47376.1,47313.9,47316.9,702
20260905,145,47314.8,47328.9,47273.7,47283.7,740
20260905,200,47278.7,47311.8,47267.7,47301.8,462
20260905,215,47308.8,47327.8,47281.8,47306.8,446
20260905,230,47308.8,47341.9,47303.8,47341,220
20260905,245,47336.9,47361,47313.9,47356,276
20260905,300,47357,47371,47355.1,47364.1,202
20260905,315,47364.1,47379.1,47318.9,47322.9,228
20260905,330,47331.9,47356,47329,47345,132
20260905,345,47346,47394.1,47340,47394.2,256
20260905,400,47389.2,47427.3,47384.2,47423.3,546
20260905,415,47419.3,47421.2,47387.2,47403.2,288
20260905,430,47401.2,47405.2,47389.2,47394.2,74
20260905,445,47391.2,47391.1,47365.1,47376.1,238
20260905,500,47379.1,47392.1,47370.1,47381.1,298
20260907,900,47479.5,47689.4,47469.5,47555.9,7652
20260907,915,47559.9,47633.1,47291.8,47330.9,12964
20260907,930,47331.9,47514.6,47308.9,47513.7,6912
20260907,945,47513.7,47618.1,47470.5,47543.8,7026
20260907,1000,47536.8,47655.2,47523.8,47593,5390
20260907,1015,47593,47672.3,47555.9,47625.1,4052
20260907,1030,47620.1,47726.5,47584,47672.3,5560
20260907,1045,47671.3,47772.7,47657.3,47703.5,4118
20260907,1100,47704.5,47715.5,47572,47606.1,2902
20260907,1115,47613.1,47640.2,47509.7,47617.1,3052
20260907,1130,47620.1,47630.1,47581,47621.1,1088
20260907,1145,47622.1,47647.2,47534.8,47536.8,1714
20260907,1200,47536.8,47622.1,47532.8,47565.9,1266
20260907,1215,47573.9,47606,47529.8,47560.9,2016
20260907,1230,47561.9,47596,47532.8,47589,1210
20260907,1245,47590,47605,47539.8,47588,1122
20260907,1300,47585,47666.3,47584,47666.3,1744
20260907,1315,47664.3,47692.4,47585,47611.1,2492
20260907,1330,47612.1,47688.4,47594.1,47672.3,3886
20260907,1345,47672.3,47709.5,47597.1,47670.3,11090
20260907,1515,47713.5,47736.6,47671.4,47688.4,1206
20260907,1530,47692.4,47693.4,47642.3,47647.2,662
20260907,1545,47651.3,47680.3,47615.2,47633.2,746
20260907,1600,47636.2,47697.4,47630.2,47684.4,642
20260907,1615,47689.4,47697.4,47606.1,47634.2,830
20260907,1630,47641.2,47654.2,47626.2,47637.2,178
20260907,1645,47632.2,47651.2,47626.2,47639.2,200
20260907,1700,47635.2,47650.2,47622.2,47640.2,154
20260907,1715,47642.2,47669.3,47631.2,47638.2,412
20260907,1730,47637.2,47637.1,47591.1,47610.1,746
20260907,1745,47611.1,47628.1,47599.1,47610.1,426
20260907,1800,47607.1,47607,47582,47584,384
20260907,1815,47583,47598,47575,47596,180
20260907,1830,47598,47603,47584,47588,196
20260907,1845,47592,47600,47563.9,47583,230
20260907,1900,47586,47585.9,47519.8,47549.8,668
20260907,1915,47548.8,47548.8,47476.6,47543.8,1040
20260907,1930,47543.8,47546.8,47479.6,47504.6,438
20260907,1945,47507.7,47524.7,47464.5,47494.6,548
20260907,2000,47497.6,47513.6,47451.5,47454.4,464
20260907,2015,47455.4,47497.6,47450.5,47471.5,534
20260907,2030,47474.5,47493.5,47473.6,47483.6,330
20260907,2045,47487.6,47531.7,47485.6,47528.7,602
20260907,2100,47527.7,47567.9,47527.8,47566.9,618
20260907,2115,47564.9,47573.9,47542.9,47569.9,320
20260907,2130,47571.9,47583.9,47548.9,47567.9,388
20260907,2145,47565.9,47570.9,47502.7,47526.7,730
20260907,2200,47531.8,47552.8,47523.8,47529.7,344
20260907,2215,47530.8,47557.8,47498.7,47503.6,444
20260907,2230,47503.6,47517.6,47485.6,47506.7,338
20260907,2245,47500.6,47541.7,47492.6,47537.8,454
20260907,2300,47537.8,47537.7,47464.5,47464.5,382
20260907,2315,47471.5,47522.7,47468.5,47514.7,406
20260907,2330,47507.7,47536.7,47489.6,47515.7,408
20260907,2345,47522.7,47544.8,47512.7,47537.8,246
20260908,0,47536.8,47541.7,47507.7,47517.7,128
20260908,15,47518.7,47536.7,47516.7,47532.8,182
20260908,30,47529.7,47531.7,47516.7,47519.7,94
20260908,45,47522.7,47538.7,47515.7,47534.8,116
20260908,100,47531.8,47549.8,47523.8,47542.8,174
20260908,115,47545.8,47556.8,47529.8,47555.9,160
20260908,130,47554.9,47568.9,47547.9,47568.9,164
20260908,145,47568.9,47590,47555.9,47558.9,228
20260908,200,47558.9,47558.8,47531.8,47531.8,162
20260908,215,47535.8,47535.7,47512.7,47522.7,142
20260908,230,47527.7,47533.7,47519.8,47528.7,64
20260908,245,47534.8,47558.8,47528.8,47552.8,142
20260908,300,47551.8,47552.8,47539.8,47542.8,70
20260908,315,47544.8,47555.8,47544.9,47545.8,44
20260908,330,47539.8,47542.8,47527.8,47528.7,78
20260908,345,47533.8,47533.7,47519.8,47524.7,60
20260908,400,47528.7,47531.7,47522.8,47525.7,32
20260908,415,47530.8,47531.7,47485.6,47498.6,284
20260908,430,47496.6,47503.6,47489.6,47489.6,132
20260908,445,47492.6,47520.7,47488.6,47515.7,98
20260908,500,47518.7,47538.7,47513.7,47528.7,164
20260908,900,47680.4,47793.8,47608.1,47742.6,6878
20260908,915,47742.6,47775.7,47425.4,47534.8,11364
20260908,930,47538.8,47558.8,47453.5,47494.6,4708
20260908,945,47496.6,47614.1,47476.6,47583,4438
20260908,1000,47579,47651.2,47505.7,47641.2,4012
20260908,1015,47647.2,47710.5,47611.1,47701.5,4404
20260908,1030,47703.5,47764.7,47619.2,47632.2,3826
20260908,1045,47630.2,47656.2,47518.8,47568.9,3692
20260908,1100,47569.9,47598,47475.6,47497.6,2670
20260908,1115,47502.6,47556.8,47496.7,47529.7,2016
20260908,1130,47529.7,47587.9,47513.7,47575.9,1952
20260908,1145,47579,47593,47462.5,47464.5,2228
20260908,1200,47472.5,47512.6,47354.1,47503.6,5392
20260908,1215,47503.6,47517.6,47404.3,47412.3,2654
20260908,1230,47410.2,47442.3,47379.2,47404.2,2068
20260908,1245,47403.2,47441.3,47346,47441.4,2636
20260908,1300,47435.4,47444.3,47336,47343,1948
20260908,1315,47342,47345.9,47199.4,47256.6,5708
20260908,1330,47256.6,47309.8,47229.5,47275.7,4226
20260908,1345,47276.7,47281.7,47132.1,47178.3,11788
20260908,1515,47052.7,47127,47001.6,47038.7,2826
20260908,1530,47030.7,47048.7,46979.5,47014.6,1292
20260908,1545,47021.6,47032.6,46878.1,46925.2,2794
20260908,1600,46929.2,46932.2,46812.8,46819.8,1756
20260908,1615,46819.8,46857.9,46757.6,46815.7,3500
20260908,1630,46819.8,46871.9,46816.8,46832.8,1582
20260908,1645,46826.8,46881,46790.7,46837.8,1320
20260908,1700,46834.8,46902.1,46821.8,46862.9,992
20260908,1715,46860.9,46951.3,46817.8,46943.3,1238
20260908,1730,46947.3,46962.3,46917.2,46959.4,688
20260908,1745,46961.4,47074.8,46951.4,47033.7,1678
20260908,1800,47033.7,47068.8,47032.7,47066.8,584
20260908,1815,47066.8,47072.8,47010.6,47034.7,778
20260908,1830,47033.7,47179.2,47029.7,47096.9,1870
20260908,1845,47096.9,47106.9,47057.8,47107,448
20260908,1900,47100.9,47100.9,47057.8,47079.9,362
20260908,1915,47073.8,47101.9,46995.6,47018.6,826
20260908,1930,47020.6,47076.8,47020.7,47047.7,492
20260908,1945,47042.7,47080.8,47032.7,47032.7,324
20260908,2000,47032.7,47148.1,47024.7,47147.1,1038
20260908,2015,47143.1,47153.1,47047.8,47047.7,896
20260908,2030,47051.7,47129,47037.7,47123,652
20260908,2045,47125,47166.2,47104,47156.2,1056
20260908,2100,47157.2,47252.5,47147.2,47251.6,1790
20260908,2115,47244.5,47247.5,47191.4,47221.5,872
20260908,2130,47227.5,47265.6,47209.5,47253.6,936
20260908,2145,47258.6,47331.9,47117.1,47117,5222
20260908,2200,47126.1,47230.4,47106,47155.2,3240
20260908,2215,47151.2,47173.2,47077.9,47155.2,2356
20260908,2230,47151.2,47195.3,47108,47183.3,1346
20260908,2245,47186.3,47222.4,47130.1,47214.4,1080
20260908,2300,47216.4,47303.7,47183.3,47298.8,1608
20260908,2315,47301.8,47348.9,47259.7,47337.9,1400
20260908,2330,47334.9,47404.2,47333,47375.1,2502
20260908,2345,47374.1,47426.3,47329,47426.3,1200
20260909,0,47428.3,47434.3,47394.2,47403.2,1006
20260909,15,47404.2,47419.2,47359.1,47369.1,764
20260909,30,47361,47382.1,47305.9,47329.9,776
20260909,45,47329.9,47336.9,47306.9,47313.8,366
20260909,100,47315.8,47367,47275.7,47313.8,1108
20260909,115,47318.9,47411.2,47318.9,47389.2,606
20260909,130,47389.2,47411.2,47380.2,47399.2,204
20260909,145,47400.2,47427.3,47380.2,47400.2,332
20260909,200,47401.2,47422.2,47399.2,47407.2,86
20260909,215,47409.2,47453.4,47409.3,47437.4,514
20260909,230,47442.4,47464.4,47439.4,47451.4,258
20260909,245,47451.4,47462.4,47438.4,47459.5,270
20260909,300,47459.5,47472.5,47316.9,47365.1,930
20260909,315,47369.1,47381.1,47348,47366.1,248
20260909,330,47364.1,47373,47294.8,47326.9,396
20260909,345,47319.9,47328.9,47286.8,47303.8,408
20260909,400,47309.8,47330.9,47214.5,47272.7,2150
20260909,415,47268.7,47283.7,47206.4,47228.5,406
20260909,430,47237.5,47238.5,47199.4,47212.4,238
20260909,445,47212.4,47244.5,47212.5,47239.5,176
20260909,500,47243.5,47253.5,47224.5,47253.6,244
20260909,900,47274.7,47449.4,47252.6,47441.4,6044
20260909,915,47434.3,47581.9,47387.2,47570.9,9848
20260909,930,47564.9,47701.4,47543.9,47606.1,7676
20260909,945,47606.1,47709.5,47574,47636.2,5658
20260909,1000,47638.2,47761.7,47621.2,47640.2,6166
20260909,1015,47636.2,47786.8,47587,47715.5,6060
20260909,1030,47714.5,47748.6,47678.4,47710.5,3758
20260909,1045,47715.5,47792.8,47658.3,47760.7,3652
20260909,1100,47759.7,47787.8,47665.4,47707.5,3592
20260909,1115,47703.5,47710.5,47504.7,47545.8,6632
20260909,1130,47548.8,47642.2,47544.9,47635.2,4122
20260909,1145,47637.2,47656.2,47530.8,47534.8,2380
20260909,1200,47529.7,47562.8,47385.2,47446.4,6160
20260909,1215,47445.4,47464.4,47290.8,47306.8,4820
20260909,1230,47310.8,47451.4,47288.8,47411.3,4710
20260909,1245,47412.3,47493.5,47374.1,47448.4,3310
20260909,1300,47448.4,47499.6,47412.3,47478.5,2732
20260909,1315,47479.5,47491.5,47417.3,47440.4,2740
20260909,1330,47442.4,47448.4,47304.9,47359,4866
20260909,1345,47359,47416.2,47320.9,47386.1,5816
20260909,1515,47413.3,47466.4,47361.1,47404.2,1600
20260909,1530,47402.2,47451.4,47335,47449.4,1682
20260909,1545,47442.4,47457.4,47415.3,47430.3,484
20260909,1600,47437.4,47438.3,47381.2,47431.3,766
20260909,1615,47433.3,47493.5,47412.3,47454.4,1300
20260909,1630,47454.4,47494.6,47429.4,47477.5,612
20260909,1645,47475.5,47488.5,47399.2,47399.2,822
20260909,1700,47396.2,47449.4,47381.2,47432.3,590
20260909,1715,47434.3,47454.4,47357.1,47394.2,978
20260909,1730,47396.2,47399.1,47299.8,47354,1186
20260909,1745,47347,47367,47142.2,47167.2,2960
20260909,1800,47168.2,47188.3,47067.9,47096.9,2098
20260909,1815,47089.9,47127,47006.6,47085.9,2500
20260909,1830,47093.9,47145.1,47074.9,47123,1106
20260909,1845,47119,47153.1,47082.9,47089.9,756
20260909,1900,47086.9,47119,47042.8,47087.9,890
20260909,1915,47096.9,47123,47071.9,47078.9,698
20260909,1930,47081.9,47141.1,47051.8,47102,586
20260909,1945,47102,47102.9,47051.8,47054.8,596
20260909,2000,47061.8,47182.2,47056.8,47085.9,1974
20260909,2015,47076.8,47085.8,46985.5,47001.5,1586
20260909,2030,46997.5,47041.6,46981.5,47012.6,1098
20260909,2045,46997.5,47060.7,46992.5,47048.7,760
20260909,2100,47051.7,47091.9,47051.8,47079.9,818
20260909,2115,47075.8,47115,47062.8,47075.8,778
20260909,2130,47078.9,47141.1,47054.8,47138.1,692
20260909,2145,47142.1,47221.4,47107,47168.2,4186
20260909,2200,47171.2,47277.6,47111,47273.7,3084
20260909,2215,47269.7,47325.8,47236.6,47299.8,2542
20260909,2230,47294.8,47294.7,47147.2,47264.6,2868
20260909,2245,47264.6,47266.6,47220.5,47249.6,1266
20260909,2300,47252.6,47270.6,47222.5,47262.6,754
20260909,2315,47264.6,47306.8,47020.7,47047.7,3738
20260909,2330,47044.7,47117,46944.3,47027.6,3212
20260909,2345,47028.6,47186.3,47028.7,47144.1,3032
20260910,0,47145.1,47193.3,47130.1,47148.1,984
20260910,15,47148.1,47188.3,47074.9,47076.8,966
20260910,30,47076.8,47116,47057.8,47094.9,1048
20260910,45,47095.9,47202.3,47093,47191.3,1042
20260910,100,47192.3,47215.4,47178.3,47192.3,574
20260910,115,47187.3,47246.5,47177.3,47234.5,882
20260910,130,47240.5,47243.5,47203.4,47209.4,272
20260910,145,47202.4,47205.3,47173.3,47203.4,360
20260910,200,47206.4,47228.4,47201.4,47218.4,208
20260910,215,47213.4,47232.4,47203.4,47210.4,140
20260910,230,47205.4,47229.4,47205.4,47219.4,300
20260910,245,47220.4,47230.4,47208.4,47230.5,252
20260910,300,47231.5,47253.5,47210.5,47223.5,450
20260910,315,47222.5,47258.6,47195.4,47257.6,292
20260910,330,47253.6,47284.7,47252.6,47268.7,370
20260910,345,47261.6,47262.6,47210.5,47230.5,130
20260910,400,47237.5,47252.5,47163.3,47190.3,550
20260910,415,47185.3,47217.4,47169.3,47181.3,262
20260910,430,47184.3,47196.3,47173.3,47181.3,102
20260910,445,47186.3,47206.3,47185.4,47186.3,124
20260910,500,47191.3,47196.3,47174.3,47182.3,230
20260910,900,47138.1,47148.1,46906.2,46941.3,8794
20260910,915,46939.3,46972.4,46782.7,46837.8,13400
20260910,930,46837.8,46962.3,46768.6,46775.6,10260
20260910,945,46780.6,46904.1,46702.3,46859.9,9702
20260910,1000,46857.9,46929.2,46832.9,46891.1,4656
20260910,1015,46895.1,46947.3,46851.9,46889.1,4322
20260910,1030,46889.1,46895,46785.7,46785.6,4066
20260910,1045,46794.7,46997.5,46792.7,46944.3,4422
20260910,1100,46945.3,46960.3,46862,46891.1,2162
20260910,1115,46895.1,47000.5,46889.1,46939.3,2376
20260910,1130,46939.3,46998.5,46884.1,46922.2,2306
20260910,1145,46918.2,46922.1,46848.9,46874,2216
20260910,1200,46870,46980.4,46863,46969.4,2520
20260910,1215,46968.4,47017.5,46916.2,46941.3,3082
20260910,1230,46938.3,46985.4,46890.1,46978.4,2320
20260910,1245,46975.4,46975.4,46916.2,46927.2,1584
20260910,1300,46930.2,47077.8,46930.3,47069.8,4402
20260910,1315,47069.8,47147.1,47022.7,47075.8,5098
20260910,1330,47075.8,47124,47035.7,47111,4234
20260910,1345,47109,47126,47020.7,47067.8,7646
20260910,1515,47089.9,47091.9,47005.6,47085.9,1240
20260910,1530,47083.9,47093.9,46973.5,46975.4,794
20260910,1545,46979.4,46993.4,46910.2,46960.4,1154
20260910,1600,46962.4,46979.4,46944.3,46962.4,452
20260910,1615,46955.3,46995.5,46899.1,46902.1,1024
20260910,1630,46907.1,46952.3,46883.1,46943.3,1024
20260910,1645,46949.3,46949.3,46855,46856.9,970
20260910,1700,46860.9,46882,46833.9,46871,612
20260910,1715,46868,46955.3,46862,46919.2,836
20260910,1730,46919.2,46941.2,46873,46880,658
20260910,1745,46877,46907.1,46847.9,46904.1,646
20260910,1800,46904.1,46963.3,46904.2,46933.2,520
20260910,1815,46934.2,46971.4,46912.2,46924.2,616
20260910,1830,46921.2,46951.3,46912.2,46926.2,328
20260910,1845,46924.2,46929.2,46862,46907.1,586
20260910,1900,46907.1,46975.4,46867,46883,892
20260910,1915,46877,46877,46767.6,46816.8,1800
20260910,1930,46814.7,46839.8,46798.7,46816.8,566
20260910,1945,46814.7,46849.8,46799.7,46814.7,352
20260910,2000,46816.8,46826.7,46659.1,46661.1,2490
20260910,2015,46664.1,46686.2,46591.9,46634,2476
20260910,2030,46633,46646,46554.7,46637,2386
20260910,2045,46632,46656,46413.1,46454.2,5634
20260910,2100,46450.2,46462.2,46320.7,46365.9,2416
20260910,2115,46364.9,46424.1,46333.8,46352.8,2152
20260910,2130,46355.8,46412,46321.7,46407,1690
20260910,2145,46411,46475.3,46297.6,46344.8,4776
20260910,2200,46350.8,46406,46209.2,46227.3,4124
20260910,2215,46226.3,46347.7,46218.3,46293.6,2786
20260910,2230,46294.6,46543.6,46267.5,46469.3,4472
20260910,2245,46468.3,46551.6,46452.3,46485.4,2428
20260910,2300,46480.3,46520.5,46439.2,46517.5,1556
20260910,2315,46517.5,46521.5,46462.3,46497.4,1596
20260910,2330,46505.4,46508.4,46412.1,46468.3,1370
20260910,2345,46463.3,46487.3,46430.2,46476.3,826
20260911,0,46479.3,46479.3,46364.9,46380.9,1114
20260911,15,46381.9,46405,46298.6,46314.6,1266
20260911,30,46316.6,46331.7,46276.5,46299.6,1074
20260911,45,46299.6,46354.8,46243.4,46353.8,1532
20260911,100,46349.8,46384.9,46343.8,46370.9,674
20260911,115,46369.9,46433.1,46341.8,46364.9,706
20260911,130,46361.8,46364.8,46315.7,46339.7,242
20260911,145,46335.7,46336.7,46275.5,46323.7,398
20260911,200,46321.7,46325.6,46294.6,46310.6,346
20260911,215,46306.6,46326.6,46240.4,46273.5,374
20260911,230,46257.4,46277.4,46244.4,46253.4,156
20260911,245,46244.3,46281.5,46234.4,46281.5,248
20260911,300,46274.5,46340.7,46267.5,46306.6,758
20260911,315,46301.6,46305.6,46222.3,46268.4,404
20260911,330,46276.5,46324.6,46247.4,46314.6,272
20260911,345,46314.6,46331.7,46297.6,46306.6,206
20260911,400,46307.6,46319.6,46264.5,46276.5,308
20260911,415,46272.5,46305.6,46262.5,46287.5,208
20260911,430,46286.5,46299.5,46275.5,46275.5,62
20260911,445,46278.5,46282.5,46260.5,46280.5,130
20260911,500,46279.5,46293.5,46258.5,46266.4,378
20260911,900,46013.4,46286.5,45998.4,46276.5,8538
20260911,915,46278.5,46387.9,46208.2,46275.5,11612
20260911,930,46275.5,46300.5,46108.8,46116.8,8770
20260911,945,46124.8,46212.2,46089.7,46141.9,7436
20260911,1000,46133.9,46203.1,46058.6,46194.1,6234
20260911,1015,46194.1,46271.4,46118.9,46271.5,5208
20260911,1030,46271.5,46289.5,46114.9,46158,6080
20260911,1045,46155,46185,46048.6,46074.6,6264
20260911,1100,46073.6,46134.8,46021.5,46058.6,5860
20260911,1115,46055.6,46128.8,45973.3,46031.5,5596
20260911,1130,46025.4,46204.1,46021.5,46189.1,5418
20260911,1145,46187.1,46293.5,46141,46278.5,4268
20260911,1200,46282.5,46338.7,46190.2,46329.7,4238
20260911,1215,46328.7,46465.2,46314.7,46428.1,5514
20260911,1230,46428.1,46519.5,46413.1,46519.5,4354
20260911,1245,46519.5,46535.5,46448.3,46480.3,4384
20260911,1300,46481.3,46484.3,46385,46389,3182
20260911,1315,46389,46403,46328.8,46401,4806
20260911,1330,46398,46421,46270.5,46280.5,5504
20260911,1345,46279.5,46415,46276.5,46413.1,11778
20260911,1515,46501.4,46575.7,46476.4,46528.5,2408
20260911,1530,46529.5,46560.6,46496.5,46500.4,776
20260911,1545,46498.4,46515.4,46441.2,46458.2,1002
20260911,1600,46459.2,46475.3,46421.1,46475.3,676
20260911,1615,46475.3,46518.4,46406.1,46496.4,1504
20260911,1630,46496.4,46627.9,46475.4,46526.5,2058
20260911,1645,46529.5,46611.8,46527.6,46552.6,990
20260911,1700,46553.6,46611.8,46545.7,46603.9,786
20260911,1715,46602.9,46624.9,46537.6,46537.6,910
20260911,1730,46536.6,46559.6,46524.6,46550.6,514
20260911,1745,46554.7,46582.7,46542.6,46574.7,308
20260911,1800,46566.7,46595.8,46565.7,46587.8,268
20260911,1815,46591.8,46616.9,46497.5,46585.8,1108
20260911,1830,46584.8,46584.7,46538.6,46550.6,482
20260911,1845,46547.6,46580.7,46541.6,46557.7,232
20260911,1900,46559.7,46575.7,46514.5,46515.5,314
20260911,1915,46518.5,46551.6,46508.5,46515.5,312
20260911,1930,46510.5,46578.7,46508.5,46541.6,412
20260911,1945,46542.6,46568.7,46486.4,46568.7,462
20260911,2000,46564.7,46580.7,46517.5,46531.6,340
20260911,2015,46531.6,46540.5,46453.3,46473.3,970
20260911,2030,46470.3,46605.8,46460.3,46573.7,1242
20260911,2045,46589.8,46701.2,46235.4,46605.9,7588
20260911,2100,46597.8,46740.4,46571.8,46733.4,2180
20260911,2115,46730.4,46770.5,46660.1,46684.2,1782
20260911,2130,46683.2,46705.2,46637,46639,1082
20260911,2145,46640,46715.3,46532.6,46688.2,3784
20260911,2200,46690.2,46746.4,46603.9,46703.3,2618
20260911,2215,46701.3,46701.2,46555.7,46621.9,1850
20260911,2230,46632,46718.3,46618,46696.2,1760
20260911,2245,46693.2,46696.2,46585.8,46609.9,1164
20260911,2300,46615.9,46688.2,46595.9,46656.1,1230
20260911,2315,46652.1,46741.4,46639.1,46684.2,1320
20260911,2330,46686.2,46839.8,46684.2,46829.8,2714
20260911,2345,46825.8,46859.9,46802.7,46855.9,1402
20260912,0,46849.9,46854.9,46770.6,46817.8,966
20260912,15,46814.7,46833.8,46793.7,46796.7,616
20260912,30,46793.7,46798.6,46727.4,46729.4,1154
20260912,45,46733.4,46792.6,46716.4,46776.6,812
20260912,100,46772.6,46776.5,46741.5,46774.6,272
20260912,115,46774.6,46816.7,46772.6,46778.6,584
20260912,130,46778.6,46854.9,46776.6,46837.8,566
20260912,145,46837.8,46843.8,46799.7,46803.7,366
20260912,200,46804.7,46812.7,46783.7,46784.6,202
20260912,215,46792.7,46808.7,46781.7,46795.7,186
20260912,230,46790.6,46801.6,46743.5,46784.6,918
20260912,245,46790.6,46799.6,46756.5,46759.5,308
20260912,300,46755.5,46759.5,46723.4,46734.4,244
20260912,315,46733.4,46736.4,46701.3,46719.3,470
20260912,330,46738.4,46761.5,46728.4,46743.4,120
20260912,345,46740.4,46769.5,46740.5,46762.5,144
20260912,400,46763.5,46786.6,46734.5,46755.5,374
20260912,415,46760.5,46762.5,46734.5,46739.4,218
20260912,430,46744.4,46746.4,46731.4,46732.4,102
20260912,445,46736.4,46741.4,46727.4,46730.4,74
20260912,500,46728.4,46784.6,46725.4,46784.6,180
20260914,900,45781.4,45851.6,45540.4,45553.4,20514
20260914,915,45553.4,45748.2,45493.2,45644.8,16718
20260914,930,45645.8,45690,45510.3,45579.6,12732
20260914,945,45579.6,45642.8,45510.3,45592.6,8184
20260914,1000,45587.6,45925,45584.6,45872.8,12374
20260914,1015,45874.8,45993.2,45855.8,45949.1,10068
20260914,1030,45953.1,46095.7,45874.8,46005.3,11824
20260914,1045,46002.3,46064.5,45964.2,46006.3,12858
20260914,1100,46007.4,46118.8,45998.4,46100.7,13552
20260914,1115,46100.7,46146.9,46049.6,46053.5,12424
20260914,1130,46053.5,46107.7,46020.5,46099.7,10430
20260914,1145,46099.7,46117.8,46027.5,46077.6,7452
20260914,1200,46081.7,46124.8,46046.6,46059.6,6344
20260914,1215,46059.6,46127.8,46040.5,46056.6,6816
20260914,1230,46056.6,46156.9,46043.6,46129.9,7056
20260914,1245,46124.8,46212.2,46065.6,46142.9,11406
20260914,1300,46142.9,46198.1,46087.7,46102.8,11326
20260914,1315,46102.8,46160.9,46051.6,46087.7,12244
20260914,1330,46087.7,46089.6,45962.2,46021.4,12662
20260914,1345,46018.4,46037.4,45953.2,45973.2,10072
20260914,1515,45967.2,45995.2,45887.9,45995.3,1372
20260914,1530,45995.3,46037.4,45969.2,45974.2,630
20260914,1545,45968.2,45992.2,45903,45908.9,700
20260914,1600,45905.9,45921.9,45803.5,45845.7,1668
20260914,1615,45850.7,45919.9,45835.7,45879.8,1054
20260914,1630,45876.8,45876.8,45777.4,45785.4,894
20260914,1645,45783.4,45847.6,45771.4,45829.6,1014
20260914,1700,45826.6,45842.6,45725.2,45814.5,1230
20260914,1715,45809.5,45832.6,45703.1,45714.1,1246
20260914,1730,45718.1,45741.2,45655.9,45734.2,1446
20260914,1745,45729.2,45742.2,45673,45694,980
20260914,1800,45707.1,45732.1,45688.1,45722.2,486
20260914,1815,45719.1,45722.1,45676,45714.1,550
20260914,1830,45717.1,45801.4,45698.1,45797.5,966
20260914,1845,45797.5,45826.5,45778.4,45799.5,708
20260914,1900,45805.5,45820.5,45790.5,45805.5,358
20260914,1915,45803.5,45808.5,45743.3,45752.3,586
20260914,1930,45755.3,45802.4,45721.2,45795.5,528
20260914,1945,45799.5,45799.4,45710.2,45713.1,558
20260914,2000,45715.1,45728.1,45669,45699.1,814
20260914,2015,45694,45697,45628.8,45689,1148
20260914,2030,45693,45761.3,45649.9,45693,1186
20260914,2045,45692,45721.1,45614.7,45711.1,1832
20260914,2100,45708.1,45719.1,45651.9,45681,428
20260914,2115,45666.9,45666.9,45573.6,45653.9,1688
20260914,2130,45653.9,45712.1,45630.8,45632.8,1282
20260914,2145,45639.8,45702,45576.6,45659.9,3126
20260914,2200,45660.9,45804.4,45658.9,45685,3146
20260914,2215,45680,45837.6,45679,45819.6,2034
20260914,2230,45816.5,45834.6,45666,45692,1998
20260914,2245,45692,45704,45574.6,45638.8,1818
20260914,2300,45635.8,45665.9,45552.5,45605.7,1954
20260914,2315,45605.7,45746.2,45572.6,45602.6,2600
20260914,2330,45601.6,45708,45593.7,45704.1,990
20260914,2345,45700.1,45844.6,45682,45824.6,3000
20260915,0,45824.6,45827.5,45758.4,45783.4,928
20260915,15,45779.4,45791.4,45736.3,45749.3,856
20260915,30,45758.3,45829.6,45758.4,45794.5,866
20260915,45,45786.4,45844.6,45772.4,45844.7,830
20260915,100,45843.7,45947,45833.7,45894.9,1888
20260915,115,45894.9,45909.9,45860.8,45874.8,546
20260915,130,45870.8,45893.8,45846.7,45893.9,388
20260915,145,45893.9,45908.9,45880.9,45900.9,484
20260915,200,45906.9,45928,45904,45919,258
20260915,215,45914,45957.1,45910,45943.1,618
20260915,230,45940.1,45949.1,45894.9,45903.9,270
20260915,245,45906.9,45943,45907,45942.1,244
20260915,300,45942.1,45943,45908,45941.1,338
20260915,315,45945.1,45955.1,45882.9,45888.9,362
20260915,330,45883.8,45885.8,45852.8,45858.7,322
20260915,345,45851.7,45864.7,45796.5,45809.5,380
20260915,400,45797.5,45809.5,45720.2,45720.1,762
20260915,415,45724.2,45742.2,45693.1,45721.1,656
20260915,430,45721.1,45755.2,45712.2,45755.3,118
20260915,445,45759.3,45765.3,45745.3,45752.3,150
20260915,500,45751.3,45772.3,45742.3,45748.3,264
20260915,900,45970.2,46047.5,45899.9,45994.3,7398
20260915,915,45994.3,46060.5,45851.7,46007.4,14976
20260915,930,46007.4,46157.9,45999.4,46075.6,11716
20260915,945,46075.6,46105.7,45929.1,45970.2,12246
20260915,1000,45970.2,46040.4,45925.1,45953.1,10054
20260915,1015,45953.1,46103.7,45927.1,46081.7,8278
20260915,1030,46081.7,46099.7,46011.4,46079.7,7920
20260915,1045,46079.7,46111.7,45975.3,46010.4,9288
20260915,1100,46010.4,46035.4,45983.3,46002.3,8010
20260915,1115,46002.3,46032.4,45939.1,45942.1,7360
20260915,1130,45942.1,45956.1,45845.7,45956.1,9006
20260915,1145,45956.1,45966.1,45899.9,45956.1,7968
20260915,1200,45956.1,45975.2,45839.7,45839.6,8588
20260915,1215,45839.6,45970.1,45831.7,45906.9,11176
20260915,1230,45906.9,46001.3,45874.8,45880.8,11680
20260915,1245,45880.8,45900.9,45770.4,45871.8,10516
20260915,1300,45871.8,45936,45775.4,45777.4,10394
20260915,1315,45777.4,45836.6,45766.4,45775.4,11012
20260915,1330,45775.4,45788.4,45704.1,45747.3,11910
20260915,1345,45747.3,45801.4,45707.1,45799.5,11496
20260915,1515,45725.2,45764.3,45655.9,45658.9,1626
20260915,1530,45655.9,45766.3,45653.9,45748.3,1036
20260915,1545,45751.3,45796.4,45747.3,45774.4,1640
20260915,1600,45771.4,45812.5,45748.3,45799.5,1016
20260915,1615,45799.5,45799.4,45690.1,45744.2,1894
20260915,1630,45746.3,45805.5,45720.2,45778.4,696
20260915,1645,45782.4,45782.4,45722.2,45727.2,404
20260915,1700,45727.2,45753.2,45713.2,45726.2,242
20260915,1715,45729.2,45753.2,45702.1,45732.2,464
20260915,1730,45720.1,45762.3,45682,45757.3,744
20260915,1745,45759.3,45796.4,45732.2,45789.4,736
20260915,1800,45790.4,45859.7,45789.5,45845.7,990
20260915,1815,45852.7,45891.8,45840.7,45849.7,738
20260915,1830,45849.7,45856.7,45827.6,45856.7,594
20260915,1845,45853.7,45859.7,45828.6,45843.7,712
20260915,1900,45835.6,45887.8,45833.7,45884.8,720
20260915,1915,45881.8,45929,45873.8,45902.9,1520
20260915,1930,45902.9,45919.9,45867.8,45876.8,704
20260915,1945,45873.8,45876.8,45851.7,45869.8,508
20260915,2000,45866.8,45893.8,45866.8,45877.8,570
20260915,2015,45874.8,45891.8,45856.8,45883.8,352
20260915,2030,45882.8,45882.8,45841.7,45862.7,602
20260915,2045,45857.7,45878.8,45836.7,45858.7,490
20260915,2100,45858.7,45914.9,45858.8,45886.8,1624
20260915,2115,45886.8,45894.8,45868.8,45872.8,214
20260915,2130,45877.8,45878.8,45832.7,45873.8,596
20260915,2145,45876.8,45877.8,45755.3,45817.6,2706
20260915,2200,45810.5,45860.7,45800.5,45830.6,964
20260915,2215,45827.6,45871.7,45734.3,45737.2,1228
20260915,2230,45735.2,45789.4,45714.2,45755.3,1080
20260915,2245,45748.3,45772.3,45664,45693,1348
20260915,2300,45693,45706,45543.5,45555.5,3144
20260915,2315,45551.4,45635.7,45521.4,45634.8,3126
20260915,2330,45620.7,45702,45620.8,45687,1542
20260915,2345,45692,45742.2,45651.9,45730.2,1628
20260916,0,45732.2,45738.2,45653.9,45653.9,1770
20260916,15,45653.9,45661.8,45606.7,45639.8,760
20260916,30,45636.8,45715.1,45633.8,45698.1,728
20260916,45,45692,45707,45664,45688,514
20260916,100,45692,45715.1,45672,45690,340
20260916,115,45686,45701,45669,45677,956
20260916,130,45677,45685.9,45659.9,45686,442
20260916,145,45688,45711.1,45674,45689,328
20260916,200,45688,45719.1,45683,45717.1,144
20260916,215,45722.2,45745.2,45705.1,45744.2,212
20260916,230,45736.2,45744.2,45713.2,45743.2,102
20260916,245,45729.2,45729.1,45687.1,45692,356
20260916,300,45688,45703,45656.9,45703.1,304
20260916,315,45700.1,45702,45685,45687,280
20260916,330,45687,45702,45685,45702.1,124
20260916,345,45690,45700,45686,45697,138
20260916,400,45693,45713.1,45691.1,45705.1,178
20260916,415,45711.1,45727.1,45711.2,45727.2,110
20260916,430,45723.2,45731.1,45723.2,45726.2,98
20260916,445,45732.2,45742.2,45714.2,45714.1,100
20260916,500,45710.1,45721.1,45693.1,45721.1,198
20260916,900,45726.2,45823.5,45710.2,45822.6,4112
20260916,915,45822.6,45884.8,45793.5,45875.8,4134
20260916,930,45875.8,45989.2,45831.7,45963.2,6128
20260916,945,45963.2,45978.2,45862.8,45884.8,3876
20260916,1000,45883.8,45929,45778.4,45799.5,3526
20260916,1015,45799.5,45903.9,45791.5,45895.9,2236
20260916,1030,45895.9,45945,45890.9,45945.1,3962
20260916,1045,45945.1,45983.2,45869.8,45888.9,3526
20260916,1100,45888.9,45953.1,45887.9,45953.1,2798
20260916,1115,45953.1,46081.6,45940.1,46081.7,3026
20260916,1130,46081.7,46193.1,46080.7,46129.9,2958
20260916,1145,46136.9,46182,46100.8,46162,1676
20260916,1200,46162,46242,46159,46203,2286
20260916,1215,46201,46213,46171,46171,1534
20260916,1230,46171,46215,46165,46165,1564
20260916,1245,46165,46165,45937,45940,5846
20260916,1300,45937,46010,45920,45940,2892
20260916,1315,45938,46008,45926,45999,4374
20260916,1330,45996,46047,45969,46012,5456
20260916,1345,46008,46078,45988,46078,6492
