Date,Time,Open,High,Low,Close,Volume
20260310.0,1515.0,33764.6,33938.7,33707.0,33840.9,6846.0
20260310.0,1530.0,33840.9,34124.2,33836.8,34065.5,6546.0
20260310.0,1545.0,34065.5,34186.0,34034.6,34138.7,4716.0
20260310.0,1600.0,34143.8,34200.4,34108.8,34185.0,3338.0
20260310.0,1615.0,34181.9,34265.3,34151.1,34214.9,5238.0
20260310.0,1630.0,34215.9,34291.1,34169.6,34266.4,3222.0
20260310.0,1645.0,34269.5,34329.2,34254.1,34289.1,3412.0
20260310.0,1700.0,34290.1,34305.5,34185.1,34203.6,3428.0
20260310.0,1715.0,34204.6,34318.9,34182.0,34299.4,2956.0
20260310.0,1730.0,34299.4,34304.5,34222.2,34256.1,2100.0
20260310.0,1745.0,34262.3,34292.1,34240.7,34268.5,1432.0
20260310.0,1800.0,34266.4,34266.4,34139.7,34172.7,2826.0
20260310.0,1815.0,34168.5,34178.8,34108.8,34129.4,2516.0
20260310.0,1830.0,34129.4,34199.4,34077.9,34194.3,2690.0
20260310.0,1845.0,34197.4,34212.8,34008.9,34047.0,4460.0
20260310.0,1900.0,34052.1,34107.7,33974.9,34091.3,3326.0
20260310.0,1915.0,34090.2,34210.7,34019.2,34028.4,4538.0
20260310.0,1930.0,34021.2,34076.8,33963.5,34052.1,2376.0
20260310.0,1945.0,34057.3,34061.3,33935.7,33963.5,2296.0
20260310.0,2000.0,33968.6,33982.0,33898.6,33900.6,2490.0
20260310.0,2015.0,33905.8,33911.9,33753.4,33824.4,5988.0
20260310.0,2030.0,33825.4,33879.0,33776.0,33839.9,3194.0
20260310.0,2045.0,33837.8,33979.9,33785.3,33952.2,4252.0
20260310.0,2100.0,33949.1,34040.7,33936.8,33947.0,3206.0
20260310.0,2115.0,33949.1,34016.0,33942.9,33965.6,1690.0
20260310.0,2130.0,33968.6,34020.1,33947.1,33979.0,1614.0
20260310.0,2145.0,33976.9,34065.4,33813.1,33934.6,9232.0
20260310.0,2200.0,33930.5,34011.9,33852.3,33892.4,5480.0
20260310.0,2215.0,33896.5,33978.9,33702.9,33800.7,9538.0
20260310.0,2230.0,33798.6,34194.2,33751.3,34090.2,10856.0
20260310.0,2245.0,34087.1,34231.3,34084.1,34224.2,7368.0
20260310.0,2300.0,34223.1,34366.3,34165.5,34342.7,8540.0
20260310.0,2315.0,34340.6,34417.8,34280.9,34282.9,6654.0
20260310.0,2330.0,34283.9,34368.4,34266.5,34325.1,3972.0
20260310.0,2345.0,34325.1,34409.6,34289.1,34366.4,3180.0
20260311.0,0.0,34364.3,34380.7,34295.3,34339.6,2474.0
20260311.0,15.0,34339.6,34343.6,34128.4,34208.7,6768.0
20260311.0,30.0,34207.7,34315.8,34186.1,34251.0,3050.0
20260311.0,45.0,34251.0,34352.9,34251.0,34306.6,2316.0
20260311.0,100.0,34302.5,34355.0,34221.1,34335.4,1868.0
20260311.0,115.0,34327.2,34495.1,34320.0,34417.9,4224.0
20260311.0,130.0,34422.0,34514.7,34413.8,34504.4,1930.0
20260311.0,145.0,34501.3,34512.6,34272.6,34348.8,3712.0
20260311.0,200.0,34351.9,34484.8,34330.3,34465.3,2392.0
20260311.0,215.0,34468.4,34475.5,34240.7,34259.2,2616.0
20260311.0,230.0,34263.3,34269.5,34016.1,34175.7,7170.0
20260311.0,245.0,34181.9,34217.9,34080.0,34127.3,2808.0
20260311.0,300.0,34122.2,34189.1,34078.9,34092.3,1644.0
20260311.0,315.0,34094.3,34167.4,34062.5,34159.3,1620.0
20260311.0,330.0,34165.4,34209.7,34052.2,34052.1,1962.0
20260311.0,345.0,34055.2,34171.6,33962.5,34031.5,3048.0
20260311.0,400.0,34037.7,34057.2,33985.2,34042.8,1702.0
20260311.0,415.0,34048.0,34078.8,33999.6,34078.9,946.0
20260311.0,430.0,34068.6,34112.8,34048.0,34106.7,466.0
20260311.0,445.0,34100.5,34110.8,34077.9,34091.3,312.0
20260311.0,500.0,34091.3,34108.7,34086.2,34108.8,398.0
20260311.0,900.0,34351.9,34476.5,34297.4,34376.7,11682.0
20260311.0,915.0,34374.6,34580.6,34286.0,34576.5,16900.0
20260311.0,930.0,34577.6,34705.3,34567.3,34647.6,15384.0
20260311.0,945.0,34644.5,34719.7,34577.6,34698.1,8866.0
20260311.0,1000.0,34701.2,34731.0,34632.2,34704.3,5412.0
20260311.0,1015.0,34701.2,34725.9,34594.1,34667.2,6098.0
20260311.0,1030.0,34666.2,34880.4,34665.2,34834.1,10792.0
20260311.0,1045.0,34834.1,34870.1,34778.5,34866.1,5290.0
20260311.0,1100.0,34868.1,34989.6,34852.7,34972.2,7644.0
20260311.0,1115.0,34972.2,35090.6,34959.9,35088.6,6154.0
20260311.0,1130.0,35089.6,35092.7,34981.5,35024.7,6146.0
20260311.0,1145.0,35024.7,35221.5,35016.5,35148.4,9588.0
20260311.0,1200.0,35149.4,35214.3,35142.2,35185.5,3436.0
20260311.0,1215.0,35190.6,35190.6,35145.3,35183.4,3010.0
20260311.0,1230.0,35184.4,35214.3,35173.1,35175.2,3244.0
20260311.0,1245.0,35174.1,35193.6,35151.5,35164.9,3548.0
20260311.0,1300.0,35161.8,35178.2,35137.1,35160.7,3036.0
20260311.0,1315.0,35160.7,35190.6,35008.3,35056.7,9106.0
20260311.0,1330.0,35058.7,35108.1,35015.5,35082.4,7352.0
20260311.0,1345.0,35085.5,35106.1,35011.4,35015.5,17342.0
20260311.0,1515.0,34971.1,34973.2,34783.7,34906.2,6686.0
20260311.0,1530.0,34911.4,34914.4,34787.8,34815.6,2956.0
20260311.0,1545.0,34818.7,34827.9,34694.0,34749.6,5128.0
20260311.0,1600.0,34746.5,34858.8,34726.0,34796.0,3922.0
20260311.0,1615.0,34803.2,34854.7,34778.5,34848.5,3150.0
20260311.0,1630.0,34846.5,34861.9,34776.5,34796.0,2020.0
20260311.0,1645.0,34795.0,34831.0,34727.0,34781.6,2560.0
20260311.0,1700.0,34782.6,34799.0,34649.7,34722.8,4842.0
20260311.0,1715.0,34720.8,34726.9,34593.1,34620.8,4048.0
20260311.0,1730.0,34619.8,34693.9,34573.5,34576.5,2914.0
20260311.0,1745.0,34576.5,34640.4,34562.2,34607.4,2428.0
20260311.0,1800.0,34608.5,34648.6,34531.3,34554.9,2750.0
20260311.0,1815.0,34551.8,34743.4,34544.6,34729.0,4518.0
20260311.0,1830.0,34731.1,34784.6,34729.1,34764.1,2982.0
20260311.0,1845.0,34766.1,34892.8,34752.8,34880.5,3932.0
20260311.0,1900.0,34880.5,34891.8,34829.0,34840.3,1686.0
20260311.0,1915.0,34839.3,34874.2,34773.4,34818.7,2484.0
20260311.0,1930.0,34820.7,34844.4,34660.0,34682.7,3190.0
20260311.0,1945.0,34681.6,34754.7,34676.5,34700.2,1846.0
20260311.0,2000.0,34701.2,34713.5,34615.7,34642.5,3956.0
20260311.0,2015.0,34648.7,34699.1,34621.9,34677.5,1740.0
20260311.0,2030.0,34680.6,34778.4,34662.1,34770.2,2704.0
20260311.0,2045.0,34771.3,34826.9,34572.5,34611.6,5266.0
20260311.0,2100.0,34607.4,34643.5,34558.0,34630.1,2902.0
20260311.0,2115.0,34635.3,34707.3,34628.1,34637.3,2902.0
20260311.0,2130.0,34643.5,34727.9,34638.4,34728.0,1854.0
20260311.0,2145.0,34730.1,34850.6,34652.8,34732.1,8464.0
20260311.0,2200.0,34734.2,34868.1,34681.7,34843.4,6288.0
20260311.0,2215.0,34839.3,34959.8,34807.4,34934.1,9574.0
20260311.0,2230.0,34935.1,34952.6,34773.4,34855.8,6534.0
20260311.0,2245.0,34856.8,34948.4,34784.7,34936.1,4900.0
20260311.0,2300.0,34938.2,35024.7,34908.4,35004.1,7190.0
20260311.0,2315.0,35004.1,35037.0,34834.2,34865.0,5310.0
20260311.0,2330.0,34867.1,34888.7,34761.0,34767.1,4472.0
20260311.0,2345.0,34770.2,34809.3,34707.4,34733.1,4204.0
20260312.0,0.0,34730.1,34790.8,34688.9,34719.8,3508.0
20260312.0,15.0,34718.7,34752.7,34637.4,34747.6,4170.0
20260312.0,30.0,34753.8,34759.9,34678.6,34741.4,2456.0
20260312.0,45.0,34742.4,34845.4,34737.3,34801.1,3948.0
20260312.0,100.0,34793.9,34853.6,34787.8,34853.7,1722.0
20260312.0,115.0,34852.7,34881.5,34799.1,34804.2,1794.0
20260312.0,130.0,34805.3,34858.8,34754.8,34838.2,1304.0
20260312.0,145.0,34842.4,34850.6,34609.6,34730.1,3076.0
20260312.0,200.0,34721.8,34788.7,34677.6,34724.9,1154.0
20260312.0,215.0,34730.1,34735.2,34599.3,34660.0,1664.0
20260312.0,230.0,34657.9,34718.7,34635.3,34704.3,1448.0
20260312.0,245.0,34710.5,34752.7,34703.3,34732.1,888.0
20260312.0,300.0,34733.1,34768.1,34697.1,34732.1,582.0
20260312.0,315.0,34734.2,34737.2,34685.8,34704.3,524.0
20260312.0,330.0,34697.1,34768.1,34697.1,34744.5,284.0
20260312.0,345.0,34749.6,34857.8,34734.2,34856.8,1214.0
20260312.0,400.0,34856.8,34865.0,34806.3,34825.9,656.0
20260312.0,415.0,34832.1,34843.3,34748.7,34771.3,652.0
20260312.0,430.0,34769.2,34808.3,34769.3,34806.3,128.0
20260312.0,445.0,34808.4,34822.7,34793.0,34793.9,220.0
20260312.0,500.0,34799.1,34800.1,34725.0,34729.0,634.0
20260312.0,900.0,34699.1,34699.1,34484.9,34623.9,14908.0
20260312.0,915.0,34621.9,34738.2,34583.8,34637.3,13130.0
20260312.0,930.0,34637.3,34844.4,34626.0,34838.2,10912.0
20260312.0,945.0,34833.1,34968.0,34814.6,34890.8,11396.0
20260312.0,1000.0,34890.8,34925.8,34663.1,34734.2,11900.0
20260312.0,1015.0,34732.1,34733.1,34605.4,34616.7,8366.0
20260312.0,1030.0,34619.8,34692.9,34570.4,34627.0,7472.0
20260312.0,1045.0,34627.0,34646.5,34361.2,34408.6,16112.0
20260312.0,1100.0,34408.6,34489.9,34336.5,34462.2,10046.0
20260312.0,1115.0,34460.1,34561.0,34441.6,34491.0,7072.0
20260312.0,1130.0,34492.1,34565.2,34486.9,34511.6,4122.0
20260312.0,1145.0,34512.7,34525.0,34435.4,34476.6,4226.0
20260312.0,1200.0,34477.6,34549.7,34462.2,34524.0,3472.0
20260312.0,1215.0,34523.0,34552.8,34441.6,34500.3,3832.0
20260312.0,1230.0,34500.3,34600.2,34477.7,34587.9,3782.0
20260312.0,1245.0,34582.7,34596.1,34417.9,34422.0,5676.0
20260312.0,1300.0,34425.1,34480.7,34412.8,34442.6,3252.0
20260312.0,1315.0,34442.6,34549.7,34437.5,34531.2,5032.0
20260312.0,1330.0,34535.3,34550.7,34475.6,34493.1,4474.0
20260312.0,1345.0,34493.1,34562.1,34464.3,34546.7,9618.0
20260312.0,1515.0,34649.7,34823.8,34648.7,34714.6,6376.0
20260312.0,1530.0,34712.5,34755.8,34700.2,34728.0,1710.0
20260312.0,1545.0,34725.9,34727.9,34624.0,34671.3,2640.0
20260312.0,1600.0,34667.2,34746.5,34628.1,34745.5,2150.0
20260312.0,1615.0,34746.5,34775.3,34707.4,34713.6,2274.0
20260312.0,1630.0,34717.7,34751.6,34679.6,34685.8,1630.0
20260312.0,1645.0,34681.6,34714.5,34632.2,34695.0,1448.0
20260312.0,1700.0,34699.1,34742.4,34673.4,34717.7,1346.0
20260312.0,1715.0,34720.8,34734.1,34636.3,34643.5,1188.0
20260312.0,1730.0,34642.5,34689.8,34602.3,34684.7,1910.0
20260312.0,1745.0,34689.9,34802.1,34666.2,34786.7,2532.0
20260312.0,1800.0,34791.9,34853.6,34754.8,34847.5,2966.0
20260312.0,1815.0,34850.6,34866.0,34806.3,34832.1,2346.0
20260312.0,1830.0,34830.0,34831.0,34786.8,34799.1,804.0
20260312.0,1845.0,34803.2,34843.3,34790.9,34802.2,982.0
20260312.0,1900.0,34798.1,34823.8,34760.0,34791.9,986.0
20260312.0,1915.0,34786.7,34792.9,34738.3,34738.3,1192.0
20260312.0,1930.0,34742.4,34801.1,34741.4,34799.1,964.0
20260312.0,1945.0,34801.1,34847.5,34801.2,34826.9,1314.0
20260312.0,2000.0,34820.7,34828.9,34712.6,34717.7,1862.0
20260312.0,2015.0,34727.0,34736.2,34640.5,34686.8,2670.0
20260312.0,2030.0,34690.9,34721.8,34671.4,34712.5,1086.0
20260312.0,2045.0,34712.5,34717.6,34654.9,34674.4,1538.0
20260312.0,2100.0,34675.4,34679.5,34609.6,34648.7,1878.0
20260312.0,2115.0,34655.9,34704.2,34596.2,34600.2,1878.0
20260312.0,2130.0,34599.2,34610.5,34247.9,34402.4,11382.0
20260312.0,2145.0,34402.4,34486.8,34262.3,34271.6,9828.0
20260312.0,2200.0,34268.5,34268.4,34005.8,34032.5,15504.0
20260312.0,2215.0,34038.7,34166.4,34014.0,34079.9,10192.0
20260312.0,2230.0,34078.9,34090.2,33779.1,33794.5,12218.0
20260312.0,2245.0,33791.4,33849.1,33706.0,33816.2,10352.0
20260312.0,2300.0,33810.0,33927.4,33677.1,33725.5,10548.0
20260312.0,2315.0,33723.4,33754.3,33545.2,33604.9,8388.0
20260312.0,2330.0,33598.8,33779.0,33562.8,33734.8,7632.0
20260312.0,2345.0,33731.7,33868.7,33661.7,33803.8,9908.0
20260313.0,0.0,33807.9,33835.7,33731.7,33788.3,4684.0
20260313.0,15.0,33791.4,33832.6,33631.8,33737.9,5496.0
20260313.0,30.0,33743.0,33843.9,33713.2,33725.5,4160.0
20260313.0,45.0,33726.5,33827.4,33703.9,33804.8,3034.0
20260313.0,100.0,33801.7,33814.0,33713.2,33750.2,2250.0
20260313.0,115.0,33744.0,33801.7,33722.5,33733.7,1890.0
20260313.0,130.0,33721.4,33767.7,33699.8,33715.2,1598.0
20260313.0,145.0,33712.1,33770.8,33706.0,33705.9,1250.0
20260313.0,200.0,33709.0,33716.2,33622.5,33668.8,1700.0
20260313.0,215.0,33670.9,33747.1,33663.7,33729.6,1166.0
20260313.0,230.0,33731.7,33745.0,33656.5,33672.9,652.0
20260313.0,245.0,33674.0,33686.3,33580.3,33600.8,1394.0
20260313.0,300.0,33604.9,33643.0,33571.0,33576.1,1174.0
20260313.0,315.0,33576.1,33617.3,33490.6,33596.7,3610.0
20260313.0,330.0,33599.8,33702.8,33599.8,33699.7,1566.0
20260313.0,345.0,33695.6,33790.4,33649.3,33687.4,2596.0
20260313.0,400.0,33681.2,33690.4,33567.9,33581.2,1408.0
20260313.0,415.0,33579.2,33641.0,33510.2,33518.4,1264.0
20260313.0,430.0,33519.4,33552.3,33468.0,33522.5,1384.0
20260313.0,445.0,33524.6,33546.2,33494.7,33505.0,606.0
20260313.0,500.0,33504.0,33518.3,33425.7,33425.7,1568.0
20260313.0,900.0,33654.4,33883.1,33653.4,33866.6,12818.0
20260313.0,915.0,33862.5,34147.9,33851.2,34067.6,22732.0
20260313.0,930.0,34067.6,34264.3,34065.5,34202.5,12708.0
20260313.0,945.0,34202.5,34333.3,34088.2,34139.7,14122.0
20260313.0,1000.0,34140.7,34322.0,34030.5,34322.0,14270.0
20260313.0,1015.0,34317.9,34534.2,34312.8,34414.8,16146.0
20260313.0,1030.0,34413.7,34430.2,34226.3,34241.7,10290.0
20260313.0,1045.0,34247.9,34364.2,34235.6,34265.4,5544.0
20260313.0,1100.0,34267.4,34381.8,34258.2,34335.4,4374.0
20260313.0,1115.0,34332.4,34445.6,34307.7,34323.1,5464.0
20260313.0,1130.0,34321.0,34352.9,34267.5,34314.8,4590.0
20260313.0,1145.0,34312.8,34348.8,34242.8,34337.5,4934.0
20260313.0,1200.0,34333.4,34408.5,34333.4,34364.3,3458.0
20260313.0,1215.0,34364.3,34373.5,34299.4,34299.4,3188.0
20260313.0,1230.0,34303.5,34316.8,34163.4,34181.9,7296.0
20260313.0,1245.0,34184.0,34260.2,34137.7,34260.2,6942.0
20260313.0,1300.0,34257.1,34315.8,34226.3,34270.5,4638.0
20260313.0,1315.0,34267.4,34300.4,34208.8,34223.1,4664.0
20260313.0,1330.0,34223.1,34332.3,34213.9,34315.9,6740.0
20260313.0,1345.0,34315.9,34365.3,34298.4,34325.1,8888.0
20260313.0,1515.0,34014.0,34117.0,33917.2,33953.2,6930.0
20260313.0,1530.0,33943.9,33945.9,33793.5,33897.6,6266.0
20260313.0,1545.0,33898.6,33943.9,33849.2,33853.3,2742.0
20260313.0,1600.0,33860.5,33885.1,33747.2,33830.6,3050.0
20260313.0,1615.0,33826.5,33830.5,33683.3,33723.4,4060.0
20260313.0,1630.0,33721.4,33754.3,33670.9,33737.9,3210.0
20260313.0,1645.0,33737.9,33903.7,33732.8,33844.0,4940.0
20260313.0,1700.0,33845.0,34012.9,33818.3,33932.6,5972.0
20260313.0,1715.0,33933.6,34078.8,33885.2,33921.3,5282.0
20260313.0,1730.0,33922.3,33973.7,33895.5,33953.2,1674.0
20260313.0,1745.0,33962.5,33964.5,33885.2,33950.1,1404.0
20260313.0,1800.0,33945.0,34043.8,33934.7,33970.7,2576.0
20260313.0,1815.0,33971.7,34144.8,33959.4,34131.4,4504.0
20260313.0,1830.0,34134.5,34203.5,34088.2,34116.0,3078.0
20260313.0,1845.0,34113.9,34119.0,34062.5,34082.0,1548.0
20260313.0,1900.0,34082.0,34250.9,34067.6,34247.9,4032.0
20260313.0,1915.0,34249.9,34283.9,34156.2,34187.1,3306.0
20260313.0,1930.0,34178.8,34278.7,34166.5,34204.6,1608.0
20260313.0,1945.0,34204.6,34235.5,34179.9,34235.5,1140.0
20260313.0,2000.0,34236.5,34255.0,34186.1,34239.6,1082.0
20260313.0,2015.0,34241.7,34276.7,34143.9,34195.3,2216.0
20260313.0,2030.0,34194.3,34240.6,34107.8,34210.8,2260.0
20260313.0,2045.0,34214.9,34258.1,34155.2,34221.1,1652.0
20260313.0,2100.0,34221.1,34423.0,34221.1,34417.9,7298.0
20260313.0,2115.0,34418.9,34481.7,34314.9,34393.1,4358.0
20260313.0,2130.0,34399.3,34454.9,34376.7,34442.6,2042.0
20260313.0,2145.0,34434.4,34623.9,34367.4,34623.9,8974.0
20260313.0,2200.0,34621.9,34683.6,34480.8,34495.1,8414.0
20260313.0,2215.0,34505.4,34552.8,34368.5,34392.1,6466.0
20260313.0,2230.0,34394.2,34406.5,34230.4,34336.5,9588.0
20260313.0,2245.0,34338.5,34450.8,34157.2,34161.3,8478.0
20260313.0,2300.0,34169.6,34186.0,34005.8,34029.4,9614.0
20260313.0,2315.0,34031.5,34278.7,34013.0,34240.7,7928.0
20260313.0,2330.0,34241.7,34249.9,34046.0,34084.0,5448.0
20260313.0,2345.0,34091.3,34160.2,33825.5,33891.4,9056.0
20260314.0,0.0,33889.3,34068.5,33850.2,33907.9,6908.0
20260314.0,15.0,33917.1,34043.8,33903.8,33967.6,5100.0
20260314.0,30.0,33976.9,33995.4,33902.8,33961.4,3264.0
20260314.0,45.0,33960.4,34100.5,33949.1,34005.7,4298.0
20260314.0,100.0,34006.8,34052.1,33920.3,33929.5,2516.0
20260314.0,115.0,33930.5,34034.5,33924.4,34032.5,1818.0
20260314.0,130.0,34033.6,34067.5,33999.6,34032.5,1762.0
20260314.0,145.0,34045.9,34060.3,33970.8,34013.0,1446.0
20260314.0,200.0,34010.9,34041.8,33840.9,33848.1,3652.0
20260314.0,215.0,33858.4,33886.2,33809.0,33859.4,2162.0
20260314.0,230.0,33865.6,33896.5,33795.6,33895.5,1840.0
20260314.0,245.0,33894.5,34052.1,33876.0,34008.8,4672.0
20260314.0,300.0,34000.6,34026.3,33960.5,33980.0,1980.0
20260314.0,315.0,33987.2,33993.3,33931.6,33954.2,756.0
20260314.0,330.0,33960.4,33967.6,33817.2,33830.6,1758.0
20260314.0,345.0,33827.5,33851.1,33758.5,33817.2,2012.0
20260314.0,400.0,33818.2,33942.8,33794.6,33941.9,1228.0
20260314.0,415.0,33935.7,33944.9,33826.5,33846.0,1184.0
20260314.0,430.0,33846.0,33884.1,33839.9,33874.9,396.0
20260314.0,445.0,33874.9,33913.0,33862.6,33880.0,314.0
20260314.0,500.0,33871.8,33875.9,33809.0,33810.0,650.0
20260316.0,900.0,34474.5,34632.1,34465.3,34599.2,16008.0
20260316.0,915.0,34597.1,34745.5,34211.9,34345.7,25196.0
20260316.0,930.0,34344.7,34400.3,34142.8,34156.2,16840.0
20260316.0,945.0,34156.2,34299.3,34080.0,34239.6,15282.0
20260316.0,1000.0,34234.5,34470.4,34219.1,34437.4,15370.0
20260316.0,1015.0,34438.5,34482.7,34338.6,34435.4,15280.0
20260316.0,1030.0,34436.4,34447.7,34273.7,34367.4,10852.0
20260316.0,1045.0,34367.4,34372.5,34218.0,34241.7,14446.0
20260316.0,1100.0,34238.6,34355.0,34231.4,34286.0,14136.0
20260316.0,1115.0,34286.0,34353.9,34265.4,34351.9,8180.0
20260316.0,1130.0,34351.9,34397.2,34285.0,34375.6,9978.0
20260316.0,1145.0,34375.6,34559.0,34372.6,34551.8,14168.0
20260316.0,1200.0,34551.8,34585.8,34462.2,34479.7,11498.0
20260316.0,1215.0,34479.7,34514.7,34467.4,34503.4,8032.0
20260316.0,1230.0,34501.3,34531.2,34423.1,34430.2,10682.0
20260316.0,1245.0,34430.2,34434.3,34295.3,34311.7,13726.0
20260316.0,1300.0,34312.8,34314.8,34259.2,34261.3,11992.0
20260316.0,1315.0,34261.3,34329.2,34261.3,34301.4,12350.0
20260316.0,1330.0,34301.4,34306.5,34230.4,34271.6,14192.0
20260316.0,1345.0,34271.6,34294.2,34226.3,34258.2,9668.0
20260316.0,1515.0,34381.8,34446.7,34292.2,34292.2,3468.0
20260316.0,1530.0,34292.2,34328.2,34127.4,34162.3,3336.0
20260316.0,1545.0,34165.4,34194.2,34103.7,34136.6,3148.0
20260316.0,1600.0,34136.6,34225.1,34122.2,34211.8,1630.0
20260316.0,1615.0,34208.7,34355.0,34197.4,34245.8,4134.0
20260316.0,1630.0,34242.7,34302.4,34201.6,34246.8,2184.0
20260316.0,1645.0,34263.3,34298.3,34206.7,34209.7,1146.0
20260316.0,1700.0,34213.9,34295.2,34187.1,34279.8,1374.0
20260316.0,1715.0,34280.8,34324.1,34207.7,34291.1,1356.0
20260316.0,1730.0,34289.1,34307.6,34250.0,34276.7,808.0
20260316.0,1745.0,34272.6,34277.7,34217.0,34242.7,934.0
20260316.0,1800.0,34243.7,34307.6,34229.4,34254.0,1188.0
20260316.0,1815.0,34257.1,34351.9,34251.0,34350.9,1436.0
20260316.0,1830.0,34346.8,34410.6,34328.3,34388.0,1814.0
20260316.0,1845.0,34389.0,34401.3,34342.7,34342.7,1274.0
20260316.0,1900.0,34342.7,34470.4,34325.2,34468.4,2408.0
20260316.0,1915.0,34458.0,34466.2,34402.5,34429.2,1250.0
20260316.0,1930.0,34433.3,34455.9,34403.5,34411.7,994.0
20260316.0,1945.0,34412.7,34500.2,34411.7,34487.9,1290.0
20260316.0,2000.0,34490.0,34497.2,34455.0,34479.7,746.0
20260316.0,2015.0,34481.7,34571.3,34481.8,34558.0,1962.0
20260316.0,2030.0,34559.0,34613.6,34550.8,34605.4,1662.0
20260316.0,2045.0,34609.5,34658.9,34599.3,34646.6,2218.0
20260316.0,2100.0,34644.5,34673.3,34571.4,34587.9,2380.0
20260316.0,2115.0,34586.8,34623.9,34585.9,34596.1,1120.0
20260316.0,2130.0,34599.2,34609.5,34500.3,34548.7,2434.0
20260316.0,2145.0,34544.6,34725.9,34537.4,34659.0,6476.0
20260316.0,2200.0,34662.1,34828.9,34661.1,34817.6,7766.0
20260316.0,2215.0,34818.7,34852.6,34753.8,34790.8,4762.0
20260316.0,2230.0,34788.8,34822.7,34728.0,34731.1,2320.0
20260316.0,2245.0,34733.1,34748.6,34563.2,34621.9,6650.0
20260316.0,2300.0,34621.9,34755.8,34590.0,34754.8,4902.0
20260316.0,2315.0,34753.8,34757.8,34670.3,34738.3,3002.0
20260316.0,2330.0,34742.4,34773.3,34705.4,34750.7,2010.0
20260316.0,2345.0,34749.6,34779.5,34711.6,34717.7,2068.0
20260317.0,0.0,34713.6,34739.3,34653.9,34660.0,2142.0
20260317.0,15.0,34656.9,34711.5,34639.4,34681.6,1676.0
20260317.0,30.0,34677.5,34707.3,34597.2,34611.6,2472.0
20260317.0,45.0,34608.5,34688.8,34584.8,34655.9,2158.0
20260317.0,100.0,34656.9,34676.4,34627.1,34645.6,1010.0
20260317.0,115.0,34648.7,34732.1,34641.5,34713.6,1994.0
20260317.0,130.0,34711.5,34721.8,34684.8,34690.9,572.0
20260317.0,145.0,34694.0,34704.2,34649.7,34654.8,692.0
20260317.0,200.0,34657.9,34675.4,34607.5,34660.0,830.0
20260317.0,215.0,34672.4,34742.4,34669.3,34713.6,1120.0
20260317.0,230.0,34712.5,34768.1,34709.5,34756.8,918.0
20260317.0,245.0,34761.0,34773.3,34728.0,34773.3,440.0
20260317.0,300.0,34773.3,34776.4,34725.0,34725.9,406.0
20260317.0,315.0,34734.2,34916.5,34700.2,34757.9,3970.0
20260317.0,330.0,34757.9,34781.5,34659.0,34675.4,1922.0
20260317.0,345.0,34677.5,34709.4,34639.4,34652.8,806.0
20260317.0,400.0,34660.0,34763.0,34636.3,34742.4,1170.0
20260317.0,415.0,34746.5,34746.5,34561.1,34712.5,2052.0
20260317.0,430.0,34709.4,34711.5,34672.4,34701.2,246.0
20260317.0,445.0,34703.3,34723.8,34684.8,34703.3,502.0
20260317.0,500.0,34703.3,34713.5,34675.5,34706.4,440.0
20260317.0,900.0,34635.3,34820.7,34611.6,34666.2,13724.0
20260317.0,915.0,34666.2,34882.5,34660.0,34764.1,15444.0
20260317.0,930.0,34765.1,34857.8,34730.1,34857.8,8556.0
20260317.0,945.0,34856.8,35048.4,34838.3,34868.1,16848.0
20260317.0,1000.0,34868.1,34962.9,34742.5,34959.8,11868.0
20260317.0,1015.0,34960.8,34979.3,34854.8,34893.9,7062.0
20260317.0,1030.0,34887.7,34924.7,34824.9,34890.8,6716.0
20260317.0,1045.0,34890.8,34940.2,34845.5,34864.0,7318.0
20260317.0,1100.0,34866.1,34884.6,34723.9,34727.0,8976.0
20260317.0,1115.0,34727.0,34812.4,34711.6,34811.4,9408.0
20260317.0,1130.0,34811.4,34912.4,34808.4,34878.4,6844.0
20260317.0,1145.0,34883.6,34907.2,34752.8,34770.2,8820.0
20260317.0,1200.0,34770.2,34805.2,34728.0,34786.7,6424.0
20260317.0,1215.0,34786.7,34819.6,34770.3,34773.3,7284.0
20260317.0,1230.0,34773.3,34836.1,34757.9,34790.8,7778.0
20260317.0,1245.0,34791.9,34826.9,34748.7,34790.8,9900.0
20260317.0,1300.0,34790.8,34857.8,34786.8,34834.1,10834.0
20260317.0,1315.0,34833.1,34858.8,34807.4,34835.1,9772.0
20260317.0,1330.0,34835.1,34890.7,34829.0,34829.0,10786.0
20260317.0,1345.0,34829.0,34873.2,34817.7,34819.7,8916.0
20260317.0,1515.0,34633.2,34679.5,34517.9,34669.3,6404.0
20260317.0,1530.0,34667.2,34758.9,34644.6,34751.7,2220.0
20260317.0,1545.0,34748.6,34805.2,34730.1,34741.4,1592.0
20260317.0,1600.0,34738.3,34747.5,34704.3,34740.4,1306.0
20260317.0,1615.0,34740.4,34779.5,34677.6,34689.9,2068.0
20260317.0,1630.0,34694.0,34733.1,34673.4,34673.4,1124.0
20260317.0,1645.0,34689.9,34742.4,34643.6,34732.1,1366.0
20260317.0,1700.0,34728.0,34748.6,34671.4,34709.4,840.0
20260317.0,1715.0,34710.5,34754.7,34709.5,34740.4,928.0
20260317.0,1730.0,34734.2,34836.1,34712.6,34818.7,2072.0
20260317.0,1745.0,34818.7,34862.9,34806.3,34845.5,1620.0
20260317.0,1800.0,34845.5,34857.8,34817.7,34849.6,820.0
20260317.0,1815.0,34850.6,34850.6,34798.1,34803.2,1048.0
20260317.0,1830.0,34800.1,34800.1,34750.7,34781.6,1302.0
20260317.0,1845.0,34780.5,34816.6,34769.3,34799.1,690.0
20260317.0,1900.0,34799.1,34817.6,34767.2,34813.5,672.0
20260317.0,1915.0,34808.4,34847.5,34805.3,34825.9,1012.0
20260317.0,1930.0,34825.9,34867.0,34810.5,34835.1,1016.0
20260317.0,1945.0,34830.0,34845.4,34809.4,34822.8,516.0
20260317.0,2000.0,34827.9,34842.3,34800.2,34808.4,772.0
20260317.0,2015.0,34812.5,34925.8,34807.4,34919.6,1916.0
20260317.0,2030.0,34919.6,34994.8,34902.2,34989.7,1890.0
20260317.0,2045.0,34990.7,35032.9,34986.7,35010.3,1900.0
20260317.0,2100.0,35007.2,35028.8,34979.4,35025.8,1102.0
20260317.0,2115.0,35023.7,35121.5,35023.7,35104.1,3048.0
20260317.0,2130.0,35103.0,35175.1,35087.6,35143.2,2438.0
20260317.0,2145.0,35145.3,35166.9,35066.0,35106.1,4898.0
20260317.0,2200.0,35103.0,35185.4,35097.9,35182.4,3560.0
20260317.0,2215.0,35179.3,35204.0,35108.2,35121.6,3776.0
20260317.0,2230.0,35120.5,35155.5,35076.3,35121.6,2776.0
20260317.0,2245.0,35122.6,35187.5,35094.8,35170.0,2256.0
20260317.0,2300.0,35164.9,35252.4,35162.8,35249.3,3832.0
20260317.0,2315.0,35244.2,35262.7,35111.3,35126.7,4254.0
20260317.0,2330.0,35125.7,35163.8,35044.4,35045.3,3948.0
20260317.0,2345.0,35053.6,35092.7,34951.6,35015.5,4278.0
20260318.0,0.0,35012.4,35072.1,35008.3,35047.4,2640.0
20260318.0,15.0,35046.4,35095.8,34989.7,35056.7,3092.0
20260318.0,30.0,35058.7,35158.6,35052.6,35143.2,2464.0
20260318.0,45.0,35142.2,35146.3,35058.8,35120.5,2342.0
20260318.0,100.0,35116.4,35120.5,35089.7,35097.9,570.0
20260318.0,115.0,35095.8,35152.4,35094.8,35117.5,1214.0
20260318.0,130.0,35119.5,35149.3,35105.1,35123.6,830.0
20260318.0,145.0,35118.5,35187.5,35109.3,35153.5,1048.0
20260318.0,200.0,35153.5,35188.5,35137.1,35175.2,398.0
20260318.0,215.0,35176.2,35220.4,35175.2,35191.6,560.0
20260318.0,230.0,35189.6,35198.8,35119.6,35119.5,492.0
20260318.0,245.0,35124.7,35157.6,35118.5,35118.5,410.0
20260318.0,300.0,35120.5,35148.3,35110.3,35116.4,308.0
20260318.0,315.0,35125.7,35142.1,35103.1,35132.9,262.0
20260318.0,330.0,35145.3,35152.4,35129.9,35130.8,116.0
20260318.0,345.0,35132.9,35144.2,35121.6,35135.0,120.0
20260318.0,400.0,35144.2,35177.2,35143.3,35161.8,460.0
20260318.0,415.0,35158.7,35165.8,35114.4,35133.9,538.0
20260318.0,430.0,35132.9,35139.0,35126.8,35132.9,118.0
20260318.0,445.0,35132.9,35136.0,35126.8,35133.9,100.0
20260318.0,500.0,35129.8,35134.9,35106.2,35135.0,552.0
20260318.0,900.0,35305.0,35404.9,35267.9,35381.2,9654.0
20260318.0,915.0,35382.2,35484.2,35334.9,35448.2,8552.0
20260318.0,930.0,35449.2,35465.7,35241.1,35243.2,8288.0
20260318.0,945.0,35245.2,35384.3,35184.5,35384.3,6812.0
20260318.0,1000.0,35381.2,35399.7,35311.2,35368.9,4210.0
20260318.0,1015.0,35377.1,35420.3,35134.0,35244.2,6662.0
20260318.0,1030.0,35245.2,35293.6,35213.3,35247.3,2852.0
20260318.0,1045.0,35247.3,35353.3,35209.2,35291.6,3202.0
20260318.0,1100.0,35299.8,35353.3,35278.2,35326.6,1662.0
20260318.0,1115.0,35323.5,35327.6,35257.6,35313.2,1668.0
20260318.0,1130.0,35322.5,35397.7,35288.5,35368.9,2296.0
20260318.0,1145.0,35369.9,35464.6,35352.4,35448.2,3330.0
20260318.0,1200.0,35448.2,35454.3,35380.5,35405.1,1794.0
20260318.0,1215.0,35405.1,35422.5,35381.5,35406.1,1234.0
20260318.0,1230.0,35404.1,35421.5,35343.6,35356.9,2302.0
20260318.0,1245.0,35354.8,35372.2,35251.2,35256.3,4414.0
20260318.0,1300.0,35255.3,35324.0,35244.0,35272.7,2866.0
20260318.0,1315.0,35270.7,35355.8,35229.7,35349.7,4666.0
20260318.0,1330.0,35348.6,35431.7,35341.5,35421.5,5826.0
20260318.0,1345.0,35418.4,35480.0,35418.5,35456.4,6970.0
20260318.0,1515.0,35465.6,35591.8,35463.6,35577.5,6440.0
20260318.0,1530.0,35578.5,35644.1,35566.3,35582.6,3196.0
20260318.0,1545.0,35580.6,35587.7,35548.8,35568.3,1352.0
20260318.0,1600.0,35571.3,35576.4,35496.5,35502.6,2380.0
20260318.0,1615.0,35505.7,35513.8,35460.6,35481.0,2214.0
20260318.0,1630.0,35479.0,35505.6,35446.2,35446.1,1682.0
20260318.0,1645.0,35446.1,35502.5,35429.8,35465.6,1846.0
20260318.0,1700.0,35467.7,35533.3,35448.2,35501.6,2086.0
20260318.0,1715.0,35497.4,35518.9,35448.2,35448.2,1320.0
20260318.0,1730.0,35448.2,35526.1,35447.2,35524.1,1288.0
20260318.0,1745.0,35524.1,35540.5,35506.7,35528.2,1042.0
20260318.0,1800.0,35529.3,35531.3,35468.8,35474.9,1152.0
20260318.0,1815.0,35477.9,35520.0,35472.9,35514.9,650.0
20260318.0,1830.0,35513.9,35530.2,35506.7,35507.7,904.0
20260318.0,1845.0,35507.7,35520.0,35478.0,35487.2,486.0
20260318.0,1900.0,35487.2,35492.3,35459.5,35473.8,808.0
20260318.0,1915.0,35469.7,35499.4,35455.4,35491.3,862.0
20260318.0,1930.0,35490.3,35500.5,35346.6,35346.6,2714.0
20260318.0,1945.0,35348.6,35438.9,35328.2,35419.5,3558.0
20260318.0,2000.0,35418.4,35432.7,35394.9,35397.9,1138.0
20260318.0,2015.0,35397.9,35409.1,35256.3,35301.4,3914.0
20260318.0,2030.0,35301.4,35301.4,35187.6,35239.9,5090.0
20260318.0,2045.0,35244.0,35251.1,35032.6,35066.4,7644.0
20260318.0,2100.0,35071.6,35077.7,34902.3,34932.0,8890.0
20260318.0,2115.0,34933.0,35016.1,34907.4,34985.4,5046.0
20260318.0,2130.0,34985.4,35086.9,34926.9,35082.9,4300.0
20260318.0,2145.0,35077.7,35111.5,34969.0,35029.5,7646.0
20260318.0,2200.0,35028.5,35102.3,34986.4,35045.9,4406.0
20260318.0,2215.0,35049.0,35129.0,34950.5,34955.6,5654.0
20260318.0,2230.0,34959.7,35012.0,34829.4,34867.4,6412.0
20260318.0,2245.0,34871.5,34924.8,34818.1,34831.4,5712.0
20260318.0,2300.0,34834.5,34954.5,34832.5,34954.6,3542.0
20260318.0,2315.0,34952.5,35061.3,34942.3,35000.8,5484.0
20260318.0,2330.0,35007.9,35014.1,34877.7,34942.3,3560.0
20260318.0,2345.0,34937.1,34991.5,34933.1,34958.7,2024.0
20260319.0,0.0,34950.5,35014.1,34923.8,34981.3,1944.0
20260319.0,15.0,34982.3,34990.5,34911.5,34980.2,2194.0
20260319.0,30.0,34978.2,34981.2,34923.8,34943.3,1228.0
20260319.0,45.0,34941.2,34953.5,34874.6,34932.0,1636.0
20260319.0,100.0,34930.0,34967.9,34920.8,34926.9,672.0
20260319.0,115.0,34927.9,34928.9,34854.1,34864.3,1604.0
20260319.0,130.0,34870.4,34919.6,34854.1,34903.3,750.0
20260319.0,145.0,34911.5,34938.1,34874.6,34923.8,950.0
20260319.0,200.0,34919.7,35008.9,34919.7,34976.1,1702.0
20260319.0,215.0,34977.2,35037.7,34957.7,34980.2,2150.0
20260319.0,230.0,34982.3,34982.2,34902.3,34946.4,2116.0
20260319.0,245.0,34937.1,34957.6,34765.8,34847.9,4324.0
20260319.0,300.0,34844.8,34850.9,34754.5,34762.7,2056.0
20260319.0,315.0,34757.6,34856.0,34742.2,34788.3,1762.0
20260319.0,330.0,34790.4,34800.6,34667.3,34670.3,2940.0
20260319.0,345.0,34672.4,34707.2,34622.1,34648.8,1656.0
20260319.0,400.0,34649.8,34650.8,34577.0,34601.6,1780.0
20260319.0,415.0,34601.6,34675.4,34591.4,34591.3,1256.0
20260319.0,430.0,34591.3,34595.4,34493.9,34519.5,1690.0
20260319.0,445.0,34524.6,34589.2,34514.4,34583.1,838.0
20260319.0,500.0,34587.2,34788.3,34587.3,34785.3,1394.0
20260319.0,900.0,34786.3,34848.8,34711.4,34841.7,11704.0
20260319.0,915.0,34841.7,34870.4,34750.4,34755.5,15070.0
20260319.0,930.0,34762.7,34844.7,34731.9,34761.7,9054.0
20260319.0,945.0,34755.5,34889.9,34655.0,34839.6,14574.0
20260319.0,1000.0,34834.5,34947.4,34781.2,34879.7,7680.0
20260319.0,1015.0,34883.8,34947.4,34826.4,34864.3,6800.0
20260319.0,1030.0,34865.3,34926.8,34825.3,34915.6,5046.0
20260319.0,1045.0,34915.6,34976.1,34899.2,34911.5,5002.0
20260319.0,1100.0,34908.4,34921.7,34836.6,34854.0,3608.0
20260319.0,1115.0,34855.0,34869.4,34828.4,34838.6,2594.0
20260319.0,1130.0,34834.5,34872.4,34803.8,34830.4,3134.0
20260319.0,1145.0,34832.5,34852.9,34794.5,34839.6,3460.0
20260319.0,1200.0,34836.6,34850.9,34765.8,34791.4,3944.0
20260319.0,1215.0,34789.4,34791.4,34629.3,34671.4,9262.0
20260319.0,1230.0,34671.4,34686.7,34619.1,34636.5,6018.0
20260319.0,1245.0,34636.5,34661.0,34521.6,34552.3,7914.0
20260319.0,1300.0,34549.2,34602.5,34528.8,34593.4,4802.0
20260319.0,1315.0,34595.4,34612.8,34553.4,34604.6,4376.0
20260319.0,1330.0,34604.6,34625.1,34537.0,34546.2,4842.0
20260319.0,1345.0,34543.1,34555.3,34415.9,34432.2,11618.0
20260319.0,1515.0,34429.2,34453.7,34220.9,34246.5,8326.0
20260319.0,1530.0,34248.6,34407.6,34233.2,34375.8,3850.0
20260319.0,1545.0,34368.6,34377.8,34244.5,34268.1,2424.0
20260319.0,1600.0,34269.1,34320.3,34173.7,34197.2,2984.0
20260319.0,1615.0,34198.3,34298.8,34186.0,34250.6,3600.0
20260319.0,1630.0,34265.0,34291.6,34122.4,34123.4,3052.0
20260319.0,1645.0,34128.5,34161.3,33954.1,33956.1,6210.0
20260319.0,1700.0,33958.1,34089.4,33949.0,34048.4,4550.0
20260319.0,1715.0,34052.5,34155.1,34046.4,34087.4,3592.0
20260319.0,1730.0,34079.2,34155.1,33890.5,33917.1,5658.0
20260319.0,1745.0,33916.1,34041.2,33896.6,33964.3,3890.0
20260319.0,1800.0,33972.5,34285.4,33967.4,34250.6,7058.0
20260319.0,1815.0,34251.6,34295.7,34156.2,34156.2,4202.0
20260319.0,1830.0,34162.4,34205.4,34137.8,34187.0,1814.0
20260319.0,1845.0,34188.0,34208.5,34090.6,34121.3,1678.0
20260319.0,1900.0,34117.2,34171.5,34101.9,34153.1,1160.0
20260319.0,1915.0,34155.2,34216.7,34085.4,34116.2,1728.0
20260319.0,1930.0,34111.0,34123.3,34012.6,34042.3,2332.0
20260319.0,1945.0,34047.4,34073.0,33965.4,33984.8,2024.0
20260319.0,2000.0,33990.0,34102.8,33969.5,34082.3,2038.0
20260319.0,2015.0,34081.3,34133.6,33961.3,34073.1,3816.0
20260319.0,2030.0,34066.9,34092.5,33922.3,33951.0,2386.0
20260319.0,2045.0,33951.0,33998.1,33877.1,33972.5,3596.0
20260319.0,2100.0,33971.5,33983.7,33869.9,33913.0,2460.0
20260319.0,2115.0,33918.1,33920.1,33772.4,33782.7,4270.0
20260319.0,2130.0,33784.7,33965.3,33764.2,33800.1,5112.0
20260319.0,2145.0,33799.1,33875.0,33717.0,33831.9,8690.0
20260319.0,2200.0,33823.7,34050.4,33811.4,34002.3,7850.0
20260319.0,2215.0,33997.1,34160.3,33997.2,34083.3,7640.0
20260319.0,2230.0,34079.2,34114.1,33917.1,33966.3,5544.0
20260319.0,2245.0,33969.4,34150.0,33951.0,34119.3,5500.0
20260319.0,2300.0,34118.2,34245.4,34085.4,34196.2,7596.0
20260319.0,2315.0,34192.1,34345.0,34168.6,34309.1,6106.0
20260319.0,2330.0,34309.1,34339.8,34126.5,34163.4,5426.0
20260319.0,2345.0,34155.2,34160.3,34019.8,34043.3,5174.0
20260320.0,0.0,34049.5,34152.0,34035.2,34144.9,3266.0
20260320.0,15.0,34143.9,34288.5,34095.7,34184.9,4792.0
20260320.0,30.0,34191.1,34258.8,34151.1,34254.7,3034.0
20260320.0,45.0,34254.7,34269.0,34171.6,34240.3,2512.0
20260320.0,100.0,34249.6,34255.7,34136.7,34162.4,1658.0
20260320.0,115.0,34172.6,34183.9,33996.2,34008.4,3200.0
20260320.0,130.0,34008.4,34201.3,34003.3,34179.8,1884.0
20260320.0,145.0,34179.8,34206.4,34095.7,34153.1,1146.0
20260320.0,200.0,34156.2,34224.9,34137.8,34155.2,1042.0
20260320.0,215.0,34149.0,34299.8,34149.1,34287.6,1610.0
20260320.0,230.0,34289.6,34307.0,34201.4,34203.4,988.0
20260320.0,245.0,34199.3,34212.6,34125.5,34150.0,1156.0
20260320.0,300.0,34143.9,34321.4,34141.9,34279.3,1192.0
20260320.0,315.0,34281.4,34633.3,34277.3,34620.0,8728.0
20260320.0,330.0,34612.9,34675.4,34501.1,34542.0,3470.0
20260320.0,345.0,34547.2,34584.1,34433.3,34568.7,1930.0
20260320.0,400.0,34568.7,34574.8,34494.9,34527.7,1402.0
20260320.0,415.0,34530.8,34603.6,34498.0,34598.5,850.0
20260320.0,430.0,34595.4,34634.4,34593.4,34623.1,622.0
20260320.0,445.0,34623.1,34648.7,34609.8,34626.2,774.0
20260320.0,500.0,34628.3,34694.9,34609.8,34667.2,1430.0
20260320.0,900.0,34695.0,34747.2,34533.9,34649.8,11734.0
20260320.0,915.0,34646.7,34776.0,34511.3,34517.4,15008.0
20260320.0,930.0,34517.4,34526.6,34245.5,34478.4,19202.0
20260320.0,945.0,34479.5,34706.2,34463.1,34687.8,14450.0
20260320.0,1000.0,34681.6,34706.2,34454.9,34479.5,9190.0
20260320.0,1015.0,34474.3,34590.2,34440.5,34581.0,6990.0
20260320.0,1030.0,34583.1,34597.4,34485.7,34558.5,4320.0
20260320.0,1045.0,34555.4,34677.5,34514.4,34647.7,5660.0
20260320.0,1100.0,34643.6,34734.9,34613.9,34626.2,7276.0
20260320.0,1115.0,34628.3,34651.8,34586.2,34610.8,3046.0
20260320.0,1130.0,34610.8,34649.8,34535.9,34610.8,3732.0
20260320.0,1145.0,34609.8,34642.6,34458.0,34458.9,5138.0
20260320.0,1200.0,34464.1,34505.1,34394.3,34504.1,6338.0
20260320.0,1215.0,34503.1,34539.9,34397.4,34401.5,6314.0
20260320.0,1230.0,34400.4,34415.8,34289.7,34393.2,6866.0
20260320.0,1245.0,34393.2,34467.1,34365.6,34385.0,4828.0
20260320.0,1300.0,34386.1,34490.7,34378.9,34478.4,3772.0
20260320.0,1315.0,34477.4,34477.3,34386.1,34435.3,4726.0
20260320.0,1330.0,34428.1,34516.3,34428.2,34496.9,7494.0
20260320.0,1345.0,34494.8,34496.8,34397.4,34438.4,10054.0
20260320.0,1515.0,34283.4,34343.9,34213.7,34306.0,4848.0
20260320.0,1530.0,34305.0,34448.6,34296.8,34430.2,2806.0
20260320.0,1545.0,34437.4,34572.8,34423.1,34565.7,2910.0
20260320.0,1600.0,34563.6,34608.7,34538.0,34543.1,2614.0
20260320.0,1615.0,34542.0,34628.2,34523.6,34615.9,2510.0
20260320.0,1630.0,34614.9,34619.0,34502.1,34512.3,1804.0
20260320.0,1645.0,34509.2,34587.2,34494.9,34523.6,1882.0
20260320.0,1700.0,34521.5,34539.9,34471.3,34477.4,1766.0
20260320.0,1715.0,34480.5,34503.0,34398.4,34424.0,2620.0
20260320.0,1730.0,34423.0,34426.0,34288.6,34297.8,3654.0
20260320.0,1745.0,34301.9,34395.3,34292.7,34328.6,2298.0
20260320.0,1800.0,34324.5,34345.0,34124.4,34159.3,5532.0
20260320.0,1815.0,34155.2,34171.5,33950.0,34010.5,6838.0
20260320.0,1830.0,34014.6,34053.5,33935.6,34039.2,3370.0
20260320.0,1845.0,34035.1,34125.4,34030.0,34102.8,2962.0
20260320.0,1900.0,34104.9,34127.4,34060.8,34090.5,1776.0
20260320.0,1915.0,34098.7,34277.2,34085.4,34228.0,4446.0
20260320.0,1930.0,34226.0,34287.5,34210.6,34254.7,2104.0
20260320.0,1945.0,34255.7,34296.7,34188.1,34236.2,2118.0
20260320.0,2000.0,34236.2,34260.8,34177.8,34251.6,1440.0
20260320.0,2015.0,34252.7,34348.0,34194.2,34265.0,3376.0
20260320.0,2030.0,34269.1,34342.9,34215.8,34334.8,1702.0
20260320.0,2045.0,34331.7,34337.8,34219.9,34273.2,2388.0
20260320.0,2100.0,34269.1,34312.1,34235.3,34298.8,1228.0
20260320.0,2115.0,34302.9,34320.3,34187.0,34211.6,1776.0
20260320.0,2130.0,34211.6,34236.2,34162.4,34200.3,1742.0
20260320.0,2145.0,34194.2,34260.8,34068.0,34240.3,8554.0
20260320.0,2200.0,34234.2,34263.9,33890.5,33917.1,9092.0
20260320.0,2215.0,33919.1,33999.1,33779.6,33791.9,10384.0
20260320.0,2230.0,33791.9,33859.6,33749.9,33797.0,5822.0
20260320.0,2245.0,33801.1,33916.0,33801.2,33832.9,5350.0
20260320.0,2300.0,33828.8,33872.9,33728.3,33792.9,4416.0
20260320.0,2315.0,33790.9,33912.9,33749.9,33873.0,5774.0
20260320.0,2330.0,33871.9,33939.6,33763.2,33792.9,6264.0
20260320.0,2345.0,33785.7,33861.6,33779.6,33834.0,3166.0
20260321.0,0.0,33832.9,33857.5,33798.1,33834.0,2816.0
20260321.0,15.0,33836.0,33935.5,33823.8,33873.0,3514.0
20260321.0,30.0,33868.9,33884.2,33801.2,33804.2,2050.0
20260321.0,45.0,33802.2,33809.3,33672.9,33706.7,5058.0
20260321.0,100.0,33708.8,33795.9,33643.1,33741.6,4364.0
20260321.0,115.0,33743.7,33824.7,33685.2,33723.1,3444.0
20260321.0,130.0,33722.1,33762.1,33690.3,33705.7,1182.0
20260321.0,145.0,33708.8,33718.0,33575.4,33635.9,2900.0
20260321.0,200.0,33639.0,33760.0,33624.7,33758.0,2096.0
20260321.0,215.0,33760.1,33784.7,33656.5,33668.7,1890.0
20260321.0,230.0,33671.8,33697.4,33549.8,33611.3,2938.0
20260321.0,245.0,33617.4,33643.0,33542.6,33553.8,1628.0
20260321.0,300.0,33560.0,33584.6,33493.3,33522.0,1480.0
20260321.0,315.0,33524.1,33565.1,33464.6,33495.3,1428.0
20260321.0,330.0,33495.3,33527.1,33459.5,33474.8,1032.0
20260321.0,345.0,33479.9,33536.3,33403.0,33528.2,2062.0
20260321.0,400.0,33516.9,33609.2,33481.0,33555.9,2270.0
20260321.0,415.0,33545.6,33658.4,33540.5,33607.2,1198.0
20260321.0,430.0,33603.1,33605.1,33556.9,33568.2,488.0
20260321.0,445.0,33578.4,33606.1,33574.4,33577.4,404.0
20260321.0,500.0,33578.4,33647.1,33578.5,33594.9,880.0
20260323.0,900.0,33352.7,33396.8,33057.2,33196.7,19238.0
20260323.0,915.0,33193.6,33536.3,33115.7,33522.0,24102.0
20260323.0,930.0,33523.0,33565.1,33450.2,33454.3,12238.0
20260323.0,945.0,33454.3,33684.1,33386.6,33556.9,15296.0
20260323.0,1000.0,33562.0,33698.5,33529.2,33597.9,9144.0
20260323.0,1015.0,33599.0,33751.8,33527.2,33540.5,9402.0
20260323.0,1030.0,33540.5,33680.0,33510.8,33618.5,5538.0
20260323.0,1045.0,33613.3,33628.7,33387.6,33422.5,7602.0
20260323.0,1100.0,33422.5,33475.8,33368.1,33432.7,5860.0
20260323.0,1115.0,33426.6,33534.3,33364.0,33380.4,4964.0
20260323.0,1130.0,33376.3,33466.5,33365.0,33425.5,4322.0
20260323.0,1145.0,33428.6,33475.8,33403.0,33444.0,3240.0
20260323.0,1200.0,33443.0,33470.6,33358.9,33374.2,3850.0
20260323.0,1215.0,33374.2,33470.6,33327.1,33459.4,5246.0
20260323.0,1230.0,33463.5,33513.7,33429.7,33476.8,3470.0
20260323.0,1245.0,33474.8,33490.1,33436.9,33438.9,2244.0
20260323.0,1300.0,33437.9,33504.5,33423.5,33488.1,2674.0
20260323.0,1315.0,33483.0,33599.9,33473.8,33543.6,6418.0
20260323.0,1330.0,33541.5,33601.0,33438.9,33471.7,7838.0
20260323.0,1345.0,33470.7,33541.4,33366.1,33384.5,18438.0
20260323.0,1515.0,33064.3,33201.8,32941.2,33148.5,9132.0
20260323.0,1530.0,33144.4,33175.1,32980.2,33021.2,4048.0
20260323.0,1545.0,33019.2,33110.4,32986.4,33105.4,2810.0
20260323.0,1600.0,33109.5,33155.6,33062.3,33092.0,2144.0
20260323.0,1615.0,33099.2,33294.1,33099.3,33268.5,3828.0
20260323.0,1630.0,33266.5,33315.7,33212.1,33247.0,2838.0
20260323.0,1645.0,33248.0,33339.3,33223.4,33240.8,2266.0
20260323.0,1700.0,33238.8,33348.5,33236.8,33315.7,1646.0
20260323.0,1715.0,33316.8,33331.1,33217.3,33286.0,1782.0
20260323.0,1730.0,33280.8,33451.1,33277.8,33348.6,3438.0
20260323.0,1745.0,33355.8,33355.7,33172.1,33208.0,3216.0
20260323.0,1800.0,33216.2,33261.3,33181.4,33240.8,1128.0
20260323.0,1815.0,33247.0,33323.9,33213.2,33270.6,1376.0
20260323.0,1830.0,33261.3,33267.5,33127.0,33139.2,1928.0
20260323.0,1845.0,33134.1,33209.0,33098.2,33122.8,1846.0
20260323.0,1900.0,33123.8,33264.4,33097.2,33216.2,2146.0
20260323.0,1915.0,33220.3,34767.8,33220.3,34745.2,20332.0
20260323.0,1930.0,34746.3,34879.6,34309.2,34407.6,15558.0
20260323.0,1945.0,34412.7,34590.2,34348.1,34436.4,9098.0
20260323.0,2000.0,34439.4,34452.7,33936.6,34001.2,14832.0
20260323.0,2015.0,34008.4,34197.2,33912.0,34055.6,8236.0
20260323.0,2030.0,34060.8,34271.1,34054.7,34222.9,4814.0
20260323.0,2045.0,34213.7,34403.5,34142.9,34376.8,6824.0
20260323.0,2100.0,34374.8,34456.8,34344.0,34409.7,5356.0
20260323.0,2115.0,34411.7,34484.5,34294.8,34316.3,4600.0
20260323.0,2130.0,34323.5,34334.7,34202.4,34226.0,3762.0
20260323.0,2145.0,34228.0,34424.0,34138.8,34332.7,10036.0
20260323.0,2200.0,34332.7,34544.1,34317.4,34511.3,6956.0
20260323.0,2215.0,34507.2,34572.8,34441.5,34500.0,6056.0
20260323.0,2230.0,34505.1,34661.0,34492.8,34565.7,6576.0
20260323.0,2245.0,34557.4,34565.6,34435.4,34498.9,6382.0
20260323.0,2300.0,34495.9,34559.4,34454.9,34524.6,3428.0
20260323.0,2315.0,34525.6,34671.3,34518.5,34660.1,4444.0
20260323.0,2330.0,34659.0,34673.4,34526.7,34536.9,3654.0
20260323.0,2345.0,34542.0,34561.5,34385.1,34400.4,4362.0
20260324.0,0.0,34395.3,34423.0,34128.5,34131.6,8250.0
20260324.0,15.0,34133.6,34262.9,34103.9,34211.6,5464.0
20260324.0,30.0,34203.4,34211.6,33976.7,33983.8,4406.0
20260324.0,45.0,33981.7,34209.5,33950.0,34203.4,5044.0
20260324.0,100.0,34206.5,34290.6,34164.5,34195.2,3538.0
20260324.0,115.0,34192.1,34248.5,34164.5,34194.2,1556.0
20260324.0,130.0,34193.1,34273.1,34163.4,34267.0,1222.0
20260324.0,145.0,34261.9,34417.8,34257.8,34349.1,2732.0
20260324.0,200.0,34351.2,34393.2,34303.0,34386.1,846.0
20260324.0,215.0,34387.1,34414.8,34299.9,34385.0,1870.0
20260324.0,230.0,34383.0,34404.5,34345.1,34380.9,706.0
20260324.0,245.0,34388.1,34529.7,34388.2,34449.7,2156.0
20260324.0,300.0,34453.8,34490.7,34441.5,34478.4,738.0
20260324.0,315.0,34477.4,34503.0,34461.0,34475.3,508.0
20260324.0,330.0,34478.4,34508.1,34434.3,34470.2,984.0
20260324.0,345.0,34472.3,34512.2,34461.0,34488.7,542.0
20260324.0,400.0,34487.7,34556.4,34456.9,34489.7,1570.0
20260324.0,415.0,34467.1,34488.6,34326.6,34409.7,1348.0
20260324.0,430.0,34414.8,34425.0,34380.0,34395.3,388.0
20260324.0,445.0,34396.3,34486.6,34396.4,34471.2,492.0
20260324.0,500.0,34470.2,34498.9,34465.1,34498.9,604.0
20260324.0,900.0,34152.1,34268.0,34083.4,34188.0,10766.0
20260324.0,915.0,34187.0,34195.1,33872.0,33875.0,15494.0
20260324.0,930.0,33870.9,33944.7,33773.5,33798.1,14750.0
20260324.0,945.0,33803.2,33816.5,33551.8,33555.9,13964.0
20260324.0,1000.0,33555.9,33562.0,33373.3,33528.2,16362.0
20260324.0,1015.0,33530.2,33543.5,33189.6,33372.2,16708.0
20260324.0,1030.0,33365.0,33666.6,33326.0,33658.5,14444.0
20260324.0,1045.0,33658.5,33754.9,33579.5,33648.2,7898.0
20260324.0,1100.0,33651.3,33730.3,33531.3,33545.6,6696.0
20260324.0,1115.0,33543.6,33584.6,33499.5,33549.7,4994.0
20260324.0,1130.0,33553.8,33672.8,33536.4,33653.4,4438.0
20260324.0,1145.0,33655.4,33673.8,33428.7,33628.7,8038.0
20260324.0,1200.0,33620.5,33734.4,33594.9,33713.9,5516.0
20260324.0,1215.0,33713.9,33862.7,33705.7,33861.7,8022.0
20260324.0,1230.0,33862.7,33863.7,33738.6,33779.6,5168.0
20260324.0,1245.0,33778.6,33833.9,33743.7,33772.4,2900.0
20260324.0,1300.0,33776.5,33809.3,33723.2,33751.9,3536.0
20260324.0,1315.0,33750.8,33757.0,33524.1,33601.0,6966.0
20260324.0,1330.0,33605.1,33680.0,33458.4,33472.7,8308.0
20260324.0,1345.0,33472.7,33684.1,33466.6,33629.8,10008.0
20260324.0,1515.0,33953.0,34114.1,33898.7,34087.4,9942.0
20260324.0,1530.0,34074.1,34147.9,34047.5,34117.2,4104.0
20260324.0,1545.0,34122.3,34134.6,34039.3,34090.5,2942.0
20260324.0,1600.0,34081.3,34131.5,34035.2,34120.3,1816.0
20260324.0,1615.0,34118.2,34167.4,34076.2,34133.6,3090.0
20260324.0,1630.0,34129.5,34162.3,33994.1,34017.7,3792.0
20260324.0,1645.0,34014.6,34096.6,33990.0,34035.1,1808.0
20260324.0,1700.0,34040.2,34115.1,33961.3,33979.7,3942.0
20260324.0,1715.0,33978.7,34015.6,33823.8,33823.7,4848.0
20260324.0,1730.0,33824.7,33939.6,33814.5,33904.8,3078.0
20260324.0,1745.0,33902.7,34025.8,33885.3,34009.4,3030.0
20260324.0,1800.0,34011.5,34107.9,33962.3,34089.5,2942.0
20260324.0,1815.0,34092.6,34095.6,33993.1,34050.5,2486.0
20260324.0,1830.0,34049.5,34062.8,33971.5,33988.9,1560.0
20260324.0,1845.0,33988.9,34055.6,33952.0,34043.3,1524.0
20260324.0,1900.0,34038.2,34064.8,33975.6,34041.3,980.0
20260324.0,1915.0,34032.0,34072.0,33985.9,34056.7,1382.0
20260324.0,1930.0,34059.7,34063.8,34002.3,34028.9,1110.0
20260324.0,1945.0,34019.7,34043.3,34005.4,34010.5,818.0
20260324.0,2000.0,34012.5,34125.4,33850.4,34021.8,5676.0
20260324.0,2015.0,34023.8,34046.3,33923.3,33967.4,1806.0
20260324.0,2030.0,33963.3,34004.3,33910.0,33966.3,1368.0
20260324.0,2045.0,33966.3,33969.4,33725.2,33736.5,4328.0
20260324.0,2100.0,33739.6,33838.0,33734.5,33767.3,2844.0
20260324.0,2115.0,33774.4,33803.1,33644.2,33714.9,4278.0
20260324.0,2130.0,33721.1,33786.7,33693.4,33728.3,2276.0
20260324.0,2145.0,33733.4,33927.3,33687.3,33729.3,8464.0
20260324.0,2200.0,33729.3,33883.2,33664.7,33860.6,7116.0
20260324.0,2215.0,33861.7,34006.3,33848.4,33918.1,6366.0
20260324.0,2230.0,33915.0,33927.3,33808.4,33845.3,3520.0
20260324.0,2245.0,33841.2,33917.0,33812.5,33908.9,3158.0
20260324.0,2300.0,33904.8,34088.4,33790.9,33946.9,9448.0
20260324.0,2315.0,33955.1,34046.3,33952.0,34036.1,3430.0
20260324.0,2330.0,34036.1,34231.1,34034.1,34153.1,7148.0
20260324.0,2345.0,34159.3,34185.9,34089.5,34135.7,2656.0
20260325.0,0.0,34138.8,34185.9,34046.4,34050.5,2582.0
20260325.0,15.0,34048.4,34069.9,33983.8,34008.4,3670.0
20260325.0,30.0,34014.6,34146.9,34012.6,34126.4,2608.0
20260325.0,45.0,34126.4,34154.1,34024.9,34103.9,2810.0
20260325.0,100.0,34104.9,34131.5,34050.5,34085.4,1140.0
20260325.0,115.0,34085.4,34106.9,33889.4,33914.0,2868.0
20260325.0,130.0,33914.0,33967.3,33871.0,33960.2,1774.0
20260325.0,145.0,33957.1,33990.9,33847.4,33859.6,1942.0
20260325.0,200.0,33865.8,34062.8,33854.5,34051.5,3204.0
20260325.0,215.0,34049.5,34106.9,34004.4,34028.9,1144.0
20260325.0,230.0,34023.8,34091.5,33981.8,34057.7,1386.0
20260325.0,245.0,34057.7,34215.7,34056.7,34132.6,2200.0
20260325.0,300.0,34132.6,34184.9,34093.6,34119.3,1030.0
20260325.0,315.0,34116.2,34198.2,34116.2,34198.3,714.0
20260325.0,330.0,34188.0,34193.1,34107.0,34106.9,568.0
20260325.0,345.0,34109.0,34121.3,34075.2,34108.0,542.0
20260325.0,400.0,34103.9,34103.8,33957.2,34011.5,1332.0
20260325.0,415.0,34017.7,34040.2,33965.4,34036.1,710.0
20260325.0,430.0,34035.1,34478.4,34034.1,34293.7,5616.0
20260325.0,445.0,34294.7,34480.4,34279.4,34349.1,2318.0
20260325.0,500.0,34346.0,34351.1,34275.3,34335.8,1320.0
20260325.0,900.0,34671.4,34767.8,34613.9,34629.3,17400.0
20260325.0,915.0,34629.3,34679.5,34447.7,34524.6,17154.0
20260325.0,930.0,34522.6,34644.6,34476.4,34543.1,9832.0
20260325.0,945.0,34548.2,34605.6,34450.8,34501.0,8438.0
20260325.0,1000.0,34501.0,34668.2,34488.7,34617.0,7070.0
20260325.0,1015.0,34618.0,34637.4,34381.0,34448.7,8634.0
20260325.0,1030.0,34450.7,34517.4,34409.7,34484.6,5416.0
20260325.0,1045.0,34482.5,34506.1,34423.1,34423.0,2894.0
20260325.0,1100.0,34424.0,34463.0,34345.1,34345.0,4324.0
20260325.0,1115.0,34346.0,34428.1,34344.0,34357.3,3628.0
20260325.0,1130.0,34359.4,34395.3,34320.4,34372.7,3750.0
20260325.0,1145.0,34368.6,34439.4,34357.4,34405.6,3190.0
20260325.0,1200.0,34411.7,34503.0,34404.6,34490.7,3950.0
20260325.0,1215.0,34488.7,34570.7,34478.5,34570.8,4190.0
20260325.0,1230.0,34570.8,34630.3,34557.5,34611.8,4364.0
20260325.0,1245.0,34609.8,34625.1,34535.9,34540.0,3300.0
20260325.0,1300.0,34542.0,34550.2,34499.0,34544.1,3790.0
20260325.0,1315.0,34547.2,34570.7,34486.7,34560.5,3664.0
20260325.0,1330.0,34558.5,34564.6,34449.7,34453.8,6040.0
20260325.0,1345.0,34454.8,34530.7,34430.2,34519.5,10644.0
20260325.0,1515.0,34438.4,34528.7,34380.0,34504.1,3862.0
20260325.0,1530.0,34501.0,34536.9,34448.7,34479.5,1528.0
20260325.0,1545.0,34480.5,34545.1,34454.9,34533.8,1690.0
20260325.0,1600.0,34533.8,34603.6,34514.4,34557.4,2008.0
20260325.0,1615.0,34562.6,34703.1,34552.4,34695.0,3916.0
20260325.0,1630.0,34697.0,34819.1,34689.9,34758.6,4230.0
20260325.0,1645.0,34761.7,34805.7,34690.9,34696.0,3130.0
20260325.0,1700.0,34700.1,34727.7,34631.4,34669.3,2194.0
20260325.0,1715.0,34668.3,34726.7,34624.2,34715.5,2002.0
20260325.0,1730.0,34710.3,34715.4,34627.3,34640.6,1540.0
20260325.0,1745.0,34642.6,34681.6,34596.5,34601.6,1686.0
20260325.0,1800.0,34605.7,34707.2,34569.8,34677.5,3198.0
20260325.0,1815.0,34682.6,34716.5,34665.2,34667.2,1540.0
20260325.0,1830.0,34672.4,34693.9,34622.1,34633.4,1056.0
20260325.0,1845.0,34631.3,34675.4,34598.5,34604.6,1408.0
20260325.0,1900.0,34602.6,34683.6,34600.6,34673.4,876.0
20260325.0,1915.0,34679.6,34731.8,34668.3,34709.3,1334.0
20260325.0,1930.0,34706.2,34745.2,34691.9,34717.5,1156.0
20260325.0,1945.0,34717.5,34751.3,34709.4,34736.0,1124.0
20260325.0,2000.0,34725.7,34730.8,34632.4,34697.0,2790.0
20260325.0,2015.0,34702.1,34786.2,34699.1,34758.6,2566.0
20260325.0,2030.0,34762.7,34762.6,34559.5,34580.0,5572.0
20260325.0,2045.0,34575.9,34577.9,34488.7,34527.7,3884.0
20260325.0,2100.0,34532.8,34606.7,34510.3,34560.5,2520.0
20260325.0,2115.0,34566.7,34627.2,34548.3,34566.7,2470.0
20260325.0,2130.0,34564.6,34574.8,34525.7,34539.0,1670.0
20260325.0,2145.0,34535.9,34743.1,34524.7,34605.7,9546.0
20260325.0,2200.0,34606.7,34633.3,34441.5,34442.5,8282.0
20260325.0,2215.0,34450.7,34679.5,34405.6,34675.5,9412.0
20260325.0,2230.0,34675.5,34702.1,34594.4,34669.3,5882.0
20260325.0,2245.0,34671.4,34710.3,34639.6,34685.7,3280.0
20260325.0,2300.0,34685.7,34752.4,34635.5,34656.0,3540.0
20260325.0,2315.0,34660.1,34670.3,34533.9,34533.8,3880.0
20260325.0,2330.0,34534.9,34640.5,34332.8,34636.5,12266.0
20260325.0,2345.0,34634.4,34640.5,34520.5,34572.8,3798.0
20260326.0,0.0,34570.8,34600.5,34543.1,34570.8,1538.0
20260326.0,15.0,34572.8,34588.2,34489.8,34560.5,2170.0
20260326.0,30.0,34564.6,34708.2,34531.8,34659.0,3546.0
20260326.0,45.0,34660.1,34691.8,34621.1,34688.8,1694.0
20260326.0,100.0,34681.6,34698.0,34625.2,34653.9,1356.0
20260326.0,115.0,34658.0,34693.9,34609.8,34660.1,1472.0
20260326.0,130.0,34649.8,34702.1,34618.0,34681.6,896.0
20260326.0,145.0,34683.7,34771.9,34660.1,34737.0,1808.0
20260326.0,200.0,34742.2,34745.2,34641.6,34678.5,1786.0
20260326.0,215.0,34672.4,34712.3,34660.1,34697.0,436.0
20260326.0,230.0,34703.2,34739.0,34693.0,34704.2,648.0
20260326.0,245.0,34700.1,34733.9,34665.2,34675.5,860.0
20260326.0,300.0,34672.4,34690.8,34570.8,34644.7,1738.0
20260326.0,315.0,34638.5,34647.7,34596.5,34647.7,640.0
20260326.0,330.0,34647.7,34683.6,34638.6,34644.7,542.0
20260326.0,345.0,34644.7,34649.8,34603.7,34621.1,546.0
20260326.0,400.0,34619.0,34676.4,34619.1,34669.3,1028.0
20260326.0,415.0,34661.1,34725.7,34625.2,34721.6,882.0
20260326.0,430.0,34722.7,34732.9,34676.5,34676.5,600.0
20260326.0,445.0,34674.4,34691.8,34668.3,34676.5,298.0
20260326.0,500.0,34676.5,34685.7,34649.9,34685.7,454.0
20260326.0,900.0,34742.2,34752.4,34619.1,34620.0,8016.0
20260326.0,915.0,34619.0,34734.9,34601.6,34686.7,10440.0
20260326.0,930.0,34687.8,34741.1,34615.0,34736.0,7590.0
20260326.0,945.0,34732.9,34915.5,34723.7,34829.4,14208.0
20260326.0,1000.0,34827.3,34909.4,34794.5,34840.7,5124.0
20260326.0,1015.0,34832.5,34849.9,34636.5,34659.0,8216.0
20260326.0,1030.0,34658.0,34680.5,34384.1,34417.9,15976.0
20260326.0,1045.0,34416.9,34442.5,34290.7,34374.8,11558.0
20260326.0,1100.0,34375.8,34442.5,34336.9,34415.8,5748.0
20260326.0,1115.0,34417.9,34529.7,34385.1,34507.2,4798.0
20260326.0,1130.0,34507.2,34531.7,34422.0,34490.7,4058.0
20260326.0,1145.0,34492.8,34608.7,34486.7,34574.9,5674.0
20260326.0,1200.0,34569.8,34575.9,34511.3,34541.0,3058.0
20260326.0,1215.0,34540.0,34562.5,34493.9,34532.8,2350.0
20260326.0,1230.0,34537.9,34578.9,34526.7,34552.3,1826.0
20260326.0,1245.0,34552.3,34560.5,34498.0,34520.5,2116.0
20260326.0,1300.0,34520.5,34533.8,34417.9,34422.0,4062.0
20260326.0,1315.0,34425.1,34452.7,34331.7,34363.5,4890.0
20260326.0,1330.0,34368.6,34400.4,34254.8,34274.2,6312.0
20260326.0,1345.0,34276.3,34351.1,34220.9,34316.3,11980.0
20260326.0,1515.0,34351.2,34396.3,34303.0,34329.6,3992.0
20260326.0,1530.0,34328.6,34420.9,34271.2,34373.8,3128.0
20260326.0,1545.0,34371.7,34413.7,34339.9,34359.4,1302.0
20260326.0,1600.0,34360.4,34384.0,34310.2,34328.6,1550.0
20260326.0,1615.0,34327.6,34384.0,34255.8,34256.8,2048.0
20260326.0,1630.0,34262.9,34284.4,34167.5,34184.9,3746.0
20260326.0,1645.0,34188.0,34278.3,34188.1,34196.2,2426.0
20260326.0,1700.0,34199.3,34268.0,34178.8,34255.7,1594.0
20260326.0,1715.0,34262.9,34272.1,34149.1,34207.5,3304.0
20260326.0,1730.0,34207.5,34213.6,34152.1,34160.3,1648.0
20260326.0,1745.0,34157.2,34165.4,34091.6,34149.0,2390.0
20260326.0,1800.0,34152.1,34220.8,34141.9,34200.3,1738.0
20260326.0,1815.0,34201.3,34254.7,34173.7,34230.1,1208.0
20260326.0,1830.0,34233.2,34257.7,34196.3,34246.5,876.0
20260326.0,1845.0,34245.5,34255.7,34179.8,34192.1,1126.0
20260326.0,1900.0,34190.1,34219.8,34177.8,34213.7,564.0
20260326.0,1915.0,34213.7,34220.8,34121.4,34121.3,1568.0
20260326.0,1930.0,34124.4,34161.3,34052.6,34096.7,2186.0
20260326.0,1945.0,34091.5,34116.1,34060.8,34075.1,1254.0
20260326.0,2000.0,34071.0,34095.6,34018.7,34025.9,1920.0
20260326.0,2015.0,34027.9,34118.2,34002.3,34104.9,2334.0
20260326.0,2030.0,34106.9,34123.3,34084.4,34096.7,1352.0
20260326.0,2045.0,34100.8,34104.8,33989.0,34008.4,1910.0
20260326.0,2100.0,34012.5,34061.7,34006.4,34054.6,1110.0
20260326.0,2115.0,34049.5,34119.2,34048.5,34088.5,1678.0
20260326.0,2130.0,34085.4,34112.0,34046.4,34070.0,1624.0
20260326.0,2145.0,34069.0,34086.4,33939.7,34061.8,6880.0
20260326.0,2200.0,34063.8,34179.7,34023.9,34118.2,8604.0
20260326.0,2215.0,34114.1,34157.2,34043.4,34153.1,4582.0
20260326.0,2230.0,34151.1,34191.0,34071.1,34072.0,3572.0
20260326.0,2245.0,34078.2,34166.4,33980.8,33990.0,4684.0
20260326.0,2300.0,33988.9,34012.5,33848.4,33924.3,7142.0
20260326.0,2315.0,33924.3,33985.8,33921.2,33946.9,3772.0
20260326.0,2330.0,33948.9,33961.2,33883.3,33909.9,2514.0
20260326.0,2345.0,33912.0,33918.1,33828.9,33853.5,3204.0
20260327.0,0.0,33854.5,33967.3,33829.9,33916.1,3822.0
20260327.0,15.0,33916.1,33934.5,33879.2,33932.5,1296.0
20260327.0,30.0,33921.2,33922.2,33779.6,33799.1,3224.0
20260327.0,45.0,33802.2,33812.4,33746.8,33761.1,2048.0
20260327.0,100.0,33762.1,33780.6,33704.7,33740.6,1968.0
20260327.0,115.0,33738.5,33807.2,33726.3,33737.5,1902.0
20260327.0,130.0,33735.5,33757.0,33665.7,33704.7,2008.0
20260327.0,145.0,33700.6,33734.4,33651.4,33658.5,1540.0
20260327.0,200.0,33659.5,33676.9,33586.7,33599.0,1682.0
20260327.0,215.0,33597.9,33642.0,33583.6,33597.9,1544.0
20260327.0,230.0,33597.9,33610.2,33554.9,33564.1,1384.0
20260327.0,245.0,33561.0,33641.0,33559.0,33621.5,1332.0
20260327.0,300.0,33623.6,33723.1,33605.2,33694.4,1852.0
20260327.0,315.0,33702.6,33714.9,33559.0,33600.0,1432.0
20260327.0,330.0,33603.1,33657.4,33592.9,33608.2,964.0
20260327.0,345.0,33609.2,33625.6,33558.0,33580.5,830.0
20260327.0,400.0,33578.4,33596.9,33487.2,33510.7,2026.0
20260327.0,415.0,33513.8,33967.3,33509.7,33777.5,7464.0
20260327.0,430.0,33775.5,33822.6,33652.4,33708.8,2606.0
20260327.0,445.0,33716.0,33744.6,33703.7,33716.0,472.0
20260327.0,500.0,33721.1,33726.2,33637.0,33666.7,624.0
20260327.0,900.0,33652.3,33682.0,33507.7,33646.2,11398.0
20260327.0,915.0,33644.1,33744.6,33538.5,33700.6,16328.0
20260327.0,930.0,33700.6,33803.1,33589.8,33800.1,10604.0
20260327.0,945.0,33797.0,33897.5,33773.5,33839.1,8946.0
20260327.0,1000.0,33838.1,33849.3,33719.1,33767.3,6076.0
20260327.0,1015.0,33768.3,33807.2,33609.3,33627.7,7660.0
20260327.0,1030.0,33624.6,33701.5,33561.0,33686.2,7422.0
20260327.0,1045.0,33689.3,33789.8,33659.6,33748.8,6178.0
20260327.0,1100.0,33749.8,33809.3,33708.8,33759.1,3456.0
20260327.0,1115.0,33760.1,33825.7,33721.1,33733.4,3336.0
20260327.0,1130.0,33736.5,33795.9,33721.1,33782.7,2118.0
20260327.0,1145.0,33779.6,33915.0,33779.6,33859.6,5720.0
20260327.0,1200.0,33861.7,33914.0,33844.3,33914.0,3120.0
20260327.0,1215.0,33914.0,33914.0,33827.9,33848.3,3326.0
20260327.0,1230.0,33849.4,33871.9,33799.1,33864.8,3070.0
20260327.0,1245.0,33862.7,33910.9,33859.7,33910.9,2224.0
20260327.0,1300.0,33908.9,34010.4,33890.5,33987.9,5742.0
20260327.0,1315.0,33988.9,34091.5,33983.8,34072.0,5832.0
20260327.0,1330.0,34072.0,34114.1,34011.6,34052.5,7808.0
20260327.0,1345.0,34052.5,34058.7,33980.8,33987.9,7682.0
20260327.0,1515.0,33915.0,33926.3,33855.6,33875.0,3740.0
20260327.0,1530.0,33866.8,33883.2,33777.6,33790.9,2536.0
20260327.0,1545.0,33790.9,33823.7,33746.8,33777.5,2424.0
20260327.0,1600.0,33775.5,33827.8,33764.2,33776.5,1596.0
20260327.0,1615.0,33780.6,33826.7,33692.4,33734.4,3678.0
20260327.0,1630.0,33737.5,33745.7,33621.6,33643.1,3014.0
20260327.0,1645.0,33641.0,33691.3,33598.0,33648.2,3210.0
20260327.0,1700.0,33647.2,33681.0,33603.1,33615.4,2064.0
20260327.0,1715.0,33617.4,33636.9,33454.3,33511.7,5156.0
20260327.0,1730.0,33514.8,33633.8,33508.7,33613.3,3242.0
20260327.0,1745.0,33615.4,33657.4,33572.3,33590.8,2190.0
20260327.0,1800.0,33587.7,33589.7,33492.3,33500.5,1800.0
20260327.0,1815.0,33504.6,33611.2,33475.9,33553.8,2272.0
20260327.0,1830.0,33556.9,33605.1,33545.7,33566.1,978.0
20260327.0,1845.0,33563.1,33575.3,33462.5,33491.2,2342.0
20260327.0,1900.0,33491.2,33491.2,33335.3,33347.5,5320.0
20260327.0,1915.0,33351.7,33376.2,33275.8,33354.7,3782.0
20260327.0,1930.0,33354.7,33402.9,33348.6,33387.6,1400.0
20260327.0,1945.0,33387.6,33430.6,33365.0,33419.4,1584.0
20260327.0,2000.0,33421.4,33483.0,33399.9,33409.1,2526.0
20260327.0,2015.0,33408.1,33419.3,33337.3,33389.6,2200.0
20260327.0,2030.0,33388.6,33447.0,33378.4,33428.6,1654.0
20260327.0,2045.0,33428.6,33456.3,33379.4,33428.6,1440.0
20260327.0,2100.0,33436.8,33500.4,33403.0,33436.8,2120.0
20260327.0,2115.0,33439.9,33446.0,33360.9,33399.9,1882.0
20260327.0,2130.0,33397.8,33468.6,33391.7,33438.9,1804.0
20260327.0,2145.0,33436.8,33491.2,33357.9,33418.4,5352.0
20260327.0,2200.0,33429.6,33541.4,33245.0,33272.6,8510.0
20260327.0,2215.0,33278.8,33389.6,33223.4,33353.7,5404.0
20260327.0,2230.0,33350.6,33472.7,33337.3,33349.6,5130.0
20260327.0,2245.0,33348.6,33392.7,33287.1,33326.0,3258.0
20260327.0,2300.0,33321.9,33431.6,33298.3,33412.2,3426.0
20260327.0,2315.0,33414.3,33501.4,33405.1,33424.5,3570.0
20260327.0,2330.0,33423.5,33557.9,33372.2,33543.6,5596.0
20260327.0,2345.0,33544.6,33624.6,33464.6,33487.1,6976.0
20260328.0,0.0,33485.1,33536.3,33437.9,33458.4,2690.0
20260328.0,15.0,33458.4,33486.0,33403.0,33428.6,2220.0
20260328.0,30.0,33433.7,33457.3,33398.9,33416.3,1662.0
20260328.0,45.0,33420.4,33448.1,33351.7,33438.9,1984.0
20260328.0,100.0,33436.8,33465.5,33418.4,33425.5,1058.0
20260328.0,115.0,33421.4,33483.0,33369.1,33394.8,1992.0
20260328.0,130.0,33396.8,33396.8,33301.4,33302.4,1430.0
20260328.0,145.0,33316.8,33347.5,33259.3,33273.7,1486.0
20260328.0,200.0,33270.6,33298.2,33245.0,33273.7,1500.0
20260328.0,215.0,33272.6,33292.1,33232.7,33261.3,1056.0
20260328.0,230.0,33262.4,33321.8,33258.3,33286.0,1098.0
20260328.0,245.0,33286.0,33347.5,33273.7,33280.8,1134.0
20260328.0,300.0,33282.9,33295.2,33259.3,33284.9,472.0
20260328.0,315.0,33282.9,33284.9,33154.7,33205.9,3032.0
20260328.0,330.0,33200.8,33243.9,33193.7,33213.1,508.0
20260328.0,345.0,33213.1,33224.4,33147.5,33159.8,788.0
20260328.0,400.0,33160.8,33311.6,33128.0,33272.6,2068.0
20260328.0,415.0,33270.6,33323.9,33188.5,33205.9,1192.0
20260328.0,430.0,33199.8,33203.8,33134.1,33174.1,614.0
20260328.0,445.0,33177.2,33182.3,33104.4,33142.3,796.0
20260328.0,500.0,33139.2,33149.4,33089.0,33088.9,980.0
20260330.0,900.0,32887.8,33095.1,32866.3,33095.1,17140.0
20260330.0,915.0,33095.1,33313.6,33064.4,33263.4,17756.0
20260330.0,930.0,33264.4,33325.9,33198.8,33307.5,9124.0
20260330.0,945.0,33308.6,33351.6,33235.7,33348.6,9186.0
20260330.0,1000.0,33348.6,33372.1,33240.9,33297.3,7324.0
20260330.0,1015.0,33298.3,33396.8,33269.6,33312.7,6448.0
20260330.0,1030.0,33312.7,33312.6,33084.9,33122.8,10156.0
20260330.0,1045.0,33121.8,33217.2,33089.0,33181.3,6130.0
20260330.0,1100.0,33183.4,33379.3,33174.2,33353.7,7800.0
20260330.0,1115.0,33353.7,33500.4,33335.3,33453.2,7962.0
20260330.0,1130.0,33454.3,33499.4,33432.8,33484.0,3868.0
20260330.0,1145.0,33486.1,33491.2,33423.5,33461.5,2316.0
20260330.0,1200.0,33458.4,33474.7,33403.0,33467.6,2632.0
20260330.0,1215.0,33463.5,33520.9,33426.6,33473.8,3426.0
20260330.0,1230.0,33474.8,33569.2,33473.8,33521.0,3924.0
20260330.0,1245.0,33519.9,33524.0,33414.3,33427.6,3962.0
20260330.0,1300.0,33426.6,33462.4,33384.5,33410.1,3428.0
20260330.0,1315.0,33410.1,33488.1,33406.1,33450.2,3748.0
20260330.0,1330.0,33449.1,33476.8,33390.7,33405.0,5212.0
20260330.0,1345.0,33404.0,33438.8,33312.7,33318.8,10582.0
20260330.0,1515.0,33504.6,33504.5,33382.5,33426.6,3346.0
20260330.0,1530.0,33421.4,33448.1,33340.4,33385.5,2112.0
20260330.0,1545.0,33387.6,33425.5,33368.1,33391.7,1108.0
20260330.0,1600.0,33396.8,33467.6,33388.6,33451.2,1476.0
20260330.0,1615.0,33446.1,33487.1,33402.0,33481.0,2032.0
20260330.0,1630.0,33478.9,33517.8,33446.1,33466.6,2170.0
20260330.0,1645.0,33461.5,33540.4,33460.5,33535.3,2066.0
20260330.0,1700.0,33532.3,33565.1,33496.4,33556.9,1776.0
20260330.0,1715.0,33558.9,33563.0,33491.3,33501.5,1534.0
20260330.0,1730.0,33497.4,33500.4,33437.9,33474.8,1880.0
20260330.0,1745.0,33475.8,33497.3,33418.4,33443.0,1660.0
20260330.0,1800.0,33442.0,33481.9,33428.7,33474.8,810.0
20260330.0,1815.0,33469.7,33477.8,33427.6,33440.9,996.0
20260330.0,1830.0,33446.1,33479.9,33425.6,33464.5,698.0
20260330.0,1845.0,33463.5,33464.5,33404.0,33419.4,1390.0
20260330.0,1900.0,33421.4,33491.2,33414.3,33481.0,1028.0
20260330.0,1915.0,33482.0,33531.2,33479.0,33503.5,1622.0
20260330.0,1930.0,33505.6,33719.0,33495.4,33656.4,6264.0
20260330.0,1945.0,33662.6,33684.1,33576.4,33593.8,2756.0
20260330.0,2000.0,33595.9,33619.4,33564.1,33575.4,1488.0
20260330.0,2015.0,33582.5,33582.5,33519.0,33539.4,1858.0
20260330.0,2030.0,33539.4,33647.1,33524.1,33635.9,1732.0
20260330.0,2045.0,33631.8,33651.3,33612.4,33641.0,1196.0
20260330.0,2100.0,33643.1,33657.4,33618.5,33656.4,910.0
20260330.0,2115.0,33656.4,33692.3,33592.9,33622.6,1744.0
20260330.0,2130.0,33627.7,33642.0,33611.3,33619.5,908.0
20260330.0,2145.0,33615.4,33656.4,33344.5,33398.9,8814.0
20260330.0,2200.0,33395.8,33413.2,33150.6,33185.4,8750.0
20260330.0,2215.0,33186.4,33367.0,33170.1,33330.1,6490.0
20260330.0,2230.0,33330.1,33347.5,33221.4,33244.9,3856.0
20260330.0,2245.0,33242.9,33300.3,33132.1,33142.3,6332.0
20260330.0,2300.0,33143.3,33322.9,33128.0,33311.6,5702.0
20260330.0,2315.0,33310.6,33396.8,33221.4,33228.5,5400.0
20260330.0,2330.0,33227.5,33270.5,33179.3,33220.3,2836.0
20260330.0,2345.0,33222.4,33347.5,33209.1,33345.5,2950.0
20260331.0,0.0,33344.5,33375.2,33285.0,33298.3,2286.0
20260331.0,15.0,33294.2,33300.3,33200.9,33228.5,2374.0
20260331.0,30.0,33228.5,33228.5,33156.7,33159.8,2092.0
20260331.0,45.0,33158.7,33224.4,33151.6,33199.8,1380.0
20260331.0,100.0,33192.6,33211.0,33159.8,33179.2,836.0
20260331.0,115.0,33185.4,33203.8,33032.6,33039.7,3858.0
20260331.0,130.0,33043.8,33058.1,32931.0,32939.1,3740.0
20260331.0,145.0,32941.2,33001.7,32898.1,32998.6,3080.0
20260331.0,200.0,32997.6,33034.5,32942.2,32954.5,1684.0
20260331.0,215.0,32955.5,32978.1,32920.7,32974.0,1052.0
20260331.0,230.0,32973.0,32987.3,32905.3,32921.7,1172.0
20260331.0,245.0,32922.7,32962.7,32887.9,32905.3,1258.0
20260331.0,300.0,32906.3,32924.7,32802.7,32827.3,2512.0
20260331.0,315.0,32825.2,32841.6,32738.0,32767.7,1890.0
20260331.0,330.0,32773.9,32822.1,32751.4,32786.2,1460.0
20260331.0,345.0,32787.2,32916.5,32783.2,32900.1,1744.0
20260331.0,400.0,32900.1,32963.7,32876.6,32958.6,1762.0
20260331.0,415.0,32957.6,32982.2,32847.8,32862.2,1012.0
20260331.0,430.0,32866.3,32894.9,32863.2,32891.9,268.0
20260331.0,445.0,32890.9,32894.9,32866.3,32882.7,252.0
20260331.0,500.0,32879.6,32888.8,32863.2,32870.4,514.0
20260331.0,900.0,32838.5,33110.4,32838.6,33044.8,16338.0
20260331.0,915.0,33045.8,33173.0,32799.6,32873.4,22728.0
20260331.0,930.0,32870.4,33122.8,32854.0,33112.5,12604.0
20260331.0,945.0,33108.4,33301.3,33101.3,33199.8,13606.0
20260331.0,1000.0,33201.8,33255.1,33111.6,33183.4,7624.0
20260331.0,1015.0,33183.4,33232.6,33105.4,33117.7,6134.0
20260331.0,1030.0,33118.7,33213.1,33055.1,33073.6,8268.0
20260331.0,1045.0,33069.4,33152.5,33004.8,33051.0,7042.0
20260331.0,1100.0,33051.0,33231.5,33044.9,33049.9,8084.0
20260331.0,1115.0,33049.9,33172.0,33027.4,33119.7,5806.0
20260331.0,1130.0,33117.7,33132.0,32946.4,32952.5,5880.0
20260331.0,1145.0,32955.5,32969.9,32784.2,32789.3,8534.0
20260331.0,1200.0,32792.4,32821.1,32650.8,32675.4,10696.0
20260331.0,1215.0,32679.5,32762.6,32644.6,32664.1,8686.0
20260331.0,1230.0,32661.0,32775.9,32639.5,32664.1,7046.0
20260331.0,1245.0,32664.1,32775.9,32649.8,32749.3,4610.0
20260331.0,1300.0,32746.2,32772.8,32679.5,32741.1,4320.0
20260331.0,1315.0,32745.2,32788.2,32690.8,32690.8,5376.0
20260331.0,1330.0,32692.8,32815.9,32667.2,32761.6,9440.0
20260331.0,1345.0,32764.7,32834.4,32739.1,32817.0,14172.0
20260331.0,1515.0,32780.1,32833.4,32682.6,32698.0,4916.0
20260331.0,1530.0,32695.9,32707.1,32571.8,32674.4,5084.0
20260331.0,1545.0,32674.4,32824.1,32671.3,32804.7,3486.0
20260331.0,1600.0,32806.7,32884.7,32798.6,32874.5,3174.0
20260331.0,1615.0,32872.4,32887.8,32802.7,32812.9,2604.0
20260331.0,1630.0,32810.8,32844.7,32792.4,32810.8,1162.0
20260331.0,1645.0,32809.8,32826.2,32738.0,32743.1,1462.0
20260331.0,1700.0,32749.3,32814.9,32704.2,32759.5,2370.0
20260331.0,1715.0,32756.5,32829.3,32744.2,32790.3,1056.0
20260331.0,1730.0,32790.3,32840.6,32760.6,32767.7,1310.0
20260331.0,1745.0,32771.8,32790.3,32720.6,32773.9,1478.0
20260331.0,1800.0,32765.7,32807.7,32718.5,32745.2,1246.0
20260331.0,1815.0,32743.1,32820.0,32743.2,32760.6,1482.0
20260331.0,1830.0,32764.7,32781.0,32723.7,32774.9,1032.0
20260331.0,1845.0,32772.9,32792.3,32655.9,32674.4,2100.0
20260331.0,1900.0,32674.4,32766.7,32667.2,32756.5,1470.0
20260331.0,1915.0,32752.3,32867.2,32701.1,32835.5,3906.0
20260331.0,1930.0,32837.5,33013.0,32824.2,32945.3,6042.0
20260331.0,1945.0,32946.3,32971.9,32880.7,32969.9,1988.0
20260331.0,2000.0,32963.7,32971.9,32913.5,32940.1,1384.0
20260331.0,2015.0,32946.3,33036.6,32901.2,32915.5,3730.0
20260331.0,2030.0,32915.5,32999.6,32887.9,32984.3,2898.0
20260331.0,2045.0,32979.1,33018.1,32973.0,33015.1,1952.0
20260331.0,2100.0,33014.0,33028.3,32944.3,32944.2,1890.0
20260331.0,2115.0,32949.4,32979.1,32937.1,32967.9,1070.0
20260331.0,2130.0,32966.8,33016.0,32961.7,32993.5,1132.0
20260331.0,2145.0,32997.6,33103.3,32982.3,33021.2,7468.0
20260331.0,2200.0,33025.3,33244.9,33023.3,33238.8,7196.0
20260331.0,2215.0,33244.9,33271.6,33194.7,33237.7,5224.0
20260331.0,2230.0,33235.7,33307.5,33222.4,33281.9,4626.0
20260331.0,2245.0,33282.9,33314.7,33168.0,33181.3,4940.0
20260331.0,2300.0,33183.4,33201.8,33031.5,33084.8,6624.0
20260331.0,2315.0,33086.9,33262.3,33078.7,33259.3,5226.0
20260331.0,2330.0,33261.3,33268.5,33164.9,33164.9,4264.0
20260331.0,2345.0,33165.9,33216.1,33141.3,33158.7,2442.0
20260401.0,0.0,33155.6,33207.9,33106.4,33119.7,2422.0
20260401.0,15.0,33118.7,33204.9,33108.5,33191.6,2054.0
20260401.0,30.0,33193.6,33260.3,33192.6,33216.2,2050.0
20260401.0,45.0,33214.1,33837.0,33200.9,33725.2,14310.0
20260401.0,100.0,33724.2,33803.1,33602.1,33671.8,10344.0
20260401.0,115.0,33667.7,33797.0,33652.4,33751.9,5668.0
20260401.0,130.0,33750.8,33795.9,33711.9,33735.5,2764.0
20260401.0,145.0,33738.5,33807.2,33690.3,33735.5,3368.0
20260401.0,200.0,33732.4,33757.0,33688.3,33708.8,1426.0
20260401.0,215.0,33710.8,33788.8,33710.9,33780.6,1234.0
20260401.0,230.0,33778.6,33806.2,33738.6,33778.6,1092.0
20260401.0,245.0,33766.2,33802.1,33742.7,33782.7,734.0
20260401.0,300.0,33782.7,33821.6,33781.7,33812.4,1018.0
20260401.0,315.0,33812.4,33862.7,33803.2,33857.6,1934.0
20260401.0,330.0,33862.7,33907.8,33852.5,33864.8,2104.0
20260401.0,345.0,33867.8,33964.2,33859.7,33962.2,2214.0
20260401.0,400.0,33960.2,34069.9,33947.9,34031.0,4698.0
20260401.0,415.0,34028.9,34039.2,33875.1,33955.1,2630.0
20260401.0,430.0,33948.9,34012.5,33947.9,33984.8,792.0
20260401.0,445.0,33981.7,33981.7,33922.3,33927.4,1028.0
20260401.0,500.0,33932.5,33953.0,33918.2,33951.0,726.0
20260401.0,900.0,33915.0,34038.1,33905.9,34024.8,11138.0
20260401.0,915.0,34024.8,34056.6,33768.3,33838.1,18962.0
20260401.0,930.0,33837.0,34053.5,33824.8,34021.8,14592.0
20260401.0,945.0,34020.7,34105.9,33958.2,34007.4,11398.0
20260401.0,1000.0,34001.2,34081.2,33964.3,34073.1,5006.0
20260401.0,1015.0,34074.1,34165.4,34025.9,34049.5,8950.0
20260401.0,1030.0,34048.4,34125.4,34023.9,34099.8,4338.0
20260401.0,1045.0,34098.7,34156.1,34042.3,34138.8,4670.0
20260401.0,1100.0,34139.8,34171.5,34117.3,34143.9,3948.0
20260401.0,1115.0,34143.9,34202.3,34134.7,34177.7,4372.0
20260401.0,1130.0,34176.7,34212.6,34133.7,34184.9,3390.0
20260401.0,1145.0,34184.9,34218.7,34178.8,34198.3,1960.0
20260401.0,1200.0,34199.3,34207.5,34141.9,34165.4,2522.0
20260401.0,1215.0,34165.4,34181.8,34126.5,34145.9,1978.0
20260401.0,1230.0,34144.9,34186.9,34137.8,34156.2,1982.0
20260401.0,1245.0,34156.2,34216.7,34138.8,34201.3,3826.0
20260401.0,1300.0,34202.4,34251.6,34191.1,34218.8,4482.0
20260401.0,1315.0,34220.8,34286.5,34215.8,34235.2,5572.0
20260401.0,1330.0,34236.2,34260.8,34206.5,34260.9,4562.0
20260401.0,1345.0,34257.8,34280.3,34198.3,34277.3,12716.0
20260401.0,1515.0,34481.5,34487.6,34391.2,34450.7,7172.0
20260401.0,1530.0,34452.8,34470.2,34413.8,34466.1,1842.0
20260401.0,1545.0,34466.1,34611.8,34466.2,34558.5,5162.0
20260401.0,1600.0,34557.4,34566.6,34294.8,34332.7,5346.0
20260401.0,1615.0,34332.7,34354.2,34209.6,34284.5,6176.0
20260401.0,1630.0,34292.7,34393.2,34282.5,34349.1,3380.0
20260401.0,1645.0,34352.2,34396.3,34347.1,34371.7,1688.0
20260401.0,1700.0,34368.6,34387.0,34285.5,34343.0,2198.0
20260401.0,1715.0,34347.1,34369.6,34258.9,34269.1,2006.0
20260401.0,1730.0,34263.9,34279.3,34190.1,34246.5,2788.0
20260401.0,1745.0,34251.6,34314.2,34251.7,34289.6,1842.0
20260401.0,1800.0,34291.7,34360.4,34289.7,34309.1,1420.0
20260401.0,1815.0,34307.0,34323.4,34273.2,34301.9,1028.0
20260401.0,1830.0,34299.9,34334.7,34276.3,34305.0,1074.0
20260401.0,1845.0,34307.0,34364.5,34288.6,34353.2,1384.0
20260401.0,1900.0,34357.3,34441.4,34356.4,34399.4,2304.0
20260401.0,1915.0,34398.4,34425.0,34378.9,34400.4,778.0
20260401.0,1930.0,34397.4,34408.6,34357.4,34391.2,1124.0
20260401.0,1945.0,34393.2,34459.9,34388.2,34434.3,1704.0
20260401.0,2000.0,34433.3,34444.5,34416.9,34418.9,764.0
20260401.0,2015.0,34415.8,34424.0,34347.1,34360.4,1470.0
20260401.0,2030.0,34359.4,34393.2,34303.0,34338.9,1820.0
20260401.0,2045.0,34344.0,34488.6,34332.8,34417.9,2604.0
20260401.0,2100.0,34418.9,34464.0,34270.2,34285.5,5944.0
20260401.0,2115.0,34289.6,34330.6,34237.3,34313.2,3164.0
20260401.0,2130.0,34312.2,34333.7,34286.6,34316.3,1344.0
20260401.0,2145.0,34317.3,34473.2,34244.5,34356.3,7890.0
20260401.0,2200.0,34357.3,34436.3,34334.8,34399.4,3922.0
20260401.0,2215.0,34399.4,34459.9,34373.8,34458.9,3882.0
20260401.0,2230.0,34460.0,34590.2,34453.8,34567.7,5828.0
20260401.0,2245.0,34567.7,34601.5,34440.5,34545.1,6794.0
20260401.0,2300.0,34543.1,34664.1,34511.3,34648.8,4778.0
20260401.0,2315.0,34650.8,34678.5,34632.4,34656.0,3226.0
20260401.0,2330.0,34660.1,34714.4,34627.3,34633.4,2972.0
20260401.0,2345.0,34632.4,34695.9,34600.6,34683.7,2666.0
20260402.0,0.0,34683.7,34719.5,34659.1,34701.1,1912.0
20260402.0,15.0,34699.1,34733.9,34681.7,34687.8,2266.0
20260402.0,30.0,34686.7,34708.2,34660.1,34665.2,1186.0
20260402.0,45.0,34666.2,34698.0,34649.9,34690.8,1214.0
20260402.0,100.0,34692.9,34747.2,34678.6,34727.8,1186.0
20260402.0,115.0,34728.8,34767.8,34709.4,34740.1,1504.0
20260402.0,130.0,34741.1,34759.6,34720.7,34721.6,844.0
20260402.0,145.0,34719.6,34729.8,34609.8,34619.0,1756.0
20260402.0,200.0,34622.1,34629.2,34528.8,34528.7,2734.0
20260402.0,215.0,34530.8,34539.9,34470.3,34482.5,3134.0
20260402.0,230.0,34483.6,34488.6,34355.3,34365.5,3064.0
20260402.0,245.0,34368.6,34460.9,34314.3,34409.7,3388.0
20260402.0,300.0,34424.0,34429.1,34384.1,34390.2,1004.0
20260402.0,315.0,34392.2,34479.4,34383.0,34444.6,1326.0
20260402.0,330.0,34445.6,34513.3,34441.5,34507.2,842.0
20260402.0,345.0,34503.1,34524.6,34447.7,34496.9,852.0
20260402.0,400.0,34495.9,34513.3,34362.5,34389.1,1772.0
20260402.0,415.0,34392.2,34437.3,34348.1,34437.4,818.0
20260402.0,430.0,34438.4,34448.6,34388.2,34401.5,218.0
20260402.0,445.0,34398.4,34437.3,34396.4,34425.1,172.0
20260402.0,500.0,34422.0,34450.7,34422.0,34446.6,456.0
20260402.0,900.0,34558.5,34569.7,34437.4,34527.7,8676.0
20260402.0,915.0,34526.7,34542.0,34250.7,34370.7,20788.0
20260402.0,930.0,34374.8,34385.0,33925.4,33974.6,24676.0
20260402.0,945.0,33971.5,34011.5,33671.9,33795.0,17242.0
20260402.0,1000.0,33790.9,33880.1,33719.1,33784.7,10832.0
20260402.0,1015.0,33785.7,33805.2,33590.8,33632.8,11316.0
20260402.0,1030.0,33638.0,33727.2,33572.3,33577.4,7666.0
20260402.0,1045.0,33583.6,33685.1,33517.9,33629.8,10026.0
20260402.0,1100.0,33632.8,33677.9,33592.9,33641.0,4668.0
20260402.0,1115.0,33643.1,33643.0,33541.5,33623.6,4508.0
20260402.0,1130.0,33624.6,33657.4,33578.5,33595.9,2938.0
20260402.0,1145.0,33596.9,33613.3,33434.8,33488.1,7142.0
20260402.0,1200.0,33486.1,33491.2,33410.2,33460.4,4762.0
20260402.0,1215.0,33462.5,33546.6,33425.6,33527.1,5174.0
20260402.0,1230.0,33523.0,33554.8,33459.5,33469.7,3008.0
20260402.0,1245.0,33472.7,33485.0,33431.7,33470.7,3304.0
20260402.0,1300.0,33469.7,33476.8,33418.4,33468.6,3056.0
20260402.0,1315.0,33469.7,33496.3,33412.2,33463.5,4242.0
20260402.0,1330.0,33463.5,33484.0,33423.5,33444.0,4320.0
20260402.0,1345.0,33444.0,33480.9,33337.3,33338.3,11102.0
20260402.0,1515.0,33429.6,33468.6,33310.7,33352.7,5342.0
20260402.0,1530.0,33348.6,33428.6,33334.3,33396.8,2914.0
20260402.0,1545.0,33396.8,33473.7,33374.3,33460.4,1990.0
20260402.0,1600.0,33460.4,33510.7,33454.3,33505.6,1622.0
20260402.0,1615.0,33505.6,33527.1,33433.8,33461.5,1654.0
20260402.0,1630.0,33463.5,33496.3,33420.5,33447.1,1038.0
20260402.0,1645.0,33449.1,33504.5,33444.1,33458.4,1034.0
20260402.0,1700.0,33463.5,33472.7,33441.0,33460.4,654.0
20260402.0,1715.0,33459.4,33479.9,33384.5,33398.9,1314.0
20260402.0,1730.0,33392.7,33503.5,33382.5,33463.5,1612.0
20260402.0,1745.0,33459.4,33467.6,33409.2,33413.2,922.0
20260402.0,1800.0,33414.3,33428.6,33390.7,33405.0,1006.0
20260402.0,1815.0,33403.0,33402.9,33254.2,33256.2,3064.0
20260402.0,1830.0,33263.4,33282.8,33163.9,33196.7,3578.0
20260402.0,1845.0,33197.7,33274.6,33188.5,33251.1,2000.0
20260402.0,1900.0,33247.0,33271.6,33221.4,33255.2,1098.0
20260402.0,1915.0,33252.1,33279.8,33203.9,33215.2,1590.0
20260402.0,1930.0,33215.2,33223.3,33144.4,33148.5,2356.0
20260402.0,1945.0,33148.5,33197.7,33141.3,33181.3,1280.0
20260402.0,2000.0,33176.2,33195.6,33108.5,33119.7,1616.0
20260402.0,2015.0,33126.9,33142.3,33064.4,33084.8,2376.0
20260402.0,2030.0,33084.8,33175.1,33077.7,33153.6,2238.0
20260402.0,2045.0,33162.8,33225.4,33137.2,33174.1,2002.0
20260402.0,2100.0,33176.2,33245.9,33173.1,33182.3,1714.0
20260402.0,2115.0,33188.5,33221.3,33149.5,33164.9,1494.0
20260402.0,2130.0,33166.9,33197.7,33100.3,33162.8,1632.0
20260402.0,2145.0,33169.0,33296.2,33035.6,33145.4,8688.0
20260402.0,2200.0,33148.5,33378.3,33127.0,33367.0,7296.0
20260402.0,2215.0,33366.0,33495.3,33333.2,33413.2,6752.0
20260402.0,2230.0,33416.3,33507.6,33398.9,33446.1,5426.0
20260402.0,2245.0,33442.0,33999.1,33435.9,33865.8,15636.0
20260402.0,2300.0,33868.9,33882.1,33650.3,33772.4,7288.0
20260402.0,2315.0,33772.4,33782.6,33659.6,33742.6,4924.0
20260402.0,2330.0,33740.6,33755.9,33600.0,33702.6,4906.0
20260402.0,2345.0,33705.7,33721.0,33636.0,33685.2,2696.0
20260403.0,0.0,33686.2,33688.2,33528.2,33597.9,3918.0
20260403.0,15.0,33595.9,33667.7,33559.0,33610.3,2040.0
20260403.0,30.0,33607.2,33634.8,33539.5,33593.8,1798.0
20260403.0,45.0,33590.8,33724.1,33574.4,33698.5,2886.0
20260403.0,100.0,33696.5,33720.0,33647.2,33647.2,1800.0
20260403.0,115.0,33651.3,33721.0,33614.4,33712.9,1328.0
20260403.0,130.0,33710.8,33760.0,33704.7,33736.5,1482.0
20260403.0,145.0,33737.5,33743.6,33663.7,33678.0,1116.0
20260403.0,200.0,33683.1,33688.2,33608.3,33643.1,1292.0
20260403.0,215.0,33646.2,33702.6,33640.1,33665.7,878.0
20260403.0,230.0,33671.8,33679.0,33644.2,33663.6,620.0
20260403.0,245.0,33659.5,33709.7,33619.5,33693.4,658.0
20260403.0,300.0,33693.4,33725.1,33690.3,33699.5,476.0
20260403.0,315.0,33705.7,33759.0,33697.5,33726.2,668.0
20260403.0,330.0,33728.3,33733.4,33689.3,33705.7,582.0
20260403.0,345.0,33705.7,33709.7,33680.1,33682.1,432.0
20260403.0,400.0,33678.0,33755.9,33667.8,33745.7,980.0
20260403.0,415.0,33751.9,33752.8,33699.6,33714.9,424.0
20260403.0,430.0,33714.9,33741.6,33701.6,33741.6,374.0
20260403.0,445.0,33737.5,33744.6,33695.5,33732.4,368.0
20260403.0,500.0,33732.4,33780.6,33702.7,33738.5,1248.0
20260407.0,900.0,34061.8,34153.1,34024.9,34099.8,12668.0
20260407.0,915.0,34098.7,34199.2,33995.1,34060.8,13842.0
20260407.0,930.0,34058.7,34223.9,34058.8,34200.3,8244.0
20260407.0,945.0,34194.2,34251.6,34020.8,34072.0,11230.0
20260407.0,1000.0,34077.2,34102.8,33827.9,33868.9,10274.0
20260407.0,1015.0,33871.9,33997.1,33818.6,33931.5,6456.0
20260407.0,1030.0,33927.4,34005.3,33894.6,33992.0,3606.0
20260407.0,1045.0,33993.0,34045.3,33984.9,34020.7,3536.0
20260407.0,1100.0,34020.7,34087.4,33979.7,34019.7,3936.0
20260407.0,1115.0,34016.6,34053.5,33947.9,33995.1,2116.0
20260407.0,1130.0,33995.1,34014.5,33932.5,34002.3,2284.0
20260407.0,1145.0,34000.2,34059.7,33997.2,34021.8,2374.0
20260407.0,1200.0,34019.7,34043.3,33998.2,34024.8,1256.0
20260407.0,1215.0,34023.8,34047.4,33945.9,33952.0,2756.0
20260407.0,1230.0,33949.9,34030.9,33949.0,34013.6,1950.0
20260407.0,1245.0,34018.7,34049.4,34007.4,34035.1,1876.0
20260407.0,1300.0,34038.2,34078.2,34016.7,34025.9,2550.0
20260407.0,1315.0,34023.8,34059.7,34009.5,34043.3,2382.0
20260407.0,1330.0,34043.3,34059.7,34009.5,34035.1,2896.0
20260407.0,1345.0,34037.2,34059.7,34010.5,34027.9,7878.0
20260407.0,1515.0,34101.8,34151.0,34040.3,34079.2,2832.0
20260407.0,1530.0,34076.2,34090.5,34018.7,34023.8,1388.0
20260407.0,1545.0,34028.9,34091.5,34029.0,34084.4,1076.0
20260407.0,1600.0,34083.3,34091.5,34029.0,34076.2,868.0
20260407.0,1615.0,34079.2,34408.6,34073.1,34350.1,8230.0
20260407.0,1630.0,34350.1,34442.5,34295.8,34376.8,3734.0
20260407.0,1645.0,34377.9,34438.4,34357.4,34401.5,1704.0
20260407.0,1700.0,34399.4,34418.9,34358.4,34403.5,1242.0
20260407.0,1715.0,34406.6,34432.2,34362.5,34391.2,1532.0
20260407.0,1730.0,34391.2,34471.2,34374.8,34442.5,2674.0
20260407.0,1745.0,34434.3,34476.3,34425.1,34430.2,1708.0
20260407.0,1800.0,34429.2,34429.1,34369.7,34378.9,1268.0
20260407.0,1815.0,34385.0,34404.5,34206.5,34296.8,5180.0
20260407.0,1830.0,34298.8,34338.8,34159.3,34223.9,3264.0
20260407.0,1845.0,34225.0,34231.1,34117.3,34136.7,3292.0
20260407.0,1900.0,34143.9,34151.0,33980.8,34046.4,3952.0
20260407.0,1915.0,34049.5,34113.0,34048.5,34093.6,2182.0
20260407.0,1930.0,34095.7,34139.7,34075.2,34082.3,1564.0
20260407.0,1945.0,34082.3,34111.0,34033.1,34088.5,1926.0
20260407.0,2000.0,34092.6,34099.7,34056.7,34078.2,674.0
20260407.0,2015.0,34084.4,34096.6,33960.2,34014.6,4042.0
20260407.0,2030.0,34017.7,34193.1,33962.3,34176.7,4058.0
20260407.0,2045.0,34174.7,34189.0,34113.1,34121.3,2248.0
20260407.0,2100.0,34121.3,34203.4,34054.7,34126.4,3008.0
20260407.0,2115.0,34131.6,34175.6,34096.7,34133.6,1738.0
20260407.0,2130.0,34133.6,34145.9,34100.8,34136.7,1030.0
20260407.0,2145.0,34137.7,34188.0,33993.1,34007.4,5802.0
20260407.0,2200.0,34008.4,34033.0,33860.7,33868.9,6764.0
20260407.0,2215.0,33871.9,33872.9,33684.2,33770.3,8938.0
20260407.0,2230.0,33771.4,33950.9,33765.3,33937.6,6486.0
20260407.0,2245.0,33935.6,34008.4,33895.6,33932.5,4632.0
20260407.0,2300.0,33936.6,34025.8,33806.3,33813.4,4604.0
20260407.0,2315.0,33809.3,33831.9,33698.6,33805.2,5942.0
20260407.0,2330.0,33804.2,33929.4,33800.2,33905.8,4474.0
20260407.0,2345.0,33906.8,33922.2,33845.3,33871.9,2670.0
20260408.0,0.0,33876.0,33990.9,33873.0,33948.9,2480.0
20260408.0,15.0,33956.1,34112.0,33951.0,33998.2,4096.0
20260408.0,30.0,34000.2,34059.7,33954.1,34038.2,3136.0
20260408.0,45.0,34037.2,34069.9,34018.7,34065.9,1548.0
20260408.0,100.0,34065.9,34092.5,34025.9,34038.2,1338.0
20260408.0,115.0,34036.1,34090.5,34026.9,34044.3,1108.0
20260408.0,130.0,34035.1,34057.6,33956.1,33990.0,1416.0
20260408.0,145.0,33993.0,34170.5,33985.9,34110.0,2754.0
20260408.0,200.0,34113.1,34212.6,34097.8,34156.2,2014.0
20260408.0,215.0,34156.2,34172.6,34107.0,34133.6,594.0
20260408.0,230.0,34132.6,34155.1,34096.7,34120.3,428.0
20260408.0,245.0,34122.3,34136.6,34039.3,34054.6,810.0
20260408.0,300.0,34050.5,34052.5,33941.8,33944.8,1284.0
20260408.0,315.0,33946.9,33996.1,33908.9,33987.9,2242.0
20260408.0,330.0,33990.0,34298.8,33980.8,34156.2,5494.0
20260408.0,345.0,34153.1,34218.7,34112.1,34190.1,1350.0
20260408.0,400.0,34186.0,34403.5,34162.4,34388.1,6876.0
20260408.0,415.0,34386.1,34420.9,34347.1,34387.1,1436.0
20260408.0,430.0,34387.1,34404.5,34336.9,34367.6,658.0
20260408.0,445.0,34363.5,34457.9,34356.4,34402.5,1270.0
20260408.0,500.0,34403.5,34404.5,34358.4,34372.7,632.0
20260408.0,900.0,35559.0,35592.8,35447.2,35496.4,20346.0
20260408.0,915.0,35499.5,35535.4,35376.4,35494.4,16758.0
20260408.0,930.0,35499.5,35550.8,35412.3,35534.4,11736.0
20260408.0,945.0,35535.4,35711.9,35520.1,35648.3,13552.0
20260408.0,1000.0,35650.4,35800.1,35641.2,35790.9,8378.0
20260408.0,1015.0,35790.9,35926.3,35791.0,35911.0,10976.0
20260408.0,1030.0,35912.0,35959.2,35864.9,35894.6,6642.0
20260408.0,1045.0,35897.7,35901.7,35829.0,35874.1,4204.0
20260408.0,1100.0,35875.1,35926.3,35871.0,35909.0,3764.0
20260408.0,1115.0,35909.0,35922.2,35868.0,35874.1,2074.0
20260408.0,1130.0,35873.0,35888.4,35754.0,35810.4,5994.0
20260408.0,1145.0,35809.4,35878.1,35802.3,35812.5,3146.0
20260408.0,1200.0,35814.5,35865.8,35805.4,35840.2,2246.0
20260408.0,1215.0,35837.1,35940.7,35837.2,35926.4,3874.0
20260408.0,1230.0,35928.5,35953.0,35904.9,35941.8,2750.0
20260408.0,1245.0,35940.8,35978.7,35913.1,35949.0,3650.0
20260408.0,1300.0,35947.9,35969.5,35922.3,35934.6,2866.0
20260408.0,1315.0,35931.5,35956.1,35886.4,35891.5,3948.0
20260408.0,1330.0,35889.5,35909.9,35838.2,35880.2,5480.0
20260408.0,1345.0,35873.0,35954.1,35871.0,35913.1,15950.0
20260408.0,1515.0,35917.2,35962.3,35871.0,35931.5,3274.0
20260408.0,1530.0,35931.5,36101.8,35923.4,36066.0,4548.0
20260408.0,1545.0,36063.9,36065.9,35876.2,35892.5,3122.0
20260408.0,1600.0,35897.7,35938.7,35876.2,35876.1,1336.0
20260408.0,1615.0,35877.1,35954.1,35850.5,35934.6,1816.0
20260408.0,1630.0,35928.5,35975.6,35921.3,35967.4,1224.0
20260408.0,1645.0,35965.4,36023.8,35912.1,35939.7,2044.0
20260408.0,1700.0,35945.9,36064.9,35942.9,36056.7,1990.0
20260408.0,1715.0,36053.6,36120.3,36046.5,36086.5,2298.0
20260408.0,1730.0,36088.5,36102.9,36050.6,36061.9,1094.0
20260408.0,1745.0,36061.9,36075.1,35962.4,35976.7,1544.0
20260408.0,1800.0,35977.7,36045.4,35961.3,36011.6,1448.0
20260408.0,1815.0,36019.8,36040.3,35990.1,36010.5,718.0
20260408.0,1830.0,36015.7,36058.7,35990.1,36048.5,684.0
20260408.0,1845.0,36047.5,36084.4,36046.5,36078.3,858.0
20260408.0,1900.0,36080.3,36083.4,36053.7,36071.1,576.0
20260408.0,1915.0,36067.0,36096.7,36050.6,36081.4,842.0
20260408.0,1930.0,36079.3,36188.0,36055.8,36168.6,2620.0
20260408.0,1945.0,36171.7,36171.6,36064.0,36107.0,1750.0
20260408.0,2000.0,36106.0,36148.0,36106.0,36139.9,920.0
20260408.0,2015.0,36140.9,36202.4,36128.6,36183.0,2008.0
20260408.0,2030.0,36183.0,36210.6,36021.9,36109.1,4726.0
20260408.0,2045.0,36107.0,36171.6,36101.9,36165.5,1910.0
20260408.0,2100.0,36165.5,36199.3,36151.2,36171.7,1314.0
20260408.0,2115.0,36171.7,36234.2,36161.5,36219.9,2008.0
20260408.0,2130.0,36219.9,36237.3,36191.2,36220.9,1664.0
20260408.0,2145.0,36214.8,36258.8,36146.1,36187.1,7084.0
20260408.0,2200.0,36185.0,36274.2,36124.5,36180.9,5926.0
20260408.0,2215.0,36183.0,36215.7,36096.8,36196.3,3778.0
20260408.0,2230.0,36197.3,36210.6,36087.6,36091.6,3554.0
20260408.0,2245.0,36100.9,36117.2,35976.7,35988.0,5826.0
20260408.0,2300.0,35985.9,36021.8,35866.9,35956.2,8418.0
20260408.0,2315.0,35958.2,36030.0,35944.9,36007.5,3952.0
20260408.0,2330.0,36003.4,36052.6,35987.0,36022.9,2392.0
20260408.0,2345.0,36025.9,36075.1,36005.5,36066.0,2260.0
20260409.0,0.0,36068.0,36110.0,36066.0,36082.4,1592.0
20260409.0,15.0,36079.3,36135.7,36078.3,36081.4,1896.0
20260409.0,30.0,36082.4,36101.8,36051.6,36098.8,1312.0
20260409.0,45.0,36101.9,36173.7,36087.6,36159.3,1652.0
20260409.0,100.0,36159.3,36186.0,36154.3,36167.6,956.0
20260409.0,115.0,36166.5,36196.2,36150.2,36170.6,844.0
20260409.0,130.0,36170.6,36178.8,36084.5,36114.2,1948.0
20260409.0,145.0,36123.4,36161.4,36077.3,36152.2,1120.0
20260409.0,200.0,36155.2,36173.7,36128.6,36145.0,488.0
20260409.0,215.0,36139.9,36187.0,36120.4,36183.0,702.0
20260409.0,230.0,36184.0,36208.6,36031.1,36053.6,2574.0
20260409.0,245.0,36054.7,36100.8,36001.4,36007.5,862.0
20260409.0,300.0,36011.6,36046.4,35926.4,35937.7,1258.0
20260409.0,315.0,35933.6,36044.4,35921.3,36040.3,1020.0
20260409.0,330.0,36038.3,36057.7,36004.4,36020.8,468.0
20260409.0,345.0,36022.9,36091.6,36022.9,36087.5,1126.0
20260409.0,400.0,36090.6,36228.1,36079.4,36214.8,1800.0
20260409.0,415.0,36214.8,36229.1,36168.6,36171.7,710.0
20260409.0,430.0,36174.7,36182.9,36128.6,36145.0,306.0
20260409.0,445.0,36142.9,36144.9,36114.2,36123.4,214.0
20260409.0,500.0,36130.6,36139.8,36089.6,36130.6,396.0
20260409.0,900.0,35950.0,36019.7,35819.7,35886.4,11540.0
20260409.0,915.0,35883.3,35912.0,35754.0,35873.0,15144.0
20260409.0,930.0,35872.0,35879.1,35719.2,35769.4,9626.0
20260409.0,945.0,35769.4,35861.7,35689.4,35729.4,8142.0
20260409.0,1000.0,35735.5,35860.7,35727.4,35845.3,6706.0
20260409.0,1015.0,35845.3,35852.5,35666.8,35726.3,6150.0
20260409.0,1030.0,35730.4,35783.7,35697.6,35764.3,3500.0
20260409.0,1045.0,35764.3,35806.3,35726.3,35731.4,2918.0
20260409.0,1100.0,35733.5,35831.9,35733.5,35800.2,3516.0
20260409.0,1115.0,35800.2,35842.2,35754.0,35767.3,3032.0
20260409.0,1130.0,35767.3,35772.4,35702.7,35741.7,3736.0
20260409.0,1145.0,35741.7,35768.3,35727.4,35755.0,1702.0
20260409.0,1200.0,35749.9,35777.5,35723.3,35758.1,1976.0
20260409.0,1215.0,35758.1,35800.1,35735.6,35779.7,2618.0
20260409.0,1230.0,35781.7,35795.0,35714.0,35747.8,2444.0
20260409.0,1245.0,35747.8,35781.7,35726.3,35756.0,2574.0
20260409.0,1300.0,35758.1,35772.4,35712.0,35722.2,2326.0
20260409.0,1315.0,35722.2,35734.4,35655.5,35706.8,5060.0
20260409.0,1330.0,35706.8,35844.3,35705.8,35843.3,6912.0
20260409.0,1345.0,35843.3,35880.2,35825.9,35847.4,8428.0
20260409.0,1515.0,35837.1,35853.5,35775.6,35817.6,2070.0
20260409.0,1530.0,35810.4,35813.5,35719.2,35730.4,1764.0
20260409.0,1545.0,35735.5,35776.5,35693.5,35702.7,2304.0
20260409.0,1600.0,35706.8,35747.8,35685.3,35742.7,1400.0
20260409.0,1615.0,35746.8,35757.0,35696.6,35699.6,1014.0
20260409.0,1630.0,35697.6,35752.9,35696.6,35710.9,656.0
20260409.0,1645.0,35715.0,35794.0,35715.1,35794.0,1132.0
20260409.0,1700.0,35794.0,35802.2,35738.7,35746.8,824.0
20260409.0,1715.0,35743.7,35759.1,35709.9,35754.0,868.0
20260409.0,1730.0,35756.0,35778.6,35739.7,35770.4,684.0
20260409.0,1745.0,35763.2,35775.5,35734.5,35750.9,530.0
20260409.0,1800.0,35751.9,35778.6,35742.8,35775.5,438.0
20260409.0,1815.0,35776.6,35797.0,35752.0,35760.2,788.0
20260409.0,1830.0,35756.0,35782.7,35738.7,35759.1,704.0
20260409.0,1845.0,35760.2,35775.5,35735.6,35762.2,728.0
20260409.0,1900.0,35760.2,35770.4,35703.8,35706.8,1136.0
20260409.0,1915.0,35711.9,35722.1,35676.1,35717.1,1454.0
20260409.0,1930.0,35717.1,35728.3,35703.8,35723.2,726.0
20260409.0,1945.0,35721.2,35785.8,35721.2,35778.6,1484.0
20260409.0,2000.0,35780.7,35818.6,35777.6,35807.4,1472.0
20260409.0,2015.0,35804.3,35815.5,35780.7,35780.7,698.0
20260409.0,2030.0,35779.7,35794.0,35772.5,35785.8,536.0
20260409.0,2045.0,35787.9,35870.9,35751.0,35819.7,2774.0
20260409.0,2100.0,35815.6,35834.0,35778.7,35806.3,862.0
20260409.0,2115.0,35809.4,35828.9,35781.8,35814.5,1188.0
20260409.0,2130.0,35816.6,35907.9,35814.6,35891.5,2624.0
20260409.0,2145.0,35894.6,36030.0,35871.0,36018.8,7076.0
20260409.0,2200.0,36013.6,36018.7,35844.4,35874.1,5478.0
20260409.0,2215.0,35874.1,35914.0,35816.6,35846.4,4038.0
20260409.0,2230.0,35843.3,35845.3,35734.5,35770.4,4494.0
20260409.0,2245.0,35768.4,35817.6,35738.7,35786.8,2686.0
20260409.0,2300.0,35793.0,35901.7,35793.0,35871.0,3158.0
20260409.0,2315.0,35867.9,35888.4,35814.6,35880.2,1610.0
20260409.0,2330.0,35881.2,35970.5,35881.3,35909.0,3744.0
20260409.0,2345.0,35911.0,36054.6,35901.8,36022.9,5864.0
20260410.0,0.0,36019.8,36089.5,35986.0,36072.1,3168.0
20260410.0,15.0,36074.2,36147.0,36069.1,36107.0,3502.0
20260410.0,30.0,36108.0,36175.7,36095.8,36139.9,2276.0
20260410.0,45.0,36138.8,36142.9,36078.3,36100.9,1640.0
20260410.0,100.0,36100.9,36132.6,36059.9,36114.2,1412.0
20260410.0,115.0,36118.3,36163.4,36103.0,36150.1,1604.0
20260410.0,130.0,36145.0,36168.5,36128.6,36140.9,1096.0
20260410.0,145.0,36138.8,36213.7,36105.0,36170.6,1402.0
20260410.0,200.0,36175.8,36195.2,36158.4,36169.6,748.0
20260410.0,215.0,36174.7,36196.2,36055.8,36099.8,2038.0
20260410.0,230.0,36097.8,36129.5,36078.3,36098.8,856.0
20260410.0,245.0,36101.9,36128.5,36045.5,36102.9,1148.0
20260410.0,300.0,36101.9,36132.6,36101.9,36114.2,622.0
20260410.0,315.0,36117.3,36177.8,36114.2,36163.5,842.0
20260410.0,330.0,36166.5,36169.6,36126.6,36140.9,544.0
20260410.0,345.0,36140.9,36172.6,36140.9,36157.3,382.0
20260410.0,400.0,36156.3,36171.6,36100.9,36131.6,660.0
20260410.0,415.0,36124.5,36127.5,36093.7,36117.3,498.0
20260410.0,430.0,36117.3,36138.8,36116.3,36130.6,144.0
20260410.0,445.0,36133.7,36144.9,36124.5,36129.6,218.0
20260410.0,500.0,36132.7,36146.0,36117.3,36145.0,276.0
20260410.0,900.0,36172.7,36303.0,36137.8,36294.8,8860.0
20260410.0,915.0,36291.7,36366.6,36225.1,36319.4,11966.0
20260410.0,930.0,36316.4,36394.3,36290.8,36293.8,10206.0
20260410.0,945.0,36292.8,36452.8,36291.8,36396.4,9542.0
20260410.0,1000.0,36396.4,36466.1,36345.1,36389.2,5808.0
20260410.0,1015.0,36390.2,36397.4,36262.0,36263.0,5694.0
20260410.0,1030.0,36271.2,36317.3,36177.9,36258.9,7690.0
20260410.0,1045.0,36265.0,36339.9,36264.1,36330.7,2890.0
20260410.0,1100.0,36334.8,36378.9,36307.2,36366.6,3330.0
20260410.0,1115.0,36370.7,36407.6,36352.3,36370.7,3060.0
20260410.0,1130.0,36366.6,36367.6,36312.3,36322.5,2210.0
20260410.0,1145.0,36321.5,36441.5,36319.5,36384.1,3854.0
20260410.0,1200.0,36384.1,36411.7,36366.7,36393.3,1986.0
20260410.0,1215.0,36393.3,36404.6,36369.8,36381.0,1512.0
20260410.0,1230.0,36375.9,36476.4,36374.9,36441.6,6114.0
20260410.0,1245.0,36440.5,36471.3,36415.9,36420.0,3550.0
20260410.0,1300.0,36418.0,36475.4,36414.9,36464.1,3514.0
20260410.0,1315.0,36464.1,36483.6,36439.6,36444.6,3554.0
20260410.0,1330.0,36443.6,36494.9,36434.4,36492.9,4882.0
20260410.0,1345.0,36491.8,36512.3,36460.1,36499.0,12910.0
20260410.0,1515.0,36451.8,36520.5,36428.3,36445.7,3960.0
20260410.0,1530.0,36443.6,36456.9,36404.7,36447.7,1922.0
20260410.0,1545.0,36449.8,36479.5,36437.5,36450.8,766.0
20260410.0,1600.0,36445.7,36480.5,36428.3,36471.3,784.0
20260410.0,1615.0,36469.3,36519.5,36441.6,36478.5,1916.0
20260410.0,1630.0,36478.5,36515.4,36464.2,36510.3,720.0
20260410.0,1645.0,36507.2,36526.7,36486.8,36487.7,990.0
20260410.0,1700.0,36490.8,36490.8,36421.1,36436.4,1590.0
20260410.0,1715.0,36435.4,36463.1,36434.4,36447.7,774.0
20260410.0,1730.0,36452.8,36598.5,36451.9,36528.8,3724.0
20260410.0,1745.0,36529.8,36546.2,36501.1,36527.8,848.0
20260410.0,1800.0,36525.7,36553.4,36513.4,36546.2,916.0
20260410.0,1815.0,36545.2,36569.8,36506.3,36519.5,1024.0
20260410.0,1830.0,36514.4,36580.0,36514.5,36556.5,864.0
20260410.0,1845.0,36559.6,36569.8,36537.0,36553.4,634.0
20260410.0,1900.0,36552.4,36556.4,36535.0,36537.0,390.0
20260410.0,1915.0,36536.0,36570.8,36535.0,36550.3,798.0
20260410.0,1930.0,36551.4,36566.7,36544.2,36561.6,350.0
20260410.0,1945.0,36561.6,36577.0,36541.1,36545.2,492.0
20260410.0,2000.0,36543.1,36550.3,36446.7,36466.2,2050.0
20260410.0,2015.0,36469.3,36502.1,36449.8,36500.0,1114.0
20260410.0,2030.0,36501.1,36542.1,36485.7,36525.7,1068.0
20260410.0,2045.0,36515.4,36618.0,36513.4,36594.5,3998.0
20260410.0,2100.0,36597.5,36604.7,36540.1,36548.3,1050.0
20260410.0,2115.0,36545.2,36575.9,36526.8,36569.8,868.0
20260410.0,2130.0,36564.7,36572.9,36546.3,36565.7,686.0
20260410.0,2145.0,36566.8,36578.0,36477.5,36526.7,3962.0
20260410.0,2200.0,36531.9,36647.8,36530.9,36625.2,4124.0
20260410.0,2215.0,36615.0,36655.0,36569.9,36649.9,3328.0
20260410.0,2230.0,36647.8,36684.7,36635.6,36660.1,2254.0
20260410.0,2245.0,36663.2,36683.7,36521.6,36541.1,3982.0
20260410.0,2300.0,36547.3,36586.2,36527.8,36582.1,2868.0
20260410.0,2315.0,36580.1,36606.7,36566.8,36605.7,1320.0
20260410.0,2330.0,36606.8,36656.0,36577.1,36582.1,2088.0
20260410.0,2345.0,36586.2,36600.6,36485.7,36517.5,3214.0
20260411.0,0.0,36516.5,36532.8,36458.0,36477.5,2790.0
20260411.0,15.0,36481.6,36560.5,36472.4,36542.1,2140.0
20260411.0,30.0,36541.1,36546.2,36508.3,36514.4,1188.0
20260411.0,45.0,36514.4,36532.8,36460.1,36471.3,1046.0
20260411.0,100.0,36474.4,36526.7,36472.4,36515.4,994.0
20260411.0,115.0,36518.5,36519.5,36485.7,36502.1,510.0
20260411.0,130.0,36505.2,36506.2,36471.4,36480.6,564.0
20260411.0,145.0,36479.5,36532.8,36470.3,36517.5,674.0
20260411.0,200.0,36521.6,36530.8,36503.2,36518.5,398.0
20260411.0,215.0,36516.5,36517.4,36478.5,36501.1,464.0
20260411.0,230.0,36506.2,36553.4,36504.2,36529.8,656.0
20260411.0,245.0,36534.9,36543.1,36517.5,36521.6,336.0
20260411.0,300.0,36521.6,36533.9,36516.5,36522.6,218.0
20260411.0,315.0,36521.6,36542.1,36517.5,36539.0,306.0
20260411.0,330.0,36536.0,36535.9,36501.1,36501.1,512.0
20260411.0,345.0,36503.1,36503.1,36467.3,36484.7,582.0
20260411.0,400.0,36491.8,36530.8,36486.8,36515.4,518.0
20260411.0,415.0,36514.4,36518.5,36493.9,36515.4,262.0
20260411.0,430.0,36513.4,36523.6,36509.3,36515.4,162.0
20260411.0,445.0,36516.5,36522.6,36499.1,36522.6,184.0
20260411.0,500.0,36523.7,36524.6,36510.4,36521.6,300.0
20260413.0,900.0,36204.5,36436.4,36148.1,36393.3,13354.0
20260413.0,915.0,36393.3,36486.7,36310.3,36480.6,12574.0
20260413.0,930.0,36480.6,36515.4,36385.2,36507.2,8970.0
20260413.0,945.0,36507.2,36520.5,36390.3,36464.1,12376.0
20260413.0,1000.0,36464.1,36548.2,36458.0,36521.6,10722.0
20260413.0,1015.0,36521.6,36545.2,36424.2,36450.8,12578.0
20260413.0,1030.0,36450.8,36478.4,36409.8,36418.0,9538.0
20260413.0,1045.0,36418.0,36530.8,36403.6,36524.7,12986.0
20260413.0,1100.0,36524.7,36586.2,36477.5,36573.9,13516.0
20260413.0,1115.0,36573.9,36585.2,36409.8,36410.8,13210.0
20260413.0,1130.0,36410.8,36466.1,36407.7,36446.7,9896.0
20260413.0,1145.0,36446.7,36458.9,36334.9,36415.9,9688.0
20260413.0,1200.0,36415.9,36433.3,36390.3,36414.9,6506.0
20260413.0,1215.0,36414.9,36431.2,36375.9,36427.2,6796.0
20260413.0,1230.0,36427.2,36430.2,36402.6,36407.7,6536.0
20260413.0,1245.0,36407.7,36410.7,36354.4,36354.3,18214.0
20260413.0,1300.0,36354.3,36416.9,36338.0,36399.5,11480.0
20260413.0,1315.0,36399.5,36446.6,36389.3,36411.8,11640.0
20260413.0,1330.0,36411.8,36467.2,36380.0,36435.4,18242.0
20260413.0,1345.0,36433.3,36439.5,36362.6,36386.1,14618.0
20260413.0,1515.0,36430.3,36476.4,36430.3,36453.9,1872.0
20260413.0,1530.0,36450.8,36460.0,36413.9,36441.6,1036.0
20260413.0,1545.0,36443.6,36452.8,36422.1,36422.1,364.0
20260413.0,1600.0,36429.2,36432.3,36399.5,36411.8,562.0
20260413.0,1615.0,36412.8,36466.1,36406.7,36427.2,962.0
20260413.0,1630.0,36425.1,36465.1,36415.9,36449.8,660.0
20260413.0,1645.0,36449.8,36487.7,36396.5,36411.8,1440.0
20260413.0,1700.0,36415.9,36416.9,36384.1,36397.4,894.0
20260413.0,1715.0,36398.5,36445.6,36398.5,36418.0,880.0
20260413.0,1730.0,36420.0,36443.6,36414.9,36434.4,282.0
20260413.0,1745.0,36431.3,36453.8,36424.2,36433.3,690.0
20260413.0,1800.0,36432.3,36435.3,36412.9,36414.9,308.0
20260413.0,1815.0,36416.9,36437.4,36414.9,36436.4,278.0
20260413.0,1830.0,36435.4,36436.4,36412.9,36430.3,292.0
20260413.0,1845.0,36431.3,36446.6,36429.3,36433.3,392.0
20260413.0,1900.0,36433.3,36520.5,36433.4,36510.3,1234.0
20260413.0,1915.0,36513.4,36546.2,36485.7,36499.0,1672.0
20260413.0,1930.0,36497.0,36511.3,36470.3,36479.5,542.0
20260413.0,1945.0,36476.4,36486.7,36414.9,36463.1,1320.0
20260413.0,2000.0,36466.2,36473.3,36410.8,36414.9,886.0
20260413.0,2015.0,36416.9,36454.8,36392.3,36451.8,1314.0
20260413.0,2030.0,36448.7,36453.8,36440.6,36447.7,220.0
20260413.0,2045.0,36452.8,36483.6,36448.8,36475.4,620.0
20260413.0,2100.0,36477.5,36508.2,36477.5,36486.7,722.0
20260413.0,2115.0,36488.8,36503.1,36469.3,36484.7,492.0
20260413.0,2130.0,36481.6,36534.9,36470.3,36528.8,942.0
20260413.0,2145.0,36529.8,36570.8,36509.3,36512.4,3208.0
20260413.0,2200.0,36512.4,36714.5,36474.4,36678.6,7740.0
20260413.0,2215.0,36678.6,36725.8,36615.0,36642.7,3884.0
20260413.0,2230.0,36638.6,36670.3,36581.2,36650.9,2540.0
20260413.0,2245.0,36655.0,36738.1,36643.8,36728.9,2464.0
20260413.0,2300.0,36728.9,36745.3,36671.5,36730.9,2244.0
20260413.0,2315.0,36730.9,36736.0,36654.0,36716.6,2748.0
20260413.0,2330.0,36716.6,36724.7,36674.6,36680.7,1082.0
20260413.0,2345.0,36676.6,36721.7,36656.1,36697.1,1418.0
20260414.0,0.0,36691.9,36701.1,36657.1,36673.5,644.0
20260414.0,15.0,36675.5,36734.0,36632.5,36704.3,2112.0
20260414.0,30.0,36699.1,36800.7,36695.1,36778.1,2822.0
20260414.0,45.0,36775.1,36815.0,36735.1,36786.4,2552.0
20260414.0,100.0,36782.3,36851.0,36777.2,36826.4,1914.0
20260414.0,115.0,36827.4,36862.2,36826.4,36852.0,1170.0
20260414.0,130.0,36849.0,36886.9,36849.0,36872.6,892.0
20260414.0,145.0,36873.6,36885.9,36858.2,36869.5,352.0
20260414.0,200.0,36864.4,36868.4,36838.7,36839.7,510.0
20260414.0,215.0,36843.8,36898.2,36841.8,36885.9,576.0
20260414.0,230.0,36885.9,36885.9,36858.2,36860.2,266.0
20260414.0,245.0,36859.2,36897.1,36859.3,36897.2,232.0
20260414.0,300.0,36900.3,36939.2,36899.3,36937.2,1034.0
20260414.0,315.0,36936.2,36939.2,36920.8,36929.0,440.0
20260414.0,330.0,36929.0,36952.6,36928.0,36944.4,674.0
20260414.0,345.0,36940.3,36959.7,36903.4,36909.5,478.0
20260414.0,400.0,36911.6,36954.6,36899.3,36928.0,612.0
20260414.0,415.0,36924.9,36964.9,36918.8,36952.6,312.0
20260414.0,430.0,36950.6,36971.0,36947.5,36963.9,204.0
20260414.0,445.0,36961.8,36981.3,36955.7,36969.0,308.0
20260414.0,500.0,36968.0,36971.0,36948.5,36971.1,452.0
20260414.0,900.0,37004.9,37052.1,36953.7,36990.6,10754.0
20260414.0,915.0,36987.5,37159.8,36959.8,37100.4,12678.0
20260414.0,930.0,37098.3,37230.7,37067.6,37139.4,9788.0
20260414.0,945.0,37139.4,37148.6,36983.4,37065.5,12644.0
20260414.0,1000.0,37067.5,37071.6,36933.2,36974.2,11816.0
20260414.0,1015.0,36974.2,37136.2,36938.3,37131.2,9238.0
20260414.0,1030.0,37131.2,37158.8,37063.5,37086.0,7306.0
20260414.0,1045.0,37088.1,37262.5,37060.4,37226.6,9122.0
20260414.0,1100.0,37225.6,37280.9,37208.2,37276.9,6982.0
20260414.0,1115.0,37276.9,37288.1,37236.9,37285.1,5598.0
20260414.0,1130.0,37285.1,37348.7,37274.9,37327.2,8018.0
20260414.0,1145.0,37327.2,37350.7,37304.6,37309.7,5838.0
20260414.0,1200.0,37311.8,37351.7,37303.6,37348.7,5034.0
20260414.0,1215.0,37351.8,37353.8,37295.4,37330.2,6520.0
20260414.0,1230.0,37328.2,37384.6,37318.0,37372.3,7384.0
20260414.0,1245.0,37372.3,37377.4,37327.2,37347.7,11432.0
20260414.0,1300.0,37347.7,37384.6,37343.6,37367.2,8916.0
20260414.0,1315.0,37369.2,37369.2,37325.2,37342.6,10248.0
20260414.0,1330.0,37341.5,37354.8,37308.7,37314.9,13254.0
20260414.0,1345.0,37317.9,37351.7,37306.7,37334.4,11666.0
20260414.0,1515.0,37334.4,37454.4,37309.8,37424.7,3766.0
20260414.0,1530.0,37424.7,37466.7,37408.3,37431.8,1128.0
20260414.0,1545.0,37432.9,37483.1,37432.9,37448.3,1348.0
20260414.0,1600.0,37447.2,37466.7,37431.9,37456.5,686.0
20260414.0,1615.0,37454.4,37470.8,37435.0,37456.5,934.0
20260414.0,1630.0,37454.4,37461.6,37425.7,37454.4,610.0
20260414.0,1645.0,37454.4,37485.2,37437.0,37455.4,698.0
20260414.0,1700.0,37459.5,37473.9,37450.4,37473.9,474.0
20260414.0,1715.0,37471.9,37510.8,37471.9,37480.1,1156.0
20260414.0,1730.0,37480.1,37487.2,37421.6,37421.6,928.0
20260414.0,1745.0,37424.7,37446.2,37408.3,37427.7,1074.0
20260414.0,1800.0,37428.8,37437.9,37361.1,37374.4,1446.0
20260414.0,1815.0,37373.3,37396.9,37340.6,37391.8,1576.0
20260414.0,1830.0,37388.7,37395.9,37368.3,37378.5,660.0
20260414.0,1845.0,37376.4,37386.6,37336.5,37347.7,1250.0
20260414.0,1900.0,37344.6,37373.3,37338.5,37349.7,436.0
20260414.0,1915.0,37350.8,37383.6,37345.7,37370.3,518.0
20260414.0,1930.0,37369.2,37420.5,37368.3,37401.1,778.0
20260414.0,1945.0,37395.9,37435.9,37396.0,37429.8,660.0
20260414.0,2000.0,37427.7,37482.1,37410.3,37454.4,1648.0
20260414.0,2015.0,37455.4,37461.6,37427.8,37438.0,624.0
20260414.0,2030.0,37437.0,37447.2,37401.1,37445.2,668.0
20260414.0,2045.0,37446.2,37473.9,37409.3,37415.4,856.0
20260414.0,2100.0,37420.6,37424.6,37384.7,37397.0,854.0
20260414.0,2115.0,37399.0,37427.7,37387.8,37418.5,626.0
20260414.0,2130.0,37421.6,37436.9,37389.8,37401.1,980.0
20260414.0,2145.0,37402.1,37423.6,37360.1,37415.4,3868.0
20260414.0,2200.0,37410.3,37452.3,37382.6,37429.8,2050.0
20260414.0,2215.0,37430.8,37499.5,37409.3,37490.3,2422.0
20260414.0,2230.0,37490.3,37523.1,37482.2,37509.8,1928.0
20260414.0,2245.0,37509.8,37531.3,37481.1,37489.3,1678.0
20260414.0,2300.0,37491.4,37530.3,37485.3,37504.7,1010.0
20260414.0,2315.0,37505.7,37505.7,37425.7,37439.0,1794.0
20260414.0,2330.0,37441.1,37505.7,37441.1,37493.4,1538.0
20260414.0,2345.0,37494.4,37529.3,37491.4,37507.8,1490.0
20260415.0,0.0,37507.8,37538.5,37502.7,37518.0,1268.0
20260415.0,15.0,37513.9,37552.9,37511.9,37535.5,1000.0
20260415.0,30.0,37540.6,37569.3,37531.4,37562.2,792.0
20260415.0,45.0,37557.0,37563.1,37520.1,37542.7,762.0
20260415.0,100.0,37548.8,37548.8,37520.1,37525.2,414.0
20260415.0,115.0,37531.4,37564.2,37530.4,37559.1,470.0
20260415.0,130.0,37557.0,37615.5,37555.0,37602.2,964.0
20260415.0,145.0,37602.2,37628.8,37602.2,37617.6,486.0
20260415.0,200.0,37620.7,37635.0,37615.6,37628.9,244.0
20260415.0,215.0,37629.9,37670.9,37629.9,37650.4,530.0
20260415.0,230.0,37649.4,37649.3,37554.0,37591.9,832.0
20260415.0,245.0,37597.1,37636.0,37595.1,37608.3,434.0
20260415.0,300.0,37604.2,37623.7,37601.2,37620.7,198.0
20260415.0,315.0,37619.6,37688.3,37616.6,37672.0,412.0
20260415.0,330.0,37670.9,37700.7,37671.0,37691.5,240.0
20260415.0,345.0,37690.4,37694.5,37659.7,37659.7,268.0
20260415.0,400.0,37663.8,37692.4,37657.7,37685.3,308.0
20260415.0,415.0,37683.3,37691.4,37663.8,37682.2,216.0
20260415.0,430.0,37682.2,37686.3,37677.2,37684.3,140.0
20260415.0,445.0,37687.4,37687.3,37672.0,37683.3,148.0
20260415.0,500.0,37685.3,37687.3,37661.8,37687.4,474.0
20260415.0,900.0,37687.4,37710.9,37639.2,37684.3,3892.0
20260415.0,915.0,37682.2,37764.3,37598.1,37763.3,7562.0
20260415.0,930.0,37764.3,37906.9,37762.3,37899.8,6950.0
20260415.0,945.0,37894.7,37954.1,37816.7,37949.0,5150.0
20260415.0,1000.0,37951.1,38019.8,37937.8,38010.6,4698.0
20260415.0,1015.0,38010.6,38044.4,37924.5,37976.8,4258.0
20260415.0,1030.0,37976.8,38023.9,37926.5,37951.1,3074.0
20260415.0,1045.0,37951.1,37974.7,37909.1,37930.6,2278.0
20260415.0,1100.0,37934.7,37991.1,37922.4,37944.9,1802.0
20260415.0,1115.0,37944.9,37956.2,37816.7,37872.1,3734.0
20260415.0,1130.0,37870.0,37876.1,37819.8,37821.8,1676.0
20260415.0,1145.0,37822.8,37887.4,37809.5,37810.5,2244.0
20260415.0,1200.0,37810.5,37898.1,37790.2,37875.7,1972.0
20260415.0,1215.0,37874.7,37890.9,37851.3,37881.8,1184.0
20260415.0,1230.0,37879.8,37884.8,37811.6,37815.6,1646.0
20260415.0,1245.0,37814.6,37816.6,37706.6,37715.8,3758.0
20260415.0,1300.0,37713.7,37755.4,37648.6,37752.4,4906.0
20260415.0,1315.0,37751.4,37785.0,37639.4,37711.7,6032.0
20260415.0,1330.0,37706.6,37739.1,37650.6,37676.0,6542.0
20260415.0,1345.0,37675.0,37716.7,37639.4,37673.0,12352.0
20260415.0,1515.0,37715.8,37799.3,37700.5,37782.0,4470.0
20260415.0,1530.0,37783.0,37819.6,37752.5,37781.0,2044.0
20260415.0,1545.0,37779.9,37808.4,37759.6,37773.8,1272.0
20260415.0,1600.0,37772.8,37799.3,37752.5,37786.1,882.0
20260415.0,1615.0,37787.1,37804.3,37762.7,37794.2,1172.0
20260415.0,1630.0,37794.2,37865.5,37772.9,37855.3,2084.0
20260415.0,1645.0,37858.4,37883.8,37851.3,37862.5,1472.0
20260415.0,1700.0,37860.4,37895.0,37854.4,37892.0,1290.0
20260415.0,1715.0,37894.1,37902.2,37747.4,37777.9,3140.0
20260415.0,1730.0,37777.9,37816.6,37764.7,37773.8,1178.0
20260415.0,1745.0,37772.8,37796.2,37751.5,37772.8,660.0
20260415.0,1800.0,37769.8,37791.1,37763.7,37779.9,466.0
20260415.0,1815.0,37778.9,37828.8,37775.9,37804.4,1022.0
20260415.0,1830.0,37803.4,37807.4,37697.5,37709.6,2406.0
20260415.0,1845.0,37712.7,37804.3,37701.5,37802.4,1626.0
20260415.0,1900.0,37798.3,37813.5,37783.1,37806.4,712.0
20260415.0,1915.0,37808.5,37838.0,37796.3,37831.9,722.0
20260415.0,1930.0,37830.9,37831.9,37792.2,37793.2,458.0
20260415.0,1945.0,37792.2,37834.9,37792.2,37817.6,464.0
20260415.0,2000.0,37820.7,37870.6,37793.2,37833.9,1346.0
20260415.0,2015.0,37829.9,37833.9,37769.8,37791.2,1192.0
20260415.0,2030.0,37792.2,37809.4,37784.1,37790.1,452.0
20260415.0,2045.0,37794.2,37827.8,37790.2,37824.8,558.0
20260415.0,2100.0,37824.8,37833.9,37802.4,37820.7,386.0
20260415.0,2115.0,37819.7,37845.1,37806.5,37842.1,548.0
20260415.0,2130.0,37843.1,37876.7,37830.9,37861.5,980.0
20260415.0,2145.0,37863.5,37871.6,37763.7,37765.7,4070.0
20260415.0,2200.0,37768.7,37844.1,37758.6,37837.0,3016.0
20260415.0,2215.0,37838.0,37852.2,37807.5,37828.9,2008.0
20260415.0,2230.0,37827.8,37886.9,37790.2,37874.7,2794.0
20260415.0,2245.0,37878.8,37946.0,37861.5,37943.0,4588.0
20260415.0,2300.0,37938.9,37965.3,37918.6,37923.6,2026.0
20260415.0,2315.0,37923.6,37957.2,37895.1,37952.1,1694.0
20260415.0,2330.0,37953.1,37995.9,37934.9,37981.7,1854.0
20260415.0,2345.0,37980.7,37983.7,37944.0,37974.5,1518.0
20260416.0,0.0,37971.5,37987.7,37914.5,37924.6,1252.0
20260416.0,15.0,37925.6,37970.4,37905.3,37955.2,1238.0
20260416.0,30.0,37957.2,37978.6,37925.7,37928.7,750.0
20260416.0,45.0,37929.7,37935.8,37829.9,37836.0,2256.0
20260416.0,100.0,37836.0,37849.2,37766.8,37830.9,2788.0
20260416.0,115.0,37832.9,37864.5,37821.8,37847.2,978.0
20260416.0,130.0,37847.2,37876.7,37842.1,37855.3,630.0
20260416.0,145.0,37853.3,37888.9,37841.1,37844.1,498.0
20260416.0,200.0,37846.2,37861.4,37841.1,37844.1,248.0
20260416.0,215.0,37844.1,37918.5,37821.8,37906.3,1088.0
20260416.0,230.0,37905.3,37921.5,37894.1,37900.2,366.0
20260416.0,245.0,37905.3,37922.5,37899.2,37905.3,288.0
20260416.0,300.0,37905.3,37938.8,37903.3,37930.7,374.0
20260416.0,315.0,37926.7,37949.0,37919.6,37927.7,270.0
20260416.0,330.0,37930.7,37950.0,37924.7,37950.1,212.0
20260416.0,345.0,37948.1,37961.2,37923.7,37932.8,436.0
20260416.0,400.0,37931.8,37962.3,37920.6,37920.5,538.0
20260416.0,415.0,37919.5,37923.6,37887.0,37917.5,350.0
20260416.0,430.0,37910.4,37919.5,37905.3,37905.3,86.0
20260416.0,445.0,37909.3,37915.4,37900.2,37905.3,118.0
20260416.0,500.0,37910.4,37926.6,37890.0,37926.7,318.0
20260416.0,900.0,38023.4,38119.2,38007.2,38058.1,8342.0
20260416.0,915.0,38059.1,38072.3,37784.1,37931.8,16570.0
20260416.0,930.0,37935.8,38041.7,37920.6,37977.6,7554.0
20260416.0,945.0,37979.6,38019.3,37887.0,37979.6,6346.0
20260416.0,1000.0,37982.7,38005.1,37900.2,37936.8,4804.0
20260416.0,1015.0,37940.9,38016.3,37938.9,37959.3,3956.0
20260416.0,1030.0,37958.2,37964.3,37902.3,37916.5,3322.0
20260416.0,1045.0,37915.5,37947.0,37812.6,37818.7,4644.0
20260416.0,1100.0,37815.6,37917.4,37802.4,37907.3,4050.0
20260416.0,1115.0,37907.3,38007.1,37906.3,37989.8,4516.0
20260416.0,1130.0,37991.9,38012.2,37922.6,37945.0,3288.0
20260416.0,1145.0,37945.0,38010.2,37944.0,37972.5,2704.0
20260416.0,1200.0,37972.5,37991.8,37953.2,37978.6,1530.0
20260416.0,1215.0,37981.7,38031.5,37943.0,38029.6,2704.0
20260416.0,1230.0,38028.5,38195.6,37992.9,38032.6,11258.0
20260416.0,1245.0,38031.6,38050.9,37997.0,38041.8,2934.0
20260416.0,1300.0,38039.7,38110.0,38035.7,38079.5,2532.0
20260416.0,1315.0,38079.5,38091.7,38041.8,38048.9,2532.0
20260416.0,1330.0,38048.9,38171.1,38045.9,38166.1,4460.0
20260416.0,1345.0,38169.1,38374.9,38146.8,38353.5,15502.0
20260416.0,1515.0,38256.8,38271.0,38013.3,38099.9,10430.0
20260416.0,1530.0,38102.9,38160.9,38073.4,38100.9,2946.0
20260416.0,1545.0,38100.9,38138.5,38075.5,38111.1,1340.0
20260416.0,1600.0,38110.0,38110.0,38038.8,38063.2,2150.0
20260416.0,1615.0,38066.2,38085.5,37945.0,37964.4,3276.0
20260416.0,1630.0,37973.5,37997.9,37933.8,37974.5,2340.0
20260416.0,1645.0,37971.5,38023.4,37946.1,38017.3,2244.0
20260416.0,1700.0,38016.3,38033.6,38001.1,38022.4,1186.0
20260416.0,1715.0,38020.4,38060.1,38002.1,38042.8,1254.0
20260416.0,1730.0,38044.8,38045.8,37963.4,37979.6,1674.0
20260416.0,1745.0,37982.7,37994.9,37907.3,37927.7,2474.0
20260416.0,1800.0,37931.8,37946.0,37900.2,37928.7,1930.0
20260416.0,1815.0,37929.7,37951.1,37891.0,37900.2,1426.0
20260416.0,1830.0,37897.1,37906.2,37814.6,37829.9,3302.0
20260416.0,1845.0,37828.9,37828.8,37732.1,37751.4,5142.0
20260416.0,1900.0,37749.4,37843.1,37671.0,37840.1,5614.0
20260416.0,1915.0,37842.1,37869.6,37832.0,37861.5,2598.0
20260416.0,1930.0,37861.5,37885.9,37830.9,37862.5,1424.0
20260416.0,1945.0,37864.5,37894.0,37846.2,37862.5,1164.0
20260416.0,2000.0,37862.5,37908.3,37843.2,37895.1,1430.0
20260416.0,2015.0,37893.0,37925.6,37849.3,37865.5,1904.0
20260416.0,2030.0,37864.5,37879.7,37821.8,37877.8,1324.0
20260416.0,2045.0,37877.8,37880.8,37821.8,37843.1,1308.0
20260416.0,2100.0,37843.1,37843.1,37796.3,37823.8,1332.0
20260416.0,2115.0,37824.8,37887.9,37816.7,37887.9,1522.0
20260416.0,2130.0,37885.9,37914.4,37866.6,37887.9,1744.0
20260416.0,2145.0,37884.9,37896.0,37742.3,37766.7,6716.0
20260416.0,2200.0,37762.6,37781.9,37622.1,37720.9,7374.0
20260416.0,2215.0,37716.8,37863.4,37695.4,37830.9,5482.0
20260416.0,2230.0,37830.9,37834.9,37746.4,37782.0,3006.0
20260416.0,2245.0,37785.0,37806.4,37752.5,37793.2,2094.0
20260416.0,2300.0,37794.2,37849.2,37780.0,37812.5,2526.0
20260416.0,2315.0,37813.6,37989.8,37811.6,37911.4,7226.0
20260416.0,2330.0,37917.5,37944.9,37872.7,37884.9,3052.0
20260416.0,2345.0,37877.8,37979.6,37856.4,37935.8,3178.0
20260417.0,0.0,37932.8,37952.1,37888.0,37937.9,1950.0
20260417.0,15.0,37940.9,37959.2,37903.3,37957.2,1566.0
20260417.0,30.0,37955.2,37960.2,37894.1,37894.1,886.0
20260417.0,45.0,37898.1,37900.1,37786.1,37845.2,2868.0
20260417.0,100.0,37849.2,37879.7,37823.8,37824.8,860.0
20260417.0,115.0,37827.8,37859.4,37800.4,37817.6,1122.0
20260417.0,130.0,37815.6,37875.7,37806.5,37854.3,650.0
20260417.0,145.0,37852.3,37868.5,37825.8,37846.2,568.0
20260417.0,200.0,37844.1,37848.2,37790.2,37819.7,864.0
20260417.0,215.0,37819.7,37856.3,37767.8,37795.2,1138.0
20260417.0,230.0,37804.4,37811.5,37755.5,37766.7,592.0
20260417.0,245.0,37766.7,37837.0,37763.7,37829.9,454.0
20260417.0,300.0,37828.9,37853.3,37814.6,37829.9,470.0
20260417.0,315.0,37831.9,37847.1,37818.7,37823.8,244.0
20260417.0,330.0,37828.9,37842.0,37819.7,37830.9,170.0
20260417.0,345.0,37833.9,37864.5,37826.9,37826.8,306.0
20260417.0,400.0,37823.8,37927.6,37818.7,37881.8,1090.0
20260417.0,415.0,37880.8,37888.9,37837.1,37855.3,370.0
20260417.0,430.0,37855.3,37864.5,37838.1,37846.2,176.0
20260417.0,445.0,37847.2,37868.5,37846.2,37863.5,166.0
20260417.0,500.0,37863.5,37871.6,37833.0,37842.1,338.0
20260417.0,900.0,37844.1,38009.1,37840.1,37962.3,9580.0
20260417.0,915.0,37965.4,38047.8,37908.4,37978.6,11862.0
20260417.0,930.0,37977.6,38056.0,37911.4,37948.1,7568.0
20260417.0,945.0,37947.0,38017.3,37888.0,37890.0,6076.0
20260417.0,1000.0,37890.0,38016.3,37882.9,37985.7,6756.0
20260417.0,1015.0,37988.8,38049.9,37944.0,38049.9,4882.0
20260417.0,1030.0,38051.0,38091.7,37989.9,37989.8,6042.0
20260417.0,1045.0,37992.9,38002.0,37915.5,37937.9,4572.0
20260417.0,1100.0,37933.8,37963.3,37910.4,37926.7,2554.0
20260417.0,1115.0,37927.7,37952.1,37888.0,37901.2,3206.0
20260417.0,1130.0,37898.1,37933.7,37845.2,37866.5,4332.0
20260417.0,1145.0,37863.5,37888.9,37809.5,37860.4,4516.0
20260417.0,1200.0,37859.4,37879.7,37811.6,37823.8,2022.0
20260417.0,1215.0,37824.8,37871.6,37819.7,37864.5,2068.0
20260417.0,1230.0,37865.5,37882.8,37850.3,37881.8,1692.0
20260417.0,1245.0,37877.8,37880.8,37825.8,37843.1,2510.0
20260417.0,1300.0,37840.1,37932.7,37829.9,37841.1,4292.0
20260417.0,1315.0,37838.0,37901.1,37784.1,37883.9,5272.0
20260417.0,1330.0,37882.8,37908.3,37823.8,37825.8,3688.0
20260417.0,1345.0,37823.8,37830.8,37730.1,37781.0,9480.0
20260417.0,1515.0,37752.4,37851.2,37739.2,37829.9,2966.0
20260417.0,1530.0,37829.9,37874.6,37820.7,37859.4,1794.0
20260417.0,1545.0,37860.4,37895.0,37853.4,37889.0,970.0
20260417.0,1600.0,37886.9,37920.5,37876.8,37912.4,1050.0
20260417.0,1615.0,37916.5,37925.6,37867.6,37886.9,1230.0
20260417.0,1630.0,37883.9,37911.3,37879.8,37900.2,488.0
20260417.0,1645.0,37902.2,37954.1,37879.8,37951.1,1572.0
20260417.0,1700.0,37952.1,38002.0,37944.0,37973.5,1756.0
20260417.0,1715.0,37973.5,37990.8,37957.3,37960.3,716.0
20260417.0,1730.0,37960.3,37995.9,37941.0,37981.7,766.0
20260417.0,1745.0,37983.7,37984.7,37961.3,37971.5,324.0
20260417.0,1800.0,37971.5,37985.7,37963.4,37977.6,588.0
20260417.0,1815.0,37974.5,37982.6,37955.2,37963.3,392.0
20260417.0,1830.0,37961.3,37971.4,37949.1,37956.2,306.0
20260417.0,1845.0,37959.3,37962.3,37923.7,37926.7,752.0
20260417.0,1900.0,37923.6,37964.3,37917.5,37956.2,410.0
20260417.0,1915.0,37961.3,37973.5,37949.1,37961.3,404.0
20260417.0,1930.0,37959.3,37973.5,37957.3,37963.3,236.0
20260417.0,1945.0,37966.4,38012.2,37966.4,37988.8,1230.0
20260417.0,2000.0,37985.7,37994.9,37977.6,37991.9,360.0
20260417.0,2015.0,37989.8,38041.7,37986.8,38032.6,1124.0
20260417.0,2030.0,38032.6,38155.8,38022.5,38123.3,3434.0
20260417.0,2045.0,38125.3,38192.5,38122.3,38168.1,2842.0
20260417.0,2100.0,38165.1,38473.7,38159.0,38473.8,8828.0
20260417.0,2115.0,38474.8,38561.3,38407.6,38540.0,5602.0
20260417.0,2130.0,38538.0,38545.0,38412.7,38435.0,3834.0
20260417.0,2145.0,38443.2,38495.1,38378.0,38446.3,5406.0
20260417.0,2200.0,38455.4,38489.0,38343.4,38472.7,4414.0
20260417.0,2215.0,38478.9,38587.8,38478.9,38567.5,3740.0
20260417.0,2230.0,38567.5,38618.4,38534.9,38572.6,3014.0
20260417.0,2245.0,38574.6,38708.0,38567.5,38685.7,4448.0
20260417.0,2300.0,38688.7,38690.7,38591.0,38603.2,2808.0
20260417.0,2315.0,38606.2,38607.2,38493.2,38528.8,4762.0
20260417.0,2330.0,38536.9,38567.4,38446.3,38470.7,2924.0
20260417.0,2345.0,38467.7,38553.2,38464.6,38481.9,2670.0
20260418.0,0.0,38491.1,38547.1,38462.6,38463.6,1980.0
20260418.0,15.0,38467.7,38537.9,38415.7,38525.7,2764.0
20260418.0,30.0,38523.7,38542.0,38507.4,38519.6,1224.0
20260418.0,45.0,38523.7,38579.7,38502.3,38516.6,2224.0
20260418.0,100.0,38514.5,38526.7,38483.0,38487.0,1072.0
20260418.0,115.0,38488.0,38506.3,38412.7,38460.5,1806.0
20260418.0,130.0,38461.5,38480.8,38307.7,38337.2,3332.0
20260418.0,145.0,38330.1,38367.8,38262.9,38322.0,3078.0
20260418.0,200.0,38320.9,38382.0,38317.9,38356.6,1144.0
20260418.0,215.0,38357.6,38365.7,38270.1,38285.3,1024.0
20260418.0,230.0,38287.3,38380.0,38271.1,38359.7,1280.0
20260418.0,245.0,38358.6,38408.5,38357.7,38400.4,1088.0
20260418.0,300.0,38402.4,38427.9,38351.6,38384.1,1066.0
20260418.0,315.0,38384.1,38411.6,38368.9,38374.9,546.0
20260418.0,330.0,38386.1,38405.5,38371.9,38378.0,318.0
20260418.0,345.0,38381.1,38440.1,38381.1,38432.0,412.0
20260418.0,400.0,38430.0,38499.2,38418.8,38486.0,914.0
20260418.0,415.0,38476.8,38476.8,38452.4,38462.6,388.0
20260418.0,430.0,38462.6,38465.6,38418.8,38437.1,310.0
20260418.0,445.0,38434.0,38442.1,38420.8,38435.0,210.0
20260418.0,500.0,38434.0,38470.7,38420.8,38452.4,518.0
20260420.0,900.0,38026.5,38163.0,37972.6,38048.9,10734.0
20260420.0,915.0,38044.8,38329.0,38016.4,38224.2,14900.0
20260420.0,930.0,38220.1,38266.9,38144.7,38169.1,7196.0
20260420.0,945.0,38174.2,38358.6,38165.1,38332.1,7192.0
20260420.0,1000.0,38329.1,38397.3,38261.9,38339.3,6152.0
20260420.0,1015.0,38338.3,38355.5,38175.3,38204.8,5350.0
20260420.0,1030.0,38207.9,38301.5,38203.8,38259.8,3562.0
20260420.0,1045.0,38261.8,38350.4,38261.9,38306.7,3038.0
20260420.0,1100.0,38306.7,38369.8,38284.3,38362.7,2666.0
20260420.0,1115.0,38359.7,38409.5,38338.3,38363.7,3224.0
20260420.0,1130.0,38364.8,38399.3,38319.0,38370.9,2524.0
20260420.0,1145.0,38374.9,38413.6,38343.4,38360.7,1838.0
20260420.0,1200.0,38358.6,38365.7,38296.5,38319.9,2122.0
20260420.0,1215.0,38320.9,38321.9,38230.3,38235.4,3724.0
20260420.0,1230.0,38237.4,38257.7,38185.5,38236.4,3004.0
20260420.0,1245.0,38236.4,38251.6,38186.5,38251.7,2608.0
20260420.0,1300.0,38251.7,38263.8,38212.0,38217.0,1978.0
20260420.0,1315.0,38217.0,38239.4,38189.6,38239.4,2272.0
20260420.0,1330.0,38238.4,38244.5,38073.4,38079.5,6412.0
20260420.0,1345.0,38079.5,38102.9,37909.4,37955.2,14182.0
20260420.0,1515.0,38016.3,38125.3,38014.3,38072.3,4348.0
20260420.0,1530.0,38075.4,38143.6,38056.1,38090.7,1952.0
20260420.0,1545.0,38093.7,38103.9,37989.9,38013.3,2486.0
20260420.0,1600.0,38012.2,38030.5,37962.4,38021.4,1864.0
20260420.0,1615.0,38019.4,38032.6,37918.6,37974.5,2146.0
20260420.0,1630.0,37969.4,38062.1,37966.4,38055.0,1906.0
20260420.0,1645.0,38052.0,38070.3,38029.6,38062.2,974.0
20260420.0,1700.0,38061.1,38129.4,38050.0,38094.8,1686.0
20260420.0,1715.0,38093.7,38127.3,38063.2,38069.3,1082.0
20260420.0,1730.0,38071.3,38087.6,38057.1,38073.4,790.0
20260420.0,1745.0,38072.3,38127.3,38072.4,38127.4,1274.0
20260420.0,1800.0,38124.3,38127.3,38081.6,38091.7,490.0
20260420.0,1815.0,38091.7,38172.1,38090.7,38155.9,1852.0
20260420.0,1830.0,38152.8,38174.2,38134.5,38145.7,880.0
20260420.0,1845.0,38149.8,38153.8,38110.1,38118.2,534.0
20260420.0,1900.0,38119.2,38138.5,38112.1,38119.2,382.0
20260420.0,1915.0,38116.2,38121.2,38063.2,38106.0,1182.0
20260420.0,1930.0,38106.0,38124.3,38095.8,38095.8,414.0
20260420.0,1945.0,38100.9,38150.7,38090.7,38143.7,1164.0
20260420.0,2000.0,38143.7,38195.6,38140.7,38195.6,1496.0
20260420.0,2015.0,38186.5,38197.6,38100.9,38146.7,2076.0
20260420.0,2030.0,38142.6,38175.2,38113.2,38163.0,854.0
20260420.0,2045.0,38166.1,38180.3,38115.2,38154.9,940.0
20260420.0,2100.0,38164.0,38200.7,38153.9,38158.9,810.0
20260420.0,2115.0,38157.9,38231.2,38119.3,38208.9,2528.0
20260420.0,2130.0,38214.0,38282.2,38196.7,38273.1,2218.0
20260420.0,2145.0,38277.1,38301.5,38194.7,38247.6,4720.0
20260420.0,2200.0,38243.5,38334.1,38221.1,38325.0,3672.0
20260420.0,2215.0,38323.0,38329.0,38242.5,38298.5,3202.0
20260420.0,2230.0,38294.5,38373.9,38254.8,38347.4,3878.0
20260420.0,2245.0,38344.4,38356.5,38245.6,38282.2,2660.0
20260420.0,2300.0,38281.2,38309.7,38134.5,38147.7,5372.0
20260420.0,2315.0,38153.9,38192.5,38071.4,38180.3,4860.0
20260420.0,2330.0,38179.3,38284.2,38163.1,38278.2,4270.0
20260420.0,2345.0,38278.2,38289.3,38225.2,38244.5,2110.0
20260421.0,0.0,38240.5,38259.8,38214.0,38246.6,884.0
20260421.0,15.0,38242.5,38272.0,38205.9,38252.7,1444.0
20260421.0,30.0,38255.7,38303.6,38238.5,38273.1,1296.0
20260421.0,45.0,38277.1,38303.6,38245.6,38281.2,794.0
20260421.0,100.0,38280.2,38310.7,38274.1,38294.5,792.0
20260421.0,115.0,38292.4,38318.9,38281.3,38297.5,704.0
20260421.0,130.0,38293.4,38331.1,38289.4,38296.5,776.0
20260421.0,145.0,38295.5,38363.7,38290.4,38345.4,896.0
20260421.0,200.0,38346.4,38401.4,38345.4,38363.7,1672.0
20260421.0,215.0,38367.8,38399.3,38317.9,38368.8,1272.0
20260421.0,230.0,38367.8,38379.0,38348.5,38350.5,614.0
20260421.0,245.0,38358.6,38369.8,38302.7,38326.0,664.0
20260421.0,300.0,38325.0,38375.9,38325.1,38357.6,228.0
20260421.0,315.0,38360.7,38396.3,38360.7,38367.8,430.0
20260421.0,330.0,38371.9,38371.8,38331.2,38334.2,390.0
20260421.0,345.0,38333.2,38357.6,38313.9,38342.3,324.0
20260421.0,400.0,38347.4,38360.6,38323.0,38355.6,320.0
20260421.0,415.0,38354.6,38355.5,38317.9,38328.1,526.0
20260421.0,430.0,38330.1,38333.1,38324.0,38327.1,74.0
20260421.0,445.0,38327.1,38362.7,38322.0,38354.6,210.0
20260421.0,500.0,38350.5,38350.4,38312.8,38329.1,396.0
20260421.0,900.0,38416.7,38513.4,38410.6,38495.2,8792.0
20260421.0,915.0,38491.1,38787.5,38491.1,38545.1,21352.0
20260421.0,930.0,38552.2,38577.6,38432.0,38446.3,11786.0
20260421.0,945.0,38454.4,38576.6,38419.8,38550.2,8580.0
20260421.0,1000.0,38544.1,38552.2,38355.6,38521.6,9090.0
20260421.0,1015.0,38519.6,38734.5,38505.4,38720.3,9948.0
20260421.0,1030.0,38717.3,38839.5,38689.8,38801.8,10174.0
20260421.0,1045.0,38801.8,38817.1,38704.1,38788.6,4840.0
20260421.0,1100.0,38787.6,38800.8,38726.5,38763.1,3330.0
20260421.0,1115.0,38758.0,38773.2,38720.4,38751.9,2138.0
20260421.0,1130.0,38756.0,38760.0,38635.8,38724.4,4288.0
20260421.0,1145.0,38723.4,38742.7,38662.3,38688.7,1716.0
20260421.0,1200.0,38688.7,38735.6,38683.7,38721.3,1604.0
20260421.0,1215.0,38721.3,38760.0,38708.1,38749.9,2006.0
20260421.0,1230.0,38747.8,38792.6,38737.7,38742.7,2478.0
20260421.0,1245.0,38743.8,38744.7,38696.9,38699.9,2338.0
20260421.0,1300.0,38699.9,38765.1,38682.7,38751.9,2630.0
20260421.0,1315.0,38752.9,38877.2,38741.8,38873.1,5036.0
20260421.0,1330.0,38873.1,38874.1,38741.8,38742.7,5454.0
20260421.0,1345.0,38744.8,38773.2,38707.1,38764.1,8802.0
20260421.0,1515.0,38827.3,38843.5,38739.7,38783.5,3194.0
20260421.0,1530.0,38786.5,38820.1,38772.3,38778.4,1216.0
20260421.0,1545.0,38783.5,38799.7,38733.6,38776.4,874.0
20260421.0,1600.0,38774.3,38819.1,38732.6,38732.5,1084.0
20260421.0,1615.0,38732.5,38766.1,38719.4,38725.4,1458.0
20260421.0,1630.0,38728.5,38802.8,38724.4,38797.7,832.0
20260421.0,1645.0,38794.7,38827.2,38769.3,38820.2,836.0
20260421.0,1700.0,38816.1,38824.2,38781.5,38781.4,688.0
20260421.0,1715.0,38780.4,38787.5,38745.8,38765.1,836.0
20260421.0,1730.0,38765.1,38786.5,38761.1,38761.1,308.0
20260421.0,1745.0,38767.2,38775.3,38752.0,38759.0,344.0
20260421.0,1800.0,38761.1,38788.5,38754.0,38781.4,862.0
20260421.0,1815.0,38777.4,38808.9,38777.4,38780.4,526.0
20260421.0,1830.0,38781.4,38785.5,38767.2,38772.3,464.0
20260421.0,1845.0,38772.3,38790.6,38772.3,38780.4,388.0
20260421.0,1900.0,38781.4,38814.0,38776.4,38801.8,516.0
20260421.0,1915.0,38800.8,38818.1,38633.8,38656.1,3996.0
20260421.0,1930.0,38662.2,38732.5,38613.4,38728.5,3502.0
20260421.0,1945.0,38727.5,38798.7,38723.4,38731.5,1600.0
20260421.0,2000.0,38731.5,38737.6,38670.4,38678.5,1088.0
20260421.0,2015.0,38682.6,38706.0,38651.1,38696.9,1590.0
20260421.0,2030.0,38694.8,38700.9,38644.0,38680.6,1406.0
20260421.0,2045.0,38680.6,38706.0,38552.3,38577.7,3812.0
20260421.0,2100.0,38584.8,38603.1,38545.1,38597.0,2650.0
20260421.0,2115.0,38597.0,38625.5,38592.0,38604.2,1288.0
20260421.0,2130.0,38604.2,38631.6,38580.8,38596.0,1206.0
20260421.0,2145.0,38595.0,38676.5,38570.6,38665.3,5486.0
20260421.0,2200.0,38662.2,38728.4,38641.9,38698.9,3028.0
20260421.0,2215.0,38699.9,38779.4,38666.4,38741.7,3910.0
20260421.0,2230.0,38739.7,38771.2,38658.2,38681.6,2750.0
20260421.0,2245.0,38679.6,38722.3,38637.8,38638.8,2666.0
20260421.0,2300.0,38642.9,38650.0,38426.9,38449.3,6184.0
20260421.0,2315.0,38449.3,38557.3,38380.1,38526.7,8638.0
20260421.0,2330.0,38524.7,38576.6,38480.9,38499.2,3588.0
20260421.0,2345.0,38504.3,38538.9,38435.1,38529.8,2864.0
20260422.0,0.0,38530.8,38556.2,38500.3,38518.6,1566.0
20260422.0,15.0,38521.6,38587.8,38513.5,38529.8,2000.0
20260422.0,30.0,38531.8,38542.0,38483.0,38487.0,870.0
20260422.0,45.0,38489.0,38548.1,38458.5,38470.7,1198.0
20260422.0,100.0,38474.8,38523.6,38474.8,38480.9,610.0
20260422.0,115.0,38481.9,38519.6,38363.8,38384.1,3462.0
20260422.0,130.0,38389.2,38404.4,38321.0,38390.2,2528.0
20260422.0,145.0,38390.2,38570.5,38383.1,38521.6,3768.0
20260422.0,200.0,38520.6,38550.1,38497.2,38531.8,1120.0
20260422.0,215.0,38532.9,38573.6,38521.7,38549.2,998.0
20260422.0,230.0,38552.2,38567.4,38465.7,38484.0,1646.0
20260422.0,245.0,38485.0,38531.8,38484.0,38492.1,496.0
20260422.0,300.0,38491.1,38613.3,38453.4,38523.7,2262.0
20260422.0,315.0,38526.7,38601.1,38511.5,38548.1,1136.0
20260422.0,330.0,38566.5,38657.1,38533.9,38654.1,1430.0
20260422.0,345.0,38658.2,38665.3,38282.3,38291.4,3878.0
20260422.0,400.0,38297.5,38441.1,38248.7,38393.3,3690.0
20260422.0,415.0,38399.4,38710.1,38337.3,38604.2,4126.0
20260422.0,430.0,38611.3,38641.8,38586.9,38606.2,692.0
20260422.0,445.0,38605.2,38627.6,38591.0,38599.1,348.0
20260422.0,500.0,38595.0,38626.5,38587.9,38617.4,430.0
20260422.0,900.0,38868.0,38891.4,38659.2,38673.5,10648.0
20260422.0,915.0,38677.5,38817.1,38638.9,38781.4,12014.0
20260422.0,930.0,38779.4,38912.8,38771.3,38878.2,8678.0
20260422.0,945.0,38878.2,38995.4,38872.2,38903.7,9228.0
20260422.0,1000.0,38903.7,38970.9,38847.7,38903.7,5266.0
20260422.0,1015.0,38901.7,38992.3,38888.5,38989.3,4248.0
20260422.0,1030.0,38989.3,39054.4,38943.5,39027.0,7902.0
20260422.0,1045.0,39028.0,39041.2,38971.0,39022.9,2532.0
20260422.0,1100.0,39021.9,39067.7,39010.7,39018.8,3156.0
20260422.0,1115.0,39017.8,39058.5,38980.2,39013.7,2792.0
20260422.0,1130.0,39012.7,39037.1,38957.8,39004.6,2710.0
20260422.0,1145.0,39001.5,39091.1,38982.2,39016.8,5434.0
20260422.0,1200.0,39017.8,39039.2,38922.1,38924.1,3534.0
20260422.0,1215.0,38926.1,38986.2,38898.7,38981.1,3740.0
20260422.0,1230.0,38982.2,38985.2,38883.4,38883.3,2676.0
20260422.0,1245.0,38882.3,38938.3,38861.0,38925.1,2898.0
20260422.0,1300.0,38922.0,38956.6,38872.2,38883.3,2854.0
20260422.0,1315.0,38879.3,38924.0,38868.1,38917.0,2072.0
20260422.0,1330.0,38912.9,38996.4,38889.5,38919.0,8050.0
20260422.0,1345.0,38917.0,38950.5,38878.3,38925.1,9078.0
20260422.0,1515.0,38950.6,38988.2,38936.4,38979.1,2090.0
20260422.0,1530.0,38977.1,38979.0,38924.1,38976.0,824.0
20260422.0,1545.0,38974.0,38986.2,38924.1,38959.7,584.0
20260422.0,1600.0,38956.7,38960.7,38912.9,38930.2,786.0
20260422.0,1615.0,38941.4,38955.6,38905.8,38940.4,640.0
20260422.0,1630.0,38938.3,38945.4,38799.8,38817.1,2576.0
20260422.0,1645.0,38826.3,38842.5,38738.7,38817.1,2480.0
20260422.0,1700.0,38822.2,38885.3,38802.9,38876.2,1130.0
20260422.0,1715.0,38877.2,38911.8,38864.0,38885.4,1328.0
20260422.0,1730.0,38886.4,38929.1,38866.1,38910.8,724.0
20260422.0,1745.0,38908.8,38934.2,38894.6,38926.1,574.0
20260422.0,1800.0,38926.1,38926.1,38812.1,38854.8,1074.0
20260422.0,1815.0,38853.8,38876.1,38804.9,38825.3,1088.0
20260422.0,1830.0,38833.4,38883.3,38823.3,38873.1,810.0
20260422.0,1845.0,38876.2,38894.5,38829.4,38848.7,558.0
20260422.0,1900.0,38851.7,38874.1,38837.5,38868.0,320.0
20260422.0,1915.0,38873.1,38876.1,38831.4,38839.5,440.0
20260422.0,1930.0,38836.5,38861.9,38810.0,38826.3,712.0
20260422.0,1945.0,38833.4,38859.8,38827.3,38844.6,568.0
20260422.0,2000.0,38840.5,38883.3,38837.5,38858.9,548.0
20260422.0,2015.0,38863.0,38971.9,38863.0,38964.8,2014.0
20260422.0,2030.0,38962.8,38965.8,38909.9,38911.9,1156.0
20260422.0,2045.0,38911.9,38936.3,38876.2,38894.5,1192.0
20260422.0,2100.0,38899.6,38918.9,38867.1,38885.4,686.0
20260422.0,2115.0,38889.4,38939.3,38843.6,38903.7,1686.0
20260422.0,2130.0,38910.8,38961.7,38863.0,38938.3,2036.0
20260422.0,2145.0,38940.4,38968.9,38885.4,38965.9,2878.0
20260422.0,2200.0,38963.8,39031.0,38904.8,38943.4,3892.0
20260422.0,2215.0,38944.5,39022.9,38941.5,39017.8,2140.0
20260422.0,2230.0,39019.9,39174.7,39019.9,39165.5,5504.0
20260422.0,2245.0,39163.5,39200.1,39092.2,39132.9,4222.0
20260422.0,2300.0,39136.0,39167.5,39084.1,39116.6,1884.0
20260422.0,2315.0,39117.7,39168.6,39098.4,39139.1,1552.0
20260422.0,2330.0,39137.0,39188.9,39120.8,39178.8,1528.0
20260422.0,2345.0,39181.8,39224.6,39168.7,39171.7,2556.0
20260423.0,0.0,39171.7,39217.5,39159.5,39193.1,1070.0
20260423.0,15.0,39196.1,39259.2,39191.1,39248.1,2256.0
20260423.0,30.0,39248.1,39260.2,39219.6,39230.7,930.0
20260423.0,45.0,39229.7,39235.8,39174.8,39194.1,1268.0
20260423.0,100.0,39192.0,39218.5,39186.0,39194.1,604.0
20260423.0,115.0,39200.2,39305.1,39199.2,39262.3,2226.0
20260423.0,130.0,39268.4,39297.9,39241.0,39276.6,624.0
20260423.0,145.0,39280.7,39312.2,39277.7,39306.1,524.0
20260423.0,200.0,39307.2,39316.3,39272.6,39289.8,634.0
20260423.0,215.0,39286.8,39306.1,39274.6,39292.9,258.0
20260423.0,230.0,39296.0,39296.9,39210.4,39240.9,1406.0
20260423.0,245.0,39240.9,39292.8,39240.0,39292.9,244.0
20260423.0,300.0,39292.9,39320.4,39286.8,39294.9,652.0
20260423.0,315.0,39297.0,39346.8,39142.2,39339.8,4774.0
20260423.0,330.0,39343.8,39376.4,39332.7,39338.7,914.0
20260423.0,345.0,39339.8,39375.4,39332.7,39372.4,328.0
20260423.0,400.0,39371.3,39409.0,39361.2,39400.9,1002.0
20260423.0,415.0,39401.9,39413.1,39332.7,39403.9,922.0
20260423.0,430.0,39402.9,39447.7,39397.9,39425.3,572.0
20260423.0,445.0,39427.4,39442.6,39408.1,39430.4,508.0
20260423.0,500.0,39430.4,39479.3,39421.3,39475.3,488.0
20260423.0,900.0,39414.1,39452.8,39283.8,39359.1,10434.0
20260423.0,915.0,39360.1,39681.0,39328.6,39671.9,20386.0
20260423.0,930.0,39671.9,39822.6,39596.6,39612.8,14614.0
20260423.0,945.0,39607.7,39690.2,39439.7,39452.9,13238.0
20260423.0,1000.0,39455.9,39461.0,39182.9,39240.9,18602.0
20260423.0,1015.0,39245.0,39254.1,38410.6,38463.6,24044.0
20260423.0,1030.0,38471.7,38850.7,38333.2,38551.2,19938.0
20260423.0,1045.0,38556.3,38582.7,38280.2,38312.8,16186.0
20260423.0,1100.0,38308.7,38604.1,38261.9,38348.4,11420.0
20260423.0,1115.0,38356.6,38440.1,38191.6,38210.9,9188.0
20260423.0,1130.0,38215.0,38360.6,38186.5,38326.0,6692.0
20260423.0,1145.0,38316.9,38337.2,38112.1,38167.1,7476.0
20260423.0,1200.0,38169.1,38421.8,38164.1,38398.4,7672.0
20260423.0,1215.0,38396.3,38449.3,38319.0,38442.2,4866.0
20260423.0,1230.0,38440.1,38504.3,38403.5,38470.7,5500.0
20260423.0,1245.0,38473.8,38622.5,38452.4,38611.3,6728.0
20260423.0,1300.0,38610.3,38714.2,38582.8,38710.1,6688.0
20260423.0,1315.0,38710.1,38754.9,38675.5,38689.8,5340.0
20260423.0,1330.0,38693.8,38697.9,38568.6,38622.5,6512.0
20260423.0,1345.0,38627.6,38635.7,38537.0,38587.9,7854.0
20260423.0,1515.0,38633.7,38698.9,38608.3,38680.6,3324.0
20260423.0,1530.0,38682.6,38697.9,38601.2,38613.3,1246.0
20260423.0,1545.0,38613.3,38623.5,38527.8,38617.4,1934.0
20260423.0,1600.0,38619.5,38667.3,38586.9,38630.7,1336.0
20260423.0,1615.0,38628.6,38638.8,38531.9,38574.6,1260.0
20260423.0,1630.0,38573.6,38662.2,38562.5,38631.7,1450.0
20260423.0,1645.0,38625.6,38626.5,38550.2,38557.3,1214.0
20260423.0,1700.0,38558.3,38597.0,38543.1,38584.8,898.0
20260423.0,1715.0,38582.8,38582.7,38430.0,38520.6,2758.0
20260423.0,1730.0,38516.6,38607.2,38506.4,38569.5,1636.0
20260423.0,1745.0,38573.6,38639.8,38570.6,38612.3,1324.0
20260423.0,1800.0,38611.3,38617.4,38575.7,38589.9,764.0
20260423.0,1815.0,38587.9,38595.0,38509.5,38527.8,1066.0
20260423.0,1830.0,38530.8,38571.5,38530.9,38549.2,578.0
20260423.0,1845.0,38552.2,38597.0,38543.1,38558.3,514.0
20260423.0,1900.0,38561.4,38607.2,38542.1,38597.0,816.0
20260423.0,1915.0,38600.1,38649.0,38600.1,38626.6,1570.0
20260423.0,1930.0,38625.6,38629.6,38586.9,38613.3,734.0
20260423.0,1945.0,38612.3,38689.7,38573.7,38686.7,1878.0
20260423.0,2000.0,38688.7,38862.9,38688.8,38818.1,5188.0
20260423.0,2015.0,38811.0,38902.6,38810.0,38879.3,2978.0
20260423.0,2030.0,38880.3,38885.3,38807.0,38828.3,1662.0
20260423.0,2045.0,38828.3,38850.7,38796.8,38797.7,1578.0
20260423.0,2100.0,38801.8,38806.9,38682.7,38746.8,5068.0
20260423.0,2115.0,38753.9,38795.7,38724.4,38742.7,1628.0
20260423.0,2130.0,38751.9,38819.1,38744.8,38812.0,1208.0
20260423.0,2145.0,38813.0,38946.4,38791.7,38926.1,5410.0
20260423.0,2200.0,38925.1,38969.9,38849.8,38872.1,4888.0
20260423.0,2215.0,38874.2,38902.6,38796.8,38837.5,3584.0
20260423.0,2230.0,38836.5,38947.5,38835.5,38914.9,2848.0
20260423.0,2245.0,38919.0,39004.5,38919.0,38987.3,3970.0
20260423.0,2300.0,38989.3,39053.4,38976.1,39050.4,2498.0
20260423.0,2315.0,39051.4,39077.9,39017.9,39048.4,2684.0
20260423.0,2330.0,39052.5,39100.3,39033.1,39038.2,2258.0
20260423.0,2345.0,39033.1,39084.0,39003.6,39032.1,1752.0
20260424.0,0.0,39023.9,39046.3,38974.1,39037.2,2468.0
20260424.0,15.0,39034.1,39063.6,38976.1,39018.8,2100.0
20260424.0,30.0,39023.9,39073.8,39014.8,39059.6,1348.0
20260424.0,45.0,39060.6,39150.2,39053.5,39144.1,2250.0
20260424.0,100.0,39142.1,39157.3,39079.0,39103.4,1392.0
20260424.0,115.0,39100.3,39125.8,38746.9,38786.5,8376.0
20260424.0,130.0,38794.7,38794.6,38607.3,38629.6,5940.0
20260424.0,145.0,38634.7,38758.0,38382.1,38423.8,7910.0
20260424.0,200.0,38424.9,38672.4,38351.6,38662.2,10544.0
20260424.0,215.0,38657.2,38747.8,38604.2,38712.2,4146.0
20260424.0,230.0,38722.4,38778.3,38668.4,38777.4,2246.0
20260424.0,245.0,38773.3,38821.1,38736.7,38774.3,1900.0
20260424.0,300.0,38769.2,38775.3,38638.9,38677.5,1610.0
20260424.0,315.0,38678.5,38726.4,38641.9,38707.1,1224.0
20260424.0,330.0,38714.2,38749.8,38714.3,38719.3,646.0
20260424.0,345.0,38717.3,38754.9,38647.0,38667.3,752.0
20260424.0,400.0,38667.3,38782.4,38661.3,38763.1,1110.0
20260424.0,415.0,38763.1,38795.7,38719.4,38737.6,698.0
20260424.0,430.0,38731.5,38737.6,38694.9,38734.6,254.0
20260424.0,445.0,38736.6,38761.0,38723.4,38753.9,256.0
20260424.0,500.0,38753.9,38766.1,38724.4,38763.1,444.0
20260424.0,900.0,39019.9,39213.4,38988.3,39151.3,11370.0
20260424.0,915.0,39152.3,39363.1,39142.2,39337.7,15374.0
20260424.0,930.0,39339.8,39510.9,39291.9,39475.3,11614.0
20260424.0,945.0,39479.3,39549.6,39364.3,39400.9,12294.0
20260424.0,1000.0,39394.8,39812.4,39367.3,39790.1,15632.0
20260424.0,1015.0,39785.0,39805.3,39500.8,39583.3,11250.0
20260424.0,1030.0,39578.2,39600.5,39118.7,39197.1,15584.0
20260424.0,1045.0,39200.2,39451.8,39200.2,39429.4,11584.0
20260424.0,1100.0,39428.4,39452.8,39281.7,39413.1,5430.0
20260424.0,1115.0,39415.2,39502.7,39378.5,39464.1,6618.0
20260424.0,1130.0,39467.1,39576.1,39451.9,39516.0,5818.0
20260424.0,1145.0,39518.1,39553.7,39468.2,39516.0,4116.0
20260424.0,1200.0,39515.0,39621.9,39489.6,39498.7,5280.0
20260424.0,1215.0,39497.7,39686.1,39466.1,39657.6,5564.0
20260424.0,1230.0,39662.7,39691.2,39612.9,39643.4,3768.0
20260424.0,1245.0,39644.4,39763.5,39641.4,39763.6,4484.0
20260424.0,1300.0,39765.6,39863.4,39745.3,39830.8,6306.0
20260424.0,1315.0,39829.8,39879.7,39797.3,39859.4,3984.0
20260424.0,1330.0,39858.3,39968.3,39850.2,39921.5,7224.0
20260424.0,1345.0,39920.5,39982.6,39912.4,39962.3,11004.0
20260424.0,1515.0,39985.7,40078.4,39932.8,40051.9,4162.0
20260424.0,1530.0,40046.8,40089.6,40017.3,40039.7,2052.0
20260424.0,1545.0,40033.6,40039.6,39918.5,39961.2,2092.0
20260424.0,1600.0,39960.2,40029.5,39958.2,40025.4,1152.0
20260424.0,1615.0,40023.4,40032.5,39920.5,39963.3,2142.0
20260424.0,1630.0,39966.3,40113.0,39966.4,40013.2,3132.0
20260424.0,1645.0,40014.2,40016.2,39932.8,39950.0,1682.0
20260424.0,1700.0,39944.9,40004.0,39933.8,39961.2,1092.0
20260424.0,1715.0,39962.3,39979.5,39929.7,39956.1,812.0
20260424.0,1730.0,39956.1,39978.5,39866.5,39888.9,2658.0
20260424.0,1745.0,39885.9,39968.3,39881.8,39956.1,1476.0
20260424.0,1800.0,39956.1,39978.5,39927.7,39935.8,704.0
20260424.0,1815.0,39943.9,40007.0,39944.0,39994.9,1032.0
20260424.0,1830.0,39994.9,40060.0,39994.9,40054.0,1288.0
20260424.0,1845.0,40051.9,40054.9,40016.3,40034.6,856.0
20260424.0,1900.0,40038.7,40044.7,40017.3,40017.3,480.0
20260424.0,1915.0,40015.2,40262.8,40011.2,40229.2,4912.0
20260424.0,1930.0,40226.1,40388.1,40204.8,40381.0,4696.0
20260424.0,1945.0,40385.1,40431.9,40317.9,40333.1,3474.0
20260424.0,2000.0,40326.0,40325.9,40231.3,40265.9,2344.0
20260424.0,2015.0,40274.0,40342.2,40266.9,40331.1,2518.0
20260424.0,2030.0,40328.0,40358.5,40266.9,40325.0,2298.0
20260424.0,2045.0,40328.0,40332.0,40239.4,40255.7,1744.0
20260424.0,2100.0,40256.7,40274.0,40163.0,40255.7,2358.0
20260424.0,2115.0,40258.7,40306.6,40256.8,40275.0,1364.0
20260424.0,2130.0,40273.0,40295.4,40207.8,40215.9,1398.0
20260424.0,2145.0,40219.0,40387.1,40146.7,40303.6,6784.0
20260424.0,2200.0,40308.7,40345.3,40106.0,40224.1,5410.0
20260424.0,2215.0,40220.0,40335.1,40184.4,40284.2,4358.0
20260424.0,2230.0,40287.3,40325.9,40211.9,40251.6,2262.0
20260424.0,2245.0,40255.7,40321.9,40207.8,40305.6,2284.0
20260424.0,2300.0,40307.6,40386.0,40273.1,40377.9,2776.0
20260424.0,2315.0,40381.0,40430.9,40372.9,40387.1,3250.0
20260424.0,2330.0,40389.1,40396.2,40319.9,40363.7,2188.0
20260424.0,2345.0,40368.8,40506.3,40337.2,40484.9,3208.0
20260425.0,0.0,40488.0,40574.5,40432.0,40566.4,4762.0
20260425.0,15.0,40564.4,40606.1,40496.2,40557.3,4086.0
20260425.0,30.0,40555.2,40599.0,40532.9,40569.5,1744.0
20260425.0,45.0,40569.5,40625.5,40503.3,40536.9,2508.0
20260425.0,100.0,40548.1,40571.5,40504.3,40548.1,1622.0
20260425.0,115.0,40553.2,40573.5,40509.4,40522.6,1272.0
20260425.0,130.0,40520.6,40525.6,40428.9,40504.3,2714.0
20260425.0,145.0,40502.2,40559.2,40480.9,40547.1,1552.0
20260425.0,200.0,40548.1,40605.1,40535.9,40566.4,978.0
20260425.0,215.0,40568.5,40587.8,40447.3,40508.4,1406.0
20260425.0,230.0,40511.4,40517.5,40477.8,40493.1,596.0
20260425.0,245.0,40496.1,40547.0,40493.1,40536.9,518.0
20260425.0,300.0,40535.9,40555.2,40520.6,40547.1,372.0
20260425.0,315.0,40550.1,40573.5,40530.8,40534.8,554.0
20260425.0,330.0,40535.9,40550.1,40490.1,40506.3,556.0
20260425.0,345.0,40503.3,40520.5,40473.8,40488.0,620.0
20260425.0,400.0,40487.0,40510.3,40457.5,40493.1,814.0
20260425.0,415.0,40493.1,40510.3,40468.7,40493.1,496.0
20260425.0,430.0,40496.1,40506.3,40483.9,40483.9,192.0
20260425.0,445.0,40488.0,40511.4,40478.9,40502.2,214.0
20260425.0,500.0,40499.2,40515.4,40474.8,40514.5,546.0
20260427.0,900.0,40751.8,40812.9,40652.1,40756.9,14266.0
20260427.0,915.0,40758.0,41114.5,40655.1,40932.2,23594.0
20260427.0,930.0,40923.0,41219.4,40764.1,41089.1,20152.0
20260427.0,945.0,41081.9,41199.1,40964.8,41020.8,9092.0
20260427.0,1000.0,41023.9,41035.0,40710.1,40904.7,11882.0
20260427.0,1015.0,40905.7,41097.2,40880.3,41007.6,7170.0
20260427.0,1030.0,41010.6,41144.0,40958.7,41028.0,6142.0
20260427.0,1045.0,41029.0,41042.2,40859.9,40883.3,5304.0
20260427.0,1100.0,40887.4,40966.8,40821.2,40864.9,4572.0
20260427.0,1115.0,40860.9,40913.8,40777.4,40832.3,4764.0
20260427.0,1130.0,40840.5,40956.6,40829.3,40903.7,3552.0
20260427.0,1145.0,40905.7,40998.4,40887.4,40998.4,3388.0
20260427.0,1200.0,40998.4,41070.7,40968.9,41055.5,4700.0
20260427.0,1215.0,41055.5,41077.8,40933.2,40936.3,3764.0
20260427.0,1230.0,40940.3,40996.3,40918.0,40983.1,2066.0
20260427.0,1245.0,40982.1,41017.7,40934.3,40962.7,2304.0
20260427.0,1300.0,40961.7,40999.4,40868.0,40912.8,3284.0
20260427.0,1315.0,40917.9,40926.0,40759.0,40839.5,7260.0
20260427.0,1330.0,40838.4,40862.9,40706.1,40707.0,8486.0
20260427.0,1345.0,40708.0,40740.6,40586.9,40638.8,14684.0
20260427.0,1515.0,40612.3,40644.8,40549.2,40587.8,3022.0
20260427.0,1530.0,40585.8,40605.1,40534.9,40556.2,1986.0
20260427.0,1545.0,40562.3,40627.5,40520.6,40607.2,1312.0
20260427.0,1600.0,40606.2,40630.6,40553.2,40555.2,1028.0
20260427.0,1615.0,40556.2,40583.7,40475.8,40484.9,2624.0
20260427.0,1630.0,40483.9,40564.3,40477.8,40556.2,1066.0
20260427.0,1645.0,40552.2,40608.1,40549.2,40601.1,1270.0
20260427.0,1700.0,40603.1,40699.8,40575.6,40631.6,1858.0
20260427.0,1715.0,40632.6,40667.2,40626.6,40636.7,760.0
20260427.0,1730.0,40640.8,40684.6,40582.8,40672.4,1420.0
20260427.0,1745.0,40672.4,40737.5,40668.4,40685.6,2150.0
20260427.0,1800.0,40692.8,40712.1,40668.4,40677.5,672.0
20260427.0,1815.0,40677.5,40690.7,40661.2,40675.4,540.0
20260427.0,1830.0,40676.5,40715.1,40676.5,40695.8,680.0
20260427.0,1845.0,40692.8,40752.8,40685.7,40750.8,1066.0
20260427.0,1900.0,40749.8,40801.7,40726.4,40771.2,1482.0
20260427.0,1915.0,40771.2,40788.5,40757.0,40765.1,640.0
20260427.0,1930.0,40761.0,40803.8,40738.7,40789.5,808.0
20260427.0,1945.0,40788.5,40796.6,40765.1,40778.3,612.0
20260427.0,2000.0,40780.4,40792.6,40757.0,40756.9,474.0
20260427.0,2015.0,40763.1,40772.2,40727.4,40759.0,960.0
20260427.0,2030.0,40754.9,40763.0,40664.3,40698.9,1540.0
20260427.0,2045.0,40700.9,40718.2,40634.7,40664.2,1418.0
20260427.0,2100.0,40668.3,40714.1,40624.5,40633.7,1354.0
20260427.0,2115.0,40640.8,40658.1,40584.8,40630.6,1708.0
20260427.0,2130.0,40634.7,40667.2,40594.0,40639.8,1302.0
20260427.0,2145.0,40642.8,40656.0,40409.6,40449.3,7868.0
20260427.0,2200.0,40447.2,40517.5,40243.5,40483.9,9340.0
20260427.0,2215.0,40482.9,40530.7,40421.8,40465.6,3638.0
20260427.0,2230.0,40467.6,40470.6,40331.1,40333.1,2766.0
20260427.0,2245.0,40333.1,40423.7,40228.2,40371.8,5826.0
20260427.0,2300.0,40372.8,40402.3,40289.4,40328.0,2306.0
20260427.0,2315.0,40333.1,40360.6,40247.6,40297.5,2194.0
20260427.0,2330.0,40295.4,40347.3,40252.7,40338.2,1904.0
20260427.0,2345.0,40339.2,40411.5,40309.7,40383.0,2000.0
20260428.0,0.0,40377.9,40404.4,40325.0,40348.4,1458.0
20260428.0,15.0,40350.4,40359.6,40301.6,40345.3,1198.0
20260428.0,30.0,40344.3,40389.1,40314.8,40328.0,968.0
20260428.0,45.0,40337.2,40375.9,40329.1,40355.5,604.0
20260428.0,100.0,40351.5,40365.7,40282.2,40298.5,1052.0
20260428.0,115.0,40298.5,40340.2,40295.5,40323.9,588.0
20260428.0,130.0,40339.2,40345.3,40252.7,40341.3,1462.0
20260428.0,145.0,40338.2,40407.4,40336.2,40355.5,930.0
20260428.0,200.0,40366.7,40378.9,40334.2,40344.3,376.0
20260428.0,215.0,40343.3,40370.8,40339.3,40357.6,346.0
20260428.0,230.0,40357.6,40374.8,40336.2,40359.6,262.0
20260428.0,245.0,40361.6,40383.0,40340.3,40350.4,294.0
20260428.0,300.0,40347.4,40365.7,40327.1,40338.2,236.0
20260428.0,315.0,40332.1,40420.7,40330.1,40418.7,388.0
20260428.0,330.0,40415.6,40450.2,40406.5,40427.9,778.0
20260428.0,345.0,40430.9,40462.5,40406.5,40431.9,846.0
20260428.0,400.0,40433.0,40477.7,40433.0,40442.1,604.0
20260428.0,415.0,40445.2,40492.0,40434.0,40488.0,312.0
20260428.0,430.0,40479.8,40492.0,40458.5,40475.7,216.0
20260428.0,445.0,40476.8,40496.1,40472.7,40487.0,264.0
20260428.0,500.0,40492.1,40497.1,40451.3,40466.6,552.0
20260428.0,900.0,40569.5,40710.0,40549.2,40645.9,9198.0
20260428.0,915.0,40650.0,40769.1,40577.7,40750.8,11528.0
20260428.0,930.0,40747.8,41005.5,40747.8,40982.1,11232.0
20260428.0,945.0,40978.0,41106.3,40953.6,40996.4,9984.0
20260428.0,1000.0,40994.3,41049.3,40720.3,40731.5,10990.0
20260428.0,1015.0,40741.7,40864.9,40642.9,40817.1,9606.0
20260428.0,1030.0,40816.0,40862.9,40693.8,40748.8,5266.0
20260428.0,1045.0,40745.7,40835.3,40681.6,40785.5,3744.0
20260428.0,1100.0,40798.7,40848.6,40709.1,40727.4,3802.0
20260428.0,1115.0,40728.4,40841.5,40690.8,40790.6,5242.0
20260428.0,1130.0,40788.5,40798.7,40702.0,40749.8,3424.0
20260428.0,1145.0,40751.8,40752.8,40676.5,40681.6,3444.0
20260428.0,1200.0,40681.6,40706.0,40633.7,40697.9,3264.0
20260428.0,1215.0,40697.9,40740.6,40631.7,40716.2,2934.0
20260428.0,1230.0,40714.2,40807.8,40712.2,40761.0,3790.0
20260428.0,1245.0,40762.0,40838.4,40762.1,40800.8,3188.0
20260428.0,1300.0,40800.8,40811.9,40708.1,40715.2,3318.0
20260428.0,1315.0,40717.2,40719.2,40521.6,40527.7,6546.0
20260428.0,1330.0,40529.7,40555.2,40481.9,40503.3,5900.0
20260428.0,1345.0,40502.2,40532.8,40407.5,40497.1,8994.0
20260428.0,1515.0,40381.0,40471.6,40358.6,40413.6,2352.0
20260428.0,1530.0,40418.7,40453.3,40404.5,40447.2,1104.0
20260428.0,1545.0,40447.2,40538.9,40442.2,40499.2,2056.0
20260428.0,1600.0,40498.2,40542.9,40477.8,40530.8,846.0
20260428.0,1615.0,40534.8,40537.8,40418.7,40449.3,2018.0
20260428.0,1630.0,40454.4,40559.2,40450.3,40559.3,966.0
20260428.0,1645.0,40559.3,40604.1,40553.2,40567.4,1794.0
20260428.0,1700.0,40568.5,40580.6,40535.9,40571.5,592.0
20260428.0,1715.0,40569.5,40575.5,40527.8,40532.8,636.0
20260428.0,1730.0,40528.7,40533.8,40406.5,40424.8,1838.0
20260428.0,1745.0,40426.8,40437.0,40333.2,40375.9,2686.0
20260428.0,1800.0,40375.9,40411.5,40346.4,40374.9,1160.0
20260428.0,1815.0,40375.9,40420.7,40373.9,40394.2,838.0
20260428.0,1830.0,40390.2,40444.1,40390.2,40401.4,728.0
20260428.0,1845.0,40399.3,40437.0,40358.6,40362.7,670.0
20260428.0,1900.0,40366.7,40390.1,40319.9,40387.1,1472.0
20260428.0,1915.0,40380.0,40414.6,40259.8,40289.3,2504.0
20260428.0,1930.0,40285.2,40289.3,40112.1,40124.3,4830.0
20260428.0,1945.0,40124.3,40154.8,40065.2,40130.4,4836.0
20260428.0,2000.0,40130.4,40148.7,39997.0,40035.6,3716.0
20260428.0,2015.0,40036.6,40090.6,40010.2,40073.3,2332.0
20260428.0,2030.0,40078.4,40145.6,39965.4,40022.4,4922.0
20260428.0,2045.0,40022.4,40068.2,39968.4,40030.5,1978.0
20260428.0,2100.0,40031.5,40123.2,40029.6,40117.1,1838.0
20260428.0,2115.0,40110.0,40129.3,40042.8,40042.7,1322.0
20260428.0,2130.0,40042.7,40103.8,40019.4,40056.0,1750.0
20260428.0,2145.0,40052.9,40252.6,39951.1,40213.9,9290.0
20260428.0,2200.0,40214.9,40239.3,40093.7,40182.3,5154.0
20260428.0,2215.0,40181.3,40271.9,40127.4,40235.3,4046.0
20260428.0,2230.0,40235.3,40262.8,40090.7,40136.5,3638.0
20260428.0,2245.0,40136.5,40152.7,39944.0,40049.9,5840.0
20260428.0,2300.0,40049.9,40079.4,39919.5,40075.4,6796.0
20260428.0,2315.0,40076.4,40118.1,39963.3,40012.2,3414.0
20260428.0,2330.0,40007.1,40032.5,39966.4,40005.1,1476.0
20260428.0,2345.0,39995.9,40031.5,39945.0,39988.8,1796.0
20260429.0,0.0,39988.8,40023.3,39957.2,40019.3,1334.0
20260429.0,15.0,40021.4,40086.5,40009.2,40073.3,2032.0
20260429.0,30.0,40074.3,40102.8,40044.8,40060.1,996.0
20260429.0,45.0,40057.0,40069.2,39986.8,40021.4,1128.0
20260429.0,100.0,40025.4,40099.8,40023.4,40077.4,1064.0
20260429.0,115.0,40080.4,40091.6,40010.2,40043.8,856.0
20260429.0,130.0,40049.9,40109.9,40028.5,40097.8,622.0
20260429.0,145.0,40094.7,40219.0,40092.7,40189.5,2110.0
20260429.0,200.0,40190.5,40202.7,40172.2,40182.3,546.0
20260429.0,215.0,40187.4,40190.4,40112.1,40164.0,1182.0
20260429.0,230.0,40164.0,40252.6,40164.0,40223.1,1806.0
20260429.0,245.0,40224.1,40246.5,40192.6,40246.5,466.0
20260429.0,300.0,40245.5,40247.5,40207.8,40224.1,304.0
20260429.0,315.0,40222.1,40263.8,40210.9,40219.0,750.0
20260429.0,330.0,40218.0,40222.0,40192.6,40210.9,592.0
20260429.0,345.0,40212.9,40212.8,40184.4,40197.6,342.0
20260429.0,400.0,40195.6,40215.9,40179.3,40190.5,496.0
20260429.0,415.0,40190.5,40229.1,40167.1,40215.9,278.0
20260429.0,430.0,40219.0,40237.3,40218.0,40237.3,342.0
20260429.0,445.0,40234.3,40243.4,40225.2,40230.2,282.0
20260429.0,500.0,40233.3,40233.2,40186.5,40203.7,420.0
20260429.0,900.0,40445.2,40538.9,40073.4,40085.5,13856.0
20260429.0,915.0,40083.5,40172.1,39859.4,40022.4,16642.0
20260429.0,930.0,40022.4,40150.7,39952.1,40089.6,7794.0
20260429.0,945.0,40088.6,40243.4,40060.1,40121.2,8234.0
20260429.0,1000.0,40117.1,40217.9,40085.6,40213.9,4300.0
20260429.0,1015.0,40217.0,40279.1,40093.7,40098.8,5926.0
20260429.0,1030.0,40105.9,40240.4,40049.9,40061.1,5574.0
20260429.0,1045.0,40064.1,40117.1,40007.1,40026.4,3772.0
20260429.0,1100.0,40029.5,40186.4,40016.3,40150.7,4508.0
20260429.0,1115.0,40149.7,40294.3,40143.7,40251.6,5372.0
20260429.0,1130.0,40252.6,40270.9,40219.1,40250.6,3002.0
20260429.0,1145.0,40249.6,40332.0,40236.4,40312.7,3912.0
20260429.0,1200.0,40311.7,40401.3,40308.7,40401.4,3456.0
20260429.0,1215.0,40402.4,40465.5,40352.5,40442.1,4656.0
20260429.0,1230.0,40445.2,40457.4,40370.9,40401.4,2496.0
20260429.0,1245.0,40400.4,40438.0,40357.6,40369.8,2720.0
20260429.0,1300.0,40368.8,40375.9,40273.1,40285.2,4210.0
20260429.0,1315.0,40290.3,40322.9,40235.4,40246.5,4522.0
20260429.0,1330.0,40245.5,40252.6,40125.3,40201.7,7584.0
20260429.0,1345.0,40201.7,40258.7,40187.5,40233.3,7674.0
20260429.0,1515.0,40223.1,40306.6,40216.0,40237.3,2528.0
20260429.0,1530.0,40238.4,40260.7,40210.9,40259.8,1302.0
20260429.0,1545.0,40258.7,40300.5,40207.8,40218.0,1092.0
20260429.0,1600.0,40222.1,40222.0,40178.3,40212.9,1414.0
20260429.0,1615.0,40213.9,40271.9,40151.8,40162.0,2224.0
20260429.0,1630.0,40155.8,40225.1,40137.6,40217.0,1496.0
20260429.0,1645.0,40215.9,40222.0,40123.3,40172.1,1812.0
20260429.0,1700.0,40172.1,40187.4,40147.7,40163.0,762.0
20260429.0,1715.0,40162.0,40194.5,40138.6,40163.0,838.0
20260429.0,1730.0,40160.9,40198.6,40084.6,40092.7,1936.0
20260429.0,1745.0,40090.6,40152.7,40042.8,40066.2,1782.0
20260429.0,1800.0,40064.1,40103.8,40036.7,40051.9,944.0
20260429.0,1815.0,40051.9,40121.1,40038.7,40117.1,902.0
20260429.0,1830.0,40118.1,40278.0,40117.2,40257.7,2980.0
20260429.0,1845.0,40259.8,40271.9,40211.9,40220.0,976.0
20260429.0,1900.0,40213.9,40258.7,40214.0,40254.7,620.0
20260429.0,1915.0,40253.6,40293.3,40241.5,40263.8,1166.0
20260429.0,1930.0,40265.9,40319.8,40254.7,40289.3,1196.0
20260429.0,1945.0,40287.3,40395.2,40279.2,40299.5,2526.0
20260429.0,2000.0,40301.5,40348.3,40292.4,40337.2,1054.0
20260429.0,2015.0,40331.1,40338.2,40278.1,40287.3,998.0
20260429.0,2030.0,40285.2,40286.2,40218.0,40229.2,1780.0
20260429.0,2045.0,40228.2,40228.1,40109.0,40156.9,2640.0
20260429.0,2100.0,40155.8,40161.9,40118.2,40125.3,764.0
20260429.0,2115.0,40133.4,40207.7,40131.4,40191.5,1162.0
20260429.0,2130.0,40189.5,40210.8,40090.7,40128.3,2064.0
20260429.0,2145.0,40121.2,40153.8,39994.9,40068.2,5700.0
20260429.0,2200.0,40067.2,40165.0,40028.5,40127.3,2808.0
20260429.0,2215.0,40122.2,40155.8,40065.2,40150.7,1950.0
20260429.0,2230.0,40144.6,40299.4,40133.5,40275.0,3616.0
20260429.0,2245.0,40271.0,40316.8,40233.3,40274.0,2276.0
20260429.0,2300.0,40276.1,40292.3,40241.5,40278.1,1830.0
20260429.0,2315.0,40278.1,40296.4,40152.8,40180.3,2696.0
20260429.0,2330.0,40181.3,40223.0,40156.9,40195.6,1860.0
20260429.0,2345.0,40197.6,40233.2,40141.6,40179.3,1876.0
20260430.0,0.0,40177.2,40221.0,39972.5,40057.0,5306.0
20260430.0,15.0,40058.0,40149.7,40048.9,40106.9,2138.0
20260430.0,30.0,40108.0,40125.2,40066.2,40071.3,1134.0
20260430.0,45.0,40068.2,40092.6,40005.1,40076.4,1448.0
20260430.0,100.0,40076.4,40094.7,40044.8,40080.4,650.0
20260430.0,115.0,40081.5,40115.0,40039.7,40113.0,918.0
20260430.0,130.0,40109.0,40161.9,40086.6,40111.0,1288.0
20260430.0,145.0,40114.1,40151.7,40102.9,40122.2,544.0
20260430.0,200.0,40130.4,40205.7,40125.3,40200.7,1222.0
20260430.0,215.0,40201.7,40208.8,40031.6,40062.1,1368.0
20260430.0,230.0,40060.1,40111.0,40055.0,40060.1,936.0
20260430.0,245.0,40060.1,40167.0,39988.8,40000.0,2886.0
20260430.0,300.0,40003.0,40170.1,39940.9,40167.0,2160.0
20260430.0,315.0,40166.0,40214.9,40093.7,40206.8,1650.0
20260430.0,330.0,40214.9,40242.4,40199.7,40206.8,1068.0
20260430.0,345.0,40204.7,40204.7,40125.3,40143.6,636.0
20260430.0,400.0,40151.8,40170.1,40121.2,40166.0,694.0
20260430.0,415.0,40170.1,40265.8,39991.9,39995.9,3108.0
20260430.0,430.0,40001.0,40109.9,39903.2,40104.9,1820.0
20260430.0,445.0,40102.9,40149.7,40088.6,40127.3,478.0
20260430.0,500.0,40123.2,40143.6,40073.4,40077.4,756.0
20260430.0,900.0,40445.2,40688.6,40399.4,40510.4,14216.0
20260430.0,915.0,40504.3,40678.4,40327.1,40350.4,16098.0
20260430.0,930.0,40355.5,40428.8,40318.9,40371.8,7172.0
20260430.0,945.0,40373.9,40520.5,40197.7,40351.5,11724.0
20260430.0,1000.0,40351.5,40585.7,40330.1,40554.2,7516.0
20260430.0,1015.0,40558.3,40602.0,40466.6,40524.7,5428.0
20260430.0,1030.0,40523.6,40531.7,40301.6,40334.1,6238.0
20260430.0,1045.0,40334.1,40391.1,40169.1,40292.4,9520.0
20260430.0,1100.0,40295.4,40318.8,40207.8,40238.4,5026.0
20260430.0,1115.0,40235.3,40331.0,40223.1,40271.0,3538.0
20260430.0,1130.0,40275.0,40314.7,40238.4,40304.6,2342.0
20260430.0,1145.0,40300.5,40367.7,40260.8,40329.0,3502.0
20260430.0,1200.0,40327.0,40360.6,40301.6,40325.0,2002.0
20260430.0,1215.0,40319.9,40380.9,40274.1,40306.6,3694.0
20260430.0,1230.0,40307.6,40321.9,40150.8,40158.9,6036.0
20260430.0,1245.0,40156.9,40160.9,40004.1,40077.4,7602.0
20260430.0,1300.0,40076.4,40120.1,40042.8,40076.4,4742.0
20260430.0,1315.0,40076.4,40245.4,40047.9,40235.3,7658.0
20260430.0,1330.0,40234.3,40243.4,40021.4,40023.4,8452.0
20260430.0,1345.0,40023.4,40121.1,40008.2,40100.8,9960.0
20260430.0,1515.0,40119.2,40284.2,40117.2,40235.3,5466.0
20260430.0,1530.0,40231.2,40290.3,40197.7,40277.1,1820.0
20260430.0,1545.0,40274.0,40311.7,40258.8,40271.0,1750.0
20260430.0,1600.0,40277.1,40329.0,40251.7,40300.5,1534.0
20260430.0,1615.0,40303.6,40434.9,40303.6,40382.0,2974.0
20260430.0,1630.0,40381.0,40404.4,40320.9,40393.2,1680.0
20260430.0,1645.0,40395.3,40490.0,40395.3,40452.3,2736.0
20260430.0,1700.0,40451.3,40458.4,40365.8,40380.0,1320.0
20260430.0,1715.0,40384.1,40410.5,40328.1,40343.3,1564.0
20260430.0,1730.0,40345.3,40417.6,40294.4,40411.6,2106.0
20260430.0,1745.0,40410.5,40516.5,40410.6,40426.8,2880.0
20260430.0,1800.0,40428.9,40467.5,40424.9,40455.4,1024.0
20260430.0,1815.0,40455.4,40525.6,40455.4,40465.6,1618.0
20260430.0,1830.0,40466.6,40532.8,40462.6,40530.8,1722.0
20260430.0,1845.0,40532.8,40547.0,40455.4,40466.6,1996.0
20260430.0,1900.0,40468.6,40482.8,40418.7,40461.5,1182.0
20260430.0,1915.0,40468.6,40535.8,40466.6,40509.4,1204.0
20260430.0,1930.0,40505.3,40594.9,40498.2,40593.9,1808.0
20260430.0,1945.0,40589.9,40608.1,40534.9,40551.1,1450.0
20260430.0,2000.0,40547.1,40579.6,40544.1,40551.1,546.0
20260430.0,2015.0,40550.1,40615.3,40533.9,40607.2,1122.0
20260430.0,2030.0,40605.1,40646.9,40605.2,40629.6,1692.0
20260430.0,2045.0,40625.5,40638.7,40561.4,40569.5,1088.0
20260430.0,2100.0,40573.6,40654.0,40568.5,40640.8,1202.0
20260430.0,2115.0,40642.8,40663.2,40596.0,40605.1,1058.0
20260430.0,2130.0,40607.2,40620.4,40571.6,40584.8,956.0
20260430.0,2145.0,40575.6,40575.5,40370.9,40463.5,7674.0
20260430.0,2200.0,40459.4,40467.5,40280.2,40317.8,5838.0
20260430.0,2215.0,40327.0,40412.5,40250.6,40345.3,5170.0
20260430.0,2230.0,40345.3,40389.1,40240.5,40355.5,3920.0
20260430.0,2245.0,40348.4,40425.8,40294.4,40371.8,3810.0
20260430.0,2300.0,40365.7,40540.9,40365.8,40528.7,4364.0
20260430.0,2315.0,40528.7,40630.6,40525.7,40611.3,4922.0
20260430.0,2330.0,40613.3,40636.7,40564.4,40600.0,1990.0
20260430.0,2345.0,40598.0,40662.1,40556.3,40588.8,2540.0
20260501.0,0.0,40584.8,40615.3,40528.8,40588.8,2098.0
20260501.0,15.0,40588.8,40631.6,40546.1,40625.5,1480.0
20260501.0,30.0,40625.5,40629.5,40591.9,40615.3,956.0
20260501.0,45.0,40620.4,40622.4,40589.9,40595.0,642.0
20260501.0,100.0,40591.9,40591.8,40527.8,40552.2,1530.0
20260501.0,115.0,40557.3,40614.3,40554.2,40601.1,1266.0
20260501.0,130.0,40600.0,40614.3,40549.2,40614.3,1238.0
20260501.0,145.0,40614.3,40718.2,40612.3,40704.0,2788.0
20260501.0,200.0,40705.0,40735.5,40677.5,40728.4,1058.0
20260501.0,215.0,40734.5,40800.7,40734.6,40787.5,2020.0
20260501.0,230.0,40786.5,40823.1,40777.4,40789.5,748.0
20260501.0,245.0,40791.6,40829.2,40791.6,40814.0,518.0
20260501.0,300.0,40812.0,40837.4,40807.9,40818.1,668.0
20260501.0,315.0,40815.0,40923.0,40809.0,40909.8,1522.0
20260501.0,330.0,40908.7,40909.7,40861.9,40886.3,846.0
20260501.0,345.0,40886.3,40953.5,40881.3,40928.1,1120.0
20260501.0,400.0,40930.1,40991.2,40873.1,40873.1,1654.0
20260501.0,415.0,40873.1,40933.1,40805.9,40880.2,2498.0
20260501.0,430.0,40884.3,40905.6,40865.0,40879.2,444.0
20260501.0,445.0,40874.1,40874.1,40771.3,40784.5,888.0
20260501.0,500.0,40781.4,40857.8,40713.2,40857.8,1162.0
20260504.0,900.0,41201.2,41208.2,40987.2,41035.1,10996.0
20260504.0,915.0,41039.2,41302.0,40923.1,41276.5,18442.0
20260504.0,930.0,41280.6,41328.5,41064.7,41100.3,10484.0
20260504.0,945.0,41095.2,41363.1,41046.3,41356.0,8982.0
20260504.0,1000.0,41360.1,41425.2,41277.6,41404.9,7094.0
20260504.0,1015.0,41404.9,41460.9,41300.0,41457.9,6126.0
20260504.0,1030.0,41457.9,41498.6,41389.7,41466.0,5636.0
20260504.0,1045.0,41462.0,41673.8,41455.9,41621.9,7794.0
20260504.0,1100.0,41621.9,41741.1,41603.6,41694.3,5890.0
20260504.0,1115.0,41693.2,41763.5,41663.7,41707.5,4230.0
20260504.0,1130.0,41707.5,41712.5,41634.2,41656.6,2644.0
20260504.0,1145.0,41653.5,41718.7,41638.3,41713.6,1880.0
20260504.0,1200.0,41711.6,41762.5,41696.3,41716.7,3500.0
20260504.0,1215.0,41720.7,41767.6,41684.1,41746.2,3204.0
20260504.0,1230.0,41745.2,41771.6,41726.9,41751.3,2114.0
20260504.0,1245.0,41751.3,41800.2,41739.1,41790.0,2754.0
20260504.0,1300.0,41790.0,41794.1,41737.1,41766.6,2322.0
20260504.0,1315.0,41763.5,41785.9,41735.1,41751.3,3160.0
20260504.0,1330.0,41748.3,41792.0,41735.1,41767.6,5486.0
20260504.0,1345.0,41766.6,41847.0,41741.2,41803.3,14282.0
20260504.0,1515.0,41766.6,41835.8,41664.8,41821.6,3656.0
20260504.0,1530.0,41821.6,41960.1,41821.7,41915.3,2850.0
20260504.0,1545.0,41916.4,41926.5,41850.2,41875.6,1224.0
20260504.0,1600.0,41874.6,41921.4,41851.2,41856.3,866.0
20260504.0,1615.0,41855.2,41861.3,41774.8,41848.1,1864.0
20260504.0,1630.0,41845.0,41869.4,41809.4,41858.3,872.0
20260504.0,1645.0,41860.3,41898.0,41856.3,41870.5,776.0
20260504.0,1700.0,41868.5,41878.6,41851.2,41858.3,432.0
20260504.0,1715.0,41859.3,41882.7,41844.1,41879.7,634.0
20260504.0,1730.0,41878.7,41883.7,41817.6,41836.9,902.0
20260504.0,1745.0,41835.9,41861.3,41818.6,41829.8,562.0
20260504.0,1800.0,41828.7,41868.4,41812.5,41818.6,606.0
20260504.0,1815.0,41817.5,41822.6,41331.6,41430.4,11952.0
20260504.0,1830.0,41435.5,41530.2,41304.1,41511.9,6762.0
20260504.0,1845.0,41519.0,41709.5,41500.7,41642.3,5592.0
20260504.0,1900.0,41642.3,41737.0,41632.2,41672.9,2532.0
20260504.0,1915.0,41675.9,41749.2,41658.7,41724.8,2298.0
20260504.0,1930.0,41724.8,41760.4,41704.5,41704.4,1202.0
20260504.0,1945.0,41703.4,41710.5,41594.5,41661.7,2476.0
20260504.0,2000.0,41664.7,41726.8,41640.3,41704.4,1316.0
20260504.0,2015.0,41712.6,41752.3,41712.6,41716.7,880.0
20260504.0,2030.0,41713.6,41814.4,41701.4,41781.9,2402.0
20260504.0,2045.0,41781.9,41782.8,41719.8,41733.0,1258.0
20260504.0,2100.0,41727.9,41736.0,41662.7,41680.0,1252.0
20260504.0,2115.0,41679.0,41759.4,41567.0,41662.7,4194.0
20260504.0,2130.0,41661.7,41694.2,41630.1,41694.3,862.0
20260504.0,2145.0,41696.3,41819.5,41634.2,41789.0,4520.0
20260504.0,2200.0,41781.9,41800.2,41706.5,41790.0,2532.0
20260504.0,2215.0,41780.9,41858.2,41736.1,41817.5,3592.0
20260504.0,2230.0,41815.5,41879.6,41758.5,41765.6,3126.0
20260504.0,2245.0,41763.5,41802.2,41745.3,41784.9,1528.0
20260504.0,2300.0,41789.0,41808.3,41625.0,41649.4,3374.0
20260504.0,2315.0,41646.4,41698.3,41579.2,41603.6,3722.0
20260504.0,2330.0,41603.6,41639.2,41407.0,41524.1,7670.0
20260504.0,2345.0,41521.1,41527.1,41434.5,41509.9,3180.0
20260505.0,0.0,41503.7,41536.3,41423.3,41468.1,2850.0
20260505.0,15.0,41470.1,41486.4,41354.0,41372.3,4166.0
20260505.0,30.0,41370.3,41529.2,41344.9,41484.4,4076.0
20260505.0,45.0,41484.4,41523.0,41435.5,41440.6,1450.0
20260505.0,100.0,41435.5,41469.1,41424.3,41450.8,800.0
20260505.0,115.0,41460.9,41554.6,41450.8,41514.9,1584.0
20260505.0,130.0,41518.0,41613.7,41506.8,41594.4,1998.0
20260505.0,145.0,41598.5,41613.7,41533.3,41558.8,804.0
20260505.0,200.0,41562.8,41572.0,41543.5,41544.5,464.0
20260505.0,215.0,41543.5,41566.9,41522.1,41527.2,394.0
20260505.0,230.0,41526.2,41531.2,41456.9,41506.8,742.0
20260505.0,245.0,41506.8,41522.0,41471.2,41471.1,324.0
20260505.0,300.0,41471.1,41513.9,41447.8,41509.9,450.0
20260505.0,315.0,41517.0,41570.9,41498.7,41546.5,616.0
20260505.0,330.0,41552.6,41559.7,41508.9,41538.4,358.0
20260505.0,345.0,41547.5,41582.1,41545.6,41562.8,342.0
20260505.0,400.0,41562.8,41584.2,41531.3,41555.7,456.0
20260505.0,415.0,41547.5,41547.5,41484.4,41507.8,416.0
20260505.0,430.0,41503.7,41520.0,41494.6,41511.9,72.0
20260505.0,445.0,41510.9,41527.1,41509.9,41516.0,120.0
20260505.0,500.0,41516.0,41564.8,41506.8,41555.7,352.0
20260505.0,900.0,41706.5,41715.6,41614.8,41668.8,6904.0
20260505.0,915.0,41664.7,41870.5,41657.6,41765.6,10932.0
20260505.0,930.0,41764.6,41845.0,41629.1,41634.1,6440.0
20260505.0,945.0,41635.2,41759.4,41571.0,41608.7,8068.0
20260505.0,1000.0,41612.8,41672.8,41569.0,41609.7,5412.0
20260505.0,1015.0,41610.7,41666.7,41565.9,41647.4,3374.0
20260505.0,1030.0,41645.4,41730.9,41624.0,41697.3,3808.0
20260505.0,1045.0,41692.2,41719.7,41644.4,41653.5,2608.0
20260505.0,1100.0,41656.6,41657.5,41568.0,41590.3,3540.0
20260505.0,1115.0,41596.5,41664.7,41576.1,41654.5,2156.0
20260505.0,1130.0,41655.5,41780.8,41645.4,41780.9,3182.0
20260505.0,1145.0,41775.8,41835.8,41723.9,41725.8,3648.0
20260505.0,1200.0,41728.9,41778.8,41692.3,41754.4,1682.0
20260505.0,1215.0,41753.4,41802.2,41736.1,41749.3,1398.0
20260505.0,1230.0,41746.2,41848.1,41735.1,41830.8,2872.0
20260505.0,1245.0,41828.7,41848.1,41781.9,41794.1,2086.0
20260505.0,1300.0,41795.1,41836.8,41757.5,41764.6,2462.0
20260505.0,1315.0,41766.6,41834.8,41754.4,41823.7,2380.0
20260505.0,1330.0,41824.7,41832.8,41761.6,41764.6,3524.0
20260505.0,1345.0,41768.6,41820.5,41730.0,41807.3,6608.0
20260505.0,1515.0,41850.1,41959.1,41850.2,41897.0,4238.0
20260505.0,1530.0,41896.0,41919.4,41859.4,41869.5,1094.0
20260505.0,1545.0,41864.4,41970.3,41847.1,41907.2,2410.0
20260505.0,1600.0,41903.1,41904.1,41785.0,41817.5,2334.0
20260505.0,1615.0,41813.5,41918.4,41800.3,41905.2,1744.0
20260505.0,1630.0,41903.1,41943.8,41903.2,41913.3,1280.0
20260505.0,1645.0,41909.2,41932.6,41888.9,41900.1,752.0
20260505.0,1700.0,41900.1,41931.6,41897.1,41927.6,706.0
20260505.0,1715.0,41929.6,41937.7,41877.7,41879.7,786.0
20260505.0,1730.0,41878.7,41892.9,41848.2,41848.1,784.0
20260505.0,1745.0,41855.2,41891.9,41849.2,41873.6,798.0
20260505.0,1800.0,41873.6,41906.1,41851.2,41857.3,492.0
20260505.0,1815.0,41862.4,41886.8,41847.1,41867.5,432.0
20260505.0,1830.0,41867.5,41878.6,41856.3,41869.5,400.0
20260505.0,1845.0,41872.6,41933.6,41860.4,41870.5,1284.0
20260505.0,1900.0,41867.5,41867.4,41833.9,41845.0,956.0
20260505.0,1915.0,41843.0,41853.1,41754.4,41790.0,2386.0
20260505.0,1930.0,41787.0,41810.4,41732.0,41791.0,2546.0
20260505.0,1945.0,41799.2,41833.8,41797.2,41816.5,744.0
20260505.0,2000.0,41816.5,41865.4,41816.6,41862.4,892.0
20260505.0,2015.0,41858.3,41944.8,41822.7,41936.7,2092.0
20260505.0,2030.0,41938.8,42056.9,41938.8,42042.7,4184.0
20260505.0,2045.0,42045.8,42056.9,41998.9,42010.1,1450.0
20260505.0,2100.0,42009.1,42025.3,41994.9,42014.2,798.0
20260505.0,2115.0,42014.2,42128.2,42011.2,42105.9,2932.0
20260505.0,2130.0,42104.8,42110.9,42066.2,42105.9,1220.0
20260505.0,2145.0,42108.9,42154.7,42039.7,42138.5,5028.0
20260505.0,2200.0,42145.6,42259.7,42134.4,42230.2,5140.0
20260505.0,2215.0,42234.2,42268.8,42124.3,42144.6,5250.0
20260505.0,2230.0,42142.5,42232.1,42026.4,42197.6,7782.0
20260505.0,2245.0,42199.6,42217.9,42101.8,42101.8,3140.0
20260505.0,2300.0,42102.8,42176.1,42069.2,42167.0,2684.0
20260505.0,2315.0,42160.9,42249.5,42154.8,42205.7,2284.0
20260505.0,2330.0,42209.8,42245.4,42197.6,42226.1,1344.0
20260505.0,2345.0,42223.0,42265.8,42190.5,42235.3,2246.0
20260506.0,0.0,42245.4,42327.9,42245.5,42289.3,3266.0
20260506.0,15.0,42289.3,42351.3,42274.0,42301.5,2624.0
20260506.0,30.0,42300.5,42304.5,42199.6,42257.7,1842.0
20260506.0,45.0,42253.6,42261.7,42190.5,42229.1,1706.0
20260506.0,100.0,42229.1,42273.9,42225.1,42260.7,666.0
20260506.0,115.0,42257.7,42287.2,42246.5,42254.6,440.0
20260506.0,130.0,42257.7,42305.5,42257.7,42287.2,606.0
20260506.0,145.0,42281.1,42308.6,42268.9,42281.1,344.0
20260506.0,200.0,42278.0,42291.2,42265.9,42287.2,320.0
20260506.0,215.0,42285.2,42307.5,42279.1,42292.3,282.0
20260506.0,230.0,42291.3,42314.7,42281.2,42305.6,300.0
20260506.0,245.0,42301.5,42322.8,42301.5,42301.5,358.0
20260506.0,300.0,42299.4,42308.6,42268.9,42289.3,316.0
20260506.0,315.0,42286.2,42293.3,42252.6,42253.6,402.0
20260506.0,330.0,42249.5,42255.6,42209.8,42217.9,576.0
20260506.0,345.0,42215.9,42254.6,42211.9,42241.4,308.0
20260506.0,400.0,42247.5,42260.7,42197.6,42224.0,850.0
20260506.0,415.0,42225.1,42270.9,42219.0,42267.9,382.0
20260506.0,430.0,42263.8,42342.2,42233.3,42329.0,696.0
20260506.0,445.0,42329.0,42342.2,42306.6,42306.6,332.0
20260506.0,500.0,42304.5,42342.2,42297.5,42337.1,390.0
20260506.0,900.0,42433.9,42528.6,42403.4,42424.8,10492.0
20260506.0,915.0,42429.8,42744.6,42424.8,42733.5,15836.0
20260506.0,930.0,42735.5,42795.6,42542.0,42574.5,13180.0
20260506.0,945.0,42574.5,42721.2,42493.1,42497.1,10646.0
20260506.0,1000.0,42499.1,42499.1,42009.1,42179.2,24516.0
20260506.0,1015.0,42183.3,42204.6,41810.5,42127.3,18548.0
20260506.0,1030.0,42125.2,42213.8,41998.9,42077.3,8092.0
20260506.0,1045.0,42073.3,42124.2,41885.8,41959.2,6668.0
20260506.0,1100.0,41960.2,42075.2,41887.9,41914.3,5946.0
20260506.0,1115.0,41907.2,42094.6,41818.6,42076.3,6500.0
20260506.0,1130.0,42071.2,42145.5,42006.1,42132.4,5918.0
20260506.0,1145.0,42131.3,42160.8,42057.0,42099.8,4340.0
20260506.0,1200.0,42100.8,42133.3,42062.1,42115.0,2706.0
20260506.0,1215.0,42113.0,42146.6,42086.6,42135.4,2260.0
20260506.0,1230.0,42134.4,42143.5,42049.9,42111.0,2914.0
20260506.0,1245.0,42109.9,42220.9,42110.0,42186.4,6174.0
20260506.0,1300.0,42186.4,42255.6,42180.3,42198.6,4102.0
20260506.0,1315.0,42195.5,42279.0,42164.0,42271.9,3212.0
20260506.0,1330.0,42268.9,42337.1,42231.2,42253.6,6916.0
20260506.0,1345.0,42253.6,42323.8,42210.9,42284.2,9568.0
20260506.0,1515.0,42225.1,42290.2,42189.5,42221.0,2498.0
20260506.0,1530.0,42221.0,42242.3,42199.6,42220.0,962.0
20260506.0,1545.0,42223.0,42285.1,42204.7,42276.0,874.0
20260506.0,1600.0,42278.0,42369.7,42278.1,42367.7,1880.0
20260506.0,1615.0,42369.7,42404.3,42353.5,42373.8,1860.0
20260506.0,1630.0,42367.7,42372.7,42304.6,42314.7,1156.0
20260506.0,1645.0,42319.8,42364.6,42314.8,42340.2,792.0
20260506.0,1700.0,42341.2,42701.8,42287.3,42599.0,7760.0
20260506.0,1715.0,42594.9,42644.8,42503.3,42548.0,2688.0
20260506.0,1730.0,42552.1,42582.6,42490.0,42548.0,2118.0
20260506.0,1745.0,42546.0,42635.6,42532.8,42592.9,2296.0
20260506.0,1800.0,42589.8,42627.5,42563.4,42620.4,1098.0
20260506.0,1815.0,42626.5,42663.1,42606.2,42623.4,1670.0
20260506.0,1830.0,42623.4,42687.6,42616.3,42670.3,1680.0
20260506.0,1845.0,42676.4,42759.9,42671.4,42739.6,1964.0
20260506.0,1900.0,42745.7,42776.2,42685.6,42735.5,2242.0
20260506.0,1915.0,42731.4,42783.3,42720.3,42774.2,2272.0
20260506.0,1930.0,42771.2,42790.5,42716.2,42730.4,1526.0
20260506.0,1945.0,42731.4,42750.7,42620.4,42620.4,2726.0
20260506.0,2000.0,42624.4,42667.2,42583.7,42637.7,2278.0
20260506.0,2015.0,42633.6,42635.6,42527.7,42542.9,2836.0
20260506.0,2030.0,42541.9,42602.0,42502.2,42589.8,2832.0
20260506.0,2045.0,42589.8,42596.9,42544.0,42550.1,1064.0
20260506.0,2100.0,42556.2,42602.0,42529.7,42540.9,1250.0
20260506.0,2115.0,42539.9,42566.3,42438.0,42516.4,3094.0
20260506.0,2130.0,42518.5,42564.3,42498.2,42529.7,1366.0
20260506.0,2145.0,42528.7,42694.7,42459.4,42671.3,7664.0
20260506.0,2200.0,42671.3,42719.1,42580.7,42686.6,4546.0
20260506.0,2215.0,42689.6,42691.6,42479.8,42578.6,5104.0
20260506.0,2230.0,42568.4,42583.6,42448.2,42503.2,4144.0
20260506.0,2245.0,42495.1,42704.9,42492.0,42679.5,4196.0
20260506.0,2300.0,42680.5,42716.1,42653.0,42677.4,2828.0
20260506.0,2315.0,42683.5,42738.5,42652.0,42702.9,1980.0
20260506.0,2330.0,42701.9,42827.1,42692.8,42801.7,3942.0
20260506.0,2345.0,42803.8,42831.2,42679.5,42735.5,3540.0
20260507.0,0.0,42739.6,42782.3,42708.0,42730.4,1786.0
20260507.0,15.0,42726.3,42860.8,42724.3,42844.5,2598.0
20260507.0,30.0,42842.5,42854.6,42790.6,42797.6,1290.0
20260507.0,45.0,42796.6,42821.0,42781.4,42781.3,840.0
20260507.0,100.0,42786.4,42786.4,42674.4,42743.6,2156.0
20260507.0,115.0,42745.7,42825.1,42734.5,42803.8,1068.0
20260507.0,130.0,42797.6,42817.0,42785.5,42799.7,362.0
20260507.0,145.0,42802.7,42832.2,42791.6,42826.2,424.0
20260507.0,200.0,42831.3,42836.3,42773.2,42804.8,350.0
20260507.0,215.0,42808.9,42847.5,42808.9,42835.3,680.0
20260507.0,230.0,42835.3,42907.6,42835.4,42897.5,1292.0
20260507.0,245.0,42898.5,42943.3,42890.4,42914.8,762.0
20260507.0,300.0,42914.8,42931.1,42893.5,42921.9,618.0
20260507.0,315.0,42923.0,42975.9,42917.9,42975.9,852.0
20260507.0,330.0,42971.9,43003.4,42968.9,42988.2,856.0
20260507.0,345.0,42986.1,42997.3,42968.9,42973.9,492.0
20260507.0,400.0,42969.8,43035.0,42966.8,42982.1,880.0
20260507.0,415.0,42980.0,43065.5,42960.7,43052.3,894.0
20260507.0,430.0,43059.5,43076.8,43050.4,43076.8,326.0
20260507.0,445.0,43078.8,43086.9,43055.5,43077.8,486.0
20260507.0,500.0,43080.9,43123.6,43065.6,43116.5,620.0
20260507.0,900.0,43125.7,43125.7,42833.4,42946.4,12762.0
20260507.0,915.0,42947.4,42980.0,42795.7,42919.9,13004.0
20260507.0,930.0,42923.0,43071.7,42871.0,42945.4,8912.0
20260507.0,945.0,42955.6,43172.5,42857.8,43157.3,10482.0
20260507.0,1000.0,43160.3,43242.8,43069.7,43130.8,9786.0
20260507.0,1015.0,43135.9,43202.1,43025.9,43049.3,5286.0
20260507.0,1030.0,43054.4,43228.6,43036.1,43222.5,4578.0
20260507.0,1045.0,43227.6,43267.3,43096.2,43131.8,5472.0
20260507.0,1100.0,43129.8,43205.1,43055.5,43182.8,3732.0
20260507.0,1115.0,43184.8,43190.9,43032.0,43092.1,3844.0
20260507.0,1130.0,43091.1,43172.5,43080.9,43123.7,2418.0
20260507.0,1145.0,43120.6,43216.3,43117.6,43214.3,3098.0
20260507.0,1200.0,43209.2,43230.6,43152.2,43162.4,2722.0
20260507.0,1215.0,43161.4,43182.7,43125.8,43138.9,2072.0
20260507.0,1230.0,43137.9,43167.4,43089.1,43103.3,3548.0
20260507.0,1245.0,43102.3,43153.2,43073.8,43095.1,3806.0
20260507.0,1300.0,43095.1,43153.2,43083.0,43093.1,2986.0
20260507.0,1315.0,43093.1,43184.7,43087.0,43184.8,3820.0
20260507.0,1330.0,43185.8,43185.8,43052.4,43105.3,5710.0
20260507.0,1345.0,43103.3,43194.9,43102.3,43136.9,11272.0
20260507.0,1515.0,43220.5,43354.9,43163.5,43340.7,4994.0
20260507.0,1530.0,43344.8,43350.8,43208.3,43224.5,3146.0
20260507.0,1545.0,43227.6,43273.4,43203.2,43265.3,1494.0
20260507.0,1600.0,43267.3,43271.3,43178.7,43196.0,1520.0
20260507.0,1615.0,43198.0,43265.2,43177.7,43200.1,1698.0
20260507.0,1630.0,43203.1,43205.1,43122.7,43144.0,2260.0
20260507.0,1645.0,43144.0,43187.8,43139.0,43144.0,1242.0
20260507.0,1700.0,43142.0,43149.1,43102.3,43123.7,1610.0
20260507.0,1715.0,43121.6,43124.6,43039.2,43048.3,2530.0
20260507.0,1730.0,43050.3,43086.9,43006.6,43072.7,2178.0
20260507.0,1745.0,43067.6,43132.8,43059.5,43110.4,1284.0
20260507.0,1800.0,43108.4,43132.8,43017.8,43053.4,1688.0
20260507.0,1815.0,43049.3,43069.6,42999.4,43054.4,1316.0
20260507.0,1830.0,43054.4,43092.0,43030.0,43055.4,810.0
20260507.0,1845.0,43051.3,43101.2,43027.9,43097.2,766.0
20260507.0,1900.0,43105.3,43113.4,43061.6,43065.6,524.0
20260507.0,1915.0,43068.7,43090.0,43035.1,43038.1,454.0
20260507.0,1930.0,43035.0,43083.9,43022.9,43057.4,588.0
20260507.0,1945.0,43055.4,43098.1,43043.2,43061.5,550.0
20260507.0,2000.0,43062.5,43064.5,43008.6,43035.0,762.0
20260507.0,2015.0,43037.1,43077.8,43017.8,43068.7,622.0
20260507.0,2030.0,43069.7,43102.2,43047.3,43094.1,700.0
20260507.0,2045.0,43091.1,43142.0,43068.7,43121.6,1142.0
20260507.0,2100.0,43120.6,43139.9,43066.7,43073.7,992.0
20260507.0,2115.0,43070.7,43070.6,43012.7,43044.2,1428.0
20260507.0,2130.0,43049.3,43077.8,43045.3,43059.5,758.0
20260507.0,2145.0,43057.4,43057.4,42847.6,42857.8,6848.0
20260507.0,2200.0,42861.8,42931.1,42795.7,42882.2,5916.0
20260507.0,2215.0,42879.1,42961.6,42827.2,42916.8,3720.0
20260507.0,2230.0,42918.9,43018.7,42882.3,42974.9,4114.0
20260507.0,2245.0,42980.0,43022.8,42953.6,42963.7,2918.0
20260507.0,2300.0,42965.7,43032.9,42934.2,43024.8,1860.0
20260507.0,2315.0,43024.8,43031.9,42940.3,42956.6,1990.0
20260507.0,2330.0,42955.6,42984.0,42872.1,42936.2,2386.0
20260507.0,2345.0,42940.3,43012.6,42931.2,42995.3,1730.0
20260508.0,0.0,42996.3,43000.3,42797.7,42826.2,3278.0
20260508.0,15.0,42825.2,42832.2,42719.2,42749.8,4812.0
20260508.0,30.0,42747.7,42770.1,42642.8,42746.7,4388.0
20260508.0,45.0,42739.6,42803.7,42705.0,42733.5,2088.0
20260508.0,100.0,42728.4,42759.9,42696.8,42730.4,1222.0
20260508.0,115.0,42737.5,42751.7,42676.5,42705.9,1418.0
20260508.0,130.0,42703.9,42746.7,42536.9,42592.9,4802.0
20260508.0,145.0,42589.8,42737.5,42568.5,42694.7,2352.0
20260508.0,200.0,42689.6,42783.3,42652.0,42773.2,2286.0
20260508.0,215.0,42781.3,42810.8,42718.2,42739.6,1590.0
20260508.0,230.0,42734.5,42775.2,42688.7,42699.8,692.0
20260508.0,245.0,42700.9,42729.3,42612.3,42673.3,1550.0
20260508.0,300.0,42663.2,42749.7,42617.4,42743.6,2056.0
20260508.0,315.0,42743.6,42781.3,42715.2,42777.3,752.0
20260508.0,330.0,42768.1,42777.2,42644.9,42710.0,1724.0
20260508.0,345.0,42713.1,42788.4,42713.1,42769.1,850.0
20260508.0,400.0,42770.1,42821.0,42706.0,42711.0,2200.0
20260508.0,415.0,42718.2,42820.0,42705.0,42786.4,1164.0
20260508.0,430.0,42790.5,42799.6,42780.4,42785.4,254.0
20260508.0,445.0,42785.4,42796.6,42710.1,42737.5,912.0
20260508.0,500.0,42743.6,42772.1,42730.5,42730.4,534.0
20260508.0,900.0,42912.8,42950.4,42832.3,42900.5,8906.0
20260508.0,915.0,42900.5,43058.4,42857.8,43050.3,10374.0
20260508.0,930.0,43049.3,43093.1,42953.6,43059.5,7330.0
20260508.0,945.0,43062.5,43122.6,42937.3,42979.0,7160.0
20260508.0,1000.0,42973.9,43139.9,42955.6,42965.7,6924.0
20260508.0,1015.0,42968.8,42994.2,42668.3,42723.3,13126.0
20260508.0,1030.0,42721.2,42727.3,42320.9,42460.4,19762.0
20260508.0,1045.0,42465.5,42688.6,42444.2,42646.9,9116.0
20260508.0,1100.0,42646.9,42779.3,42631.6,42717.2,6412.0
20260508.0,1115.0,42717.2,42785.4,42695.8,42766.1,4226.0
20260508.0,1130.0,42759.9,42781.3,42698.9,42711.0,3364.0
20260508.0,1145.0,42712.1,42818.0,42701.9,42719.2,4524.0
20260508.0,1200.0,42718.2,42755.8,42636.7,42739.6,3448.0
20260508.0,1215.0,42739.6,42753.8,42679.5,42691.7,2426.0
20260508.0,1230.0,42692.7,42757.9,42654.0,42735.5,2474.0
20260508.0,1245.0,42736.5,42772.1,42601.1,42604.1,3306.0
20260508.0,1300.0,42603.0,42727.3,42598.0,42722.3,2950.0
20260508.0,1315.0,42726.3,42760.9,42689.7,42750.8,4944.0
20260508.0,1330.0,42748.7,42756.8,42706.0,42720.2,3152.0
20260508.0,1345.0,42723.3,42754.8,42696.8,42726.3,9096.0
20260508.0,1515.0,42784.4,42807.8,42648.9,42657.0,3266.0
20260508.0,1530.0,42659.1,42660.1,42588.8,42632.6,2270.0
20260508.0,1545.0,42630.6,42641.7,42604.1,42618.3,1088.0
20260508.0,1600.0,42618.3,42625.4,42526.7,42542.9,2364.0
20260508.0,1615.0,42545.0,42581.6,42498.2,42548.0,1972.0
20260508.0,1630.0,42549.1,42609.1,42549.1,42590.8,986.0
20260508.0,1645.0,42589.8,42612.2,42569.5,42575.5,622.0
20260508.0,1700.0,42576.6,42617.3,42574.6,42590.8,600.0
20260508.0,1715.0,42598.0,42688.6,42589.9,42648.9,1678.0
20260508.0,1730.0,42648.9,42671.3,42638.8,42652.0,730.0
20260508.0,1745.0,42648.9,42652.9,42561.3,42580.6,1246.0
20260508.0,1800.0,42579.6,42586.7,42452.3,42498.1,2270.0
20260508.0,1815.0,42498.1,42530.7,42494.1,42523.6,850.0
20260508.0,1830.0,42524.6,42568.4,42506.3,42551.1,744.0
20260508.0,1845.0,42552.1,42590.8,42552.2,42558.2,820.0
20260508.0,1900.0,42554.1,42556.1,42455.4,42507.3,1364.0
20260508.0,1915.0,42512.4,42574.5,42511.4,42552.1,736.0
20260508.0,1930.0,42563.3,42578.5,42539.9,42575.5,480.0
20260508.0,1945.0,42575.5,42576.5,42545.0,42545.0,270.0
20260508.0,2000.0,42544.0,42574.5,42538.9,42545.0,254.0
20260508.0,2015.0,42541.9,42571.4,42528.7,42540.9,426.0
20260508.0,2030.0,42540.9,42563.3,42536.9,42563.3,492.0
20260508.0,2045.0,42561.3,42736.5,42561.3,42672.3,3944.0
20260508.0,2100.0,42673.3,42683.5,42566.4,42615.3,1696.0
20260508.0,2115.0,42608.1,42662.1,42572.5,42599.0,1132.0
20260508.0,2130.0,42598.0,42673.3,42581.7,42673.3,874.0
20260508.0,2145.0,42673.3,42890.3,42615.3,42882.2,6932.0
20260508.0,2200.0,42883.2,42969.8,42876.1,42969.8,4508.0
20260508.0,2215.0,42970.8,42989.1,42878.2,42894.4,3476.0
20260508.0,2230.0,42886.3,42951.4,42838.4,42846.5,2028.0
20260508.0,2245.0,42852.7,42919.9,42805.8,42910.7,3522.0
20260508.0,2300.0,42911.8,42968.8,42896.5,42950.5,1702.0
20260508.0,2315.0,42950.5,43028.9,42941.3,42961.7,3376.0
20260508.0,2330.0,42958.6,42984.0,42894.5,42975.9,2108.0
20260508.0,2345.0,42975.9,43018.7,42917.9,42945.4,2276.0
20260509.0,0.0,42945.4,43011.5,42941.3,42983.1,1106.0
20260509.0,15.0,42983.1,43037.0,42977.0,42999.4,1618.0
20260509.0,30.0,42998.4,43053.3,42994.3,43051.3,1212.0
20260509.0,45.0,43051.3,43061.5,43010.6,43027.9,890.0
20260509.0,100.0,43025.9,43044.1,42931.2,42953.5,3200.0
20260509.0,115.0,42957.6,42973.8,42847.6,42941.3,2904.0
20260509.0,130.0,42934.2,43016.6,42926.1,43012.6,1658.0
20260509.0,145.0,43011.6,43021.7,42977.0,42998.4,822.0
20260509.0,200.0,43004.5,43027.8,42958.7,42979.0,904.0
20260509.0,215.0,42979.0,43039.1,42965.8,43033.0,1104.0
20260509.0,230.0,43034.0,43037.0,43013.7,43026.9,296.0
20260509.0,245.0,43033.0,43036.0,42984.1,42991.2,504.0
20260509.0,300.0,42989.2,43006.5,42951.5,42963.7,540.0
20260509.0,315.0,42964.7,43045.2,42964.8,43016.7,750.0
20260509.0,330.0,43021.8,43038.0,42984.1,42984.1,294.0
20260509.0,345.0,42985.1,43036.0,42980.1,43021.8,528.0
20260509.0,400.0,43014.7,43035.0,42975.0,43035.0,506.0
20260509.0,415.0,43035.0,43053.3,43011.6,43037.1,474.0
20260509.0,430.0,43037.1,43050.3,43031.0,43046.2,138.0
20260509.0,445.0,43046.2,43080.8,43039.2,43077.8,554.0
20260509.0,500.0,43074.8,43096.1,43062.6,43088.0,640.0
20260511.0,900.0,43024.8,43053.3,42603.1,42731.4,13364.0
20260511.0,915.0,42726.3,42855.7,42588.8,42780.3,12514.0
20260511.0,930.0,42777.3,42921.9,42750.8,42883.2,6706.0
20260511.0,945.0,42883.2,42941.2,42796.7,42831.3,5436.0
20260511.0,1000.0,42828.2,42906.6,42771.2,42888.3,4462.0
20260511.0,1015.0,42886.3,42929.0,42805.8,42846.5,3656.0
20260511.0,1030.0,42847.6,42875.0,42722.3,42769.1,4898.0
20260511.0,1045.0,42767.1,42810.8,42685.6,42788.5,4778.0
20260511.0,1100.0,42788.5,42900.5,42730.5,42886.3,4836.0
20260511.0,1115.0,42878.1,42912.7,42801.8,42827.2,3086.0
20260511.0,1130.0,42828.2,42907.6,42802.8,42904.6,2284.0
20260511.0,1145.0,42901.6,42940.2,42863.9,42929.1,2860.0
20260511.0,1200.0,42931.1,42940.2,42875.1,42889.3,1522.0
20260511.0,1215.0,42890.4,42916.8,42846.6,42882.2,1608.0
20260511.0,1230.0,42887.3,42985.1,42885.3,42973.9,2958.0
20260511.0,1245.0,42974.9,42991.2,42931.2,42943.3,1938.0
20260511.0,1300.0,42942.3,42967.7,42913.8,42941.3,1674.0
20260511.0,1315.0,42942.3,42954.5,42880.2,42889.3,2382.0
20260511.0,1330.0,42891.4,42910.7,42828.3,42833.3,5422.0
20260511.0,1345.0,42833.3,42866.9,42734.5,42734.5,8062.0
20260511.0,1515.0,42758.9,42775.2,42663.2,42677.4,2496.0
20260511.0,1530.0,42676.4,42723.2,42653.0,42685.6,1178.0
20260511.0,1545.0,42686.6,42746.7,42669.3,42733.5,1336.0
20260511.0,1600.0,42737.5,42751.7,42721.3,42751.8,516.0
20260511.0,1615.0,42748.7,42759.9,42536.9,42582.7,3192.0
20260511.0,1630.0,42576.6,42668.2,42576.6,42581.7,1596.0
20260511.0,1645.0,42578.6,42639.7,42571.5,42635.7,736.0
20260511.0,1700.0,42631.6,42643.8,42614.3,42616.3,594.0
20260511.0,1715.0,42613.2,42650.9,42577.6,42580.6,994.0
20260511.0,1730.0,42582.7,42607.1,42566.4,42606.1,906.0
20260511.0,1745.0,42606.1,42695.7,42602.1,42688.6,1336.0
20260511.0,1800.0,42692.7,42743.6,42669.3,42673.3,1404.0
20260511.0,1815.0,42671.3,42683.5,42622.5,42623.4,1102.0
20260511.0,1830.0,42622.4,42629.5,42579.7,42625.5,1044.0
20260511.0,1845.0,42620.4,42637.6,42573.6,42591.8,794.0
20260511.0,1900.0,42592.9,42632.5,42578.6,42592.9,552.0
20260511.0,1915.0,42590.8,42646.8,42588.8,42644.8,634.0
20260511.0,1930.0,42645.8,42692.7,42632.6,42680.5,896.0
20260511.0,1945.0,42679.5,42714.1,42667.3,42675.4,800.0
20260511.0,2000.0,42670.3,42702.8,42651.0,42702.9,686.0
20260511.0,2015.0,42699.8,42719.1,42637.7,42657.0,1152.0
20260511.0,2030.0,42656.0,42709.0,42647.9,42705.9,854.0
20260511.0,2045.0,42700.9,42742.6,42684.6,42684.6,1114.0
20260511.0,2100.0,42683.5,42706.9,42623.5,42705.9,2244.0
20260511.0,2115.0,42707.0,42780.3,42700.9,42775.2,1898.0
20260511.0,2130.0,42776.2,42833.3,42772.2,42831.3,1840.0
20260511.0,2145.0,42832.3,42941.2,42730.5,42792.5,8172.0
20260511.0,2200.0,42790.5,42833.3,42620.4,42637.7,5022.0
20260511.0,2215.0,42634.6,42841.4,42629.6,42816.0,6112.0
20260511.0,2230.0,42817.0,42865.9,42711.1,42730.4,4060.0
20260511.0,2245.0,42725.3,42907.6,42673.4,42892.4,6462.0
20260511.0,2300.0,42891.4,43011.5,42871.0,42955.6,4556.0
20260511.0,2315.0,42956.6,43026.8,42952.6,42957.6,2964.0
20260511.0,2330.0,42961.7,43069.6,42939.3,43068.7,2286.0
20260511.0,2345.0,43069.7,43082.9,43005.5,43015.7,2436.0
20260512.0,0.0,43014.7,43093.1,43005.5,43052.3,1656.0
20260512.0,15.0,43055.4,43164.4,43055.5,43157.3,2938.0
20260512.0,30.0,43158.3,43158.3,43067.7,43068.7,1212.0
20260512.0,45.0,43077.8,43102.2,42958.7,43015.7,2296.0
20260512.0,100.0,43014.7,43039.1,42993.3,43015.7,1162.0
20260512.0,115.0,43027.9,43058.4,43003.5,43019.7,928.0
20260512.0,130.0,43014.7,43086.9,42996.4,43078.8,860.0
20260512.0,145.0,43086.0,43132.8,43068.7,43104.3,1142.0
20260512.0,200.0,43109.4,43116.5,43069.7,43070.7,396.0
20260512.0,215.0,43074.8,43146.0,43072.8,43124.7,1038.0
20260512.0,230.0,43124.7,43127.7,43091.1,43124.7,418.0
20260512.0,245.0,43120.6,43129.7,43080.9,43093.1,260.0
20260512.0,300.0,43089.0,43106.3,43048.3,43050.3,384.0
20260512.0,315.0,43047.3,43108.3,43042.2,43074.8,592.0
20260512.0,330.0,43069.7,43070.6,43020.8,43026.9,464.0
20260512.0,345.0,43032.0,43065.5,43021.8,43065.6,290.0
20260512.0,400.0,43060.5,43107.3,43056.5,43077.8,516.0
20260512.0,415.0,43076.8,43078.8,42988.2,43068.7,1230.0
20260512.0,430.0,43068.7,43075.7,43050.4,43067.6,142.0
20260512.0,445.0,43068.7,43071.7,43056.5,43068.7,104.0
20260512.0,500.0,43071.7,43074.7,43057.5,43073.7,358.0
20260512.0,900.0,42994.3,43042.1,42961.7,42987.1,6326.0
20260512.0,915.0,42991.2,43160.3,42986.2,43045.2,10748.0
20260512.0,930.0,43046.2,43047.2,42706.0,42798.7,17268.0
20260512.0,945.0,42799.7,42805.7,42390.2,42605.1,18454.0
20260512.0,1000.0,42604.1,42678.4,42539.9,42599.0,8620.0
20260512.0,1015.0,42604.1,42783.3,42529.7,42766.1,8524.0
20260512.0,1030.0,42766.1,42780.3,42658.1,42745.7,4304.0
20260512.0,1045.0,42743.6,42744.6,42647.9,42709.0,2962.0
20260512.0,1100.0,42710.0,42888.3,42709.1,42844.5,6738.0
20260512.0,1115.0,42846.5,42942.3,42789.5,42907.7,6118.0
20260512.0,1130.0,42905.6,42908.6,42847.6,42871.0,2146.0
20260512.0,1145.0,42878.1,42958.6,42872.1,42914.8,2998.0
20260512.0,1200.0,42919.9,42934.1,42876.1,42909.7,2200.0
20260512.0,1215.0,42912.8,43024.8,42909.8,42952.5,5166.0
20260512.0,1230.0,42955.6,43017.7,42941.3,42982.1,3408.0
20260512.0,1245.0,42978.0,43034.0,42976.0,43021.8,4056.0
20260512.0,1300.0,43024.8,43045.2,42841.5,42842.5,6386.0
20260512.0,1315.0,42845.5,42923.9,42793.6,42827.2,6302.0
20260512.0,1330.0,42830.2,42837.3,42698.9,42705.9,8792.0
20260512.0,1345.0,42708.0,42715.1,42467.6,42479.8,13932.0
20260512.0,1515.0,42383.0,42400.3,42263.8,42382.0,6206.0
20260512.0,1530.0,42376.9,42484.8,42374.9,42423.7,2750.0
20260512.0,1545.0,42426.8,42452.2,42400.4,42402.3,1270.0
20260512.0,1600.0,42406.4,42418.6,42353.5,42411.5,1998.0
20260512.0,1615.0,42410.5,42420.6,42318.8,42343.2,2588.0
20260512.0,1630.0,42337.1,42409.4,42313.8,42398.3,1576.0
20260512.0,1645.0,42400.3,42409.4,42346.4,42366.7,1122.0
20260512.0,1700.0,42363.6,42387.0,42327.0,42348.3,1160.0
20260512.0,1715.0,42348.3,42351.3,42279.1,42348.3,1756.0
20260512.0,1730.0,42348.3,42357.5,42305.6,42313.7,886.0
20260512.0,1745.0,42321.9,42412.5,42321.9,42373.8,1826.0
20260512.0,1800.0,42377.9,42381.9,42334.1,42349.4,632.0
20260512.0,1815.0,42344.3,42385.0,42334.1,42368.7,696.0
20260512.0,1830.0,42370.8,42372.7,42309.7,42324.9,678.0
20260512.0,1845.0,42332.0,42342.2,42271.0,42301.5,1264.0
20260512.0,1900.0,42298.4,42331.0,42273.0,42311.7,1082.0
20260512.0,1915.0,42318.8,42330.0,42184.4,42231.2,3644.0
20260512.0,1930.0,42234.2,42240.3,42169.1,42215.9,1822.0
20260512.0,1945.0,42214.9,42227.1,42181.3,42219.0,1144.0
20260512.0,2000.0,42214.9,42219.9,42125.3,42143.6,2320.0
20260512.0,2015.0,42147.6,42147.6,42037.7,42111.0,3268.0
20260512.0,2030.0,42108.9,42121.1,42014.2,42091.6,2408.0
20260512.0,2045.0,42094.7,42281.1,42026.4,42186.4,7734.0
20260512.0,2100.0,42189.4,42239.3,42181.3,42193.5,1876.0
20260512.0,2115.0,42190.4,42212.8,42136.5,42157.8,1828.0
20260512.0,2130.0,42153.7,42155.7,42094.7,42142.5,1892.0
20260512.0,2145.0,42143.6,42338.1,42084.5,42338.2,8332.0
20260512.0,2200.0,42331.0,42346.3,42023.4,42073.3,6928.0
20260512.0,2215.0,42075.3,42162.9,42039.7,42143.6,4952.0
20260512.0,2230.0,42144.6,42161.8,41931.7,41968.3,5392.0
20260512.0,2245.0,41968.3,42034.5,41844.1,41963.2,7858.0
20260512.0,2300.0,41960.2,41967.3,41793.1,41815.5,5822.0
20260512.0,2315.0,41814.5,41853.1,41742.2,41745.2,4102.0
20260512.0,2330.0,41744.2,41764.5,41586.3,41633.1,7542.0
20260512.0,2345.0,41635.2,41737.0,41631.1,41699.4,5002.0
20260513.0,0.0,41703.4,41726.8,41570.0,41596.5,3102.0
20260513.0,15.0,41600.5,41730.9,41548.6,41718.7,4332.0
20260513.0,30.0,41716.7,41727.8,41582.2,41602.6,2050.0
20260513.0,45.0,41600.5,41631.0,41517.0,41567.9,3220.0
20260513.0,100.0,41568.9,41587.2,41506.8,41522.1,2096.0
20260513.0,115.0,41527.2,41694.2,41527.2,41678.0,3158.0
20260513.0,130.0,41680.0,41738.0,41588.4,41616.8,4760.0
20260513.0,145.0,41612.8,41664.7,41601.6,41645.4,1436.0
20260513.0,200.0,41647.4,41681.0,41611.8,41678.0,968.0
20260513.0,215.0,41671.8,41714.6,41657.6,41703.4,1200.0
20260513.0,230.0,41700.4,41791.0,41686.2,41772.7,1690.0
20260513.0,245.0,41770.7,41820.5,41756.5,41799.2,1218.0
20260513.0,300.0,41798.2,41854.2,41763.6,41783.9,1132.0
20260513.0,315.0,41781.9,41891.9,41780.9,41872.6,1330.0
20260513.0,330.0,41875.6,41893.9,41838.0,41868.5,724.0
20260513.0,345.0,41868.5,41940.8,41868.5,41935.7,1064.0
20260513.0,400.0,41934.7,41959.1,41904.2,41943.9,780.0
20260513.0,415.0,41936.7,41945.9,41834.9,41903.1,880.0
20260513.0,430.0,41901.1,41920.4,41875.7,41900.1,440.0
20260513.0,445.0,41899.0,41938.7,41893.0,41936.7,394.0
20260513.0,500.0,41936.7,41942.8,41906.2,41910.3,584.0
20260513.0,900.0,42014.2,42043.7,41755.4,41992.8,14420.0
20260513.0,915.0,41995.8,42153.7,41942.9,42103.8,15390.0
20260513.0,930.0,42102.8,42123.1,41915.4,42119.1,12228.0
20260513.0,945.0,42115.0,42229.1,42091.7,42135.4,11228.0
20260513.0,1000.0,42129.3,42319.8,42121.2,42257.7,10780.0
20260513.0,1015.0,42250.5,42298.4,42050.9,42078.4,8510.0
20260513.0,1030.0,42078.4,42173.1,42031.5,42167.0,5854.0
20260513.0,1045.0,42166.0,42190.4,41967.4,41992.8,5942.0
20260513.0,1100.0,41994.8,42044.7,41952.1,41968.3,5102.0
20260513.0,1115.0,41968.3,42011.1,41940.9,41999.9,4300.0
20260513.0,1130.0,41998.9,42179.2,41991.8,42166.0,5856.0
20260513.0,1145.0,42166.0,42336.1,42152.8,42336.1,6830.0
20260513.0,1200.0,42334.1,42342.2,42185.4,42194.5,5762.0
20260513.0,1215.0,42190.4,42239.3,42174.2,42205.7,2724.0
20260513.0,1230.0,42204.7,42224.0,42137.5,42209.8,3374.0
20260513.0,1245.0,42213.9,42257.6,42153.8,42170.0,2488.0
20260513.0,1300.0,42169.0,42253.5,42167.0,42227.1,3270.0
20260513.0,1315.0,42225.1,42364.6,42163.0,42362.6,6304.0
20260513.0,1330.0,42358.5,42387.0,42240.4,42251.6,8338.0
20260513.0,1345.0,42251.6,42301.4,42203.7,42249.5,8744.0
20260513.0,1515.0,42280.1,42293.3,42152.8,42201.6,2782.0
20260513.0,1530.0,42199.6,42218.9,42174.2,42199.6,1118.0
20260513.0,1545.0,42202.7,42288.2,42198.6,42270.9,1594.0
20260513.0,1600.0,42275.0,42311.6,42256.7,42307.6,1488.0
20260513.0,1615.0,42311.7,42433.9,42306.6,42402.3,3506.0
20260513.0,1630.0,42403.4,42425.7,42366.7,42372.8,1394.0
20260513.0,1645.0,42375.9,42382.9,42349.4,42354.5,886.0
20260513.0,1700.0,42360.6,42367.7,42261.8,42285.2,1788.0
20260513.0,1715.0,42288.2,42324.9,42231.2,42254.6,1460.0
20260513.0,1730.0,42251.6,42287.2,42212.9,42233.2,1540.0
20260513.0,1745.0,42231.2,42267.8,42200.7,42260.7,1316.0
20260513.0,1800.0,42263.8,42301.4,42242.4,42291.3,894.0
20260513.0,1815.0,42289.3,42347.3,42265.9,42280.1,1252.0
20260513.0,1830.0,42275.0,42281.1,42210.9,42239.3,990.0
20260513.0,1845.0,42243.4,42285.1,42232.2,42281.1,690.0
20260513.0,1900.0,42282.1,42305.5,42262.8,42274.0,606.0
20260513.0,1915.0,42268.9,42274.9,42225.1,42254.6,964.0
20260513.0,1930.0,42250.5,42266.8,42187.4,42225.1,1138.0
20260513.0,1945.0,42225.1,42279.0,42218.0,42275.0,590.0
20260513.0,2000.0,42271.9,42299.4,42251.6,42283.1,804.0
20260513.0,2015.0,42283.1,42337.1,42276.1,42321.9,1220.0
20260513.0,2030.0,42323.9,42335.0,42240.4,42276.0,1082.0
20260513.0,2045.0,42276.0,42276.0,41979.6,42068.2,6188.0
20260513.0,2100.0,42071.2,42102.8,42024.4,42071.2,2778.0
20260513.0,2115.0,42074.3,42183.2,42069.2,42175.1,2394.0
20260513.0,2130.0,42178.2,42212.8,42163.0,42194.5,1264.0
20260513.0,2145.0,42193.5,42273.9,42076.4,42219.0,7238.0
20260513.0,2200.0,42215.9,42293.3,42039.7,42233.2,8314.0
20260513.0,2215.0,42240.3,42268.8,42180.3,42238.3,3252.0
20260513.0,2230.0,42238.3,42403.3,42211.9,42337.1,5924.0
20260513.0,2245.0,42334.1,42402.3,42306.6,42351.4,4046.0
20260513.0,2300.0,42347.3,42382.9,42292.4,42347.3,2826.0
20260513.0,2315.0,42345.3,42366.6,42260.8,42287.2,2642.0
20260513.0,2330.0,42287.2,42316.7,42263.8,42302.5,1560.0
20260513.0,2345.0,42302.5,42424.7,42258.7,42405.4,3474.0
20260514.0,0.0,42405.4,42408.4,42276.1,42305.6,2634.0
20260514.0,15.0,42307.6,42408.4,42304.6,42401.3,1842.0
20260514.0,30.0,42406.4,42493.0,42367.8,42480.8,3622.0
20260514.0,45.0,42477.7,42505.2,42433.0,42474.7,1980.0
20260514.0,100.0,42475.7,42512.3,42447.2,42490.0,1470.0
20260514.0,115.0,42495.1,42578.5,42495.1,42567.4,1962.0
20260514.0,130.0,42561.3,42612.2,42556.2,42608.1,1398.0
20260514.0,145.0,42612.2,42622.4,42562.3,42583.7,880.0
20260514.0,200.0,42581.7,42589.8,42499.2,42501.2,790.0
20260514.0,215.0,42505.2,42585.7,42492.0,42585.7,1526.0
20260514.0,230.0,42585.7,42617.3,42576.6,42578.6,816.0
20260514.0,245.0,42576.6,42582.6,42532.8,42532.8,490.0
20260514.0,300.0,42525.6,42543.9,42495.1,42497.1,912.0
20260514.0,315.0,42503.2,42545.9,42503.3,42540.9,314.0
20260514.0,330.0,42539.9,42564.3,42503.3,42507.3,382.0
20260514.0,345.0,42513.4,42528.6,42498.2,42526.6,164.0
20260514.0,400.0,42520.5,42543.9,42468.6,42497.1,836.0
20260514.0,415.0,42494.0,42525.6,42474.7,42521.5,500.0
20260514.0,430.0,42518.5,42537.8,42512.4,42525.6,134.0
20260514.0,445.0,42526.6,42556.1,42522.6,42540.9,230.0
20260514.0,500.0,42538.9,42548.0,42528.7,42541.9,352.0
20260514.0,900.0,42737.5,42787.4,42658.1,42787.5,9038.0
20260514.0,915.0,42787.5,43032.9,42782.4,42924.0,15772.0
20260514.0,930.0,42924.0,42923.9,42610.2,42752.8,13084.0
20260514.0,945.0,42752.8,42776.2,42546.0,42574.5,8592.0
20260514.0,1000.0,42580.6,42637.6,42434.0,42478.8,12116.0
20260514.0,1015.0,42484.9,42592.8,42398.3,42549.1,7990.0
20260514.0,1030.0,42546.0,42659.0,42514.5,42518.5,5812.0
20260514.0,1045.0,42518.5,42619.3,42439.1,42484.9,4220.0
20260514.0,1100.0,42484.9,42500.1,42322.9,42379.9,7620.0
20260514.0,1115.0,42380.9,42459.3,42341.3,42455.3,4538.0
20260514.0,1130.0,42452.3,42505.2,42311.7,42453.3,6386.0
20260514.0,1145.0,42453.3,42458.3,42348.4,42436.0,4556.0
20260514.0,1200.0,42441.1,42478.7,42407.5,42439.0,3194.0
20260514.0,1215.0,42443.1,42529.6,42340.2,42522.6,5640.0
20260514.0,1230.0,42523.6,42579.6,42484.9,42575.5,3674.0
20260514.0,1245.0,42574.5,42635.6,42571.5,42603.0,4900.0
20260514.0,1300.0,42604.1,42628.5,42519.6,42534.8,4818.0
20260514.0,1315.0,42537.8,42538.8,42390.2,42395.2,7088.0
20260514.0,1330.0,42393.2,42499.1,42278.1,42499.1,10634.0
20260514.0,1345.0,42495.1,42553.1,42385.1,42385.0,10618.0
20260514.0,1515.0,42539.9,42598.9,42517.5,42556.2,3176.0
20260514.0,1530.0,42551.1,42618.3,42551.1,42603.0,1700.0
20260514.0,1545.0,42605.1,42697.7,42591.9,42648.9,2642.0
20260514.0,1600.0,42654.0,42674.3,42546.0,42565.4,1438.0
20260514.0,1615.0,42565.4,42634.6,42539.9,42633.6,1804.0
20260514.0,1630.0,42633.6,42681.4,42633.7,42675.4,1444.0
20260514.0,1645.0,42679.5,42707.9,42625.5,42625.5,2018.0
20260514.0,1700.0,42627.5,42681.4,42612.3,42675.4,1312.0
20260514.0,1715.0,42679.5,42690.6,42620.4,42630.6,1428.0
20260514.0,1730.0,42627.5,42633.6,42576.6,42590.8,1036.0
20260514.0,1745.0,42592.9,42622.4,42498.2,42551.1,2440.0
20260514.0,1800.0,42551.1,42639.7,42550.1,42623.4,1226.0
20260514.0,1815.0,42621.4,42746.7,42620.4,42683.5,2638.0
20260514.0,1830.0,42677.4,42719.1,42651.0,42663.2,1372.0
20260514.0,1845.0,42662.1,42681.4,42633.7,42642.8,652.0
20260514.0,1900.0,42647.9,42714.1,42641.8,42684.6,864.0
20260514.0,1915.0,42688.6,42703.9,42660.2,42688.6,618.0
20260514.0,1930.0,42687.6,42701.8,42641.8,42666.2,474.0
20260514.0,1945.0,42663.2,42686.5,42660.2,42678.4,474.0
20260514.0,2000.0,42678.4,42730.4,42677.5,42695.8,916.0
20260514.0,2015.0,42693.7,42752.8,42693.8,42734.5,1104.0
20260514.0,2030.0,42734.5,42754.8,42701.9,42702.9,820.0
20260514.0,2045.0,42702.9,42703.9,42646.9,42656.0,1214.0
20260514.0,2100.0,42658.1,42681.4,42596.0,42630.6,1614.0
20260514.0,2115.0,42627.5,42643.8,42602.1,42627.5,1304.0
20260514.0,2130.0,42630.6,42640.7,42558.3,42564.3,1504.0
20260514.0,2145.0,42565.4,42780.3,42520.6,42741.6,7486.0
20260514.0,2200.0,42742.6,42836.3,42709.1,42748.7,8552.0
20260514.0,2215.0,42741.6,42878.1,42719.2,42861.8,6592.0
20260514.0,2230.0,42861.8,42987.1,42860.9,42956.6,6412.0
20260514.0,2245.0,42958.6,43122.6,42954.6,43090.0,7378.0
20260514.0,2300.0,43091.1,43117.5,43004.5,43033.0,4102.0
20260514.0,2315.0,43035.0,43061.5,42996.4,43054.4,2372.0
20260514.0,2330.0,43055.4,43081.8,43036.1,43053.4,1858.0
20260514.0,2345.0,43053.4,43091.0,43022.9,43040.1,1546.0
20260515.0,0.0,43044.2,43086.9,43016.7,43072.7,1836.0
20260515.0,15.0,43073.7,43140.9,43070.7,43111.4,2548.0
20260515.0,30.0,43112.5,43139.9,43063.6,43082.9,1460.0
20260515.0,45.0,43078.8,43108.3,43058.5,43072.7,1084.0
20260515.0,100.0,43070.7,43113.4,43043.2,43110.4,1150.0
20260515.0,115.0,43111.4,43174.6,43056.5,43061.5,3112.0
20260515.0,130.0,43061.5,43069.6,42984.1,43040.1,2364.0
20260515.0,145.0,43044.2,43106.3,43033.0,43093.1,1118.0
20260515.0,200.0,43099.2,43139.9,43099.3,43112.5,938.0
20260515.0,215.0,43111.4,43116.5,43054.4,43086.0,1126.0
20260515.0,230.0,43091.1,43118.5,43073.8,43091.1,402.0
20260515.0,245.0,43094.1,43129.7,43089.1,43112.5,426.0
20260515.0,300.0,43111.4,43160.3,43101.3,43143.0,574.0
20260515.0,315.0,43143.0,43161.3,43134.9,43142.0,354.0
20260515.0,330.0,43142.0,43167.4,43129.8,43135.9,330.0
20260515.0,345.0,43131.8,43163.4,43129.8,43146.1,272.0
20260515.0,400.0,43146.1,43156.2,43109.5,43126.7,558.0
20260515.0,415.0,43129.8,43144.0,43108.4,43138.9,442.0
20260515.0,430.0,43138.9,43138.9,43116.6,43118.6,166.0
20260515.0,445.0,43117.6,43139.9,43114.5,43135.9,202.0
20260515.0,500.0,43132.8,43157.2,43099.3,43156.3,758.0
20260515.0,900.0,43077.8,43162.3,43026.9,43092.1,8472.0
20260515.0,915.0,43092.1,43253.0,43044.2,43107.4,16482.0
20260515.0,930.0,43111.4,43135.8,42834.4,42870.0,13734.0
20260515.0,945.0,42870.0,42926.0,42739.6,42895.5,12264.0
20260515.0,1000.0,42898.5,42913.7,42427.9,42476.7,17578.0
20260515.0,1015.0,42478.8,42559.2,42388.1,42481.8,13638.0
20260515.0,1030.0,42475.7,42636.6,42447.2,42476.7,9318.0
20260515.0,1045.0,42476.7,42618.3,42415.6,42582.7,7278.0
20260515.0,1100.0,42576.6,42627.5,42464.5,42553.1,7332.0
20260515.0,1115.0,42556.2,42581.6,42430.9,42446.2,5810.0
20260515.0,1130.0,42446.2,42472.6,42332.1,42403.4,8504.0
20260515.0,1145.0,42406.4,42469.5,42200.7,42415.6,12232.0
20260515.0,1200.0,42417.6,42481.8,42385.1,42412.5,8956.0
20260515.0,1215.0,42413.5,42439.0,42290.3,42377.9,9344.0
20260515.0,1230.0,42377.9,42407.4,42237.3,42244.4,5706.0
20260515.0,1245.0,42243.4,42327.9,42180.3,42184.3,8092.0
20260515.0,1300.0,42180.2,42187.3,41971.4,41995.8,10412.0
20260515.0,1315.0,41998.9,42003.9,41850.2,41954.1,16334.0
20260515.0,1330.0,41954.1,41989.7,41880.8,41972.4,10596.0
20260515.0,1345.0,41970.4,41978.5,41747.3,41783.9,16250.0
20260515.0,1515.0,41928.6,41983.6,41879.7,41969.3,4306.0
20260515.0,1530.0,41969.3,41998.8,41889.9,41925.5,2748.0
20260515.0,1545.0,41928.6,41931.6,41759.5,41774.7,2520.0
20260515.0,1600.0,41771.7,41784.9,41610.8,41626.0,3250.0
20260515.0,1615.0,41629.1,41642.2,41537.4,41609.7,4294.0
20260515.0,1630.0,41600.5,41600.5,41401.9,41414.1,4128.0
20260515.0,1645.0,41412.0,41553.6,41361.2,41550.6,3792.0
20260515.0,1700.0,41552.6,41592.3,41453.9,41492.5,2708.0
20260515.0,1715.0,41493.6,41510.8,41435.5,41465.0,2086.0
20260515.0,1730.0,41465.0,41468.0,41340.8,41460.9,3210.0
20260515.0,1745.0,41452.8,41516.9,41428.4,41451.8,2036.0
20260515.0,1800.0,41446.7,41458.9,41360.1,41405.9,2312.0
20260515.0,1815.0,41408.0,41583.2,41374.4,41563.9,2484.0
20260515.0,1830.0,41567.9,41650.4,41551.7,41571.0,3382.0
20260515.0,1845.0,41573.0,41657.5,41514.0,41574.0,2694.0
20260515.0,1900.0,41580.2,41744.1,41580.2,41705.5,4920.0
20260515.0,1915.0,41713.6,41747.2,41655.6,41689.2,2366.0
20260515.0,1930.0,41688.1,41704.4,41565.9,41594.4,2308.0
20260515.0,1945.0,41591.4,41603.5,41455.9,41480.3,2486.0
20260515.0,2000.0,41480.3,41567.9,41476.3,41480.3,2230.0
20260515.0,2015.0,41476.2,41479.2,41383.6,41392.7,2362.0
20260515.0,2030.0,41389.6,41471.1,41376.4,41407.0,2070.0
20260515.0,2045.0,41409.0,41452.7,41359.1,41414.1,2194.0
20260515.0,2100.0,41413.1,41530.2,41410.1,41509.9,1816.0
20260515.0,2115.0,41506.8,41531.2,41457.9,41487.4,1540.0
20260515.0,2130.0,41487.4,41554.6,41460.0,41521.1,2090.0
20260515.0,2145.0,41520.0,41536.3,41318.4,41336.7,7226.0
20260515.0,2200.0,41335.6,41534.3,41209.4,41362.1,9492.0
20260515.0,2215.0,41379.4,41573.0,41305.1,41550.6,6534.0
20260515.0,2230.0,41550.6,41661.6,41492.6,41526.2,7216.0
20260515.0,2245.0,41517.0,41612.7,41517.0,41603.6,3514.0
20260515.0,2300.0,41598.5,41609.6,41471.2,41508.8,2758.0
20260515.0,2315.0,41512.9,41543.4,41435.5,41497.6,2678.0
20260515.0,2330.0,41504.8,41619.8,41496.7,41619.9,2438.0
20260515.0,2345.0,41620.9,41652.4,41457.9,41490.5,3638.0
20260516.0,0.0,41490.5,41495.5,41395.8,41484.4,2854.0
20260516.0,15.0,41485.4,41522.0,41461.0,41488.5,1476.0
20260516.0,30.0,41483.4,41546.5,41435.5,41537.4,1578.0
20260516.0,45.0,41537.4,41568.9,41520.1,41568.9,1246.0
20260516.0,100.0,41565.9,41579.1,41473.2,41493.6,1548.0
20260516.0,115.0,41494.6,41554.6,41477.3,41554.7,900.0
20260516.0,130.0,41554.7,41635.1,41513.0,41606.6,1740.0
20260516.0,145.0,41605.6,41697.3,41600.6,41648.4,1786.0
20260516.0,200.0,41650.5,41700.3,41639.3,41688.1,948.0
20260516.0,215.0,41687.1,41725.8,41679.0,41679.0,1336.0
20260516.0,230.0,41680.0,41689.1,41585.3,41612.8,1106.0
20260516.0,245.0,41614.8,41618.8,41535.4,41611.7,972.0
20260516.0,300.0,41613.8,41652.4,41587.3,41632.1,384.0
20260516.0,315.0,41625.0,41630.0,41511.9,41545.5,836.0
20260516.0,330.0,41548.6,41548.5,41499.7,41528.2,436.0
20260516.0,345.0,41529.2,41573.0,41517.0,41517.0,456.0
20260516.0,400.0,41517.0,41531.2,41413.1,41414.1,1344.0
20260516.0,415.0,41420.2,41427.3,41262.3,41287.7,1932.0
20260516.0,430.0,41288.8,41323.4,41264.4,41295.9,354.0
20260516.0,445.0,41291.8,41320.3,41257.2,41270.4,508.0
20260516.0,500.0,41275.5,41297.9,41266.4,41273.5,472.0
20260518.0,900.0,40956.6,41294.8,40925.1,41270.4,13824.0
20260518.0,915.0,41272.5,41391.6,41026.0,41042.2,22036.0
20260518.0,930.0,41045.3,41297.9,40999.5,41228.7,14890.0
20260518.0,945.0,41228.7,41327.4,41186.9,41265.3,13962.0
20260518.0,1000.0,41268.4,41447.7,41216.5,41375.4,12764.0
20260518.0,1015.0,41372.3,41477.2,41268.4,41463.0,10484.0
20260518.0,1030.0,41462.0,41579.1,41421.3,41561.8,9878.0
20260518.0,1045.0,41558.8,41588.3,41510.9,41527.2,9386.0
20260518.0,1100.0,41524.1,41557.7,41364.2,41384.5,14292.0
20260518.0,1115.0,41396.8,41540.4,41393.8,41431.4,13040.0
20260518.0,1130.0,41431.4,41471.1,41371.3,41450.8,10454.0
20260518.0,1145.0,41450.8,41608.6,41368.3,41564.9,10924.0
20260518.0,1200.0,41564.9,41603.5,41532.3,41538.4,9346.0
20260518.0,1215.0,41541.4,41761.5,41506.8,41719.7,10510.0
20260518.0,1230.0,41719.7,41746.2,41524.2,41537.4,11250.0
20260518.0,1245.0,41537.4,41726.8,41524.2,41712.6,14142.0
20260518.0,1300.0,41710.6,41745.2,41616.9,41680.0,12110.0
20260518.0,1315.0,41680.0,41728.8,41616.9,41635.2,12942.0
20260518.0,1330.0,41634.1,41679.9,41579.2,41591.4,17220.0
20260518.0,1345.0,41590.3,41624.9,41543.5,41575.1,12440.0
20260518.0,1515.0,41733.0,41760.4,41594.5,41606.6,3056.0
20260518.0,1530.0,41612.8,41760.4,41577.1,41756.4,2472.0
20260518.0,1545.0,41757.4,41844.0,41688.2,41703.4,3046.0
20260518.0,1600.0,41700.4,41813.4,41694.3,41766.6,1670.0
20260518.0,1615.0,41766.6,41876.6,41766.6,41824.7,2124.0
20260518.0,1630.0,41822.6,41895.9,41782.9,41891.9,1974.0
20260518.0,1645.0,41893.9,41916.3,41858.3,41862.4,1522.0
20260518.0,1700.0,41862.4,41940.8,41858.3,41926.6,1506.0
20260518.0,1715.0,41929.6,41949.9,41873.6,41885.8,1502.0
20260518.0,1730.0,41879.7,41922.4,41873.6,41891.9,866.0
20260518.0,1745.0,41893.9,41926.5,41880.8,41917.4,812.0
20260518.0,1800.0,41919.4,41928.5,41850.2,41898.0,1052.0
20260518.0,1815.0,41897.0,41909.2,41771.7,41813.5,2142.0
20260518.0,1830.0,41812.4,41841.9,41802.3,41813.5,870.0
20260518.0,1845.0,41815.5,41818.5,41732.0,41802.3,1378.0
20260518.0,1900.0,41800.2,41834.8,41779.9,41784.9,470.0
20260518.0,1915.0,41786.0,41799.1,41633.2,41759.5,2240.0
20260518.0,1930.0,41759.5,41820.5,41749.3,41769.7,872.0
20260518.0,1945.0,41769.7,42051.8,41769.7,42007.0,4540.0
20260518.0,2000.0,42018.2,42025.3,41926.6,41961.2,1646.0
20260518.0,2015.0,41950.0,41990.7,41932.7,41962.2,802.0
20260518.0,2030.0,41974.4,42000.9,41931.7,41975.5,1120.0
20260518.0,2045.0,41969.3,42155.7,41955.1,42149.7,4146.0
20260518.0,2100.0,42150.7,42214.8,42150.7,42183.3,3588.0
20260518.0,2115.0,42182.3,42209.7,42139.5,42181.3,2652.0
20260518.0,2130.0,42179.2,42230.1,42144.6,42144.6,1946.0
20260518.0,2145.0,42144.6,42159.8,41879.7,41881.7,9140.0
20260518.0,2200.0,41884.8,42041.6,41833.9,41938.8,7454.0
20260518.0,2215.0,41930.6,41939.7,41732.0,41919.4,6834.0
20260518.0,2230.0,41924.5,41973.4,41763.6,41797.2,3624.0
20260518.0,2245.0,41802.3,41818.5,41562.9,41684.1,7052.0
20260518.0,2300.0,41687.1,41719.7,41558.8,41697.3,4000.0
20260518.0,2315.0,41697.3,41779.8,41588.4,41655.5,6688.0
20260518.0,2330.0,41651.5,41658.6,41478.3,41494.6,4072.0
20260518.0,2345.0,41491.5,41707.5,41481.4,41641.3,3314.0
20260519.0,0.0,41639.2,41676.9,41583.3,41613.8,1310.0
20260519.0,15.0,41622.9,41639.2,41554.7,41639.2,1534.0
20260519.0,30.0,41637.2,41693.2,41428.4,41469.1,3324.0
20260519.0,45.0,41471.1,41519.0,41406.0,41441.6,3112.0
20260519.0,100.0,41446.7,41587.2,41415.2,41539.4,2320.0
20260519.0,115.0,41532.3,41591.3,41472.2,41537.4,1456.0
20260519.0,130.0,41534.3,41579.1,41525.2,41574.0,582.0
20260519.0,145.0,41576.1,41600.5,41505.8,41572.0,1308.0
20260519.0,200.0,41566.9,41586.2,41523.1,41571.0,484.0
20260519.0,215.0,41574.0,41574.0,41432.5,41432.4,1174.0
20260519.0,230.0,41432.4,41438.5,41286.8,41339.7,1844.0
20260519.0,245.0,41347.9,41413.0,41324.5,41399.8,888.0
20260519.0,300.0,41399.8,41412.0,41293.9,41337.7,898.0
20260519.0,315.0,41328.5,41667.7,41313.3,41561.8,5264.0
20260519.0,330.0,41555.7,41595.4,41464.1,41514.9,1034.0
20260519.0,345.0,41511.9,41671.8,41496.7,41651.5,916.0
20260519.0,400.0,41650.5,41729.9,41640.3,41705.5,1324.0
20260519.0,415.0,41704.4,41715.6,41649.5,41678.0,618.0
20260519.0,430.0,41679.0,41697.3,41663.7,41685.1,116.0
20260519.0,445.0,41688.1,41693.2,41656.6,41680.0,254.0
20260519.0,500.0,41680.0,41687.1,41647.4,41647.4,294.0
20260519.0,900.0,41659.6,41701.3,41431.5,41446.7,8832.0
20260519.0,915.0,41449.7,41674.9,41394.8,41586.3,14702.0
20260519.0,930.0,41586.3,41631.0,41443.7,41541.4,8880.0
20260519.0,945.0,41541.4,41675.9,41455.9,41629.1,10380.0
20260519.0,1000.0,41629.1,41634.1,41340.8,41346.8,13196.0
20260519.0,1015.0,41349.9,41349.8,41200.2,41252.1,12916.0
20260519.0,1030.0,41251.1,41284.6,41153.3,41160.4,11570.0
20260519.0,1045.0,41160.4,41272.4,41110.5,41263.3,11030.0
20260519.0,1100.0,41261.3,41329.5,41152.3,41185.9,9046.0
20260519.0,1115.0,41188.9,41354.9,41136.0,41295.9,8742.0
20260519.0,1130.0,41299.0,41337.6,41233.8,41315.3,8874.0
20260519.0,1145.0,41315.3,41357.0,41262.3,41292.8,8426.0
20260519.0,1200.0,41292.8,41292.8,41124.8,41162.4,8700.0
20260519.0,1215.0,41160.4,41176.6,41008.6,41062.6,11684.0
20260519.0,1230.0,41062.6,41103.3,41013.7,41090.1,7852.0
20260519.0,1245.0,41099.3,41136.9,41040.2,41062.6,11358.0
20260519.0,1300.0,41061.6,41123.7,41038.2,41052.4,10766.0
20260519.0,1315.0,41052.4,41108.4,40970.9,41058.5,15298.0
20260519.0,1330.0,41058.5,41078.8,40944.5,41078.9,19240.0
20260519.0,1345.0,41074.8,41106.3,40983.2,41005.5,10834.0
20260519.0,1515.0,41108.4,41308.1,41100.3,41149.2,3598.0
20260519.0,1530.0,41156.3,41187.9,41113.6,41180.8,1180.0
20260519.0,1545.0,41186.9,41259.2,41119.7,41233.8,2012.0
20260519.0,1600.0,41228.7,41307.1,41226.7,41230.7,1562.0
20260519.0,1615.0,41235.8,41255.1,41105.4,41130.9,1652.0
20260519.0,1630.0,41133.9,41153.2,41027.0,41026.9,1586.0
20260519.0,1645.0,41028.0,41119.6,41024.9,41111.5,804.0
20260519.0,1700.0,41114.6,41127.7,41043.3,41045.3,636.0
20260519.0,1715.0,41043.2,41046.2,40959.7,40988.2,1462.0
20260519.0,1730.0,40983.1,40987.1,40743.7,40778.3,4150.0
20260519.0,1745.0,40780.4,40812.9,40709.1,40770.2,2254.0
20260519.0,1800.0,40771.2,40851.6,40764.1,40824.2,1484.0
20260519.0,1815.0,40824.2,40886.3,40820.2,40874.1,1090.0
20260519.0,1830.0,40868.0,40872.0,40824.2,40850.7,488.0
20260519.0,1845.0,40858.8,40928.1,40747.8,40796.7,1916.0
20260519.0,1900.0,40798.7,40912.8,40786.5,40912.8,1258.0
20260519.0,1915.0,40912.8,40959.6,40847.7,40853.7,1406.0
20260519.0,1930.0,40852.7,40867.9,40803.9,40829.3,866.0
20260519.0,1945.0,40829.3,40869.0,40798.8,40813.0,614.0
20260519.0,2000.0,40804.8,40812.9,40730.5,40737.6,996.0
20260519.0,2015.0,40732.5,40746.7,40668.4,40727.4,2322.0
20260519.0,2030.0,40731.5,40741.6,40643.9,40688.7,1556.0
20260519.0,2045.0,40686.6,40803.8,40681.6,40772.2,1690.0
20260519.0,2100.0,40779.4,40789.5,40736.6,40751.8,692.0
20260519.0,2115.0,40755.9,40780.3,40623.5,40695.8,2046.0
20260519.0,2130.0,40701.9,40704.9,40582.8,40623.5,2334.0
20260519.0,2145.0,40627.6,40977.0,40627.6,40818.1,8812.0
20260519.0,2200.0,40812.0,40949.5,40741.7,40836.4,4744.0
20260519.0,2215.0,40845.6,40849.6,40594.0,40618.4,6150.0
20260519.0,2230.0,40619.4,40624.4,40482.9,40567.4,5656.0
20260519.0,2245.0,40584.8,40658.1,40550.2,40583.7,3534.0
20260519.0,2300.0,40582.7,40704.9,40515.5,40688.7,3078.0
20260519.0,2315.0,40691.7,40744.7,40636.8,40722.3,2698.0
20260519.0,2330.0,40724.3,40781.3,40642.9,40680.5,3004.0
20260519.0,2345.0,40675.4,40839.4,40668.4,40830.3,2570.0
20260520.0,0.0,40834.4,40872.0,40784.5,40847.6,2138.0
20260520.0,15.0,40847.6,40929.1,40840.5,40899.6,2814.0
20260520.0,30.0,40900.6,41047.3,40894.5,41045.3,3018.0
20260520.0,45.0,41042.2,41156.3,41037.2,41156.3,2796.0
20260520.0,100.0,41157.3,41184.8,41095.2,41174.7,1644.0
20260520.0,115.0,41169.6,41275.5,41153.3,41259.2,2028.0
20260520.0,130.0,41264.3,41294.8,41197.1,41223.6,1652.0
20260520.0,145.0,41220.5,41262.2,41193.0,41199.1,986.0
20260520.0,200.0,41199.1,41203.1,41110.5,41187.9,1428.0
20260520.0,215.0,41196.1,41230.6,41191.0,41195.0,674.0
20260520.0,230.0,41193.0,41199.1,41052.5,41071.8,1494.0
20260520.0,245.0,41066.7,41148.1,41054.5,41074.8,728.0
20260520.0,300.0,41068.7,41093.1,40990.3,41016.7,810.0
20260520.0,315.0,41016.7,41116.5,41012.7,41108.4,736.0
20260520.0,330.0,41108.4,41108.4,40925.1,40993.3,764.0
20260520.0,345.0,40997.4,41032.0,40950.6,40950.5,458.0
20260520.0,400.0,40950.5,40963.7,40752.9,40889.4,1392.0
20260520.0,415.0,40890.4,40934.2,40877.2,40918.9,470.0
20260520.0,430.0,40922.0,40921.9,40876.2,40886.3,162.0
20260520.0,445.0,40883.3,40888.3,40872.1,40874.1,150.0
20260520.0,500.0,40875.1,40910.7,40863.0,40895.5,310.0
20260520.0,900.0,40804.8,40930.1,40703.0,40920.0,5938.0
20260520.0,915.0,40920.0,41077.8,40723.4,41043.2,9186.0
20260520.0,930.0,41046.3,41088.0,40880.3,40883.3,5622.0
20260520.0,945.0,40883.3,41007.5,40769.2,41000.4,6774.0
20260520.0,1000.0,41002.5,41097.2,40955.7,41058.5,4858.0
20260520.0,1015.0,41059.5,41083.9,40964.8,41050.4,3382.0
20260520.0,1030.0,41052.4,41165.4,41007.6,41007.6,4836.0
20260520.0,1045.0,41007.6,41007.5,40834.4,40844.6,4332.0
20260520.0,1100.0,40844.6,40911.8,40810.0,40815.0,2546.0
20260520.0,1115.0,40822.1,40866.9,40753.9,40761.0,2136.0
20260520.0,1130.0,40761.0,40818.0,40731.5,40768.2,2660.0
20260520.0,1145.0,40773.2,40788.5,40631.7,40695.8,3992.0
20260520.0,1200.0,40695.8,40817.6,40682.7,40801.4,3150.0
20260520.0,1215.0,40803.5,40944.6,40795.4,40944.7,3604.0
20260520.0,1230.0,40947.7,40954.8,40869.5,40900.0,2020.0
20260520.0,1245.0,40911.1,40911.1,40728.4,40732.4,3362.0
20260520.0,1300.0,40730.3,40758.7,40644.1,40667.4,4232.0
20260520.0,1315.0,40667.4,40866.4,40666.4,40788.2,5820.0
20260520.0,1330.0,40785.2,40799.4,40682.7,40742.5,6646.0
20260520.0,1345.0,40742.5,40823.7,40733.4,40763.9,9304.0
20260520.0,1515.0,40902.0,40990.3,40852.3,40974.1,4990.0
20260520.0,1530.0,40976.1,41092.9,40967.1,41042.2,2946.0
20260520.0,1545.0,41043.2,41062.4,41008.7,41048.3,1604.0
20260520.0,1600.0,41041.2,41043.1,40968.1,40976.1,1536.0
20260520.0,1615.0,40979.2,41120.3,40979.2,41098.0,2298.0
20260520.0,1630.0,41090.9,41129.5,41052.4,41126.5,1194.0
20260520.0,1645.0,41129.5,41185.3,41110.3,41166.1,1952.0
20260520.0,1700.0,41164.0,41198.5,41121.4,41144.8,1660.0
20260520.0,1715.0,41142.7,41194.5,41105.2,41108.2,1408.0
20260520.0,1730.0,41105.1,41166.0,41105.2,41153.9,1062.0
20260520.0,1745.0,41155.9,41214.8,41156.0,41196.6,1382.0
20260520.0,1800.0,41198.6,41272.7,41198.6,41236.2,1972.0
20260520.0,1815.0,41237.2,41283.9,41223.0,41250.4,1290.0
20260520.0,1830.0,41249.4,41260.5,41213.9,41251.4,738.0
20260520.0,1845.0,41252.4,41286.9,41243.3,41255.5,956.0
20260520.0,1900.0,41257.5,41287.9,41216.9,41232.1,882.0
20260520.0,1915.0,41237.2,41265.6,41226.1,41235.1,560.0
20260520.0,1930.0,41235.1,41259.5,41235.2,41259.5,298.0
20260520.0,1945.0,41259.5,41277.8,41196.6,41217.9,988.0
20260520.0,2000.0,41216.9,41234.1,41176.3,41198.6,1382.0
20260520.0,2015.0,41197.6,41272.7,41191.5,41270.7,914.0
20260520.0,2030.0,41270.7,41331.6,41270.7,41308.3,2196.0
20260520.0,2045.0,41315.4,41334.6,41279.9,41292.0,1104.0
20260520.0,2100.0,41290.0,41328.5,41263.6,41271.7,932.0
20260520.0,2115.0,41265.6,41302.1,41263.6,41266.6,670.0
20260520.0,2130.0,41266.6,41291.0,41209.8,41242.3,1368.0
20260520.0,2145.0,41242.3,41373.2,41232.2,41370.2,5312.0
20260520.0,2200.0,41372.3,41416.9,41292.1,41320.5,4764.0
20260520.0,2215.0,41322.5,41384.4,41218.9,41311.3,4864.0
20260520.0,2230.0,41316.4,41552.0,41307.3,41508.4,7960.0
20260520.0,2245.0,41517.5,41627.2,41506.4,41556.1,5560.0
20260520.0,2300.0,41559.2,41575.4,41489.1,41526.7,2284.0
20260520.0,2315.0,41524.6,41567.2,41515.5,41531.7,1222.0
20260520.0,2330.0,41527.7,41715.5,41526.7,41562.2,7574.0
20260520.0,2345.0,41555.1,41633.3,41548.0,41614.0,1374.0
20260521.0,0.0,41617.0,41654.6,41585.6,41616.0,1682.0
20260521.0,15.0,41619.1,41652.5,41598.8,41612.0,1244.0
20260521.0,30.0,41605.9,41606.8,41463.7,41496.2,2834.0
20260521.0,45.0,41500.2,41572.3,41487.1,41571.3,1594.0
20260521.0,100.0,41568.3,41586.5,41486.1,41539.9,898.0
20260521.0,115.0,41540.9,41576.4,41491.2,41554.1,1198.0
20260521.0,130.0,41563.2,41596.7,41535.8,41580.5,778.0
20260521.0,145.0,41585.6,41615.0,41555.1,41575.4,608.0
20260521.0,200.0,41575.4,41591.6,41558.2,41591.7,244.0
20260521.0,215.0,41584.5,41638.3,41573.4,41626.2,860.0
20260521.0,230.0,41633.3,41646.5,41597.8,41640.4,1072.0
20260521.0,245.0,41642.4,41742.9,41642.5,41684.1,2198.0
20260521.0,300.0,41679.0,41696.2,41648.6,41649.6,606.0
20260521.0,315.0,41647.5,41684.0,41641.5,41668.8,398.0
20260521.0,330.0,41673.9,41704.3,41670.9,41684.1,286.0
20260521.0,345.0,41682.1,41721.6,41669.9,41705.4,310.0
20260521.0,400.0,41706.4,41724.7,41661.8,41700.3,646.0
20260521.0,415.0,41705.4,41707.4,41649.6,41692.2,342.0
20260521.0,430.0,41691.2,41711.5,41543.0,41703.4,854.0
20260521.0,445.0,41694.2,41703.3,41634.4,41643.5,284.0
20260521.0,500.0,41643.5,41652.5,41609.0,41633.3,436.0
20260521.0,900.0,41609.9,41800.8,41599.8,41772.5,8510.0
20260521.0,915.0,41771.4,41990.8,41703.4,41982.7,14506.0
20260521.0,930.0,41983.7,42113.7,41954.3,42081.2,9132.0
20260521.0,945.0,42081.2,42138.1,41994.9,42039.6,7000.0
20260521.0,1000.0,42044.7,42130.9,42009.2,42127.9,4962.0
20260521.0,1015.0,42129.0,42191.9,42096.5,42131.0,5478.0
20260521.0,1030.0,42134.0,42198.0,42116.8,42129.0,3678.0
20260521.0,1045.0,42122.9,42145.2,42029.5,42134.0,4740.0
20260521.0,1100.0,42132.0,42191.9,42084.3,42168.6,3098.0
20260521.0,1115.0,42164.5,42267.0,42149.3,42246.8,5094.0
20260521.0,1130.0,42246.8,42299.5,42159.5,42277.3,4560.0
20260521.0,1145.0,42277.3,42309.7,42239.7,42300.6,3660.0
20260521.0,1200.0,42298.6,42310.7,42222.5,42240.7,2702.0
20260521.0,1215.0,42235.6,42319.9,42230.6,42287.4,2302.0
20260521.0,1230.0,42284.4,42317.8,42275.3,42287.4,1540.0
20260521.0,1245.0,42286.4,42293.5,42265.1,42288.4,1270.0
20260521.0,1300.0,42288.4,42313.8,42251.9,42301.6,2080.0
20260521.0,1315.0,42298.6,42305.6,42216.4,42218.3,3166.0
20260521.0,1330.0,42218.3,42271.1,42179.8,42208.2,6024.0
20260521.0,1345.0,42209.2,42232.5,42109.7,42123.9,15170.0
20260521.0,1515.0,41961.4,41995.9,41851.7,41957.3,6834.0
20260521.0,1530.0,41954.3,42044.6,41919.8,42010.1,3046.0
20260521.0,1545.0,42011.1,42100.5,42008.1,42075.1,2162.0
20260521.0,1600.0,42074.1,42114.7,42066.0,42098.5,1166.0
20260521.0,1615.0,42097.5,42248.8,42076.2,42248.8,3200.0
20260521.0,1630.0,42245.8,42296.5,42139.2,42205.1,3854.0
20260521.0,1645.0,42208.2,42212.2,42136.1,42151.3,1234.0
20260521.0,1700.0,42154.4,42157.3,42101.6,42133.0,1070.0
20260521.0,1715.0,42133.0,42216.3,42127.0,42200.1,1666.0
20260521.0,1730.0,42203.1,42248.8,42187.9,42238.7,888.0
20260521.0,1745.0,42237.6,42254.9,42139.2,42152.3,1116.0
20260521.0,1800.0,42154.4,42206.1,42147.3,42202.1,506.0
20260521.0,1815.0,42202.1,42224.4,42193.0,42215.3,602.0
20260521.0,1830.0,42214.3,42223.4,41921.8,41991.8,4928.0
20260521.0,1845.0,42003.0,42049.7,41901.5,41987.8,4518.0
20260521.0,1900.0,41989.8,41990.8,41896.4,41955.3,2470.0
20260521.0,1915.0,41951.2,42011.1,41918.8,41999.0,1642.0
20260521.0,1930.0,41999.0,42083.2,41997.0,42039.6,2296.0
20260521.0,1945.0,42039.6,42054.8,41983.8,42013.2,874.0
20260521.0,2000.0,42009.1,42033.4,41971.6,41988.8,742.0
20260521.0,2015.0,41990.8,42025.3,41973.6,41987.8,528.0
20260521.0,2030.0,41986.8,42009.1,41942.1,41976.6,980.0
20260521.0,2045.0,41973.6,42076.1,41953.3,42023.3,2702.0
20260521.0,2100.0,42011.1,42036.5,41946.2,41968.5,1536.0
20260521.0,2115.0,41963.4,42024.3,41953.3,41988.8,934.0
20260521.0,2130.0,41980.7,42012.1,41953.3,42012.2,942.0
20260521.0,2145.0,42017.2,42105.5,41955.3,42073.1,5666.0
20260521.0,2200.0,42070.0,42308.7,42043.7,42235.6,9348.0
20260521.0,2215.0,42232.6,42276.2,42151.4,42175.7,4870.0
20260521.0,2230.0,42176.7,42200.0,41988.8,42073.1,5856.0
20260521.0,2245.0,42069.0,42155.3,42051.8,42115.8,2738.0
20260521.0,2300.0,42115.8,42130.9,42026.4,42104.6,2026.0
20260521.0,2315.0,42108.6,42143.1,41985.8,42106.6,3738.0
20260521.0,2330.0,42104.6,42140.1,42091.4,42099.5,1522.0
20260521.0,2345.0,42103.6,42139.1,42033.5,42124.9,1530.0
20260522.0,0.0,42126.9,42171.6,42127.0,42130.0,1308.0
20260522.0,15.0,42133.0,42183.8,42127.0,42144.2,1536.0
20260522.0,30.0,42144.2,42151.3,42082.3,42126.9,1032.0
20260522.0,45.0,42122.9,42161.4,42113.8,42127.9,570.0
20260522.0,100.0,42131.0,42142.1,42090.4,42130.0,632.0
20260522.0,115.0,42132.0,42278.2,42132.1,42231.5,3626.0
20260522.0,130.0,42238.7,42495.6,42235.7,42446.9,6090.0
20260522.0,145.0,42445.9,42537.2,42420.5,42528.1,2204.0
20260522.0,200.0,42530.2,42628.6,42501.8,42578.9,2246.0
20260522.0,215.0,42578.9,42621.5,42530.2,42535.2,2164.0
20260522.0,230.0,42541.3,42542.3,42479.4,42528.1,1102.0
20260522.0,245.0,42525.1,42540.3,42497.7,42527.1,500.0
20260522.0,300.0,42526.1,42533.2,42209.2,42297.6,5356.0
20260522.0,315.0,42299.6,42400.1,42288.5,42396.1,1642.0
20260522.0,330.0,42404.2,42435.6,42380.9,42410.3,800.0
20260522.0,345.0,42413.4,42431.6,42370.7,42377.8,614.0
20260522.0,400.0,42379.8,42427.5,42346.4,42393.0,1410.0
20260522.0,415.0,42399.1,42430.6,42354.5,42399.1,460.0
20260522.0,430.0,42399.1,42400.1,42373.8,42384.9,152.0
20260522.0,445.0,42390.0,42421.4,42386.0,42400.1,226.0
20260522.0,500.0,42401.2,42447.8,42399.2,42446.9,414.0
20260522.0,900.0,42858.2,42916.1,42547.5,42573.8,14486.0
20260522.0,915.0,42572.8,42688.6,42445.9,42632.7,13522.0
20260522.0,930.0,42628.7,42702.8,42577.9,42602.3,7470.0
20260522.0,945.0,42602.3,42732.2,42557.6,42702.8,7722.0
20260522.0,1000.0,42704.9,42776.9,42673.4,42753.6,5574.0
20260522.0,1015.0,42751.6,42761.7,42630.8,42717.0,3566.0
20260522.0,1030.0,42714.0,42789.1,42711.0,42733.3,3934.0
20260522.0,1045.0,42729.2,42798.3,42719.1,42754.6,2710.0
20260522.0,1100.0,42753.6,42810.4,42696.8,42709.9,2940.0
20260522.0,1115.0,42709.9,42730.2,42515.0,42623.6,5658.0
20260522.0,1130.0,42623.6,42727.2,42571.9,42722.1,3546.0
20260522.0,1145.0,42722.1,42857.2,42716.1,42846.0,4642.0
20260522.0,1200.0,42842.0,42861.2,42817.6,42845.0,2034.0
20260522.0,1215.0,42844.0,43027.8,42844.1,43027.8,6720.0
20260522.0,1230.0,43027.8,43059.3,42976.1,42993.3,4356.0
20260522.0,1245.0,42994.3,43065.4,42969.0,43059.3,3776.0
20260522.0,1300.0,43054.3,43121.2,43015.7,43104.0,4116.0
20260522.0,1315.0,43101.0,43123.3,43082.7,43110.1,2402.0
20260522.0,1330.0,43104.0,43131.4,43069.5,43101.0,4812.0
20260522.0,1345.0,43103.0,43169.0,43086.8,43108.1,11160.0
20260522.0,1515.0,43077.6,43093.8,43015.7,43053.2,3138.0
20260522.0,1530.0,43060.4,43210.6,43059.4,43191.4,2406.0
20260522.0,1545.0,43188.3,43196.4,43078.7,43135.5,1580.0
20260522.0,1600.0,43128.4,43158.8,43110.2,43154.8,650.0
20260522.0,1615.0,43156.8,43182.2,43123.4,43139.6,964.0
20260522.0,1630.0,43152.8,43247.2,43152.8,43213.7,2220.0
20260522.0,1645.0,43215.8,43221.8,43092.9,43145.7,2120.0
20260522.0,1700.0,43146.7,43169.0,43087.8,43096.9,1032.0
20260522.0,1715.0,43094.9,43095.8,43026.9,43045.1,2114.0
20260522.0,1730.0,43043.1,43088.7,43017.7,43061.4,1752.0
20260522.0,1745.0,43061.4,43121.2,43038.1,43121.3,1158.0
20260522.0,1800.0,43121.3,43138.5,43101.0,43107.1,770.0
20260522.0,1815.0,43106.1,43111.1,43058.4,43065.4,700.0
20260522.0,1830.0,43061.4,43086.7,43026.9,43032.9,914.0
20260522.0,1845.0,43032.9,43051.2,42994.4,43015.7,1720.0
20260522.0,1900.0,43014.6,43041.0,42994.4,43009.6,682.0
20260522.0,1915.0,43018.7,43057.3,43003.5,43013.6,738.0
20260522.0,1930.0,43017.7,43035.9,43000.5,43010.6,512.0
20260522.0,1945.0,43007.5,43075.5,43002.5,43072.5,834.0
20260522.0,2000.0,43069.5,43110.1,43063.4,43077.6,1188.0
20260522.0,2015.0,43080.7,43182.2,43045.2,43156.8,2594.0
20260522.0,2030.0,43156.8,43191.3,43105.1,43132.5,1670.0
20260522.0,2045.0,43133.5,43161.9,43124.4,43152.8,586.0
20260522.0,2100.0,43153.8,43204.5,43152.8,43200.5,928.0
20260522.0,2115.0,43203.6,43238.0,43147.8,43196.5,2148.0
20260522.0,2130.0,43198.5,43207.6,43143.7,43194.4,1050.0
20260522.0,2145.0,43186.3,43291.9,43123.4,43188.3,6516.0
20260522.0,2200.0,43192.4,43251.3,43141.7,43245.2,2504.0
20260522.0,2215.0,43245.2,43246.2,43131.5,43168.0,2902.0
20260522.0,2230.0,43166.0,43200.5,43075.6,43154.8,2478.0
20260522.0,2245.0,43156.8,43252.3,43140.6,43223.9,2946.0
20260522.0,2300.0,43229.0,43248.2,43194.5,43227.9,1542.0
20260522.0,2315.0,43231.0,43288.8,43219.9,43275.7,2214.0
20260522.0,2330.0,43276.7,43342.7,43274.7,43340.7,2742.0
20260522.0,2345.0,43343.7,43390.4,43334.6,43373.2,2826.0
20260523.0,0.0,43372.2,43373.1,43330.6,43347.8,1172.0
20260523.0,15.0,43345.8,43368.1,43320.4,43354.9,898.0
20260523.0,30.0,43352.9,43371.1,43314.3,43371.2,1124.0
20260523.0,45.0,43371.2,43409.7,43344.8,43348.8,1206.0
20260523.0,100.0,43352.9,43382.3,43347.8,43378.3,662.0
20260523.0,115.0,43380.3,43431.0,43380.3,43407.7,1206.0
20260523.0,130.0,43411.8,43465.6,43333.6,43455.5,2624.0
20260523.0,145.0,43461.5,43488.9,43414.9,43429.0,1518.0
20260523.0,200.0,43426.0,43451.3,43415.9,43440.2,754.0
20260523.0,215.0,43445.3,43451.3,43395.6,43417.9,930.0
20260523.0,230.0,43412.8,43428.0,43398.6,43404.7,372.0
20260523.0,245.0,43403.7,43412.7,43352.9,43401.6,810.0
20260523.0,300.0,43401.6,43403.6,43364.1,43380.3,402.0
20260523.0,315.0,43381.3,43389.4,43306.2,43320.4,1316.0
20260523.0,330.0,43324.4,43324.4,43256.4,43266.5,1202.0
20260523.0,345.0,43267.6,43295.9,43248.3,43260.4,664.0
20260523.0,400.0,43259.4,43259.4,43179.2,43199.5,1304.0
20260523.0,415.0,43211.7,43242.1,43192.4,43238.1,540.0
20260523.0,430.0,43240.1,43257.3,43234.1,43243.2,280.0
20260523.0,445.0,43241.1,43246.2,43200.6,43221.8,506.0
20260523.0,500.0,43223.9,43303.1,43216.8,43303.1,518.0
20260525.0,900.0,43872.9,44018.1,43679.0,43992.8,13346.0
20260525.0,915.0,43998.9,44429.5,43998.9,44381.8,15948.0
20260525.0,930.0,44382.8,44583.8,44365.6,44562.6,10428.0
20260525.0,945.0,44567.6,44698.6,44536.2,44654.0,9372.0
20260525.0,1000.0,44647.9,44729.1,44592.1,44664.1,5136.0
20260525.0,1015.0,44665.1,44741.3,44606.3,44628.6,5456.0
20260525.0,1030.0,44624.5,44638.7,44392.0,44520.9,8326.0
20260525.0,1045.0,44527.0,44578.8,44457.0,44527.0,3198.0
20260525.0,1100.0,44528.0,44541.2,44440.7,44475.2,2492.0
20260525.0,1115.0,44478.3,44532.0,44414.3,44442.7,3170.0
20260525.0,1130.0,44440.7,44463.0,44385.9,44404.1,3344.0
20260525.0,1145.0,44406.1,44464.0,44385.9,44389.9,2336.0
20260525.0,1200.0,44388.9,44428.4,44326.0,44406.1,3986.0
20260525.0,1215.0,44403.1,44484.3,44403.1,44465.1,2718.0
20260525.0,1230.0,44468.1,44520.9,44456.0,44481.3,2086.0
20260525.0,1245.0,44477.2,44479.2,44425.5,44461.0,2086.0
20260525.0,1300.0,44454.9,44503.6,44431.6,44467.1,2276.0
20260525.0,1315.0,44466.1,44490.4,44406.2,44418.3,3608.0
20260525.0,1330.0,44418.3,44546.3,44410.3,44546.3,5500.0
20260525.0,1345.0,44546.3,44612.3,44475.3,44565.6,11804.0
20260525.0,1515.0,44558.5,44642.8,44516.9,44564.6,3276.0
20260525.0,1530.0,44562.6,44596.0,44493.5,44570.7,1992.0
20260525.0,1545.0,44571.7,44656.0,44568.7,44612.3,2310.0
20260525.0,1600.0,44614.4,44666.1,44603.2,44655.0,898.0
20260525.0,1615.0,44658.0,44659.0,44601.2,44609.3,846.0
20260525.0,1630.0,44609.3,44624.5,44597.1,44609.3,496.0
20260525.0,1645.0,44607.3,44641.7,44604.3,44615.4,606.0
20260525.0,1700.0,44615.4,44633.6,44615.4,44627.6,310.0
20260525.0,1715.0,44625.5,44678.3,44623.6,44659.1,1128.0
20260525.0,1730.0,44658.0,44667.1,44636.8,44650.9,408.0
20260525.0,1745.0,44654.0,44686.4,44653.0,44678.4,644.0
20260525.0,1800.0,44675.3,44675.3,44643.9,44648.9,292.0
20260525.0,1815.0,44654.0,44660.0,44646.9,44655.0,194.0
20260525.0,1830.0,44660.1,44676.3,44651.0,44656.0,316.0
20260525.0,1845.0,44655.0,44698.6,44648.9,44697.6,642.0
20260525.0,1900.0,44698.7,44728.1,44690.6,44708.8,990.0
20260525.0,1915.0,44707.8,44740.3,44689.6,44730.2,902.0
20260525.0,1930.0,44730.2,44775.8,44727.2,44751.5,1778.0
20260525.0,1945.0,44755.5,44783.9,44751.5,44780.9,654.0
20260525.0,2000.0,44782.0,44840.8,44776.9,44819.5,2122.0
20260525.0,2015.0,44820.5,44822.5,44774.9,44782.0,1134.0
20260525.0,2030.0,44776.9,44816.4,44759.7,44800.2,1130.0
20260525.0,2045.0,44799.2,44799.2,44777.9,44798.2,388.0
20260525.0,2100.0,44798.2,44808.3,44751.5,44751.5,1076.0
20260525.0,2115.0,44749.4,44811.4,44741.4,44797.2,890.0
20260525.0,2130.0,44795.2,44795.1,44766.8,44779.9,588.0
20260525.0,2145.0,44776.9,44794.1,44751.5,44764.7,1104.0
20260525.0,2200.0,44772.8,44870.3,44770.8,44856.1,1838.0
20260525.0,2215.0,44858.1,44962.7,44858.2,44948.5,2718.0
20260525.0,2230.0,44948.5,44998.2,44918.1,44927.2,2448.0
20260525.0,2245.0,44927.2,44935.3,44907.9,44922.1,1290.0
20260525.0,2300.0,44914.0,44961.7,44910.0,44947.5,844.0
20260525.0,2315.0,44946.5,45045.0,44927.2,45015.6,2714.0
20260525.0,2330.0,45021.7,45039.9,44998.3,45010.5,1416.0
20260525.0,2345.0,45007.4,45013.5,44975.0,44997.3,738.0
20260526.0,0.0,45000.3,45007.4,44979.0,44985.1,506.0
20260526.0,15.0,44991.2,45017.5,44979.0,45006.4,696.0
20260526.0,30.0,45007.4,45017.5,44997.3,45002.4,346.0
20260526.0,45.0,45001.3,45022.6,44998.3,45020.6,296.0
20260526.0,100.0,45021.7,45075.4,45017.6,45065.3,1462.0
20260526.0,115.0,45068.4,45095.8,45059.3,45067.4,774.0
20260526.0,130.0,45067.4,45067.3,44993.3,45033.8,786.0
20260526.0,145.0,45034.9,45034.8,45012.6,45013.5,270.0
20260526.0,200.0,45014.5,45023.6,44977.0,44986.1,446.0
20260526.0,215.0,44988.1,45039.9,44981.1,45033.8,324.0
20260526.0,230.0,45036.9,45038.9,45025.8,45026.7,132.0
20260526.0,245.0,45026.7,45027.7,45015.6,45027.7,80.0
20260526.0,300.0,45030.8,45051.1,45030.8,45048.1,156.0
20260526.0,315.0,45048.1,45048.0,45025.8,45034.9,192.0
20260526.0,330.0,45026.7,45033.8,45011.5,45021.7,142.0
20260526.0,345.0,45027.7,45035.8,45026.8,45032.8,58.0
20260526.0,400.0,45033.8,45046.0,45033.9,45044.0,74.0
20260526.0,415.0,45046.0,45073.4,45036.9,45063.3,260.0
20260526.0,430.0,45062.3,45070.4,45053.2,45067.4,64.0
20260526.0,445.0,45066.3,45071.4,45048.1,45055.2,218.0
20260526.0,500.0,45054.2,45085.6,45027.8,45085.6,454.0
20260526.0,900.0,44968.8,44974.9,44692.6,44851.0,13052.0
20260526.0,915.0,44850.0,44956.6,44551.4,44689.5,16310.0
20260526.0,930.0,44688.5,44736.2,44579.9,44616.4,7218.0
20260526.0,945.0,44623.5,44700.6,44303.6,44499.6,13946.0
20260526.0,1000.0,44496.5,44646.8,44483.4,44517.9,9030.0
20260526.0,1015.0,44522.9,44587.9,44464.1,44498.6,4836.0
20260526.0,1030.0,44499.6,44585.9,44427.5,44579.8,4486.0
20260526.0,1045.0,44578.8,44644.8,44507.8,44525.0,5030.0
20260526.0,1100.0,44524.0,44525.9,44452.9,44497.6,3178.0
20260526.0,1115.0,44502.6,44506.6,44416.4,44430.5,3000.0
20260526.0,1130.0,44429.5,44541.2,44417.4,44515.8,2398.0
20260526.0,1145.0,44512.8,44563.5,44448.9,44448.8,2536.0
20260526.0,1200.0,44448.8,44497.5,44381.8,44486.4,3780.0
20260526.0,1215.0,44484.4,44497.5,44405.2,44496.5,2156.0
20260526.0,1230.0,44497.6,44521.9,44474.2,44479.3,1814.0
20260526.0,1245.0,44477.2,44540.2,44445.8,44509.7,3540.0
20260526.0,1300.0,44506.7,44546.3,44469.2,44524.0,2478.0
20260526.0,1315.0,44522.9,44532.0,44463.1,44514.8,2604.0
20260526.0,1330.0,44514.8,44519.9,44452.9,44497.6,4520.0
20260526.0,1345.0,44498.6,44582.8,44495.6,44581.9,6858.0
20260526.0,1515.0,44636.7,44683.4,44547.4,44607.3,2910.0
20260526.0,1530.0,44609.3,44612.3,44543.3,44558.5,1166.0
20260526.0,1545.0,44557.5,44583.8,44474.2,44579.8,1814.0
20260526.0,1600.0,44582.9,44616.3,44562.6,44605.2,1016.0
20260526.0,1615.0,44607.3,44645.8,44576.8,44613.3,1028.0
20260526.0,1630.0,44613.3,44654.9,44600.2,44650.9,976.0
20260526.0,1645.0,44646.9,44673.2,44618.5,44664.1,874.0
20260526.0,1700.0,44662.1,44748.4,44633.7,44725.1,2228.0
20260526.0,1715.0,44725.1,44744.3,44647.9,44649.9,1456.0
20260526.0,1730.0,44649.9,44745.3,44638.8,44743.4,1734.0
20260526.0,1745.0,44746.4,44768.7,44731.2,44741.3,1078.0
20260526.0,1800.0,44743.4,44777.8,44730.2,44764.7,646.0
20260526.0,1815.0,44764.7,44813.4,44746.5,44812.4,848.0
20260526.0,1830.0,44814.5,44869.3,44802.3,44854.1,1728.0
20260526.0,1845.0,44853.1,44889.6,44832.8,44838.8,1440.0
20260526.0,1900.0,44839.8,44857.1,44803.3,44804.3,1024.0
20260526.0,1915.0,44805.3,44833.7,44799.3,44799.2,568.0
20260526.0,1930.0,44798.2,44845.9,44798.3,44839.8,660.0
20260526.0,1945.0,44837.8,44861.1,44744.4,44813.4,2482.0
20260526.0,2000.0,44810.4,44842.8,44804.3,44819.5,562.0
20260526.0,2015.0,44818.5,44833.7,44771.8,44817.5,992.0
20260526.0,2030.0,44815.5,44853.0,44804.3,44842.9,920.0
20260526.0,2045.0,44848.0,44886.5,44836.8,44866.3,836.0
20260526.0,2100.0,44865.2,44881.4,44861.2,44862.2,454.0
20260526.0,2115.0,44860.2,44866.2,44820.6,44843.9,840.0
20260526.0,2130.0,44848.0,44870.3,44825.7,44854.1,722.0
20260526.0,2145.0,44851.0,45126.2,44830.8,45115.1,8594.0
20260526.0,2200.0,45117.1,45198.3,45056.2,45095.8,7494.0
20260526.0,2215.0,45095.8,45131.3,44949.6,45080.6,4940.0
20260526.0,2230.0,45082.6,45181.1,45051.2,45128.3,3726.0
20260526.0,2245.0,45130.3,45193.3,45117.2,45129.3,2618.0
20260526.0,2300.0,45127.3,45153.6,45060.3,45076.5,2790.0
20260526.0,2315.0,45076.5,45095.8,45004.4,45084.6,2856.0
20260526.0,2330.0,45083.6,45085.6,45001.4,45042.0,1930.0
20260526.0,2345.0,45038.9,45061.2,44987.2,45017.6,2082.0
20260527.0,0.0,45018.6,45048.0,44915.1,44986.1,3150.0
20260527.0,15.0,44987.1,45082.5,44987.2,45001.3,2206.0
20260527.0,30.0,44999.3,45055.1,44986.2,45055.2,1090.0
20260527.0,45.0,45054.2,45075.4,45018.7,45023.7,778.0
20260527.0,100.0,45019.6,45052.1,45006.5,45047.0,582.0
20260527.0,115.0,45041.0,45129.3,45036.9,45121.2,1436.0
20260527.0,130.0,45120.2,45132.3,45073.5,45101.9,730.0
20260527.0,145.0,45097.8,45122.2,45083.7,45092.8,476.0
20260527.0,200.0,45092.8,45139.4,45091.8,45122.2,606.0
20260527.0,215.0,45122.2,45161.8,45108.0,45141.5,864.0
20260527.0,230.0,45141.5,45162.8,45137.5,45142.5,362.0
20260527.0,245.0,45140.5,45160.8,45127.3,45129.3,272.0
20260527.0,300.0,45132.4,45149.6,45112.1,45112.1,468.0
20260527.0,315.0,45119.2,45146.5,45108.0,45142.5,638.0
20260527.0,330.0,45137.4,45160.8,45135.5,45144.6,320.0
20260527.0,345.0,45144.6,45180.1,45144.6,45169.9,774.0
20260527.0,400.0,45166.9,45185.1,45138.5,45150.6,658.0
20260527.0,415.0,45149.6,45153.6,45129.4,45143.5,338.0
20260527.0,430.0,45142.5,45149.6,45128.4,45128.3,156.0
20260527.0,445.0,45132.4,45137.4,45128.4,45133.4,136.0
20260527.0,500.0,45129.3,45150.6,45125.3,45135.4,440.0
20260527.0,900.0,45188.2,45401.5,45110.1,45398.5,11032.0
20260527.0,915.0,45393.4,45711.3,45386.3,45692.0,16498.0
20260527.0,930.0,45692.0,45858.5,45480.8,45677.8,15762.0
20260527.0,945.0,45679.8,45680.8,45358.9,45512.2,11918.0
20260527.0,1000.0,45513.3,45544.7,45379.2,45381.2,6004.0
20260527.0,1015.0,45380.2,45694.0,45379.2,45652.4,7644.0
20260527.0,1030.0,45658.5,45758.0,45621.0,45685.9,4716.0
20260527.0,1045.0,45690.0,45831.1,45686.0,45827.1,5278.0
20260527.0,1100.0,45829.1,46009.9,45808.9,45892.1,8510.0
20260527.0,1115.0,45891.1,45899.2,45792.6,45838.3,4008.0
20260527.0,1130.0,45834.2,45890.0,45766.2,45807.8,3696.0
20260527.0,1145.0,45806.8,45828.1,45718.5,45754.0,3466.0
20260527.0,1200.0,45756.0,45764.1,45621.0,45651.4,4892.0
20260527.0,1215.0,45651.4,45692.0,45506.2,45506.1,5122.0
20260527.0,1230.0,45505.1,45510.2,45066.4,45078.5,16622.0
20260527.0,1245.0,45075.5,45353.7,45031.9,45294.9,10588.0
20260527.0,1300.0,45296.9,45403.5,45242.1,45325.3,5646.0
20260527.0,1315.0,45332.5,45468.5,45263.4,45441.1,9244.0
20260527.0,1330.0,45439.1,45444.1,45339.6,45397.5,7280.0
20260527.0,1345.0,45397.5,45521.3,45369.1,45501.1,9838.0
20260527.0,1515.0,45362.9,45506.1,45306.1,45503.1,3964.0
20260527.0,1530.0,45504.1,45558.9,45472.7,45505.1,1710.0
20260527.0,1545.0,45505.1,45531.5,45439.2,45464.5,1072.0
20260527.0,1600.0,45472.6,45512.2,45399.5,45504.1,1670.0
20260527.0,1615.0,45501.1,45556.9,45443.2,45536.6,1456.0
20260527.0,1630.0,45533.6,45666.6,45525.5,45649.4,2778.0
20260527.0,1645.0,45651.4,45661.5,45610.8,45637.2,1016.0
20260527.0,1700.0,45635.1,45692.0,45623.0,45678.8,1444.0
20260527.0,1715.0,45677.8,45702.1,45614.9,45668.7,1848.0
20260527.0,1730.0,45670.7,45745.8,45648.4,45728.6,1742.0
20260527.0,1745.0,45728.6,45795.6,45700.2,45779.4,2278.0
20260527.0,1800.0,45780.4,45858.5,45757.1,45837.3,1876.0
20260527.0,1815.0,45836.2,45954.0,45836.3,45951.0,3214.0
20260527.0,1830.0,45950.0,45960.1,45860.7,45860.6,2588.0
20260527.0,1845.0,45860.6,45887.0,45810.9,45883.0,1796.0
20260527.0,1900.0,45879.9,45938.8,45877.9,45904.3,1766.0
20260527.0,1915.0,45907.3,46044.4,45907.4,46036.3,3902.0
20260527.0,1930.0,46037.3,46127.7,45972.4,46098.3,4064.0
20260527.0,1945.0,46097.3,46128.7,46069.9,46111.5,1640.0
20260527.0,2000.0,46112.5,46191.7,46110.5,46151.1,2302.0
20260527.0,2015.0,46151.1,46197.8,46118.7,46157.2,2090.0
20260527.0,2030.0,46155.2,46348.1,46101.4,46278.1,6538.0
20260527.0,2045.0,46277.1,46326.8,46228.4,46252.7,1804.0
20260527.0,2100.0,46254.7,46260.8,46154.2,46173.5,2200.0
20260527.0,2115.0,46169.4,46248.6,46162.3,46200.9,1656.0
20260527.0,2130.0,46207.0,46236.4,46128.8,46144.0,2020.0
20260527.0,2145.0,46147.0,46202.9,45815.0,45814.9,11176.0
20260527.0,2200.0,45823.0,46108.4,45776.4,46070.9,10274.0
20260527.0,2215.0,46072.9,46100.3,45858.6,45869.8,5758.0
20260527.0,2230.0,45866.7,45963.2,45536.7,45620.9,11518.0
20260527.0,2245.0,45615.8,45757.0,45508.2,45660.5,8886.0
20260527.0,2300.0,45670.7,45798.6,45608.8,45614.8,5306.0
20260527.0,2315.0,45615.8,45728.5,45551.9,45675.8,3740.0
20260527.0,2330.0,45670.7,45671.6,45442.2,45618.9,5666.0
20260527.0,2345.0,45627.0,45698.1,45481.8,45486.8,3896.0
20260528.0,0.0,45483.8,45587.3,45419.9,45581.3,4176.0
20260528.0,15.0,45583.3,45771.2,45552.9,45744.8,4036.0
20260528.0,30.0,45746.9,45760.0,45680.9,45721.5,2106.0
20260528.0,45.0,45722.5,45845.3,45696.1,45841.3,2894.0
20260528.0,100.0,45845.4,45882.9,45730.7,45755.0,2692.0
20260528.0,115.0,45762.1,45766.1,45564.1,45644.3,2568.0
20260528.0,130.0,45649.4,45742.7,45644.3,45716.4,1242.0
20260528.0,145.0,45726.5,45783.4,45706.3,45709.3,1046.0
20260528.0,200.0,45712.3,45808.8,45704.3,45759.0,1068.0
20260528.0,215.0,45754.0,45826.0,45747.9,45818.0,750.0
20260528.0,230.0,45822.0,45859.6,45820.0,45851.5,714.0
20260528.0,245.0,45853.5,45895.1,45815.0,45881.9,894.0
20260528.0,300.0,45878.9,45905.3,45841.4,45899.2,624.0
20260528.0,315.0,45901.2,45943.9,45887.1,45931.7,904.0
20260528.0,330.0,45932.7,45959.1,45884.0,45898.2,678.0
20260528.0,345.0,45900.2,45998.7,45900.3,45981.5,1094.0
20260528.0,400.0,45980.5,45982.5,45816.0,45839.3,1574.0
20260528.0,415.0,45846.4,45871.7,45809.9,45870.8,658.0
20260528.0,430.0,45878.9,45905.3,45867.8,45867.7,406.0
20260528.0,445.0,45874.8,45937.8,45870.8,45930.7,314.0
20260528.0,500.0,45923.6,45953.0,45886.1,45949.0,616.0
20260528.0,900.0,45883.0,45949.9,45524.5,45765.1,11450.0
20260528.0,915.0,45759.0,45876.8,45615.9,45872.8,9570.0
20260528.0,930.0,45869.8,45873.8,45638.2,45668.7,7946.0
20260528.0,945.0,45677.8,45766.1,45618.9,45705.2,5580.0
20260528.0,1000.0,45696.1,46037.3,45633.2,46015.0,9944.0
20260528.0,1015.0,46014.0,46059.6,45654.5,45664.6,8410.0
20260528.0,1030.0,45665.6,45706.2,45497.1,45497.0,6884.0
20260528.0,1045.0,45497.0,45612.7,45497.1,45517.3,4746.0
20260528.0,1100.0,45521.4,45694.0,45509.2,45589.4,4614.0
20260528.0,1115.0,45584.4,45655.4,45537.7,45560.0,2970.0
20260528.0,1130.0,45556.9,45584.3,45130.4,45130.3,11698.0
20260528.0,1145.0,45130.3,45148.6,44140.1,44487.4,38784.0
20260528.0,1200.0,44487.4,44798.2,44452.9,44550.4,12440.0
20260528.0,1215.0,44542.2,44737.2,44374.7,44424.4,11040.0
20260528.0,1230.0,44423.4,44485.3,44345.3,44485.4,5988.0
20260528.0,1245.0,44477.2,44607.2,44437.7,44469.1,5690.0
20260528.0,1300.0,44474.2,44476.2,44265.0,44364.5,6560.0
20260528.0,1315.0,44364.5,44558.4,44172.6,44493.5,9770.0
20260528.0,1330.0,44497.6,44565.6,44309.7,44565.6,9068.0
20260528.0,1345.0,44563.6,44605.2,44473.2,44530.1,12848.0
20260528.0,1515.0,44654.0,44838.8,44635.7,44775.9,6028.0
20260528.0,1530.0,44771.8,44784.9,44708.9,44761.6,1686.0
20260528.0,1545.0,44767.7,44830.7,44738.3,44820.5,1904.0
20260528.0,1600.0,44821.6,44834.7,44710.9,44807.3,1944.0
20260528.0,1615.0,44813.4,44896.7,44784.0,44851.0,2822.0
20260528.0,1630.0,44852.0,44885.5,44775.9,44818.5,1902.0
20260528.0,1645.0,44823.6,44891.6,44819.6,44857.1,1730.0
20260528.0,1700.0,44858.1,44924.1,44828.7,44918.1,1634.0
20260528.0,1715.0,44916.0,44978.9,44848.0,44872.3,3376.0
20260528.0,1730.0,44883.5,44940.4,44863.3,44885.6,1338.0
20260528.0,1745.0,44886.6,44886.5,44739.3,44782.0,2522.0
20260528.0,1800.0,44778.9,44934.3,44770.8,44934.3,1642.0
20260528.0,1815.0,44932.3,44932.2,44832.8,44832.7,1450.0
20260528.0,1830.0,44831.7,44881.4,44784.0,44875.4,1458.0
20260528.0,1845.0,44870.3,44887.5,44785.0,44792.1,1172.0
20260528.0,1900.0,44792.1,44839.8,44686.5,44753.5,3042.0
20260528.0,1915.0,44764.7,44838.8,44731.2,44747.4,1904.0
20260528.0,1930.0,44743.4,44843.9,44736.3,44811.4,1304.0
20260528.0,1945.0,44806.3,44940.4,44802.3,44938.4,2078.0
20260528.0,2000.0,44938.4,44962.7,44874.4,44891.6,1396.0
20260528.0,2015.0,44886.6,44944.4,44857.2,44938.4,906.0
20260528.0,2030.0,44934.3,44937.3,44862.2,44912.0,720.0
20260528.0,2045.0,44909.9,45084.6,44906.9,45079.6,3672.0
20260528.0,2100.0,45078.5,45155.7,45045.1,45139.5,3234.0
20260528.0,2115.0,45135.4,45192.2,45079.6,45080.6,2760.0
20260528.0,2130.0,45084.6,45168.9,45080.6,45164.9,1238.0
20260528.0,2145.0,45164.9,45268.4,44995.3,45008.5,8070.0
20260528.0,2200.0,45012.5,45095.8,44920.1,45058.2,4908.0
20260528.0,2215.0,45058.2,45405.5,44999.4,45395.4,10170.0
20260528.0,2230.0,45399.5,45442.1,45221.8,45356.8,8498.0
20260528.0,2245.0,45360.9,45401.5,45276.6,45374.1,4054.0
20260528.0,2300.0,45373.1,45401.5,45283.8,45392.4,4000.0
20260528.0,2315.0,45393.4,45473.6,45384.3,45433.0,3414.0
20260528.0,2330.0,45432.0,45542.7,45389.4,45524.4,3250.0
20260528.0,2345.0,45528.5,45533.5,45437.1,45450.3,2366.0
20260529.0,0.0,45446.2,45495.9,45418.8,45484.8,1428.0
20260529.0,15.0,45484.8,45532.5,45451.3,45514.3,1452.0
20260529.0,30.0,45513.3,45598.5,45503.1,45562.0,2088.0
20260529.0,45.0,45568.1,45583.3,45528.5,45571.1,824.0
20260529.0,100.0,45572.2,45579.2,45506.2,45564.0,970.0
20260529.0,115.0,45565.1,45580.2,45508.2,45518.3,678.0
20260529.0,130.0,45517.3,45530.5,45442.2,45453.3,1152.0
20260529.0,145.0,45454.3,45511.2,45419.9,45503.1,936.0
20260529.0,200.0,45500.0,45555.9,45500.1,45528.5,824.0
20260529.0,215.0,45531.5,45576.2,45488.9,45496.0,874.0
20260529.0,230.0,45498.0,45541.6,45481.8,45504.1,984.0
20260529.0,245.0,45498.0,45513.2,45403.6,45427.9,1230.0
20260529.0,300.0,45425.9,45466.5,45367.0,45417.8,1070.0
20260529.0,315.0,45415.7,45473.6,45399.5,45414.7,462.0
20260529.0,330.0,45413.7,45442.1,45403.6,45431.0,338.0
20260529.0,345.0,45435.0,45478.7,45435.1,45440.1,292.0
20260529.0,400.0,45438.1,45461.4,45411.7,45430.0,544.0
20260529.0,415.0,45424.9,45474.6,45420.9,45469.6,484.0
20260529.0,430.0,45468.6,45501.0,45464.5,45496.0,372.0
20260529.0,445.0,45492.9,45495.9,45470.6,45482.8,106.0
20260529.0,500.0,45476.7,45505.1,45474.7,45491.9,382.0
20260529.0,900.0,45355.8,45589.4,45355.9,45579.3,10418.0
20260529.0,915.0,45583.3,45685.9,45362.0,45540.7,13484.0
20260529.0,930.0,45538.6,45661.5,45432.0,45521.4,8210.0
20260529.0,945.0,45518.3,45812.8,45491.0,45811.9,9820.0
20260529.0,1000.0,45808.8,45865.6,45559.0,45772.3,10068.0
20260529.0,1015.0,45773.3,45887.0,45735.7,45873.8,6368.0
20260529.0,1030.0,45871.8,45949.9,45716.4,45750.9,8016.0
20260529.0,1045.0,45744.8,45835.2,45732.7,45769.2,3132.0
20260529.0,1100.0,45769.2,45825.0,45742.8,45753.0,2664.0
20260529.0,1115.0,45753.0,45906.3,45753.0,45849.4,4344.0
20260529.0,1130.0,45847.4,45906.3,45837.3,45873.8,2132.0
20260529.0,1145.0,45868.7,45919.5,45834.3,45904.3,2792.0
20260529.0,1200.0,45903.3,46000.7,45890.1,45969.3,4286.0
20260529.0,1215.0,45967.3,46016.0,45955.1,46016.0,3536.0
20260529.0,1230.0,46014.0,46045.4,45985.6,46012.0,3012.0
20260529.0,1245.0,46010.9,46140.9,45996.8,46084.1,5158.0
20260529.0,1300.0,46090.2,46104.3,46005.9,46103.4,3906.0
20260529.0,1315.0,46101.3,46184.6,46064.8,46081.0,5818.0
20260529.0,1330.0,46085.1,46127.7,46026.2,46038.4,8586.0
20260529.0,1345.0,46036.3,46064.7,45909.4,45995.7,16842.0
20260529.0,1515.0,46074.9,46160.2,46030.3,46115.6,3500.0
20260529.0,1530.0,46113.5,46123.6,46019.1,46019.1,1876.0
20260529.0,1545.0,46019.1,46057.6,45961.2,46023.1,2016.0
20260529.0,1600.0,46019.1,46049.5,46012.0,46016.0,882.0
20260529.0,1615.0,46018.1,46084.0,46003.9,46054.6,1546.0
20260529.0,1630.0,46060.7,46100.3,46021.1,46054.6,964.0
20260529.0,1645.0,46055.6,46083.0,46044.5,46049.5,534.0
20260529.0,1700.0,46054.6,46071.8,46016.1,46061.7,710.0
20260529.0,1715.0,46064.8,46264.8,46060.8,46264.9,3186.0
20260529.0,1730.0,46265.9,46307.5,46222.3,46298.4,2620.0
20260529.0,1745.0,46299.4,46306.5,46239.5,46257.8,2008.0
20260529.0,1800.0,46258.8,46272.9,46193.8,46198.8,1794.0
20260529.0,1815.0,46197.8,46198.8,45913.5,46068.8,5858.0
20260529.0,1830.0,46065.8,46081.0,46014.0,46069.9,1280.0
20260529.0,1845.0,46068.8,46107.4,46019.1,46094.2,1150.0
20260529.0,1900.0,46094.2,46148.0,46092.2,46120.6,1122.0
20260529.0,1915.0,46118.6,46193.7,46116.6,46180.6,1352.0
20260529.0,1930.0,46176.5,46210.0,46136.9,46138.9,1086.0
20260529.0,1945.0,46136.9,46151.1,46062.8,46135.9,1654.0
20260529.0,2000.0,46134.9,46179.5,46054.7,46167.4,1510.0
20260529.0,2015.0,46167.4,46177.5,46039.4,46058.7,1252.0
20260529.0,2030.0,46055.6,46110.4,46038.4,46110.5,730.0
20260529.0,2045.0,46110.5,46122.6,46022.2,46083.1,1200.0
20260529.0,2100.0,46083.1,46129.7,46047.6,46126.7,828.0
20260529.0,2115.0,46129.8,46151.1,46085.1,46085.1,818.0
20260529.0,2130.0,46087.1,46116.5,46038.4,46113.5,1186.0
20260529.0,2145.0,46110.5,46139.9,45961.2,46077.0,5442.0
20260529.0,2200.0,46080.0,46192.7,46046.5,46125.7,3312.0
20260529.0,2215.0,46133.8,46160.2,45969.3,46010.9,4090.0
20260529.0,2230.0,46010.9,46021.0,45757.1,45843.4,7548.0
20260529.0,2245.0,45849.4,45899.2,45576.3,45582.3,8000.0
20260529.0,2300.0,45584.4,45888.0,45562.1,45795.6,7244.0
20260529.0,2315.0,45797.6,45901.2,45746.9,45898.2,3956.0
20260529.0,2330.0,45883.0,45889.0,45718.5,45721.5,3520.0
20260529.0,2345.0,45730.6,45815.9,45716.4,45765.1,2698.0
20260530.0,0.0,45766.2,45795.6,45717.5,45756.0,1644.0
20260530.0,15.0,45763.1,45860.6,45746.9,45831.2,2054.0
20260530.0,30.0,45825.1,45854.5,45777.4,45788.5,980.0
20260530.0,45.0,45788.5,45837.2,45744.9,45798.7,2320.0
20260530.0,100.0,45800.7,45824.0,45751.0,45792.6,1008.0
20260530.0,115.0,45793.6,45808.8,45736.8,45762.1,876.0
20260530.0,130.0,45762.1,45779.3,45693.1,45732.6,1984.0
20260530.0,145.0,45734.7,45797.6,45701.2,45711.3,1242.0
20260530.0,200.0,45711.3,45742.7,45646.4,45649.4,1276.0
20260530.0,215.0,45653.4,45779.3,45647.4,45733.7,1876.0
20260530.0,230.0,45734.7,45785.4,45725.6,45770.2,696.0
20260530.0,245.0,45777.3,45807.8,45771.3,45791.6,456.0
20260530.0,300.0,45785.5,45787.4,45671.7,45689.0,812.0
20260530.0,315.0,45700.1,45752.9,45691.0,45740.8,546.0
20260530.0,330.0,45735.7,45753.9,45718.5,45753.0,246.0
20260530.0,345.0,45753.0,45814.9,45747.9,45802.7,542.0
20260530.0,400.0,45802.7,45807.8,45739.8,45754.0,948.0
20260530.0,415.0,45756.0,45792.5,45747.9,45792.6,484.0
20260530.0,430.0,45792.6,45827.1,45786.5,45794.6,426.0
20260530.0,445.0,45791.6,45794.5,45771.3,45777.3,272.0
20260530.0,500.0,45778.3,45786.4,45748.9,45776.3,388.0
20260601.0,900.0,46196.8,46353.2,46117.6,46298.4,15128.0
20260601.0,915.0,46299.4,46687.3,46206.0,46528.9,17524.0
20260601.0,930.0,46525.9,46660.9,46507.7,46608.2,6980.0
20260601.0,945.0,46610.2,46772.7,46598.1,46763.6,8414.0
20260601.0,1000.0,46762.6,46884.4,46699.6,46858.0,6384.0
20260601.0,1015.0,46853.0,46945.3,46767.7,46829.6,6840.0
20260601.0,1030.0,46834.7,47194.2,46729.1,47179.0,11154.0
20260601.0,1045.0,47175.9,47181.0,46857.1,46931.2,7508.0
20260601.0,1100.0,46932.2,46937.2,46743.3,46762.6,7490.0
20260601.0,1115.0,46761.5,46943.3,46757.5,46774.7,5814.0
20260601.0,1130.0,46779.8,46838.7,46726.0,46794.0,3830.0
20260601.0,1145.0,46790.0,46874.2,46488.4,46533.0,8886.0
20260601.0,1200.0,46532.0,46760.5,46508.7,46678.3,5276.0
20260601.0,1215.0,46676.2,46786.9,46659.0,46757.5,3240.0
20260601.0,1230.0,46754.4,46807.2,46691.5,46785.9,3624.0
20260601.0,1245.0,46778.8,46841.7,46711.8,46834.7,3894.0
20260601.0,1300.0,46834.7,46843.8,46734.2,46752.4,3580.0
20260601.0,1315.0,46751.4,46786.9,46682.4,46750.4,4840.0
20260601.0,1330.0,46746.3,46746.3,46611.3,46638.6,6918.0
20260601.0,1345.0,46646.8,46855.9,46645.8,46757.5,14196.0
20260601.0,1515.0,46803.2,46816.3,46719.9,46741.2,2296.0
20260601.0,1530.0,46736.1,46757.4,46679.3,46703.6,1008.0
20260601.0,1545.0,46719.9,46785.9,46673.2,46698.6,1690.0
20260601.0,1600.0,46693.5,46795.0,46686.4,46792.0,964.0
20260601.0,1615.0,46795.1,46813.3,46710.8,46714.8,1240.0
20260601.0,1630.0,46711.8,46749.3,46701.7,46719.9,588.0
20260601.0,1645.0,46724.0,46741.2,46675.3,46718.9,816.0
20260601.0,1700.0,46726.0,46786.9,46696.6,46786.9,934.0
20260601.0,1715.0,46786.9,46840.7,46779.9,46786.9,1576.0
20260601.0,1730.0,46786.9,46823.4,46772.8,46801.2,664.0
20260601.0,1745.0,46804.2,46822.4,46783.9,46804.2,586.0
20260601.0,1800.0,46803.2,46811.3,46757.5,46795.1,896.0
20260601.0,1815.0,46798.1,46967.7,46798.2,46958.6,2492.0
20260601.0,1830.0,46960.6,46970.7,46877.4,46911.9,1598.0
20260601.0,1845.0,46911.9,46992.1,46911.9,46978.9,1366.0
20260601.0,1900.0,46984.0,46993.1,46934.3,46955.5,998.0
20260601.0,1915.0,46953.5,46955.5,46889.6,46909.8,1050.0
20260601.0,1930.0,46910.8,46925.0,46879.4,46884.4,576.0
20260601.0,1945.0,46883.4,46969.7,46874.3,46941.3,1234.0
20260601.0,2000.0,46938.3,46943.3,46902.8,46908.8,552.0
20260601.0,2015.0,46907.8,46931.1,46775.8,46779.8,1788.0
20260601.0,2030.0,46785.9,46858.0,46723.0,46826.5,1950.0
20260601.0,2045.0,46826.5,46919.9,46780.9,46914.9,1606.0
20260601.0,2100.0,46914.9,46935.2,46859.1,46880.4,1146.0
20260601.0,2115.0,46885.5,46885.4,46463.0,46563.5,7514.0
20260601.0,2130.0,46564.5,46687.3,46465.0,46561.4,5476.0
20260601.0,2145.0,46565.5,46867.1,46490.4,46755.4,9380.0
20260601.0,2200.0,46754.4,46834.6,46577.7,46577.7,5402.0
20260601.0,2215.0,46575.7,46857.0,46570.6,46797.1,6938.0
20260601.0,2230.0,46796.1,46933.1,46767.7,46883.4,7028.0
20260601.0,2245.0,46885.5,47020.5,46857.1,46949.4,5546.0
20260601.0,2300.0,46945.4,46989.0,46893.6,46928.1,3660.0
20260601.0,2315.0,46928.1,47034.7,46881.4,47007.3,4076.0
20260601.0,2330.0,47010.4,47088.5,47010.4,47072.3,2794.0
20260601.0,2345.0,47067.3,47187.1,47067.3,47166.8,5446.0
20260602.0,0.0,47166.8,47170.8,47103.9,47125.2,1390.0
20260602.0,15.0,47127.2,47192.1,47104.9,47110.9,2200.0
20260602.0,30.0,47107.9,47173.9,47063.3,47164.8,1378.0
20260602.0,45.0,47166.8,47182.0,47102.9,47120.1,1338.0
20260602.0,100.0,47119.1,47351.6,47088.6,47338.5,4336.0
20260602.0,115.0,47343.5,47382.1,47273.5,47330.3,2394.0
20260602.0,130.0,47326.3,47401.4,47281.6,47395.3,1518.0
20260602.0,145.0,47401.4,47479.6,47353.7,47446.1,2808.0
20260602.0,200.0,47451.2,47476.5,47431.9,47441.0,1412.0
20260602.0,215.0,47442.1,47446.1,47335.5,47356.7,1176.0
20260602.0,230.0,47355.7,47390.2,47311.1,47351.7,932.0
20260602.0,245.0,47352.7,47374.0,47320.2,47354.7,786.0
20260602.0,300.0,47348.6,47349.6,47263.3,47282.6,802.0
20260602.0,315.0,47274.5,47296.8,47201.4,47249.1,1252.0
20260602.0,330.0,47249.1,47264.3,47187.2,47217.6,648.0
20260602.0,345.0,47214.5,47254.1,47195.3,47243.0,552.0
20260602.0,400.0,47240.9,47262.2,47144.5,47152.6,1068.0
20260602.0,415.0,47161.7,47271.4,47100.8,47269.4,1394.0
20260602.0,430.0,47251.1,47266.3,47233.9,47252.1,350.0
20260602.0,445.0,47246.0,47301.8,47242.0,47289.7,346.0
20260602.0,500.0,47293.8,47293.7,47260.3,47276.5,570.0
20260602.0,900.0,46869.2,46953.5,46611.3,46792.0,12874.0
20260602.0,915.0,46784.9,46873.2,46544.2,46780.8,16808.0
20260602.0,930.0,46778.8,46778.8,46316.7,46585.8,14378.0
20260602.0,945.0,46588.9,46759.5,46457.9,46509.6,9194.0
20260602.0,1000.0,46504.6,46517.7,46298.4,46396.9,8300.0
20260602.0,1015.0,46398.9,46543.1,46343.1,46409.1,6214.0
20260602.0,1030.0,46402.0,46542.1,46378.7,46507.6,4452.0
20260602.0,1045.0,46509.6,46679.2,46505.6,46632.5,4320.0
20260602.0,1100.0,46631.5,46657.9,46416.3,46443.6,4536.0
20260602.0,1115.0,46444.6,46465.9,46357.3,46357.3,3818.0
20260602.0,1130.0,46359.3,46385.7,46044.5,46131.8,11804.0
20260602.0,1145.0,46134.9,46385.7,46060.8,46365.4,8126.0
20260602.0,1200.0,46358.3,46477.1,46339.1,46468.0,5796.0
20260602.0,1215.0,46469.0,46602.0,46441.6,46499.5,4666.0
20260602.0,1230.0,46499.5,46584.8,46442.7,46551.3,3078.0
20260602.0,1245.0,46538.1,46577.6,46487.4,46524.9,1970.0
20260602.0,1300.0,46525.9,46729.0,46517.8,46722.9,4786.0
20260602.0,1315.0,46716.8,46818.4,46668.1,46808.3,4916.0
20260602.0,1330.0,46811.3,46822.4,46722.0,46789.0,7002.0
20260602.0,1345.0,46791.0,46889.5,46791.0,46810.3,10268.0
20260602.0,1515.0,46970.8,46980.9,46902.8,46955.5,3188.0
20260602.0,1530.0,46952.5,46976.8,46920.0,46920.0,1182.0
20260602.0,1545.0,46919.0,47008.3,46910.9,46991.1,1614.0
20260602.0,1600.0,46997.2,47000.2,46950.5,46966.7,804.0
20260602.0,1615.0,46966.7,47057.1,46966.8,47022.6,1772.0
20260602.0,1630.0,47016.5,47052.0,47012.5,47020.5,918.0
20260602.0,1645.0,47019.5,47084.5,47017.5,47032.7,1188.0
20260602.0,1700.0,47029.7,47070.3,47026.7,47042.9,646.0
20260602.0,1715.0,47036.8,47039.8,46970.8,46986.0,1462.0
20260602.0,1730.0,46987.0,47057.1,46986.1,47018.5,1514.0
20260602.0,1745.0,47020.5,47121.0,46997.2,47096.7,1404.0
20260602.0,1800.0,47100.8,47118.0,47070.4,47082.5,848.0
20260602.0,1815.0,47079.5,47085.5,47027.7,47060.2,694.0
20260602.0,1830.0,47064.2,47093.6,47053.1,47059.1,404.0
20260602.0,1845.0,47066.2,47074.3,47017.5,47027.7,616.0
20260602.0,1900.0,47027.7,47044.9,46984.0,47031.7,1050.0
20260602.0,1915.0,47031.7,47066.2,46994.2,47035.8,634.0
20260602.0,1930.0,47042.9,47069.2,47018.6,47055.1,470.0
20260602.0,1945.0,47057.1,47099.7,47057.2,47075.4,816.0
20260602.0,2000.0,47076.4,47087.5,47062.2,47064.2,512.0
20260602.0,2015.0,47064.2,47105.8,47062.2,47075.4,532.0
20260602.0,2030.0,47075.4,47156.6,47058.2,47144.5,1614.0
20260602.0,2045.0,47144.5,47169.8,47102.9,47165.8,1414.0
20260602.0,2100.0,47167.8,47169.8,47084.6,47086.6,1030.0
20260602.0,2115.0,47086.6,47124.1,46935.3,47018.5,3714.0
20260602.0,2130.0,47015.5,47087.5,46996.2,47069.3,1498.0
20260602.0,2145.0,47072.3,47209.4,46956.6,47183.1,7928.0
20260602.0,2200.0,47184.1,47331.3,47184.1,47320.2,6392.0
20260602.0,2215.0,47322.2,47328.2,47250.1,47300.9,3112.0
20260602.0,2230.0,47295.8,47308.9,47149.6,47198.3,4354.0
20260602.0,2245.0,47194.2,47368.9,47192.2,47367.9,4032.0
20260602.0,2300.0,47365.9,47404.4,47321.2,47403.5,2716.0
20260602.0,2315.0,47403.5,47457.2,47379.1,47449.2,3234.0
20260602.0,2330.0,47450.2,47476.5,47436.0,47453.2,1814.0
20260602.0,2345.0,47451.2,47501.9,47430.9,47473.5,2352.0
20260603.0,0.0,47479.6,47505.0,47468.5,47497.9,1424.0
20260603.0,15.0,47497.9,47518.2,47420.8,47428.9,2566.0
20260603.0,30.0,47436.0,47448.1,47363.9,47368.9,1874.0
20260603.0,45.0,47368.9,47396.3,47334.4,47364.9,1462.0
20260603.0,100.0,47369.9,47426.8,47362.9,47413.6,1056.0
20260603.0,115.0,47415.6,47420.7,47366.9,47372.0,984.0
20260603.0,130.0,47369.9,47369.9,47287.7,47302.9,1610.0
20260603.0,145.0,47301.9,47341.5,47265.4,47296.8,1152.0
20260603.0,200.0,47300.9,47347.5,47297.9,47338.5,524.0
20260603.0,215.0,47341.5,47402.4,47338.5,47389.2,834.0
20260603.0,230.0,47388.2,47402.4,47360.8,47395.3,556.0
20260603.0,245.0,47396.3,47408.5,47352.7,47359.8,560.0
20260603.0,300.0,47357.8,47422.7,47338.5,47419.7,504.0
20260603.0,315.0,47420.7,47458.3,47419.8,47447.1,980.0
20260603.0,330.0,47448.1,47458.3,47407.6,47412.6,450.0
20260603.0,345.0,47407.5,47461.3,47407.6,47459.3,444.0
20260603.0,400.0,47462.4,47497.9,47457.3,47491.8,998.0
20260603.0,415.0,47492.8,47492.8,47427.9,47456.3,604.0
20260603.0,430.0,47461.4,47463.3,47423.8,47432.9,238.0
20260603.0,445.0,47428.9,47453.2,47417.7,47426.8,202.0
20260603.0,500.0,47429.9,47436.9,47407.6,47418.7,396.0
20260603.0,900.0,47451.2,47638.0,47442.1,47580.2,8834.0
20260603.0,915.0,47584.3,47593.3,47435.0,47454.2,11328.0
20260603.0,930.0,47460.3,47601.5,47414.7,47598.5,6622.0
20260603.0,945.0,47599.5,47731.5,47427.9,47525.3,13450.0
20260603.0,1000.0,47522.3,47630.9,47280.6,47621.8,10564.0
20260603.0,1015.0,47622.8,47677.6,47534.5,47612.7,5208.0
20260603.0,1030.0,47607.6,47658.3,47396.4,47429.9,5738.0
20260603.0,1045.0,47437.0,47516.2,47363.9,47411.6,5160.0
20260603.0,1100.0,47414.6,47486.7,47386.2,47486.7,3570.0
20260603.0,1115.0,47486.7,47507.0,47429.9,47441.0,2988.0
20260603.0,1130.0,47450.2,47579.1,47434.0,47483.7,3378.0
20260603.0,1145.0,47487.8,47564.9,47487.8,47548.7,2636.0
20260603.0,1200.0,47547.7,47572.0,47442.1,47484.7,3304.0
20260603.0,1215.0,47488.8,47544.6,47459.4,47497.9,2066.0
20260603.0,1230.0,47496.9,47520.2,47462.4,47515.2,1642.0
20260603.0,1245.0,47515.2,47627.9,47497.0,47603.5,3900.0
20260603.0,1300.0,47598.5,47610.6,47486.8,47497.9,2926.0
20260603.0,1315.0,47494.9,47574.0,47411.6,47542.6,4506.0
20260603.0,1330.0,47542.6,47608.6,47517.3,47556.8,4942.0
20260603.0,1345.0,47555.8,47634.0,47512.2,47603.5,9784.0
20260603.0,1515.0,47524.3,47726.4,47499.0,47678.7,4086.0
20260603.0,1530.0,47684.8,47700.0,47546.7,47546.7,2128.0
20260603.0,1545.0,47547.7,47588.3,47534.5,47550.7,1488.0
20260603.0,1600.0,47553.8,47622.8,47549.8,47621.8,1240.0
20260603.0,1615.0,47620.8,47638.0,47519.3,47597.5,2266.0
20260603.0,1630.0,47596.4,47606.5,47527.4,47597.5,1262.0
20260603.0,1645.0,47599.5,47599.4,47509.1,47535.5,1222.0
20260603.0,1700.0,47534.5,47557.8,47517.3,47544.6,554.0
20260603.0,1715.0,47545.7,47588.3,47524.4,47580.2,960.0
20260603.0,1730.0,47580.2,47624.8,47572.1,47615.7,1184.0
20260603.0,1745.0,47608.6,47608.6,47570.1,47591.4,528.0
20260603.0,1800.0,47592.4,47592.3,47540.6,47546.7,762.0
20260603.0,1815.0,47544.6,47668.5,47524.4,47604.6,3038.0
20260603.0,1830.0,47600.5,47600.5,47554.8,47588.3,690.0
20260603.0,1845.0,47586.3,47611.6,47540.6,47541.6,728.0
20260603.0,1900.0,47542.6,47561.9,47532.5,47552.8,750.0
20260603.0,1915.0,47553.8,47572.0,47524.4,47539.6,786.0
20260603.0,1930.0,47536.5,47541.5,47452.3,47492.8,2370.0
20260603.0,1945.0,47498.9,47529.4,47492.9,47508.1,574.0
20260603.0,2000.0,47506.0,47533.4,47497.0,47524.3,516.0
20260603.0,2015.0,47520.3,47569.0,47513.2,47548.7,924.0
20260603.0,2030.0,47553.8,47554.7,47458.4,47493.9,1436.0
20260603.0,2045.0,47486.7,47487.7,47335.5,47411.6,4016.0
20260603.0,2100.0,47416.7,47447.1,47381.2,47412.6,1342.0
20260603.0,2115.0,47410.6,47468.4,47410.6,47450.2,1118.0
20260603.0,2130.0,47455.3,47490.8,47434.0,47483.7,1256.0
20260603.0,2145.0,47489.8,47537.5,47234.9,47247.0,9172.0
20260603.0,2200.0,47251.1,47287.6,47064.3,47192.2,10566.0
20260603.0,2215.0,47195.2,47321.1,47165.8,47318.1,5708.0
20260603.0,2230.0,47315.1,47378.0,47261.3,47364.9,4930.0
20260603.0,2245.0,47359.8,47388.2,47292.8,47323.2,3370.0
20260603.0,2300.0,47328.3,47384.1,47296.9,47325.2,2730.0
20260603.0,2315.0,47325.2,47406.5,47323.3,47358.8,3174.0
20260603.0,2330.0,47361.8,47414.6,47274.5,47361.8,3512.0
20260603.0,2345.0,47354.7,47387.2,47258.3,47263.3,2460.0
20260604.0,0.0,47273.4,47306.9,47213.6,47282.6,2328.0
20260604.0,15.0,47285.6,47325.2,47267.4,47316.1,1320.0
20260604.0,30.0,47310.0,47310.0,47167.9,47212.5,2268.0
20260604.0,45.0,47223.7,47260.2,47160.8,47197.3,1648.0
20260604.0,100.0,47201.3,47308.9,47196.3,47309.0,1776.0
20260604.0,115.0,47308.0,47340.4,47253.2,47259.2,1542.0
20260604.0,130.0,47265.3,47305.9,47243.0,47301.9,546.0
20260604.0,145.0,47299.9,47335.4,47267.4,47330.3,692.0
20260604.0,200.0,47335.4,47455.2,47327.3,47445.1,2370.0
20260604.0,215.0,47446.1,47468.4,47398.4,47408.5,1252.0
20260604.0,230.0,47410.6,47480.6,47376.1,47479.6,1064.0
20260604.0,245.0,47475.6,47488.7,47418.7,47429.9,646.0
20260604.0,300.0,47440.0,47460.3,47410.6,47432.9,406.0
20260604.0,315.0,47434.9,47468.4,47409.6,47427.8,454.0
20260604.0,330.0,47414.6,47460.3,47377.1,47408.5,476.0
20260604.0,345.0,47408.5,47473.5,47407.6,47460.3,380.0
20260604.0,400.0,47454.2,47477.6,47382.2,47397.4,768.0
20260604.0,415.0,47396.3,47404.4,47351.7,47364.9,608.0
20260604.0,430.0,47371.0,47372.9,47289.8,47296.8,820.0
20260604.0,445.0,47297.8,47304.9,47199.4,47201.3,694.0
20260604.0,500.0,47207.4,47280.5,47204.4,47267.4,684.0
20260604.0,900.0,47234.9,47239.9,47039.9,47101.8,10282.0
20260604.0,915.0,47106.9,47311.0,47082.5,47181.0,11534.0
20260604.0,930.0,47185.1,47226.7,47057.2,47173.9,7188.0
20260604.0,945.0,47172.9,47305.9,47064.3,47074.4,7444.0
20260604.0,1000.0,47077.4,47135.3,46940.4,47026.6,10190.0
20260604.0,1015.0,47032.7,47072.3,46903.8,46909.8,8244.0
20260604.0,1030.0,46908.8,47117.0,46864.2,47040.9,8006.0
20260604.0,1045.0,47037.8,47068.2,46936.3,47014.4,3784.0
20260604.0,1100.0,47014.4,47070.3,46971.8,47011.4,2978.0
20260604.0,1115.0,47005.3,47204.3,47003.3,47170.9,5004.0
20260604.0,1130.0,47171.9,47274.4,47143.5,47267.4,3680.0
20260604.0,1145.0,47269.4,47318.1,47136.4,47150.6,4770.0
20260604.0,1200.0,47145.5,47209.4,47103.9,47209.5,3152.0
20260604.0,1215.0,47211.5,47215.5,47155.7,47215.6,1958.0
20260604.0,1230.0,47217.6,47275.4,47206.5,47211.5,2650.0
20260604.0,1245.0,47212.5,47260.2,47194.3,47225.7,1958.0
20260604.0,1300.0,47227.7,47288.6,47214.6,47288.7,2550.0
20260604.0,1315.0,47284.6,47284.6,47093.7,47143.4,4680.0
20260604.0,1330.0,47143.4,47159.6,46949.5,47002.3,6950.0
20260604.0,1345.0,47004.3,47070.3,46916.0,47020.5,11990.0
20260604.0,1515.0,47099.8,47120.0,46978.9,47041.9,3394.0
20260604.0,1530.0,47040.9,47049.9,46938.3,47041.9,2538.0
20260604.0,1545.0,47032.7,47089.6,47012.5,47019.5,1558.0
20260604.0,1600.0,47018.5,47033.7,46982.0,47015.5,742.0
20260604.0,1615.0,47009.4,47009.3,46626.5,46632.5,6918.0
20260604.0,1630.0,46629.5,46671.1,46483.3,46586.8,7552.0
20260604.0,1645.0,46586.8,46629.4,46539.2,46587.9,2548.0
20260604.0,1700.0,46586.8,46595.9,46493.4,46505.6,2122.0
20260604.0,1715.0,46503.6,46508.6,46307.6,46316.7,5542.0
20260604.0,1730.0,46309.6,46405.0,46266.9,46391.8,3996.0
20260604.0,1745.0,46386.7,46457.8,46367.5,46441.6,2156.0
20260604.0,1800.0,46440.6,46563.4,46437.6,46506.6,3476.0
20260604.0,1815.0,46501.5,46521.8,46459.9,46477.1,1298.0
20260604.0,1830.0,46478.2,46483.2,46362.4,46372.5,1972.0
20260604.0,1845.0,46373.5,46399.9,46319.8,46342.1,1620.0
20260604.0,1900.0,46341.0,46383.7,46273.0,46375.6,2124.0
20260604.0,1915.0,46379.6,46432.4,46366.5,46385.7,1538.0
20260604.0,1930.0,46389.8,46470.0,46386.8,46455.8,1424.0
20260604.0,1945.0,46459.9,46462.9,46300.5,46333.9,2020.0
20260604.0,2000.0,46340.0,46452.7,46330.9,46446.7,1352.0
20260604.0,2015.0,46446.7,46452.7,46358.4,46376.6,1320.0
20260604.0,2030.0,46377.6,46407.0,46357.3,46405.0,860.0
20260604.0,2045.0,46405.0,46547.2,46405.1,46542.1,2972.0
20260604.0,2100.0,46542.1,46580.7,46502.6,46526.9,1696.0
20260604.0,2115.0,46524.9,46547.2,46482.3,46535.0,1184.0
20260604.0,2130.0,46532.0,46573.6,46460.9,46465.0,1494.0
20260604.0,2145.0,46471.1,46658.9,46386.8,46401.0,8470.0
20260604.0,2200.0,46405.0,46506.6,46304.5,46345.1,6870.0
20260604.0,2215.0,46349.2,46428.3,46189.8,46400.0,8688.0
20260604.0,2230.0,46397.9,46587.8,46392.9,46583.8,5818.0
20260604.0,2245.0,46583.8,46595.9,46480.2,46482.2,4216.0
20260604.0,2300.0,46481.2,46711.7,46481.3,46708.7,4828.0
20260604.0,2315.0,46707.7,46884.4,46652.9,46874.3,6460.0
20260604.0,2330.0,46871.2,46916.9,46847.9,46873.3,3860.0
20260604.0,2345.0,46877.3,46953.5,46848.9,46905.8,3972.0
20260605.0,0.0,46904.8,46909.8,46802.2,46904.8,3446.0
20260605.0,15.0,46905.8,46931.1,46872.3,46900.7,1914.0
20260605.0,30.0,46899.7,47077.4,46897.7,47029.7,3990.0
20260605.0,45.0,47030.7,47031.7,46943.4,47014.4,2106.0
20260605.0,100.0,47011.4,47044.9,46988.1,47025.6,1388.0
20260605.0,115.0,47025.6,47033.7,46954.6,46986.0,1286.0
20260605.0,130.0,46996.2,47052.0,46965.7,47043.9,994.0
20260605.0,145.0,47046.9,47111.9,47041.9,47102.8,1630.0
20260605.0,200.0,47105.9,47178.9,47081.5,47168.8,1750.0
20260605.0,215.0,47167.8,47241.9,47164.8,47210.5,1826.0
20260605.0,230.0,47207.4,47216.5,47159.7,47198.3,830.0
20260605.0,245.0,47199.3,47213.5,47174.0,47202.4,624.0
20260605.0,300.0,47199.3,47260.2,47191.2,47203.4,1020.0
20260605.0,315.0,47208.4,47268.3,47201.4,47217.6,692.0
20260605.0,330.0,47217.6,47249.0,47179.0,47248.1,538.0
20260605.0,345.0,47248.1,47280.5,47213.6,47218.6,702.0
20260605.0,400.0,47220.6,47225.7,47129.3,47141.4,1162.0
20260605.0,415.0,47147.5,47157.6,47048.0,47078.4,1126.0
20260605.0,430.0,47071.3,47073.3,47003.3,47026.6,616.0
20260605.0,445.0,47031.7,47046.9,47002.3,47031.7,370.0
20260605.0,500.0,47033.7,47070.3,47006.4,47069.3,624.0
20260605.0,900.0,46384.7,46432.4,46135.9,46259.8,15888.0
20260605.0,915.0,46259.8,46444.6,45816.0,45856.6,19310.0
20260605.0,930.0,45856.6,45901.2,45355.9,45642.2,23486.0
20260605.0,945.0,45642.2,46010.9,45641.3,45904.3,14178.0
20260605.0,1000.0,45911.4,46188.6,45897.2,46157.2,10478.0
20260605.0,1015.0,46160.2,46279.0,46057.7,46173.5,7646.0
20260605.0,1030.0,46175.5,46492.3,46171.5,46442.6,9118.0
20260605.0,1045.0,46439.6,46503.5,46236.5,46343.1,9226.0
20260605.0,1100.0,46345.1,46362.3,46230.4,46271.0,4516.0
20260605.0,1115.0,46273.0,46366.4,46240.5,46286.2,3574.0
20260605.0,1130.0,46293.3,46358.3,46116.6,46124.7,4570.0
20260605.0,1145.0,46130.8,46226.2,46052.6,46105.4,5906.0
20260605.0,1200.0,46103.4,46130.7,45853.6,45978.4,7824.0
20260605.0,1215.0,45981.5,46005.8,45849.5,45957.1,5186.0
20260605.0,1230.0,45951.0,45993.6,45876.9,45895.2,4918.0
20260605.0,1245.0,45898.2,46048.5,45819.0,45915.5,9088.0
20260605.0,1300.0,45908.4,46028.2,45901.3,45953.0,5294.0
20260605.0,1315.0,45948.0,45966.2,45858.6,45887.0,5324.0
20260605.0,1330.0,45888.0,46023.1,45872.9,45903.3,7462.0
20260605.0,1345.0,45904.3,46098.2,45884.0,45920.5,15734.0
20260605.0,1515.0,45808.8,45871.7,45713.4,45784.4,4994.0
20260605.0,1530.0,45786.5,45958.1,45742.8,45942.9,3146.0
20260605.0,1545.0,45931.7,45995.7,45837.3,45861.6,2826.0
20260605.0,1600.0,45863.7,45868.7,45776.4,45788.5,2502.0
20260605.0,1615.0,45790.5,45811.8,45615.9,45674.7,4704.0
20260605.0,1630.0,45675.8,45929.6,45649.4,45929.7,3758.0
20260605.0,1645.0,45929.7,45944.9,45809.9,45822.0,2426.0
20260605.0,1700.0,45823.0,45852.4,45789.6,45834.2,908.0
20260605.0,1715.0,45828.1,46002.8,45795.7,45983.5,3730.0
20260605.0,1730.0,45987.6,46022.1,45856.6,45868.7,2742.0
20260605.0,1745.0,45871.8,45877.8,45788.6,45825.1,1738.0
20260605.0,1800.0,45826.1,45904.2,45824.1,45856.6,958.0
20260605.0,1815.0,45848.4,45903.2,45844.4,45896.2,670.0
20260605.0,1830.0,45895.2,45954.0,45889.1,45936.8,1034.0
20260605.0,1845.0,45934.8,45960.1,45902.3,45939.8,726.0
20260605.0,1900.0,45936.8,45939.8,45900.3,45921.6,404.0
20260605.0,1915.0,45912.4,45926.6,45837.3,45837.3,1072.0
20260605.0,1930.0,45849.4,45853.5,45739.8,45852.5,2150.0
20260605.0,1945.0,45844.4,45858.5,45786.5,45791.6,876.0
20260605.0,2000.0,45790.5,45797.6,45711.4,45719.4,1326.0
20260605.0,2015.0,45718.4,45726.5,45640.3,45661.5,2444.0
20260605.0,2030.0,45661.5,45726.5,45646.4,45673.7,1220.0
20260605.0,2045.0,45685.9,45738.7,45408.7,45553.9,6732.0
20260605.0,2100.0,45556.9,45584.3,45363.0,45388.3,3992.0
20260605.0,2115.0,45387.3,45407.6,45292.9,45365.0,4240.0
20260605.0,2130.0,45360.9,45394.4,45173.0,45228.9,6560.0
20260605.0,2145.0,45223.8,45331.4,45040.0,45063.3,11086.0
20260605.0,2200.0,45059.2,45148.6,44903.9,44904.9,8076.0
20260605.0,2215.0,44908.9,45119.1,44893.7,45094.8,7482.0
20260605.0,2230.0,45091.7,45142.5,44935.4,44967.8,4816.0
20260605.0,2245.0,44970.9,45242.0,44960.8,45137.4,5692.0
20260605.0,2300.0,45143.5,45196.3,45093.8,45160.8,3050.0
20260605.0,2315.0,45167.9,45172.9,44901.9,44901.8,4928.0
20260605.0,2330.0,44900.8,45021.6,44898.8,44983.1,3318.0
20260605.0,2345.0,44983.1,45042.9,44823.6,44925.2,5000.0
20260606.0,0.0,44923.1,44957.6,44848.0,44878.4,2478.0
20260606.0,15.0,44870.3,44878.4,44696.7,44739.3,5252.0
20260606.0,30.0,44742.3,44766.7,44673.3,44686.5,3350.0
20260606.0,45.0,44685.5,44691.5,44484.4,44508.7,6890.0
20260606.0,100.0,44514.8,44700.6,44445.8,44641.8,5630.0
20260606.0,115.0,44647.9,44663.1,44498.6,44546.3,2798.0
20260606.0,130.0,44546.3,44600.1,44454.9,44570.7,2976.0
20260606.0,145.0,44564.6,44676.3,44474.2,44480.3,2990.0
20260606.0,200.0,44484.4,44567.6,44484.4,44554.4,1536.0
20260606.0,215.0,44561.5,44571.7,44318.8,44322.9,3010.0
20260606.0,230.0,44320.8,44345.2,44209.2,44250.7,3624.0
20260606.0,245.0,44252.8,44279.1,44081.2,44188.8,3516.0
20260606.0,300.0,44181.7,44191.8,44012.1,44108.5,5202.0
20260606.0,315.0,44105.5,44129.8,43683.0,43715.5,5306.0
20260606.0,330.0,43722.6,43942.9,43608.9,43933.8,5634.0
20260606.0,345.0,43932.8,43959.2,43757.2,43850.6,2836.0
20260606.0,400.0,43846.5,43967.3,43720.6,43745.9,4296.0
20260606.0,415.0,43748.0,43751.0,43083.8,43122.3,8664.0
20260606.0,430.0,43108.1,43122.3,42794.3,42794.2,6040.0
20260606.0,445.0,42809.5,43573.2,41419.0,42629.7,8364.0
20260606.0,500.0,42649.0,43154.8,42575.9,42882.6,3562.0
20260608.0,900.0,43008.5,43368.1,42887.7,43275.7,24604.0
20260608.0,915.0,43280.8,44033.3,43166.0,43974.5,33886.0
20260608.0,930.0,43973.5,43979.5,43350.9,43405.7,20356.0
20260608.0,945.0,43406.7,43725.6,43292.0,43702.3,13364.0
20260608.0,1000.0,43700.2,43926.7,43576.4,43894.2,8590.0
20260608.0,1015.0,43903.4,44226.3,43883.1,44177.6,11694.0
20260608.0,1030.0,44169.5,44230.4,43949.1,44189.8,7272.0
20260608.0,1045.0,44191.8,44191.8,43969.4,44129.9,5726.0
20260608.0,1100.0,44124.8,44283.2,44117.7,44179.6,6942.0
20260608.0,1115.0,44185.7,44299.4,44056.8,44117.7,6484.0
20260608.0,1130.0,44115.7,44272.0,43979.6,44224.3,5786.0
20260608.0,1145.0,44230.4,44340.1,44215.2,44274.1,4742.0
20260608.0,1200.0,44281.2,44294.4,44184.8,44225.4,3796.0
20260608.0,1215.0,44219.3,44268.0,44073.0,44154.3,5510.0
20260608.0,1230.0,44156.3,44212.1,43971.5,44036.4,5644.0
20260608.0,1245.0,44037.4,44130.8,43923.7,43938.9,5848.0
20260608.0,1300.0,43941.0,44120.7,43925.8,44039.5,6374.0
20260608.0,1315.0,44040.5,44231.4,44040.5,44098.4,6226.0
20260608.0,1330.0,44101.4,44164.4,43933.9,43968.4,7056.0
20260608.0,1345.0,43974.5,44011.0,43666.8,43756.1,26676.0
20260608.0,1515.0,43967.4,44280.1,43893.3,44225.4,6410.0
20260608.0,1530.0,44223.3,44447.7,44193.9,44404.1,6046.0
20260608.0,1545.0,44410.2,44423.4,44307.7,44378.7,2962.0
20260608.0,1600.0,44377.7,44524.9,44362.5,44474.2,3738.0
20260608.0,1615.0,44467.1,44499.5,44347.3,44416.3,3562.0
20260608.0,1630.0,44409.2,44483.3,44372.7,44433.6,1364.0
20260608.0,1645.0,44427.5,44516.8,44291.4,44353.3,2872.0
20260608.0,1700.0,44356.4,44408.1,44274.2,44330.0,2326.0
20260608.0,1715.0,44340.1,44411.2,44264.0,44366.5,1720.0
20260608.0,1730.0,44371.6,44426.4,44352.4,44367.5,1196.0
20260608.0,1745.0,44358.4,44479.2,44293.5,44472.2,2244.0
20260608.0,1800.0,44471.1,44575.7,44453.9,44561.5,2742.0
20260608.0,1815.0,44563.6,44568.6,44436.7,44499.6,1868.0
20260608.0,1830.0,44499.6,44509.7,44405.2,44451.9,1324.0
20260608.0,1845.0,44450.8,44557.4,44446.8,44538.2,2622.0
20260608.0,1900.0,44542.2,44544.2,44442.8,44457.9,1540.0
20260608.0,1915.0,44454.9,44692.5,44423.5,44692.6,3536.0
20260608.0,1930.0,44689.5,44768.7,44686.5,44761.6,3244.0
20260608.0,1945.0,44767.7,44832.7,44760.7,44786.0,2346.0
20260608.0,2000.0,44783.0,44794.1,44717.0,44755.5,1798.0
20260608.0,2015.0,44755.5,44798.2,44711.9,44765.7,1732.0
20260608.0,2030.0,44766.7,44806.3,44747.5,44778.9,1056.0
20260608.0,2045.0,44784.0,44819.5,44729.2,44792.1,1820.0
20260608.0,2100.0,44793.1,44844.9,44771.8,44842.9,2402.0
20260608.0,2115.0,44844.9,44878.4,44801.3,44839.8,2890.0
20260608.0,2130.0,44842.9,44859.1,44763.7,44772.8,2120.0
20260608.0,2145.0,44772.8,44919.0,44597.1,44836.8,9686.0
20260608.0,2200.0,44835.8,44929.2,44542.3,44544.3,7006.0
20260608.0,2215.0,44551.4,44724.0,44494.6,44686.5,7566.0
20260608.0,2230.0,44685.5,44818.5,44540.3,44796.2,5250.0
20260608.0,2245.0,44796.2,44953.6,44771.8,44815.5,7214.0
20260608.0,2300.0,44811.4,44903.8,44799.3,44870.3,3352.0
20260608.0,2315.0,44871.3,44969.8,44848.0,44899.8,3854.0
20260608.0,2330.0,44899.8,44983.0,44818.6,44832.7,3538.0
20260608.0,2345.0,44835.8,44861.1,44651.0,44860.2,4558.0
20260609.0,0.0,44858.1,44877.4,44694.7,44732.2,2518.0
20260609.0,15.0,44731.2,44835.7,44726.1,44803.3,2298.0
20260609.0,30.0,44806.3,44903.8,44788.1,44790.1,2218.0
20260609.0,45.0,44797.2,44831.7,44766.8,44807.3,1464.0
20260609.0,100.0,44820.5,44867.2,44796.2,44796.2,1046.0
20260609.0,115.0,44794.1,44807.3,44589.0,44668.2,2900.0
20260609.0,130.0,44676.3,44757.5,44575.8,44757.6,2242.0
20260609.0,145.0,44752.5,44768.7,44619.5,44619.4,1300.0
20260609.0,200.0,44623.5,44755.5,44622.5,44695.6,1158.0
20260609.0,215.0,44708.8,44834.7,44708.9,44774.8,1220.0
20260609.0,230.0,44776.9,44807.3,44764.7,44790.1,510.0
20260609.0,245.0,44804.3,44825.6,44705.8,44716.9,734.0
20260609.0,300.0,44714.9,44761.6,44701.8,44713.9,436.0
20260609.0,315.0,44713.9,44759.6,44591.1,44595.1,1080.0
20260609.0,330.0,44602.2,44640.7,44474.2,44581.9,2016.0
20260609.0,345.0,44589.0,44708.8,44564.6,44573.7,1126.0
20260609.0,400.0,44571.7,44716.9,44568.7,44650.9,1304.0
20260609.0,415.0,44656.0,44685.4,44566.7,44660.1,1116.0
20260609.0,430.0,44669.2,44669.2,44615.4,44654.0,390.0
20260609.0,445.0,44655.0,44682.4,44642.9,44682.4,228.0
20260609.0,500.0,44684.4,44713.9,44670.3,44689.5,556.0
20260609.0,900.0,44346.2,44517.8,44235.6,44466.1,12460.0
20260609.0,915.0,44466.1,44649.9,44411.3,44550.4,14774.0
20260609.0,930.0,44548.3,44779.9,44298.5,44659.1,14758.0
20260609.0,945.0,44660.1,44922.1,44564.6,44783.0,11640.0
20260609.0,1000.0,44785.0,44938.3,44768.8,44900.8,6580.0
20260609.0,1015.0,44897.7,45046.0,44870.4,45007.4,6746.0
20260609.0,1030.0,45008.5,45056.1,44886.6,44988.1,6434.0
20260609.0,1045.0,44984.1,45102.9,44945.5,45098.8,6752.0
20260609.0,1100.0,45102.9,45165.8,45017.6,45096.8,6346.0
20260609.0,1115.0,45093.8,45138.4,45034.9,45138.5,3768.0
20260609.0,1130.0,45138.5,45250.1,45133.4,45236.0,6156.0
20260609.0,1145.0,45236.0,45360.8,45209.6,45345.7,5640.0
20260609.0,1200.0,45341.6,45390.3,45257.3,45292.8,5540.0
20260609.0,1215.0,45291.8,45315.1,45222.8,45263.4,3456.0
20260609.0,1230.0,45265.4,45350.7,45206.6,45348.7,4504.0
20260609.0,1245.0,45350.7,45417.7,45292.9,45297.9,4664.0
20260609.0,1300.0,45302.0,45359.8,45301.0,45332.5,3260.0
20260609.0,1315.0,45336.5,45388.3,45305.1,45334.5,3924.0
20260609.0,1330.0,45335.5,45337.5,45237.0,45243.1,6000.0
20260609.0,1345.0,45243.1,45452.3,45217.7,45366.0,14744.0
20260609.0,1515.0,45401.5,45596.5,45387.4,45526.5,6514.0
20260609.0,1530.0,45527.5,45540.6,45303.1,45361.9,4344.0
20260609.0,1545.0,45367.0,45373.0,45227.9,45303.0,3060.0
20260609.0,1600.0,45301.0,45358.8,45207.6,45247.1,2120.0
20260609.0,1615.0,45250.2,45334.4,45101.9,45321.3,4830.0
20260609.0,1630.0,45314.2,45321.2,45239.1,45298.9,1128.0
20260609.0,1645.0,45304.0,45408.6,45259.4,45381.2,2574.0
20260609.0,1700.0,45381.2,45408.6,45340.6,45390.4,1998.0
20260609.0,1715.0,45386.3,45502.0,45386.3,45432.0,2246.0
20260609.0,1730.0,45435.0,45479.7,45434.1,45465.5,1010.0
20260609.0,1745.0,45469.6,45482.7,45360.9,45444.2,1178.0
20260609.0,1800.0,45438.1,45498.0,45436.1,45462.5,1088.0
20260609.0,1815.0,45462.5,45535.5,45239.1,45421.8,4294.0
20260609.0,1830.0,45424.9,45427.9,45333.5,45399.5,1294.0
20260609.0,1845.0,45398.5,45398.4,45242.1,45308.1,1426.0
20260609.0,1900.0,45306.0,45379.1,45253.3,45361.9,1286.0
20260609.0,1915.0,45353.8,45401.5,45350.8,45387.3,990.0
20260609.0,1930.0,45382.2,45430.9,45347.7,45420.8,1012.0
20260609.0,1945.0,45411.7,45438.0,45389.4,45412.7,580.0
20260609.0,2000.0,45413.7,45421.8,45345.7,45348.7,704.0
20260609.0,2015.0,45347.7,45381.2,45305.1,45317.2,888.0
20260609.0,2030.0,45311.1,45342.6,45279.7,45327.4,958.0
20260609.0,2045.0,45329.4,45405.5,45323.4,45344.6,1162.0
20260609.0,2100.0,45340.6,45407.6,45302.0,45401.5,1128.0
20260609.0,2115.0,45399.5,45479.7,45381.3,45419.8,2040.0
20260609.0,2130.0,45418.8,45450.2,45336.6,45416.8,1862.0
20260609.0,2145.0,45414.7,45586.3,45382.3,45487.9,9882.0
20260609.0,2200.0,45492.9,45780.3,45411.7,45424.9,10566.0
20260609.0,2215.0,45422.9,45440.1,45039.0,45117.1,13482.0
20260609.0,2230.0,45120.2,45229.8,44942.5,45083.6,11930.0
20260609.0,2245.0,45085.6,45096.8,44736.3,44785.0,7430.0
20260609.0,2300.0,44779.9,44856.0,44570.7,44834.8,12496.0
20260609.0,2315.0,44827.7,44873.3,44675.4,44838.8,7040.0
20260609.0,2330.0,44833.8,44858.1,44129.9,44147.1,11054.0
20260609.0,2345.0,44147.1,44436.6,44057.8,44290.4,13238.0
20260610.0,0.0,44301.5,44384.8,43794.7,43852.6,8724.0
20260610.0,15.0,43848.5,44128.8,43677.9,43706.3,9946.0
20260610.0,30.0,43696.2,43725.6,43310.3,43614.9,12250.0
20260610.0,45.0,43598.7,43668.7,42998.4,43341.7,10058.0
20260610.0,100.0,43335.6,43570.2,43170.1,43565.2,5428.0
20260610.0,115.0,43565.2,43966.3,43520.5,43882.0,8658.0
20260610.0,130.0,43873.9,44188.7,43811.0,43957.2,10612.0
20260610.0,145.0,43959.2,44179.6,43858.7,44048.6,4358.0
20260610.0,200.0,44049.6,44113.6,43831.3,44026.3,3450.0
20260610.0,215.0,44048.6,44120.7,43960.3,44076.0,2164.0
20260610.0,230.0,44077.1,44296.4,44030.4,44282.2,3214.0
20260610.0,245.0,44274.1,44477.2,44265.0,44287.3,3504.0
20260610.0,300.0,44287.3,44538.1,44287.4,44506.7,1770.0
20260610.0,315.0,44502.6,44557.4,44286.3,44304.6,2024.0
20260610.0,330.0,44306.6,44404.1,44125.9,44374.7,2908.0
20260610.0,345.0,44372.6,44414.2,44204.1,44254.8,1602.0
20260610.0,400.0,44275.1,44487.4,44213.2,44472.2,2010.0
20260610.0,415.0,44469.1,44501.6,44370.6,44429.5,962.0
20260610.0,430.0,44420.4,44494.5,44420.4,44479.3,368.0
20260610.0,445.0,44478.3,44543.2,44457.0,44510.8,396.0
20260610.0,500.0,44527.0,44566.6,44490.5,44566.6,520.0
20260610.0,900.0,44527.0,44787.0,44408.2,44784.0,12498.0
20260610.0,915.0,44786.0,45115.0,44667.2,45073.5,16320.0
20260610.0,930.0,45072.4,45179.0,44854.1,45002.4,13274.0
20260610.0,945.0,45002.4,45060.2,44749.5,44772.8,10432.0
20260610.0,1000.0,44772.8,44900.7,44602.2,44661.1,10966.0
20260610.0,1015.0,44663.1,44740.3,44307.7,44598.1,12290.0
20260610.0,1030.0,44602.2,44685.4,44493.5,44638.7,7832.0
20260610.0,1045.0,44644.8,44713.9,44541.3,44657.0,5358.0
20260610.0,1100.0,44658.0,44724.0,44416.4,44451.9,7812.0
20260610.0,1115.0,44448.8,44734.2,44442.8,44701.7,5768.0
20260610.0,1130.0,44707.8,44863.2,44626.6,44675.3,7858.0
20260610.0,1145.0,44677.3,44684.4,44464.1,44484.4,4974.0
20260610.0,1200.0,44479.3,44583.8,44457.0,44544.3,5318.0
20260610.0,1215.0,44547.3,44576.7,44185.8,44247.7,11180.0
20260610.0,1230.0,44249.7,44361.4,44221.3,44251.8,7300.0
20260610.0,1245.0,44249.7,44254.8,43985.7,44040.5,10582.0
20260610.0,1300.0,44041.5,44179.6,43995.9,44102.5,7762.0
20260610.0,1315.0,44096.4,44220.2,44034.5,44095.3,7198.0
20260610.0,1330.0,44089.2,44108.5,43802.9,44082.1,12202.0
20260610.0,1345.0,44079.1,44125.8,43927.8,44103.5,17004.0
20260610.0,1515.0,44272.1,44456.9,44093.4,44168.5,8288.0
20260610.0,1530.0,44167.5,44217.2,44040.5,44149.2,2976.0
20260610.0,1545.0,44152.2,44208.0,44067.0,44116.7,1258.0
20260610.0,1600.0,44115.7,44163.3,44062.9,44131.9,938.0
20260610.0,1615.0,44136.0,44142.0,43814.0,43857.7,5418.0
20260610.0,1630.0,43865.8,43939.9,43828.3,43889.2,2422.0
20260610.0,1645.0,43900.3,43956.1,43609.9,43633.2,3708.0
20260610.0,1700.0,43635.2,43690.0,43457.5,43521.5,4712.0
20260610.0,1715.0,43517.4,43524.5,43238.1,43243.2,4788.0
20260610.0,1730.0,43243.2,43454.4,43226.0,43451.4,3854.0
20260610.0,1745.0,43449.4,43538.7,43390.5,43420.9,3456.0
20260610.0,1800.0,43420.9,43492.0,43373.2,43488.0,1706.0
20260610.0,1815.0,43492.0,43500.1,43305.2,43306.1,1830.0
20260610.0,1830.0,43310.2,43375.2,43171.1,43354.9,3512.0
20260610.0,1845.0,43349.8,43529.6,43336.7,43528.6,2726.0
20260610.0,1900.0,43528.6,43648.4,43500.2,43643.4,4158.0
20260610.0,1915.0,43648.4,43697.1,43137.6,43394.5,6928.0
20260610.0,1930.0,43399.6,43497.0,43229.0,43282.8,3366.0
20260610.0,1945.0,43279.7,43311.2,43126.4,43183.2,2856.0
20260610.0,2000.0,43169.0,43335.6,43128.5,43255.4,1764.0
20260610.0,2015.0,43251.3,43398.5,43222.9,43283.8,1952.0
20260610.0,2030.0,43281.8,43449.3,43237.1,43420.9,1916.0
20260610.0,2045.0,43432.1,44208.0,43432.1,43989.7,16424.0
20260610.0,2100.0,43979.6,44077.0,43874.0,43884.1,3634.0
20260610.0,2115.0,43895.3,43974.4,43748.0,43921.7,3634.0
20260610.0,2130.0,43915.6,44004.9,43862.8,43907.4,2252.0
20260610.0,2145.0,43911.5,44300.5,43679.0,44294.4,14656.0
20260610.0,2200.0,44297.5,44454.8,44084.2,44157.3,11632.0
20260610.0,2215.0,44161.4,44431.5,44010.1,44326.9,6936.0
20260610.0,2230.0,44323.9,44552.4,44226.4,44492.5,7882.0
20260610.0,2245.0,44480.3,44663.1,44413.3,44430.5,6522.0
20260610.0,2300.0,44421.4,44443.7,43866.9,43986.7,10766.0
20260610.0,2315.0,43991.7,44151.2,43802.9,43817.0,8940.0
20260610.0,2330.0,43808.9,43904.3,43563.2,43740.9,9096.0
20260610.0,2345.0,43739.8,43902.3,43643.4,43878.0,5696.0
20260611.0,0.0,43874.9,43954.1,43448.4,43898.3,12972.0
20260611.0,15.0,43901.3,43977.5,43712.5,43761.2,5136.0
20260611.0,30.0,43772.4,43851.5,43709.4,43805.9,2522.0
20260611.0,45.0,43804.9,43986.6,43739.9,43816.0,3450.0
20260611.0,100.0,43815.0,43843.4,43698.3,43805.9,2628.0
20260611.0,115.0,43808.9,43915.5,43640.4,43660.6,2238.0
20260611.0,130.0,43646.4,43782.5,43637.3,43728.7,1328.0
20260611.0,145.0,43716.5,43736.8,43585.5,43588.5,1330.0
20260611.0,200.0,43583.4,43926.7,43580.4,43899.3,3366.0
20260611.0,215.0,43893.2,43982.6,43854.7,43909.5,1856.0
20260611.0,230.0,43897.3,43931.8,43782.6,43835.3,1356.0
20260611.0,245.0,43824.2,43830.2,43691.1,43722.6,1462.0
20260611.0,300.0,43724.6,43745.9,43610.9,43689.1,1042.0
20260611.0,315.0,43689.1,43756.1,43582.5,43610.9,1026.0
20260611.0,330.0,43615.9,43615.9,43309.2,43501.2,3224.0
20260611.0,345.0,43481.9,43723.5,43431.1,43636.2,1994.0
20260611.0,400.0,43628.1,43697.1,43448.4,43469.7,2034.0
20260611.0,415.0,43468.7,43476.7,43268.6,43325.4,1188.0
20260611.0,430.0,43336.6,43376.2,43256.4,43335.6,614.0
20260611.0,445.0,43314.3,43324.4,43222.9,43249.3,672.0
20260611.0,500.0,43242.2,43283.8,43183.3,43283.8,664.0
20260611.0,900.0,43312.2,43877.9,43263.5,43756.1,11952.0
20260611.0,915.0,43759.1,44125.8,43561.1,44123.8,17048.0
20260611.0,930.0,44119.7,44191.8,43893.3,44068.9,12866.0
20260611.0,945.0,44065.9,44086.2,43674.9,43795.7,11232.0
20260611.0,1000.0,43799.8,43809.9,43432.1,43432.1,12674.0
20260611.0,1015.0,43440.2,43637.2,43345.8,43365.1,12394.0
20260611.0,1030.0,43364.0,43435.1,42915.2,42916.1,18350.0
20260611.0,1045.0,42926.3,43212.7,42710.0,43119.3,15454.0
20260611.0,1100.0,43125.4,43411.7,43107.1,43363.0,10874.0
20260611.0,1115.0,43363.0,43497.0,43235.1,43249.3,8746.0
20260611.0,1130.0,43249.3,43387.4,43168.1,43383.3,6160.0
20260611.0,1145.0,43383.3,43708.3,43347.8,43658.6,12086.0
20260611.0,1200.0,43655.5,43877.9,43611.9,43861.7,7242.0
20260611.0,1215.0,43869.9,43913.5,43744.0,43829.2,5326.0
20260611.0,1230.0,43828.2,43899.3,43662.7,43849.5,7136.0
20260611.0,1245.0,43847.5,44043.5,43776.5,44014.1,6816.0
20260611.0,1300.0,44009.0,44067.9,43869.9,43933.8,5638.0
20260611.0,1315.0,43929.8,43946.0,43815.1,43911.5,6164.0
20260611.0,1330.0,43905.4,43930.8,43723.6,43850.6,7820.0
20260611.0,1345.0,43844.5,43933.8,43747.0,43919.6,14746.0
20260611.0,1515.0,44055.7,44123.7,43912.6,43974.5,5072.0
20260611.0,1530.0,43971.4,44152.2,43949.1,44131.9,2956.0
20260611.0,1545.0,44125.8,44165.4,44102.5,44136.0,1544.0
20260611.0,1600.0,44133.9,44135.9,44037.5,44063.9,1428.0
20260611.0,1615.0,44060.8,44301.5,44058.8,44296.5,3730.0
20260611.0,1630.0,44295.4,44297.4,44226.4,44248.7,1604.0
20260611.0,1645.0,44243.6,44312.7,44226.4,44273.1,1310.0
20260611.0,1700.0,44274.1,44288.3,44226.4,44269.0,792.0
20260611.0,1715.0,44269.0,44307.6,44209.2,44233.5,1294.0
20260611.0,1730.0,44236.5,44273.0,44166.5,44220.3,1436.0
20260611.0,1745.0,44220.3,44279.1,44143.1,44251.8,1440.0
20260611.0,1800.0,44254.8,44309.6,44211.2,44223.3,1306.0
20260611.0,1815.0,44220.3,44275.1,44184.8,44188.8,922.0
20260611.0,1830.0,44194.9,44223.3,44163.4,44175.6,764.0
20260611.0,1845.0,44179.6,44266.9,44179.7,44239.6,548.0
20260611.0,1900.0,44244.6,44281.2,44205.1,44213.2,756.0
20260611.0,1915.0,44212.1,44215.1,44069.0,44141.0,2574.0
20260611.0,1930.0,44137.0,44209.1,44087.3,44169.5,1290.0
20260611.0,1945.0,44165.4,44289.3,44162.4,44263.9,2358.0
20260611.0,2000.0,44260.9,44285.2,44236.6,44251.8,618.0
20260611.0,2015.0,44255.8,44343.1,44243.7,44300.5,1734.0
20260611.0,2030.0,44291.4,44297.4,43674.9,43960.3,9398.0
20260611.0,2045.0,43943.0,44012.0,43747.0,43944.0,5388.0
20260611.0,2100.0,43946.0,44124.7,43927.8,44086.2,3354.0
20260611.0,2115.0,44083.2,44098.3,43897.3,43933.8,3328.0
20260611.0,2130.0,43941.0,44013.0,43926.8,43990.7,1358.0
20260611.0,2145.0,43992.8,44195.8,43900.4,44109.6,6692.0
20260611.0,2200.0,44096.4,44515.8,44078.1,44402.1,11058.0
20260611.0,2215.0,44398.0,44588.9,44289.4,44303.6,7418.0
20260611.0,2230.0,44303.6,44399.0,44156.3,44331.0,7622.0
20260611.0,2245.0,44333.0,44436.6,44249.8,44251.8,3910.0
20260611.0,2300.0,44254.8,44304.5,43956.2,44004.9,6340.0
20260611.0,2315.0,44009.0,44222.3,43920.7,44182.7,6770.0
20260611.0,2330.0,44182.7,44314.7,44148.2,44186.8,4396.0
20260611.0,2345.0,44188.8,44380.7,44184.8,44278.2,3576.0
20260612.0,0.0,44281.2,44349.2,44234.5,44330.0,2402.0
20260612.0,15.0,44333.0,44451.8,44271.1,44426.5,3374.0
20260612.0,30.0,44439.7,44458.9,44307.7,44317.8,2380.0
20260612.0,45.0,44316.8,44421.3,44284.3,44323.9,2670.0
20260612.0,100.0,44322.9,44348.2,44177.7,44179.6,2116.0
20260612.0,115.0,44177.6,44268.0,44113.7,44164.4,2772.0
20260612.0,130.0,44171.5,44685.4,44072.0,44679.4,6174.0
20260612.0,145.0,44677.3,45046.0,44675.4,45035.9,10858.0
20260612.0,200.0,45034.9,45080.5,44828.7,44947.5,3722.0
20260612.0,215.0,44946.5,44981.0,44590.0,44831.7,5002.0
20260612.0,230.0,44825.6,44926.1,44748.5,44871.3,2894.0
20260612.0,245.0,44877.4,44956.6,44840.9,44944.5,1566.0
20260612.0,300.0,44941.4,45059.2,44932.3,44979.0,1882.0
20260612.0,315.0,44979.0,45160.8,44936.4,45137.4,3016.0
20260612.0,330.0,45141.5,45186.1,45089.8,45157.8,1452.0
20260612.0,345.0,45159.8,45295.8,45155.8,45242.1,2416.0
20260612.0,400.0,45237.0,45243.0,45039.0,45169.9,2788.0
20260612.0,415.0,45176.0,45220.7,45062.3,45213.6,1398.0
20260612.0,430.0,45218.7,45236.9,45183.2,45191.3,440.0
20260612.0,445.0,45188.2,45203.4,45068.4,45098.8,774.0
20260612.0,500.0,45096.8,45121.1,45070.5,45078.5,666.0
20260612.0,900.0,45634.1,45636.1,45395.5,45530.5,12290.0
20260612.0,915.0,45530.5,45559.9,45012.6,45154.7,15888.0
20260612.0,930.0,45154.7,45242.0,44766.8,44767.7,12852.0
20260612.0,945.0,44770.8,44969.8,44736.3,44871.3,13318.0
20260612.0,1000.0,44869.3,45075.4,44857.2,45035.9,8480.0
20260612.0,1015.0,45039.9,45136.4,44960.8,45010.5,9308.0
20260612.0,1030.0,45015.6,45104.9,44916.1,44947.5,6230.0
20260612.0,1045.0,44947.5,45169.9,44942.5,45055.2,6770.0
20260612.0,1100.0,45054.2,45136.4,45010.5,45114.1,4232.0
20260612.0,1115.0,45112.1,45157.7,45013.6,45065.3,5790.0
20260612.0,1130.0,45062.3,45111.0,44903.9,44923.1,8250.0
20260612.0,1145.0,44921.1,45102.9,44895.8,45018.6,5822.0
20260612.0,1200.0,45028.8,45035.8,44863.3,45012.5,5512.0
20260612.0,1215.0,45015.6,45090.7,44946.5,45085.6,4872.0
20260612.0,1230.0,45082.6,45106.9,44947.6,45086.7,5746.0
20260612.0,1245.0,45082.6,45117.1,45046.1,45069.4,4796.0
20260612.0,1300.0,45069.4,45116.1,45003.4,45039.9,5182.0
20260612.0,1315.0,45039.9,45100.8,44882.6,44939.4,7236.0
20260612.0,1330.0,44939.4,44990.1,44832.8,44974.9,9638.0
20260612.0,1345.0,44977.0,45049.0,44812.5,44881.5,17232.0
20260612.0,1515.0,44642.8,44656.0,44398.1,44444.7,6706.0
20260612.0,1530.0,44444.7,44591.0,44418.4,44559.5,2694.0
20260612.0,1545.0,44551.4,44731.1,44521.0,44728.1,2664.0
20260612.0,1600.0,44724.1,44893.6,44683.5,44873.4,3000.0
20260612.0,1615.0,44877.4,44980.0,44832.8,44907.9,3050.0
20260612.0,1630.0,44910.9,45135.4,44884.6,45060.3,3802.0
20260612.0,1645.0,45064.3,45098.8,44954.7,44965.8,2098.0
20260612.0,1700.0,44965.8,45045.0,44937.4,45009.5,1792.0
20260612.0,1715.0,45010.5,45090.7,45008.5,45090.7,1208.0
20260612.0,1730.0,45083.6,45184.1,45080.6,45181.1,2510.0
20260612.0,1745.0,45182.1,45243.0,45159.8,45169.9,2258.0
20260612.0,1800.0,45168.9,45210.5,45131.4,45167.9,1294.0
20260612.0,1815.0,45159.8,45218.7,45114.1,45157.8,1516.0
20260612.0,1830.0,45159.8,45176.0,45024.8,45056.2,2174.0
20260612.0,1845.0,45060.3,45128.3,45046.1,45116.1,982.0
20260612.0,1900.0,45117.1,45137.4,45082.6,45092.8,738.0
20260612.0,1915.0,45100.9,45190.2,45099.9,45181.1,1024.0
20260612.0,1930.0,45180.1,45253.2,45172.0,45229.9,1614.0
20260612.0,1945.0,45221.7,45239.0,45152.7,45210.6,1176.0
20260612.0,2000.0,45216.7,45237.9,45169.0,45184.2,820.0
20260612.0,2015.0,45189.2,45193.3,45094.8,45116.1,1214.0
20260612.0,2030.0,45125.3,45136.4,45050.1,45066.3,1552.0
20260612.0,2045.0,45062.3,45122.2,44997.3,45034.9,1828.0
20260612.0,2100.0,45044.0,45070.4,44901.9,44975.9,2514.0
20260612.0,2115.0,44974.9,45072.4,44922.2,45063.3,2212.0
20260612.0,2130.0,45063.3,45116.1,45017.6,45082.6,1484.0
20260612.0,2145.0,45092.8,45141.5,44841.9,44841.9,9730.0
20260612.0,2200.0,44841.9,45054.1,44756.6,44983.1,5338.0
20260612.0,2215.0,44992.2,45243.0,44985.1,45162.8,6362.0
20260612.0,2230.0,45163.9,45246.1,45103.0,45146.6,3480.0
20260612.0,2245.0,45157.8,45227.8,44904.9,44932.3,5064.0
20260612.0,2300.0,44928.2,45245.1,44860.2,45245.1,8768.0
20260612.0,2315.0,45242.1,45292.8,45169.0,45279.6,4476.0
20260612.0,2330.0,45279.6,45361.9,45240.1,45341.6,3640.0
20260612.0,2345.0,45344.6,45364.9,45152.7,45158.8,4436.0
20260613.0,0.0,45167.9,45249.1,44997.3,45018.6,4706.0
20260613.0,15.0,45025.7,45270.5,45009.5,45224.8,5420.0
20260613.0,30.0,45219.7,45289.7,45171.0,45220.7,2148.0
20260613.0,45.0,45224.8,45308.0,45207.6,45276.6,1760.0
20260613.0,100.0,45282.7,45355.8,45272.6,45352.8,1888.0
20260613.0,115.0,45352.8,45465.5,45335.6,45442.2,3746.0
20260613.0,130.0,45443.2,45495.9,45417.8,45452.3,1410.0
20260613.0,145.0,45452.3,45476.6,45411.7,45463.5,1136.0
20260613.0,200.0,45456.4,45511.2,45385.3,45435.0,1694.0
20260613.0,215.0,45435.0,45480.7,45381.3,45421.8,1060.0
20260613.0,230.0,45420.8,45460.4,45375.2,45460.4,576.0
20260613.0,245.0,45457.4,45487.8,45450.3,45460.4,398.0
20260613.0,300.0,45460.4,45472.6,45388.4,45388.3,514.0
20260613.0,315.0,45402.5,45466.5,45398.5,45411.7,658.0
20260613.0,330.0,45404.6,45451.2,45395.5,45401.5,408.0
20260613.0,345.0,45406.6,45421.8,45326.4,45400.5,1110.0
20260613.0,400.0,45387.3,45397.4,45346.7,45388.3,484.0
20260613.0,415.0,45390.4,45425.9,45350.8,45403.6,316.0
20260613.0,430.0,45403.6,45424.8,45386.3,45400.5,212.0
20260613.0,445.0,45389.3,45406.6,45386.3,45404.6,284.0
20260613.0,500.0,45412.7,45414.7,45389.4,45405.6,304.0
20260615.0,900.0,46468.0,46625.4,46374.6,46528.9,14310.0
20260615.0,915.0,46533.0,46592.9,46130.8,46294.3,19148.0
20260615.0,930.0,46297.4,46332.9,46051.6,46208.0,10572.0
20260615.0,945.0,46208.0,46450.7,46151.2,46384.7,16228.0
20260615.0,1000.0,46388.8,46461.9,46290.3,46373.5,11776.0
20260615.0,1015.0,46373.5,46384.7,46221.2,46231.3,9620.0
20260615.0,1030.0,46231.3,46323.7,46201.9,46322.8,9962.0
20260615.0,1045.0,46319.7,46374.5,46214.1,46235.4,9728.0
20260615.0,1100.0,46235.4,46422.2,46225.3,46411.1,14808.0
20260615.0,1115.0,46409.1,46429.4,46325.9,46368.5,13048.0
20260615.0,1130.0,46364.4,46404.0,46336.0,46365.4,12318.0
20260615.0,1145.0,46365.4,46444.6,46285.2,46305.5,11976.0
20260615.0,1200.0,46302.4,46334.9,46248.7,46308.5,9940.0
20260615.0,1215.0,46308.5,46319.7,46219.2,46296.4,9018.0
20260615.0,1230.0,46296.4,46357.2,46290.3,46334.9,9104.0
20260615.0,1245.0,46333.9,46336.9,46232.4,46273.0,10262.0
20260615.0,1300.0,46273.0,46316.6,46240.5,46306.5,10416.0
20260615.0,1315.0,46303.5,46371.5,46269.0,46322.8,12386.0
20260615.0,1330.0,46322.8,46335.9,46237.5,46314.6,14066.0
20260615.0,1345.0,46314.6,46368.4,46279.1,46295.3,13736.0
20260615.0,1515.0,46261.8,46432.4,46260.9,46387.8,2716.0
20260615.0,1530.0,46384.7,46500.5,46384.8,46435.5,1706.0
20260615.0,1545.0,46434.5,46479.1,46419.3,46476.1,852.0
20260615.0,1600.0,46475.1,46509.6,46437.6,46479.2,1350.0
20260615.0,1615.0,46478.2,46574.6,46468.1,46570.6,1890.0
20260615.0,1630.0,46570.6,46603.0,46542.2,46600.0,1348.0
20260615.0,1645.0,46589.9,46598.0,46550.3,46550.3,960.0
20260615.0,1700.0,46554.3,46573.6,46493.4,46533.0,1348.0
20260615.0,1715.0,46530.0,46575.6,46498.5,46507.6,1166.0
20260615.0,1730.0,46503.6,46520.8,46476.2,46499.5,1184.0
20260615.0,1745.0,46496.4,46507.6,46473.1,46486.3,670.0
20260615.0,1800.0,46481.2,46544.1,46474.1,46535.0,970.0
20260615.0,1815.0,46528.9,46559.4,46515.8,46557.4,446.0
20260615.0,1830.0,46559.4,46575.6,46537.1,46556.4,580.0
20260615.0,1845.0,46558.4,46561.4,46523.9,46546.2,520.0
20260615.0,1900.0,46549.3,46583.7,46544.2,46577.7,566.0
20260615.0,1915.0,46569.6,46716.8,46567.6,46715.8,2852.0
20260615.0,1930.0,46717.9,46798.1,46717.9,46789.0,2492.0
20260615.0,1945.0,46790.0,46793.0,46707.8,46716.8,1610.0
20260615.0,2000.0,46721.9,46814.3,46712.8,46782.9,1084.0
20260615.0,2015.0,46781.9,46797.0,46744.3,46772.7,784.0
20260615.0,2030.0,46770.7,46778.8,46724.0,46770.7,764.0
20260615.0,2045.0,46770.7,46832.6,46769.7,46810.3,1576.0
20260615.0,2100.0,46809.3,46816.3,46763.6,46806.2,924.0
20260615.0,2115.0,46800.1,46807.2,46763.6,46798.1,742.0
20260615.0,2130.0,46799.1,46844.8,46767.7,46806.2,1402.0
20260615.0,2145.0,46806.2,46872.2,46634.6,46705.7,6114.0
20260615.0,2200.0,46710.8,46829.5,46615.3,46623.4,3628.0
20260615.0,2215.0,46626.5,46743.2,46612.3,46725.0,3478.0
20260615.0,2230.0,46725.0,46803.1,46682.4,46791.0,2112.0
20260615.0,2245.0,46794.0,46800.1,46698.6,46702.6,1708.0
20260615.0,2300.0,46703.6,46795.0,46688.5,46721.9,1750.0
20260615.0,2315.0,46731.1,46775.7,46716.9,46746.3,1172.0
20260615.0,2330.0,46739.2,46803.1,46722.0,46789.0,1212.0
20260615.0,2345.0,46785.9,46857.0,46750.4,46843.8,2708.0
20260616.0,0.0,46846.9,46952.4,46846.9,46939.3,2498.0
20260616.0,15.0,46940.3,46988.0,46940.4,46974.8,1656.0
20260616.0,30.0,46971.8,46981.9,46912.9,46977.9,1186.0
20260616.0,45.0,46977.9,46989.0,46916.0,46962.6,872.0
20260616.0,100.0,46959.6,46963.6,46926.1,46952.5,760.0
20260616.0,115.0,46950.5,46962.6,46882.5,46907.8,1400.0
20260616.0,130.0,46902.7,46953.5,46892.6,46941.3,510.0
20260616.0,145.0,46940.3,46940.3,46900.7,46916.9,450.0
20260616.0,200.0,46914.9,46941.3,46898.7,46902.7,362.0
20260616.0,215.0,46907.8,46925.0,46859.1,46920.0,628.0
20260616.0,230.0,46920.0,46942.3,46889.6,46889.5,350.0
20260616.0,245.0,46891.5,46958.5,46871.3,46937.3,418.0
20260616.0,300.0,46941.3,46968.7,46930.2,46930.1,388.0
20260616.0,315.0,46931.2,46948.4,46878.4,46909.8,550.0
20260616.0,330.0,46909.8,46943.3,46897.7,46904.8,300.0
20260616.0,345.0,46901.7,46929.1,46868.2,46913.9,814.0
20260616.0,400.0,46913.9,46929.1,46896.7,46928.1,764.0
20260616.0,415.0,46928.1,46929.1,46893.6,46918.0,414.0
20260616.0,430.0,46919.0,46945.3,46919.0,46940.3,360.0
20260616.0,445.0,46944.4,46952.4,46933.2,46934.2,364.0
20260616.0,500.0,46938.3,46975.8,46928.2,46971.8,462.0
20260616.0,900.0,46847.9,46923.0,46637.7,46720.9,11662.0
20260616.0,915.0,46720.9,46722.9,46238.5,46361.4,16894.0
20260616.0,930.0,46371.5,46430.4,46176.5,46359.3,11648.0
20260616.0,945.0,46359.3,46493.3,46287.3,46472.1,13366.0
20260616.0,1000.0,46472.1,46513.7,46406.1,46438.5,9452.0
20260616.0,1015.0,46437.5,46525.8,46270.0,46340.0,10582.0
20260616.0,1030.0,46340.0,46460.8,46306.6,46355.3,8162.0
20260616.0,1045.0,46355.3,46498.4,46351.2,46491.4,9994.0
20260616.0,1100.0,46491.4,46496.4,46336.0,46382.7,8756.0
20260616.0,1115.0,46382.7,46446.6,46352.3,46352.2,6822.0
20260616.0,1130.0,46352.2,46514.7,46350.2,46497.5,7336.0
20260616.0,1145.0,46492.4,46615.2,46488.4,46588.9,10584.0
20260616.0,1200.0,46588.9,46668.0,46559.5,46635.6,7432.0
20260616.0,1215.0,46633.6,46654.8,46554.4,46597.0,7422.0
20260616.0,1230.0,46597.0,46625.4,46547.3,46587.9,7434.0
20260616.0,1245.0,46587.9,46589.8,46506.7,46543.2,10394.0
20260616.0,1300.0,46542.1,46553.3,46452.8,46489.3,10288.0
20260616.0,1315.0,46489.3,46578.7,46479.2,46558.4,11816.0
20260616.0,1330.0,46555.4,46599.0,46520.9,46599.0,17004.0
20260616.0,1345.0,46596.0,46608.1,46456.9,46490.3,11410.0
20260616.0,1515.0,46554.3,46573.6,46502.6,46510.7,2162.0
20260616.0,1530.0,46511.7,46549.2,46466.0,46504.6,966.0
20260616.0,1545.0,46504.6,46508.6,46405.1,46417.2,1424.0
20260616.0,1600.0,46421.3,46477.1,46387.8,46473.1,882.0
20260616.0,1615.0,46465.0,46555.3,46432.5,46538.1,1288.0
20260616.0,1630.0,46537.1,46619.3,46527.0,46612.2,1388.0
20260616.0,1645.0,46611.2,46653.8,46553.4,46586.8,1310.0
20260616.0,1700.0,46582.8,46618.3,46555.4,46596.0,742.0
20260616.0,1715.0,46597.0,46619.3,46569.6,46571.6,614.0
20260616.0,1730.0,46573.6,46573.6,46522.9,46532.0,640.0
20260616.0,1745.0,46538.1,46583.7,46537.1,46569.6,488.0
20260616.0,1800.0,46569.6,46590.9,46542.2,46561.4,326.0
20260616.0,1815.0,46564.5,46589.8,46553.4,46571.6,252.0
20260616.0,1830.0,46572.6,46579.7,46534.1,46559.4,534.0
20260616.0,1845.0,46562.5,46614.2,46562.5,46605.1,686.0
20260616.0,1900.0,46601.1,46602.0,46575.7,46600.0,480.0
20260616.0,1915.0,46597.0,46600.0,46566.6,46572.6,442.0
20260616.0,1930.0,46571.6,46596.9,46525.9,46557.4,780.0
20260616.0,1945.0,46553.3,46562.4,46489.4,46526.9,884.0
20260616.0,2000.0,46524.9,46534.0,46493.4,46517.8,476.0
20260616.0,2015.0,46516.8,46564.4,46501.6,46512.7,680.0
20260616.0,2030.0,46507.6,46509.6,46412.2,46451.8,1616.0
20260616.0,2045.0,46450.7,46493.3,46429.5,46459.9,988.0
20260616.0,2100.0,46461.9,46529.9,46449.8,46498.5,1196.0
20260616.0,2115.0,46498.5,46506.6,46447.7,46466.0,908.0
20260616.0,2130.0,46470.0,46491.3,46439.6,46443.6,744.0
20260616.0,2145.0,46440.6,46574.6,46427.4,46495.4,3492.0
20260616.0,2200.0,46503.6,46581.7,46457.9,46476.1,1994.0
20260616.0,2215.0,46478.2,46541.1,46456.9,46473.1,1864.0
20260616.0,2230.0,46473.1,46490.3,45963.3,46045.5,10438.0
20260616.0,2245.0,46039.4,46169.3,45933.8,46131.8,7858.0
20260616.0,2300.0,46133.8,46176.4,45993.7,46034.3,3904.0
20260616.0,2315.0,46035.3,46197.8,46031.3,46148.1,3764.0
20260616.0,2330.0,46149.1,46196.8,46041.5,46100.3,2916.0
20260616.0,2345.0,46097.3,46134.8,45987.6,46034.3,2968.0
20260617.0,0.0,46034.3,46100.3,45895.2,46036.3,4862.0
20260617.0,15.0,46040.4,46158.2,46036.4,46113.5,2444.0
20260617.0,30.0,46118.6,46148.0,46080.1,46105.4,1324.0
20260617.0,45.0,46112.5,46112.5,46031.3,46088.1,1260.0
20260617.0,100.0,46087.1,46129.7,46060.8,46114.5,714.0
20260617.0,115.0,46105.4,46129.7,46066.9,46105.4,518.0
20260617.0,130.0,46098.3,46110.4,46018.1,46090.2,688.0
20260617.0,145.0,46078.0,46109.4,46028.3,46086.1,548.0
20260617.0,200.0,46083.1,46138.9,46065.8,46093.2,574.0
20260617.0,215.0,46092.2,46113.5,46079.0,46089.2,246.0
20260617.0,230.0,46087.1,46107.4,46062.8,46098.3,350.0
20260617.0,245.0,46090.2,46090.1,46043.5,46068.8,340.0
20260617.0,300.0,46071.9,46071.8,45927.7,45957.1,1174.0
20260617.0,315.0,45957.1,45968.2,45805.8,45828.1,2370.0
20260617.0,330.0,45823.0,45967.2,45771.3,45964.2,1432.0
20260617.0,345.0,45956.1,46000.7,45835.3,45846.4,1406.0
20260617.0,400.0,45841.3,45841.3,45710.3,45714.4,1444.0
20260617.0,415.0,45716.4,45802.7,45648.4,45678.8,1644.0
20260617.0,430.0,45688.0,45726.5,45631.1,45699.1,502.0
20260617.0,445.0,45699.1,45729.5,45694.1,45710.3,316.0
20260617.0,500.0,45719.4,45736.7,45687.0,45726.5,506.0
20260617.0,900.0,46056.6,46122.6,45885.0,46022.1,6436.0
20260617.0,915.0,46022.1,46165.3,45871.8,46091.2,8238.0
20260617.0,930.0,46099.3,46187.6,46006.9,46173.5,5650.0
20260617.0,945.0,46173.5,46220.1,46079.0,46098.3,5206.0
20260617.0,1000.0,46099.3,46192.7,46089.2,46165.3,4374.0
20260617.0,1015.0,46171.4,46186.6,46112.6,46186.7,3228.0
20260617.0,1030.0,46186.7,46217.1,46136.9,46166.3,3022.0
20260617.0,1045.0,46166.3,46192.7,46115.6,46137.9,2412.0
20260617.0,1100.0,46148.1,46165.3,46112.6,46143.0,1956.0
20260617.0,1115.0,46143.0,46153.1,45973.4,45990.6,3112.0
20260617.0,1130.0,45988.6,45999.7,45821.1,45936.8,4230.0
20260617.0,1145.0,45937.8,46161.2,45919.6,46153.1,3320.0
20260617.0,1200.0,46153.1,46222.0,46124.8,46187.6,2396.0
20260617.0,1215.0,46190.6,46257.4,46150.2,46254.4,1926.0
20260617.0,1230.0,46256.5,46507.6,46255.5,46446.9,4590.0
20260617.0,1245.0,46450.9,46471.1,46276.8,46283.8,4078.0
20260617.0,1300.0,46278.7,46390.1,46272.7,46377.0,2838.0
20260617.0,1315.0,46378.0,46563.3,46340.6,46495.5,6130.0
20260617.0,1330.0,46497.5,46633.2,46482.4,46599.8,5516.0
20260617.0,1345.0,46604.9,46658.5,46580.6,46624.1,6520.0
20260617.0,1515.0,46692.0,46939.1,46679.9,46883.4,6550.0
20260617.0,1530.0,46883.4,46903.6,46849.0,46852.0,1770.0
20260617.0,1545.0,46848.0,46983.7,46846.0,46915.8,2510.0
20260617.0,1600.0,46922.9,46942.1,46908.8,46930.0,746.0
20260617.0,1615.0,46927.0,46950.2,46815.6,46839.9,2180.0
20260617.0,1630.0,46839.9,46862.1,46785.2,46806.4,1856.0
20260617.0,1645.0,46805.4,46822.6,46710.3,46725.4,1558.0
20260617.0,1700.0,46725.4,46828.7,46702.2,46803.4,1254.0
20260617.0,1715.0,46809.5,46845.9,46768.0,46783.2,966.0
20260617.0,1730.0,46780.1,46807.4,46731.5,46792.3,980.0
20260617.0,1745.0,46795.3,46835.8,46739.6,46763.9,918.0
20260617.0,1800.0,46763.9,46785.1,46721.4,46766.9,736.0
20260617.0,1815.0,46769.0,46773.0,46681.9,46744.7,1034.0
20260617.0,1830.0,46744.7,46768.9,46699.1,46746.7,574.0
20260617.0,1845.0,46744.7,46764.9,46709.3,46763.9,442.0
20260617.0,1900.0,46763.9,46811.5,46730.5,46730.5,1230.0
20260617.0,1915.0,46736.6,46742.6,46698.1,46709.2,744.0
20260617.0,1930.0,46709.2,46751.7,46709.3,46730.5,486.0
20260617.0,1945.0,46725.4,46751.7,46631.3,46652.5,966.0
20260617.0,2000.0,46650.5,46683.8,46587.7,46665.7,1968.0
20260617.0,2015.0,46660.6,46714.2,46635.3,46706.2,1044.0
20260617.0,2030.0,46709.2,46773.0,46700.1,46742.6,902.0
20260617.0,2045.0,46744.7,46818.6,46739.6,46804.4,1668.0
20260617.0,2100.0,46804.4,46813.5,46752.8,46765.9,730.0
20260617.0,2115.0,46765.9,46798.3,46750.8,46771.0,556.0
20260617.0,2130.0,46784.2,46843.9,46783.2,46843.9,1108.0
20260617.0,2145.0,46829.7,46960.4,46794.3,46940.2,4428.0
20260617.0,2200.0,46944.2,46965.4,46725.5,46725.4,4330.0
20260617.0,2215.0,46732.5,46891.5,46717.4,46866.2,3654.0
20260617.0,2230.0,46866.2,47070.8,46861.2,47021.2,5402.0
20260617.0,2245.0,47025.2,47051.5,46918.9,46989.8,3430.0
20260617.0,2300.0,46993.8,47016.1,46791.3,46872.3,4638.0
20260617.0,2315.0,46877.4,46946.2,46870.3,46942.2,1848.0
20260617.0,2330.0,46939.1,47031.3,46933.1,47028.3,2224.0
20260617.0,2345.0,47025.2,47053.5,46978.7,46998.9,1746.0
20260618.0,0.0,47004.0,47053.5,46994.9,47045.5,1088.0
20260618.0,15.0,47048.5,47154.8,47048.6,47113.4,3476.0
20260618.0,30.0,47113.4,47193.3,47103.3,47179.2,1430.0
20260618.0,45.0,47179.2,47200.4,47096.2,47133.6,1928.0
20260618.0,100.0,47129.6,47129.5,47052.6,47109.3,1516.0
20260618.0,115.0,47111.3,47149.8,47062.8,47140.7,1668.0
20260618.0,130.0,47135.6,47175.1,47117.5,47159.9,596.0
20260618.0,145.0,47150.8,47152.8,47099.2,47109.3,624.0
20260618.0,200.0,47107.3,47240.9,47093.1,47210.6,1460.0
20260618.0,215.0,47217.7,47220.7,46301.1,46777.1,11740.0
20260618.0,230.0,46777.1,46916.8,46659.6,46762.9,3060.0
20260618.0,245.0,46763.9,47206.5,46722.4,47202.5,4900.0
20260618.0,300.0,47203.5,47225.7,46930.1,46997.9,2932.0
20260618.0,315.0,47014.1,47126.5,46820.7,47013.1,2698.0
20260618.0,330.0,47028.3,47028.2,46615.1,46694.0,2888.0
20260618.0,345.0,46682.9,46763.9,46456.0,46485.4,2726.0
20260618.0,400.0,46498.5,46597.7,46375.0,46451.9,2394.0
20260618.0,415.0,46460.0,46622.1,46350.7,46528.9,2004.0
20260618.0,430.0,46533.0,46607.9,46467.2,46556.3,480.0
20260618.0,445.0,46557.3,46673.7,46557.3,46637.3,556.0
20260618.0,500.0,46634.3,46647.4,46568.5,46629.2,436.0
20260618.0,900.0,47068.8,47112.3,46912.9,46945.2,9776.0
20260618.0,915.0,46943.2,47165.0,46916.9,47063.7,14884.0
20260618.0,930.0,47063.7,47160.9,46955.4,47045.5,7990.0
20260618.0,945.0,47055.6,47150.8,47026.3,47069.8,5240.0
20260618.0,1000.0,47067.8,47094.1,46897.7,46982.7,8028.0
20260618.0,1015.0,46975.6,47208.5,46942.2,47203.5,7320.0
20260618.0,1030.0,47205.5,47306.8,47079.0,47094.1,7600.0
20260618.0,1045.0,47093.1,47175.1,47064.8,47141.7,3066.0
20260618.0,1100.0,47134.6,47143.7,46971.6,47027.3,4854.0
20260618.0,1115.0,47029.3,47053.5,46940.2,46961.4,3650.0
20260618.0,1130.0,46963.4,47047.5,46949.3,46969.5,2690.0
20260618.0,1145.0,46973.6,47023.2,46864.2,46984.7,3818.0
20260618.0,1200.0,46988.8,47082.9,46980.7,47022.2,3108.0
20260618.0,1215.0,47024.2,47044.4,46892.6,46895.6,3770.0
20260618.0,1230.0,46898.6,46927.9,46868.3,46900.6,2282.0
20260618.0,1245.0,46898.6,46971.5,46856.1,46949.3,3022.0
20260618.0,1300.0,46948.3,47049.5,46926.0,47019.2,2816.0
20260618.0,1315.0,47019.2,47176.1,46986.8,47130.6,4802.0
20260618.0,1330.0,47130.6,47256.1,47130.6,47241.0,8314.0
20260618.0,1345.0,47234.9,47380.7,47192.4,47371.6,13338.0
20260618.0,1515.0,47353.4,47475.9,47331.2,47406.1,3298.0
20260618.0,1530.0,47412.2,47456.7,47372.7,47440.5,1486.0
20260618.0,1545.0,47442.5,47446.5,47390.9,47423.3,926.0
20260618.0,1600.0,47423.3,47489.1,47393.0,47489.1,890.0
20260618.0,1615.0,47489.1,47595.4,47475.0,47523.6,2698.0
20260618.0,1630.0,47529.7,47536.7,47459.8,47471.9,1142.0
20260618.0,1645.0,47478.0,47532.6,47463.9,47509.4,1094.0
20260618.0,1700.0,47504.3,47514.4,47384.9,47416.2,1486.0
20260618.0,1715.0,47414.2,47481.0,47372.7,47420.3,1576.0
20260618.0,1730.0,47441.5,47464.8,47423.3,47435.5,434.0
20260618.0,1745.0,47434.4,47497.2,47414.2,47482.0,692.0
20260618.0,1800.0,47483.1,47547.8,47474.0,47525.6,950.0
20260618.0,1815.0,47527.6,47532.6,47487.2,47518.5,566.0
20260618.0,1830.0,47517.5,47527.6,47492.2,47510.4,456.0
20260618.0,1845.0,47510.4,47524.5,47414.2,47418.2,1078.0
20260618.0,1900.0,47416.2,47444.5,47397.0,47435.5,1068.0
20260618.0,1915.0,47437.5,47465.8,47379.8,47416.2,1242.0
20260618.0,1930.0,47414.2,47436.4,47379.8,47422.3,670.0
20260618.0,1945.0,47426.3,47442.5,47335.2,47393.9,1656.0
20260618.0,2000.0,47397.0,47436.4,47355.5,47434.4,824.0
20260618.0,2015.0,47435.5,47470.9,47409.2,47469.9,958.0
20260618.0,2030.0,47470.9,47497.2,47443.6,47486.1,990.0
20260618.0,2045.0,47486.1,47531.6,47480.1,47503.3,1060.0
20260618.0,2100.0,47505.3,47582.3,47481.1,47549.9,1538.0
20260618.0,2115.0,47549.9,47553.9,47502.4,47535.7,1266.0
20260618.0,2130.0,47539.8,47624.8,47528.7,47588.4,2150.0
20260618.0,2145.0,47585.4,47757.5,47567.2,47671.5,7038.0
20260618.0,2200.0,47673.5,47754.5,47664.4,47722.1,3572.0
20260618.0,2215.0,47726.1,47795.0,47696.8,47753.5,3688.0
20260618.0,2230.0,47751.5,47883.1,47723.2,47828.5,3742.0
20260618.0,2245.0,47820.3,47893.2,47791.0,47858.8,2584.0
20260618.0,2300.0,47861.9,47905.4,47846.7,47868.0,1886.0
20260618.0,2315.0,47872.0,47883.1,47832.6,47842.6,1838.0
20260618.0,2330.0,47838.6,47866.9,47796.1,47804.1,1542.0
20260618.0,2345.0,47808.2,47845.6,47739.4,47820.3,2630.0
20260619.0,0.0,47818.3,47887.1,47793.1,47883.1,1584.0
20260619.0,15.0,47882.1,47960.1,47882.2,47942.9,2860.0
20260619.0,30.0,47942.9,47984.4,47919.7,47960.1,1324.0
20260619.0,45.0,47961.1,47998.6,47949.0,47985.4,1020.0
20260619.0,100.0,47987.5,48000.6,47932.8,47974.3,1142.0
20260619.0,115.0,47974.3,48067.4,47945.0,48060.4,1422.0
20260619.0,130.0,48060.4,48096.8,48044.2,48091.8,762.0
20260619.0,145.0,48091.8,48158.6,48088.8,48153.6,1398.0
20260619.0,200.0,48155.6,48161.6,48126.3,48134.3,680.0
20260619.0,215.0,48139.4,48171.8,48112.1,48152.6,642.0
20260619.0,230.0,48150.5,48181.9,48132.4,48137.4,702.0
20260619.0,245.0,48135.4,48140.4,48100.0,48124.2,644.0
20260619.0,300.0,48125.2,48159.6,48118.2,48141.4,428.0
20260619.0,315.0,48137.4,48145.4,48058.4,48081.7,1098.0
20260619.0,330.0,48085.7,48150.5,48069.6,48101.9,786.0
20260619.0,345.0,48099.9,48198.1,48088.8,48192.1,842.0
20260619.0,400.0,48191.1,48233.6,48152.6,48156.6,1380.0
20260619.0,415.0,48162.7,48183.9,48115.1,48180.9,662.0
20260619.0,430.0,48177.9,48209.2,48173.9,48195.1,264.0
20260619.0,445.0,48194.1,48214.3,48176.9,48176.9,408.0
20260619.0,500.0,48177.9,48187.0,48132.4,48177.9,738.0
20260622.0,900.0,48071.5,48335.9,47981.4,48304.5,11730.0
20260622.0,915.0,48306.5,48508.0,48167.8,48406.8,14198.0
20260622.0,930.0,48411.9,48665.0,48365.3,48586.1,10232.0
20260622.0,945.0,48593.2,48821.0,48573.0,48701.6,7248.0
20260622.0,1000.0,48700.5,48742.0,48484.9,48698.5,7812.0
20260622.0,1015.0,48703.6,48842.3,48669.2,48747.1,6006.0
20260622.0,1030.0,48747.1,48950.7,48740.1,48820.1,5508.0
20260622.0,1045.0,48811.0,48899.0,48735.0,48813.0,3744.0
20260622.0,1100.0,48818.0,48874.7,48760.4,48776.5,3278.0
20260622.0,1115.0,48773.5,48815.0,48679.3,48739.0,2884.0
20260622.0,1130.0,48744.1,48851.4,48744.1,48777.5,2164.0
20260622.0,1145.0,48783.6,48854.5,48781.6,48808.9,1758.0
20260622.0,1200.0,48811.0,48871.7,48735.0,48767.4,2546.0
20260622.0,1215.0,48770.4,48809.9,48750.2,48762.3,1496.0
20260622.0,1230.0,48758.3,48851.4,48738.1,48784.6,2440.0
20260622.0,1245.0,48787.7,48809.9,48645.9,48684.3,3978.0
20260622.0,1300.0,48692.4,48884.8,48682.4,48867.7,3952.0
20260622.0,1315.0,48867.7,48973.0,48820.1,48925.4,4454.0
20260622.0,1330.0,48924.4,49025.6,48922.4,49025.7,5310.0
20260622.0,1345.0,49026.7,49100.6,48888.0,49036.8,16078.0
20260622.0,1515.0,49156.3,49303.2,49112.8,49291.1,4906.0
20260622.0,1530.0,49292.1,49408.5,49282.0,49363.0,3084.0
20260622.0,1545.0,49363.0,49400.4,49321.5,49339.7,2014.0
20260622.0,1600.0,49336.6,49368.0,49298.2,49308.3,972.0
20260622.0,1615.0,49306.3,49340.6,49195.9,49263.7,2342.0
20260622.0,1630.0,49271.8,49307.2,49239.5,49276.9,734.0
20260622.0,1645.0,49273.8,49307.2,49266.8,49297.1,506.0
20260622.0,1700.0,49299.2,49339.6,49272.9,49331.6,594.0
20260622.0,1715.0,49333.6,49504.7,49312.4,49462.2,2688.0
20260622.0,1730.0,49466.3,49514.9,49440.0,49495.7,1060.0
20260622.0,1745.0,49490.6,49509.8,49447.1,49484.5,996.0
20260622.0,1800.0,49478.4,49530.0,49465.3,49483.5,1116.0
20260622.0,1815.0,49484.5,49627.3,49479.5,49603.0,1852.0
20260622.0,1830.0,49603.0,49628.3,49597.0,49615.2,1158.0
20260622.0,1845.0,49615.2,49615.1,49560.5,49574.7,980.0
20260622.0,1900.0,49575.7,49597.9,49555.5,49555.4,500.0
20260622.0,1915.0,49557.4,49784.3,49535.2,49576.7,3890.0
20260622.0,1930.0,49583.8,49626.3,49538.3,49602.0,1162.0
20260622.0,1945.0,49596.9,49674.9,49596.0,49635.4,936.0
20260622.0,2000.0,49634.4,49654.6,49581.8,49645.6,888.0
20260622.0,2015.0,49650.6,49702.2,49629.4,49697.2,804.0
20260622.0,2030.0,49694.2,49762.0,49676.0,49753.9,890.0
20260622.0,2045.0,49755.0,49793.4,49729.7,49734.7,1464.0
20260622.0,2100.0,49735.7,49739.7,49692.2,49697.2,942.0
20260622.0,2115.0,49702.3,49789.3,49699.3,49777.2,1332.0
20260622.0,2130.0,49783.3,49784.3,49714.5,49729.6,1144.0
20260622.0,2145.0,49723.6,49828.9,49538.3,49549.3,7708.0
20260622.0,2200.0,49553.4,49727.6,49548.4,49715.5,2696.0
20260622.0,2215.0,49705.3,49874.4,49682.1,49771.2,4088.0
20260622.0,2230.0,49773.2,49831.9,49609.2,49631.4,3612.0
20260622.0,2245.0,49640.5,49675.9,49499.8,49516.9,4522.0
20260622.0,2300.0,49526.0,49634.4,49395.4,49569.6,5054.0
20260622.0,2315.0,49565.5,49650.6,49552.4,49601.0,2546.0
20260622.0,2330.0,49601.0,49621.2,49518.0,49551.4,2320.0
20260622.0,2345.0,49551.4,49660.7,49496.7,49616.2,1884.0
20260623.0,0.0,49632.4,49664.8,49469.4,49486.5,1910.0
20260623.0,15.0,49488.6,49497.6,49332.6,49474.4,3236.0
20260623.0,30.0,49474.4,49530.0,49429.9,49506.8,1328.0
20260623.0,45.0,49496.7,49511.8,49398.5,49460.2,852.0
20260623.0,100.0,49457.2,49524.0,49424.8,49505.8,1132.0
20260623.0,115.0,49500.7,49553.3,49434.9,49449.1,780.0
20260623.0,130.0,49466.3,49530.0,49466.3,49507.8,344.0
20260623.0,145.0,49501.7,49526.0,49459.2,49478.4,292.0
20260623.0,200.0,49480.5,49513.8,49467.4,49474.4,508.0
20260623.0,215.0,49474.4,49487.5,49421.8,49444.0,508.0
20260623.0,230.0,49437.9,49487.5,49418.7,49430.8,400.0
20260623.0,245.0,49445.0,49453.1,49356.9,49357.9,886.0
20260623.0,300.0,49357.9,49408.5,49353.9,49367.0,394.0
20260623.0,315.0,49379.2,49440.9,49363.0,49406.5,438.0
20260623.0,330.0,49407.5,49407.5,49344.8,49357.9,426.0
20260623.0,345.0,49356.9,49433.8,49356.9,49368.0,326.0
20260623.0,400.0,49375.1,49473.3,49368.1,49450.1,784.0
20260623.0,415.0,49453.1,49469.3,49410.6,49456.2,434.0
20260623.0,430.0,49460.2,49489.5,49440.0,49440.0,214.0
20260623.0,445.0,49444.0,49484.5,49444.1,49480.5,102.0
20260623.0,500.0,49482.5,49526.0,49474.4,49512.9,416.0
20260623.0,900.0,49276.9,49338.6,48827.2,49088.5,11498.0
20260623.0,915.0,49083.4,49235.3,48930.5,48998.3,15548.0
20260623.0,930.0,48998.3,49061.1,48779.6,49028.7,13046.0
20260623.0,945.0,49034.8,49083.4,48706.7,48746.1,8624.0
20260623.0,1000.0,48741.1,48881.8,48578.0,48773.5,12258.0
20260623.0,1015.0,48785.6,48826.1,48609.4,48758.3,7098.0
20260623.0,1030.0,48753.2,48857.5,48632.7,48749.2,9070.0
20260623.0,1045.0,48756.3,48817.0,48679.3,48791.7,6466.0
20260623.0,1100.0,48795.8,48810.9,48594.2,48611.4,5954.0
20260623.0,1115.0,48617.5,48693.4,48496.0,48548.6,7638.0
20260623.0,1130.0,48550.6,48562.7,48473.7,48507.1,3946.0
20260623.0,1145.0,48504.0,48524.3,48282.3,48433.1,7562.0
20260623.0,1200.0,48427.1,48680.2,48391.7,48677.2,7658.0
20260623.0,1215.0,48676.2,48714.7,48572.0,48589.1,4016.0
20260623.0,1230.0,48592.2,48594.1,48426.1,48525.3,4564.0
20260623.0,1245.0,48533.4,48533.4,48416.0,48427.1,2394.0
20260623.0,1300.0,48426.1,48446.3,48213.4,48227.5,6234.0
20260623.0,1315.0,48233.6,48298.4,48187.1,48266.0,5036.0
20260623.0,1330.0,48265.0,48308.5,48106.0,48125.2,6096.0
20260623.0,1345.0,48129.3,48153.5,48014.9,48047.2,12884.0
20260623.0,1515.0,47544.8,47678.5,47333.2,47595.5,8900.0
20260623.0,1530.0,47598.5,47605.6,47344.3,47392.9,3890.0
20260623.0,1545.0,47386.8,47388.8,47099.2,47126.5,6454.0
20260623.0,1600.0,47132.6,47201.4,47031.4,47077.9,3612.0
20260623.0,1615.0,47083.0,47117.4,46825.7,46852.0,6668.0
20260623.0,1630.0,46852.0,46874.3,46615.1,46696.0,5606.0
20260623.0,1645.0,46691.0,47001.9,46689.0,46908.8,5148.0
20260623.0,1700.0,46916.9,46916.8,46760.9,46896.6,2534.0
20260623.0,1715.0,46901.7,47197.4,46896.6,47100.2,3974.0
20260623.0,1730.0,47106.3,47265.2,47106.3,47226.8,4620.0
20260623.0,1745.0,47222.7,47238.9,47147.8,47151.8,2658.0
20260623.0,1800.0,47158.9,47243.0,47126.6,47183.2,1638.0
20260623.0,1815.0,47186.3,47287.5,47128.6,47140.7,2052.0
20260623.0,1830.0,47143.7,47165.0,46958.4,46980.7,1990.0
20260623.0,1845.0,46970.5,46982.6,46805.5,46962.4,2572.0
20260623.0,1900.0,46963.4,47007.0,46867.3,46984.7,1806.0
20260623.0,1915.0,46988.8,47074.8,46917.9,47066.8,1812.0
20260623.0,1930.0,47062.7,47109.3,46979.7,46991.8,1474.0
20260623.0,1945.0,46996.9,47205.5,46969.6,47190.3,2250.0
20260623.0,2000.0,47190.3,47245.0,47142.8,47201.5,1546.0
20260623.0,2015.0,47200.5,47211.6,47060.7,47084.0,1540.0
20260623.0,2030.0,47082.0,47089.0,46992.9,47063.7,1460.0
20260623.0,2045.0,47057.6,47118.4,46955.4,47042.5,2142.0
20260623.0,2100.0,47038.4,47050.5,46982.7,47021.2,1082.0
20260623.0,2115.0,47021.2,47024.2,46885.5,46946.2,2056.0
20260623.0,2130.0,46937.1,47001.9,46807.5,46878.4,2846.0
20260623.0,2145.0,46873.3,47073.8,46778.1,46940.2,7724.0
20260623.0,2200.0,46922.9,47208.5,46867.3,47183.2,6994.0
20260623.0,2215.0,47183.2,47277.4,47115.4,47222.7,6488.0
20260623.0,2230.0,47222.7,47300.7,47102.3,47158.9,5204.0
20260623.0,2245.0,47153.9,47174.1,47004.0,47029.3,3766.0
20260623.0,2300.0,47036.4,47125.5,46953.4,47064.7,2856.0
20260623.0,2315.0,47063.7,47112.3,46965.5,46997.9,2190.0
20260623.0,2330.0,47005.0,47015.1,46844.0,46869.2,3156.0
20260623.0,2345.0,46866.2,47000.9,46866.3,46919.9,2126.0
20260624.0,0.0,46923.9,47084.9,46893.6,47052.6,2008.0
20260624.0,15.0,47049.5,47185.2,47026.3,47162.0,2124.0
20260624.0,30.0,47162.0,47175.1,47048.6,47087.0,1358.0
20260624.0,45.0,47087.0,47148.8,47034.4,47141.7,982.0
20260624.0,100.0,47148.8,47149.8,47008.1,47038.4,1250.0
20260624.0,115.0,47040.4,47078.9,46962.5,47034.3,1458.0
20260624.0,130.0,47036.4,47093.0,46985.8,47044.5,710.0
20260624.0,145.0,47051.6,47072.8,46984.8,46991.8,948.0
20260624.0,200.0,46989.8,47016.1,46868.3,46868.2,1354.0
20260624.0,215.0,46869.2,46972.5,46858.2,46904.7,958.0
20260624.0,230.0,46908.8,46927.9,46857.1,46888.5,648.0
20260624.0,245.0,46880.4,46896.5,46677.9,46677.8,2044.0
20260624.0,300.0,46677.8,46829.7,46651.5,46827.7,1410.0
20260624.0,315.0,46828.7,46990.7,46812.6,46879.4,1560.0
20260624.0,330.0,46873.3,46934.0,46764.0,46909.8,1006.0
20260624.0,345.0,46907.7,46926.9,46787.3,46832.8,614.0
20260624.0,400.0,46836.8,46846.9,46711.3,46712.3,1288.0
20260624.0,415.0,46717.3,46886.4,46701.2,46863.2,856.0
20260624.0,430.0,46859.1,46902.6,46854.1,46898.6,380.0
20260624.0,445.0,46894.6,46916.8,46891.6,46904.7,202.0
20260624.0,500.0,46896.6,46901.6,46796.4,46802.4,768.0
20260624.0,900.0,47461.8,47673.4,47087.1,47300.7,18044.0
20260624.0,915.0,47297.7,47313.9,46900.7,47033.3,18712.0
20260624.0,930.0,47038.4,47278.4,46947.3,47089.0,11958.0
20260624.0,945.0,47086.0,47261.2,47061.7,47090.1,7016.0
20260624.0,1000.0,47102.2,47368.6,47053.6,47297.7,8314.0
20260624.0,1015.0,47294.7,47330.1,47044.5,47107.3,7030.0
20260624.0,1030.0,47102.2,47170.0,46851.1,47135.6,11536.0
20260624.0,1045.0,47135.6,47192.3,46800.4,46892.5,8072.0
20260624.0,1100.0,46892.5,46922.9,46617.1,46625.1,10640.0
20260624.0,1115.0,46625.1,46830.7,46489.5,46789.2,11404.0
20260624.0,1130.0,46786.2,46851.0,46597.8,46851.0,6980.0
20260624.0,1145.0,46846.0,46891.5,46780.2,46800.4,5418.0
20260624.0,1200.0,46797.3,46874.3,46730.5,46869.2,3590.0
20260624.0,1215.0,46869.2,46876.3,46638.4,46676.8,3888.0
20260624.0,1230.0,46679.8,46736.5,46563.4,46672.7,5278.0
20260624.0,1245.0,46671.7,47134.6,46671.8,47069.8,9282.0
20260624.0,1300.0,47072.8,47089.0,46976.7,47045.5,6496.0
20260624.0,1315.0,47043.5,47154.8,47007.1,47114.4,6040.0
20260624.0,1330.0,47112.3,47286.5,46947.3,46965.5,12672.0
20260624.0,1345.0,46964.5,47100.1,46876.4,46984.7,20060.0
20260624.0,1515.0,46958.4,47035.3,46781.2,46804.4,5556.0
20260624.0,1530.0,46810.5,46826.7,46598.9,46611.0,4006.0
20260624.0,1545.0,46611.0,46680.8,46359.8,46544.1,7360.0
20260624.0,1600.0,46530.9,46569.4,46311.2,46336.5,4182.0
20260624.0,1615.0,46331.4,46546.1,46294.0,46545.1,3682.0
20260624.0,1630.0,46542.1,46562.3,46380.1,46441.8,2972.0
20260624.0,1645.0,46443.8,46511.7,46400.3,46436.7,1528.0
20260624.0,1700.0,46438.8,46450.9,46369.9,46381.0,1414.0
20260624.0,1715.0,46400.3,46464.0,46327.4,46437.8,2150.0
20260624.0,1730.0,46431.7,46442.8,46231.2,46246.3,3744.0
20260624.0,1745.0,46255.4,46274.6,46126.9,46128.8,3420.0
20260624.0,1800.0,46126.8,46246.3,46086.3,46223.0,3124.0
20260624.0,1815.0,46221.0,46241.2,46107.6,46233.2,1722.0
20260624.0,1830.0,46236.2,46356.7,46228.1,46356.7,1856.0
20260624.0,1845.0,46359.8,46463.0,46339.6,46421.6,1936.0
20260624.0,1900.0,46426.6,46430.6,46304.1,46308.1,1018.0
20260624.0,1915.0,46318.2,46439.7,46228.1,46236.2,2076.0
20260624.0,1930.0,46235.2,46273.6,46198.8,46237.2,1218.0
20260624.0,1945.0,46235.2,46371.9,46235.2,46354.7,1292.0
20260624.0,2000.0,46357.7,46487.3,46331.5,46458.0,1436.0
20260624.0,2015.0,46461.1,46469.1,46371.0,46411.4,1034.0
20260624.0,2030.0,46420.5,46465.1,46355.8,46361.8,1262.0
20260624.0,2045.0,46361.8,46371.9,46243.3,46253.4,1856.0
20260624.0,2100.0,46255.4,46265.5,46108.6,46126.8,2774.0
20260624.0,2115.0,46123.8,46177.4,45946.6,45983.0,5580.0
20260624.0,2130.0,45989.1,46108.5,45917.2,46054.9,4102.0
20260624.0,2145.0,46035.6,46373.9,45841.2,45974.9,11728.0
20260624.0,2200.0,45974.9,46339.5,45919.2,46187.6,7622.0
20260624.0,2215.0,46201.8,46308.1,46151.2,46221.0,4068.0
20260624.0,2230.0,46219.0,46281.7,45952.6,46225.1,4166.0
20260624.0,2245.0,46238.2,46419.5,46235.2,46398.3,4310.0
20260624.0,2300.0,46397.2,46476.2,46319.3,46462.1,3586.0
20260624.0,2315.0,46462.1,46547.1,46318.3,46380.0,4366.0
20260624.0,2330.0,46375.0,46442.8,46276.8,46421.6,2622.0
20260624.0,2345.0,46423.6,46433.7,46309.2,46348.6,1840.0
20260625.0,0.0,46344.6,46426.6,46288.9,46367.9,1868.0
20260625.0,15.0,46362.8,46422.5,46328.4,46395.2,1138.0
20260625.0,30.0,46398.3,46450.9,46365.9,46415.5,940.0
20260625.0,45.0,46414.5,46415.4,46180.5,46253.4,2564.0
20260625.0,100.0,46244.3,46286.8,46187.6,46207.8,1078.0
20260625.0,115.0,46205.8,46276.7,46079.2,46094.4,1652.0
20260625.0,130.0,46093.4,46131.8,45677.1,45743.9,6496.0
20260625.0,145.0,45741.9,45836.1,45643.7,45769.3,4076.0
20260625.0,200.0,45764.2,45912.0,45753.1,45786.5,1660.0
20260625.0,215.0,45787.5,45922.2,45763.2,45884.7,1160.0
20260625.0,230.0,45883.7,46176.4,45883.8,46134.9,2552.0
20260625.0,245.0,46126.8,46147.0,45975.9,46023.5,1012.0
20260625.0,300.0,46029.6,46036.6,45863.5,45915.1,1428.0
20260625.0,315.0,45923.2,46029.5,45772.3,45885.7,1596.0
20260625.0,330.0,45877.6,46039.6,45819.9,46020.5,1058.0
20260625.0,345.0,46026.5,46115.6,45969.9,46048.8,1564.0
20260625.0,400.0,46055.9,46334.4,46029.6,46254.4,2428.0
20260625.0,415.0,46253.4,46941.1,46227.1,46892.5,7168.0
20260625.0,430.0,46890.5,47215.6,46769.0,47180.2,5154.0
20260625.0,445.0,47171.1,47429.3,47171.1,47393.9,4206.0
20260625.0,500.0,47390.9,47518.5,47362.6,47514.5,2386.0
20260625.0,900.0,47598.5,47602.5,47107.3,47548.9,23188.0
20260625.0,915.0,47547.9,47579.2,47068.8,47143.7,17124.0
20260625.0,930.0,47152.9,47375.6,47090.1,47154.9,7546.0
20260625.0,945.0,47149.8,47418.2,47085.0,47205.5,7518.0
20260625.0,1000.0,47205.5,47362.5,47139.7,47158.9,6180.0
20260625.0,1015.0,47159.9,47332.1,46777.1,46803.4,10208.0
20260625.0,1030.0,46807.5,47120.4,46685.0,47024.2,11306.0
20260625.0,1045.0,47028.3,47142.7,46945.3,46967.5,4182.0
20260625.0,1100.0,46972.6,47117.4,46892.6,47116.4,3690.0
20260625.0,1115.0,47116.4,47231.8,47039.5,47091.1,4142.0
20260625.0,1130.0,47090.1,47224.7,47055.7,47086.0,3808.0
20260625.0,1145.0,47089.0,47222.7,46978.7,47017.1,3690.0
20260625.0,1200.0,47013.1,47123.4,46983.8,47074.9,2922.0
20260625.0,1215.0,47080.9,47112.3,47026.3,47078.9,2146.0
20260625.0,1230.0,47070.8,47142.7,46992.9,47028.3,2978.0
20260625.0,1245.0,47036.4,47104.2,46952.4,47096.1,3352.0
20260625.0,1300.0,47099.2,47156.9,47068.8,47102.2,3326.0
20260625.0,1315.0,47097.1,47301.7,47083.0,47219.7,6204.0
20260625.0,1330.0,47217.7,47226.7,47058.7,47125.5,6364.0
20260625.0,1345.0,47130.6,47169.0,47034.4,47143.7,11696.0
20260625.0,1515.0,47028.3,47252.1,47028.3,47176.2,3154.0
20260625.0,1530.0,47176.2,47261.2,47162.0,47178.2,1414.0
20260625.0,1545.0,47183.2,47257.1,47152.9,47228.8,1092.0
20260625.0,1600.0,47228.8,47240.9,47190.4,47235.9,864.0
20260625.0,1615.0,47235.9,47296.6,47175.2,47200.5,1848.0
20260625.0,1630.0,47197.4,47204.5,47144.8,47147.8,1174.0
20260625.0,1645.0,47149.8,47222.7,47143.8,47204.5,770.0
20260625.0,1700.0,47204.5,47209.5,47081.0,47124.5,1370.0
20260625.0,1715.0,47129.6,47198.4,47101.2,47163.0,1382.0
20260625.0,1730.0,47164.0,47198.4,47091.1,47127.5,1112.0
20260625.0,1745.0,47131.6,47163.9,47122.5,47127.5,530.0
20260625.0,1800.0,47121.5,47121.4,46959.4,47002.9,2656.0
20260625.0,1815.0,47006.0,47070.8,46985.8,47064.7,880.0
20260625.0,1830.0,47064.7,47078.9,47007.1,47066.8,698.0
20260625.0,1845.0,47066.8,47141.7,47066.8,47085.0,1060.0
20260625.0,1900.0,47097.1,47154.8,47068.8,47107.3,608.0
20260625.0,1915.0,47114.4,47192.3,47114.4,47127.5,1118.0
20260625.0,1930.0,47126.5,47151.8,47052.6,47074.9,910.0
20260625.0,1945.0,47064.7,47096.1,47008.1,47088.0,1114.0
20260625.0,2000.0,47083.0,47110.3,47068.8,47080.9,482.0
20260625.0,2015.0,47085.0,47216.6,47057.7,47152.9,1758.0
20260625.0,2030.0,47149.8,47192.3,47121.5,47156.9,996.0
20260625.0,2045.0,47159.9,47488.1,47160.0,47336.2,9280.0
20260625.0,2100.0,47340.2,47457.7,47326.1,47414.2,2106.0
20260625.0,2115.0,47418.2,47443.5,47354.5,47371.6,1294.0
20260625.0,2130.0,47372.7,47376.7,47294.7,47336.2,1700.0
20260625.0,2145.0,47334.2,47393.9,46732.6,46754.8,11772.0
20260625.0,2200.0,46758.8,46830.7,45922.3,45955.6,38900.0
20260625.0,2215.0,45961.7,46555.2,45894.9,46351.7,23580.0
20260625.0,2230.0,46348.6,46568.4,46266.6,46408.4,7420.0
20260625.0,2245.0,46411.4,46548.1,46347.7,46415.5,4626.0
20260625.0,2300.0,46409.4,46623.1,46363.9,46447.9,5368.0
20260625.0,2315.0,46461.1,46602.8,46251.4,46271.6,4666.0
20260625.0,2330.0,46279.7,46473.2,46163.3,46370.9,4482.0
20260625.0,2345.0,46372.9,46509.6,46360.8,46509.7,2094.0
20260626.0,0.0,46497.5,46592.7,46441.9,46462.1,2456.0
20260626.0,15.0,46461.1,46727.4,46441.9,46718.3,5522.0
20260626.0,30.0,46720.4,46896.5,46663.7,46693.0,5438.0
20260626.0,45.0,46698.1,46703.1,46403.4,46425.6,3932.0
20260626.0,100.0,46415.5,46431.6,46319.3,46381.0,3632.0
20260626.0,115.0,46388.1,46427.6,46332.5,46361.8,2044.0
20260626.0,130.0,46368.9,46449.9,46254.5,46341.5,2720.0
20260626.0,145.0,46344.6,46352.6,46258.5,46279.7,1582.0
20260626.0,200.0,46278.7,46348.6,46173.4,46340.5,2168.0
20260626.0,215.0,46341.5,46345.5,46177.5,46296.0,1962.0
20260626.0,230.0,46287.9,46426.6,46259.5,46422.6,2018.0
20260626.0,245.0,46421.6,46423.5,46220.0,46287.9,880.0
20260626.0,300.0,46288.9,46333.4,46192.7,46302.0,860.0
20260626.0,315.0,46306.1,46306.0,46122.8,46153.1,1180.0
20260626.0,330.0,46142.0,46281.7,46088.4,46265.6,1228.0
20260626.0,345.0,46266.6,46281.7,46180.5,46232.1,624.0
20260626.0,400.0,46226.1,46326.3,46108.6,46322.3,1028.0
20260626.0,415.0,46322.3,46479.2,46290.9,46382.1,1218.0
20260626.0,430.0,46383.1,46435.7,46382.1,46406.4,372.0
20260626.0,445.0,46414.5,46422.5,46344.6,46353.7,528.0
20260626.0,500.0,46348.6,46408.3,46344.6,46395.2,526.0
20260626.0,900.0,46298.0,46395.2,46177.5,46249.4,8908.0
20260626.0,915.0,46248.4,46380.0,45985.0,46262.5,16800.0
20260626.0,930.0,46268.6,46513.7,46250.4,46407.4,7686.0
20260626.0,945.0,46409.4,46486.3,45937.4,45988.0,12274.0
20260626.0,1000.0,45987.0,46020.4,45744.0,45972.8,17676.0
20260626.0,1015.0,45969.8,46074.1,45869.6,45945.5,7622.0
20260626.0,1030.0,45947.5,45964.7,45750.1,45840.2,8354.0
20260626.0,1045.0,45840.2,45923.2,45622.4,45664.9,10372.0
20260626.0,1100.0,45660.9,45695.3,45517.1,45576.8,8760.0
20260626.0,1115.0,45576.8,45585.9,44834.4,45348.9,20028.0
20260626.0,1130.0,45346.9,45438.0,45255.8,45390.4,10422.0
20260626.0,1145.0,45397.5,45476.5,45241.6,45476.5,6248.0
20260626.0,1200.0,45476.5,45723.6,45326.7,45674.0,7924.0
20260626.0,1215.0,45675.1,45743.9,45561.7,45684.2,4656.0
20260626.0,1230.0,45684.2,45735.8,45511.0,45579.8,4596.0
20260626.0,1245.0,45581.9,45613.2,45330.7,45401.6,5348.0
20260626.0,1300.0,45408.7,45412.7,45277.0,45321.6,4400.0
20260626.0,1315.0,45319.5,45340.8,45213.2,45271.9,7838.0
20260626.0,1330.0,45274.0,45307.3,45092.7,45201.0,12020.0
20260626.0,1345.0,45204.1,45385.3,44935.7,44944.8,22826.0
20260626.0,1515.0,45478.6,45544.3,45241.6,45387.4,6674.0
20260626.0,1530.0,45381.3,45460.3,45350.0,45457.3,2472.0
20260626.0,1545.0,45457.3,45502.8,45396.6,45405.6,2250.0
20260626.0,1600.0,45404.6,45522.1,45373.3,45489.7,2022.0
20260626.0,1615.0,45491.7,45605.1,45326.7,45359.0,3062.0
20260626.0,1630.0,45361.1,45383.3,45265.9,45357.0,2074.0
20260626.0,1645.0,45344.9,45359.0,45091.7,45091.6,2476.0
20260626.0,1700.0,45095.7,45112.9,44703.7,44905.3,5740.0
20260626.0,1715.0,44908.3,45079.4,44866.8,45058.2,3246.0
20260626.0,1730.0,45051.1,45103.7,44935.7,45060.2,2232.0
20260626.0,1745.0,45054.2,45192.9,44978.2,45168.6,2158.0
20260626.0,1800.0,45170.6,45219.2,45055.2,45071.4,2032.0
20260626.0,1815.0,45071.4,45080.4,44953.9,45063.3,1322.0
20260626.0,1830.0,45058.2,45097.7,44972.2,45011.6,870.0
20260626.0,1845.0,45009.6,45061.2,44837.5,44863.7,2154.0
20260626.0,1900.0,44860.7,44948.8,44804.0,44906.3,1880.0
20260626.0,1915.0,44908.3,45058.2,44893.2,45013.6,1558.0
20260626.0,1930.0,45007.6,45009.5,44853.7,44865.8,1040.0
20260626.0,1945.0,44867.8,44950.8,44850.6,44883.0,946.0
20260626.0,2000.0,44881.0,44919.4,44766.5,44870.8,1610.0
20260626.0,2015.0,44871.8,45112.9,44841.5,45066.3,2208.0
20260626.0,2030.0,45066.3,45119.9,44964.1,45027.8,1228.0
20260626.0,2045.0,45023.8,45035.9,44870.9,44902.2,1414.0
20260626.0,2100.0,44892.1,44956.9,44852.6,44941.7,1176.0
20260626.0,2115.0,44947.8,44947.8,44836.4,44924.5,1208.0
20260626.0,2130.0,44922.5,45023.7,44744.3,45023.8,3250.0
20260626.0,2145.0,45015.7,45108.8,44779.7,44999.5,7504.0
20260626.0,2200.0,44992.4,45252.6,44861.8,45215.2,5498.0
20260626.0,2215.0,45230.4,45457.2,45230.5,45401.6,7098.0
20260626.0,2230.0,45401.6,45469.4,45302.4,45376.3,4266.0
20260626.0,2245.0,45373.2,45410.6,45241.6,45281.0,3304.0
20260626.0,2300.0,45282.1,45390.4,45236.5,45294.2,2524.0
20260626.0,2315.0,45295.2,45338.7,45125.1,45139.2,3166.0
20260626.0,2330.0,45139.2,45501.8,45071.4,45492.7,4464.0
20260626.0,2345.0,45485.6,45711.5,45415.8,45673.0,6436.0
20260627.0,0.0,45676.1,45696.3,45463.4,45613.3,4060.0
20260627.0,15.0,45617.3,45660.8,45591.0,45660.9,2278.0
20260627.0,30.0,45660.9,45691.2,45535.3,45665.9,2424.0
20260627.0,45.0,45669.0,45839.1,45669.0,45795.6,3362.0
20260627.0,100.0,45791.5,45848.2,45758.2,45816.9,1506.0
20260627.0,115.0,45803.7,45955.6,45774.4,45893.8,2906.0
20260627.0,130.0,45889.8,45901.9,45788.6,45883.7,1502.0
20260627.0,145.0,45883.7,45932.3,45804.8,45858.4,1274.0
20260627.0,200.0,45872.6,45872.5,45714.6,45725.7,1074.0
20260627.0,215.0,45728.7,45764.1,45612.3,45648.7,1604.0
20260627.0,230.0,45650.7,45681.1,45540.4,45580.9,1418.0
20260627.0,245.0,45582.9,45649.7,45543.4,45579.8,1008.0
20260627.0,300.0,45580.9,45580.8,45396.6,45452.2,2132.0
20260627.0,315.0,45452.2,45675.0,45425.9,45664.9,1510.0
20260627.0,330.0,45660.9,45673.0,45537.4,45593.0,878.0
20260627.0,345.0,45596.1,45758.1,45542.4,45755.1,1058.0
20260627.0,400.0,45753.0,45771.2,45569.8,45593.0,1942.0
20260627.0,415.0,45583.9,45694.3,45481.6,45575.8,1286.0
20260627.0,430.0,45571.7,45634.5,45566.7,45595.0,448.0
20260627.0,445.0,45594.0,45605.1,45500.9,45547.4,712.0
20260627.0,500.0,45544.4,45616.3,45521.1,45574.8,750.0
20260629.0,900.0,45376.3,45678.0,44944.8,45538.3,20072.0
20260629.0,915.0,45544.4,46076.1,45349.0,45794.6,21952.0
20260629.0,930.0,45789.5,45979.9,45606.2,45772.3,8716.0
20260629.0,945.0,45776.3,46211.8,45754.1,46177.4,11050.0
20260629.0,1000.0,46175.4,46225.0,45991.1,45999.2,6272.0
20260629.0,1015.0,45998.2,46082.2,45649.8,45684.2,8420.0
20260629.0,1030.0,45672.0,46002.2,45646.7,45964.7,5724.0
20260629.0,1045.0,45965.8,46020.4,45911.1,45971.8,2762.0
20260629.0,1100.0,45974.9,46005.2,45796.7,45935.4,5246.0
20260629.0,1115.0,45937.4,46085.2,45880.7,45880.7,3502.0
20260629.0,1130.0,45877.6,45957.6,45830.1,45896.9,2560.0
20260629.0,1145.0,45897.9,45960.6,45590.0,45640.6,5940.0
20260629.0,1200.0,45639.6,45997.1,45628.5,45969.8,6156.0
20260629.0,1215.0,45973.9,45976.8,45802.7,45831.0,3080.0
20260629.0,1230.0,45834.1,45856.3,45709.5,45712.5,3362.0
20260629.0,1245.0,45713.5,45797.6,45617.4,45649.7,3594.0
20260629.0,1300.0,45652.8,45848.2,45604.2,45684.2,3440.0
20260629.0,1315.0,45694.3,45842.1,45638.6,45829.0,4356.0
20260629.0,1330.0,45827.0,45963.7,45809.8,45855.4,7048.0
20260629.0,1345.0,45855.4,46169.3,45821.0,46136.9,13522.0
20260629.0,1515.0,46167.3,46271.6,46114.7,46220.0,3844.0
20260629.0,1530.0,46219.0,46323.3,46179.5,46304.1,2080.0
20260629.0,1545.0,46307.1,46422.5,46236.2,46384.1,2854.0
20260629.0,1600.0,46383.1,46388.1,46327.4,46358.8,1108.0
20260629.0,1615.0,46354.7,46459.0,46335.5,46408.4,2256.0
20260629.0,1630.0,46410.4,46486.3,46378.0,46398.3,1398.0
20260629.0,1645.0,46387.1,46420.5,46340.6,46380.0,1242.0
20260629.0,1700.0,46378.0,46471.1,46329.4,46338.5,1496.0
20260629.0,1715.0,46335.5,46387.1,46315.3,46378.0,1084.0
20260629.0,1730.0,46369.9,46430.6,46350.7,46415.5,1108.0
20260629.0,1745.0,46415.5,46422.5,46356.8,46370.9,580.0
20260629.0,1800.0,46376.0,46400.2,46319.3,46381.0,746.0
20260629.0,1815.0,46384.1,46455.9,46379.1,46400.3,810.0
20260629.0,1830.0,46406.4,46451.9,46369.9,46451.9,570.0
20260629.0,1845.0,46456.0,46554.2,46429.7,46516.8,1750.0
20260629.0,1900.0,46512.7,46565.3,46476.3,46541.1,1382.0
20260629.0,1915.0,46546.1,46571.4,46465.2,46472.2,1284.0
20260629.0,1930.0,46478.3,46483.3,46429.7,46442.8,972.0
20260629.0,1945.0,46441.8,46519.8,46411.5,46462.1,2460.0
20260629.0,2000.0,46463.1,46499.5,46445.9,46462.1,494.0
20260629.0,2015.0,46456.0,46529.9,46435.8,46512.7,792.0
20260629.0,2030.0,46514.7,46538.0,46478.3,46490.4,694.0
20260629.0,2045.0,46490.4,46497.5,46347.7,46399.3,1636.0
20260629.0,2100.0,46401.3,46466.1,46398.3,46463.1,874.0
20260629.0,2115.0,46465.1,46518.7,46463.1,46493.5,890.0
20260629.0,2130.0,46491.4,46495.4,46377.0,46395.2,1094.0
20260629.0,2145.0,46390.2,46558.2,46212.9,46543.1,7500.0
20260629.0,2200.0,46547.2,46601.8,46153.2,46208.8,7300.0
20260629.0,2215.0,46226.1,46228.0,45712.6,45719.6,11044.0
20260629.0,2230.0,45711.5,46106.5,45618.4,46085.3,8528.0
20260629.0,2245.0,46075.1,46243.2,46060.0,46106.5,5162.0
20260629.0,2300.0,46097.4,46374.9,45996.2,46373.9,4936.0
20260629.0,2315.0,46364.8,46405.3,46297.0,46375.0,2868.0
20260629.0,2330.0,46375.0,46446.8,46241.3,46438.8,3126.0
20260629.0,2345.0,46437.8,46534.9,46408.4,46524.9,2310.0
20260630.0,0.0,46515.8,46683.8,46466.2,46680.9,4262.0
20260630.0,15.0,46681.9,46810.5,46681.9,46810.5,4134.0
20260630.0,30.0,46809.5,46930.0,46791.3,46835.8,3872.0
20260630.0,45.0,46844.9,46865.1,46780.2,46847.0,1764.0
20260630.0,100.0,46847.0,46988.7,46825.7,46961.4,1972.0
20260630.0,115.0,46965.5,47051.5,46953.4,47026.2,2026.0
20260630.0,130.0,47019.2,47030.2,46913.9,46961.4,1566.0
20260630.0,145.0,46958.4,46983.7,46909.8,46961.4,1036.0
20260630.0,200.0,46957.4,47008.0,46934.1,46963.4,684.0
20260630.0,215.0,46969.5,47018.1,46945.3,47002.9,630.0
20260630.0,230.0,47001.9,47016.1,46947.3,46950.3,564.0
20260630.0,245.0,46957.4,47070.8,46945.3,47059.7,774.0
20260630.0,300.0,47058.7,47073.8,46981.7,46987.8,516.0
20260630.0,315.0,46992.8,46998.8,46885.5,46935.1,1226.0
20260630.0,330.0,46921.9,47007.0,46922.0,46970.5,336.0
20260630.0,345.0,46970.5,47002.9,46938.2,46959.4,364.0
20260630.0,400.0,46975.6,47024.2,46939.2,47005.0,1114.0
20260630.0,415.0,47005.0,47004.9,46892.6,46972.6,1026.0
20260630.0,430.0,46971.6,46973.5,46946.3,46946.2,218.0
20260630.0,445.0,46953.3,46958.3,46930.1,46939.1,178.0
20260630.0,500.0,46940.2,46975.6,46915.9,46958.4,440.0
20260630.0,900.0,46694.0,46852.0,46513.8,46847.0,14512.0
20260630.0,915.0,46846.0,47007.0,46658.6,46875.3,15080.0
20260630.0,930.0,46875.3,47158.9,46826.8,47104.2,9818.0
20260630.0,945.0,47105.3,47249.0,46937.2,47072.8,9018.0
20260630.0,1000.0,47065.7,47168.0,46925.0,47168.1,4838.0
20260630.0,1015.0,47168.1,47174.1,46938.2,46938.1,4066.0
20260630.0,1030.0,46943.2,47210.5,46798.4,47198.4,7310.0
20260630.0,1045.0,47198.4,47340.2,47183.3,47241.0,7308.0
20260630.0,1100.0,47235.9,47277.4,47118.5,47125.5,2952.0
20260630.0,1115.0,47119.4,47134.6,47004.0,47006.0,3918.0
20260630.0,1130.0,47012.1,47117.4,47006.0,47112.3,2738.0
20260630.0,1145.0,47113.4,47186.2,47096.2,47137.7,2424.0
20260630.0,1200.0,47132.6,47213.6,47114.4,47179.2,2072.0
20260630.0,1215.0,47175.1,47327.0,47175.2,47292.6,3054.0
20260630.0,1230.0,47295.7,47385.8,47269.4,47380.8,2744.0
20260630.0,1245.0,47378.7,47420.2,47354.5,47405.1,2954.0
20260630.0,1300.0,47402.0,47441.5,47363.6,47366.6,3078.0
20260630.0,1315.0,47363.5,47411.1,47342.3,47376.7,3402.0
20260630.0,1330.0,47375.7,47385.8,47237.0,47269.3,6314.0
20260630.0,1345.0,47279.5,47487.1,47155.9,47332.1,23966.0
20260630.0,1515.0,47285.5,47301.7,47187.3,47218.7,3804.0
20260630.0,1530.0,47222.7,47339.2,47222.8,47273.4,1148.0
20260630.0,1545.0,47284.5,47316.9,47268.4,47282.5,818.0
20260630.0,1600.0,47286.6,47288.5,47127.6,47213.6,2022.0
20260630.0,1615.0,47211.6,47263.2,47180.3,47180.2,1238.0
20260630.0,1630.0,47176.2,47234.9,47107.3,47230.8,1208.0
20260630.0,1645.0,47232.9,47240.9,46962.5,47066.8,2592.0
20260630.0,1700.0,47065.7,47144.7,47028.3,47132.6,1286.0
20260630.0,1715.0,47131.6,47154.8,47057.7,47129.6,1168.0
20260630.0,1730.0,47133.6,47175.1,47108.3,47109.3,1028.0
20260630.0,1745.0,47112.3,47134.6,47057.7,47124.5,812.0
20260630.0,1800.0,47128.5,47166.0,47118.5,47139.7,638.0
20260630.0,1815.0,47144.8,47188.3,47135.7,47166.0,624.0
20260630.0,1830.0,47164.0,47182.2,47140.8,47172.1,374.0
20260630.0,1845.0,47173.1,47200.4,47115.4,47176.2,622.0
20260630.0,1900.0,47169.1,47327.0,47160.0,47291.6,1330.0
20260630.0,1915.0,47296.7,47370.6,47269.4,47357.5,1588.0
20260630.0,1930.0,47359.5,47382.7,47262.3,47311.9,1432.0
20260630.0,1945.0,47312.9,47349.3,47293.7,47342.3,586.0
20260630.0,2000.0,47342.3,47387.8,47302.8,47306.8,1134.0
20260630.0,2015.0,47302.8,47324.0,47203.6,47211.6,1048.0
20260630.0,2030.0,47218.7,47261.2,47183.3,47195.4,1174.0
20260630.0,2045.0,47191.3,47257.1,47162.0,47230.8,1020.0
20260630.0,2100.0,47230.8,47248.0,47172.2,47183.2,598.0
20260630.0,2115.0,47182.2,47261.2,47182.3,47218.7,572.0
20260630.0,2130.0,47217.7,47311.8,47197.5,47292.6,1076.0
20260630.0,2145.0,47294.7,47551.9,47235.0,47486.1,7292.0
20260630.0,2200.0,47486.1,47705.8,47486.1,47702.9,5644.0
20260630.0,2215.0,47705.9,47807.1,47639.1,47801.1,5456.0
20260630.0,2230.0,47793.0,47968.2,47776.8,47934.8,5184.0
20260630.0,2245.0,47928.7,47990.5,47859.9,47922.6,3904.0
20260630.0,2300.0,47917.6,47924.6,47787.0,47815.3,2458.0
20260630.0,2315.0,47816.3,47964.1,47816.3,47921.6,2228.0
20260630.0,2330.0,47921.6,47929.7,47844.7,47849.7,1598.0
20260630.0,2345.0,47851.7,47909.4,47818.4,47874.0,1186.0
20260701.0,0.0,47879.1,47929.7,47857.9,47880.1,996.0
20260701.0,15.0,47878.1,47947.9,47871.0,47930.8,1426.0
20260701.0,30.0,47929.7,47962.1,47918.6,47921.6,590.0
20260701.0,45.0,47921.6,47937.8,47893.3,47929.7,492.0
20260701.0,100.0,47933.8,48046.2,47928.8,47985.4,2204.0
20260701.0,115.0,47982.4,48029.0,47965.2,47999.6,610.0
20260701.0,130.0,47992.5,48036.0,47990.6,47997.6,306.0
20260701.0,145.0,47997.6,48059.3,47972.3,48042.2,612.0
20260701.0,200.0,48040.1,48070.5,48020.9,48045.2,590.0
20260701.0,215.0,48053.3,48085.7,48037.2,48055.3,588.0
20260701.0,230.0,48061.4,48095.8,48059.4,48092.8,432.0
20260701.0,245.0,48080.7,48121.1,48067.5,48116.1,812.0
20260701.0,300.0,48121.2,48132.3,48086.8,48098.9,544.0
20260701.0,315.0,48096.9,48116.1,48061.5,48102.9,624.0
20260701.0,330.0,48100.9,48114.0,48024.0,48030.0,526.0
20260701.0,345.0,48022.9,48095.8,48006.8,48094.8,550.0
20260701.0,400.0,48095.9,48131.3,48055.4,48066.5,794.0
20260701.0,415.0,48069.5,48104.9,48016.9,48081.7,560.0
20260701.0,430.0,48077.6,48078.6,48045.3,48061.4,162.0
20260701.0,445.0,48055.3,48058.3,48029.1,48037.1,240.0
20260701.0,500.0,48036.1,48041.1,48013.9,48039.1,418.0
20260701.0,900.0,48128.3,48309.5,48017.9,48245.8,10578.0
20260701.0,915.0,48241.7,48301.4,47813.3,47861.9,15286.0
20260701.0,930.0,47855.8,47998.6,47738.4,47934.8,9030.0
20260701.0,945.0,47919.6,47988.4,47617.8,47672.5,9522.0
20260701.0,1000.0,47671.5,47791.9,47513.5,47668.4,9930.0
20260701.0,1015.0,47676.5,47696.7,47499.3,47630.9,6774.0
20260701.0,1030.0,47629.9,47852.7,47630.0,47725.1,6296.0
20260701.0,1045.0,47721.1,47903.4,47696.8,47859.9,4340.0
20260701.0,1100.0,47860.9,47882.1,47777.9,47800.1,2276.0
20260701.0,1115.0,47801.1,47960.1,47717.1,47907.5,3936.0
20260701.0,1130.0,47911.5,47915.5,47725.2,47776.8,2938.0
20260701.0,1145.0,47771.7,47879.0,47753.5,47816.3,2710.0
20260701.0,1200.0,47809.2,47994.5,47802.2,47929.7,3704.0
20260701.0,1215.0,47929.7,47929.7,47736.3,47741.3,3042.0
20260701.0,1230.0,47739.3,47808.1,47701.9,47798.1,3590.0
20260701.0,1245.0,47792.0,47877.0,47779.9,47844.7,2218.0
20260701.0,1300.0,47843.6,47894.2,47807.2,47815.3,2912.0
20260701.0,1315.0,47812.2,47889.2,47774.8,47844.7,2514.0
20260701.0,1330.0,47844.7,47875.0,47722.1,47863.9,5940.0
20260701.0,1345.0,47862.9,47905.4,47808.2,47839.6,8624.0
20260701.0,1515.0,47777.8,47800.0,47593.5,47609.7,2978.0
20260701.0,1530.0,47608.7,47708.9,47559.1,47703.9,1546.0
20260701.0,1545.0,47705.9,47740.3,47689.7,47735.3,1068.0
20260701.0,1600.0,47735.3,47833.5,47716.1,47830.5,1468.0
20260701.0,1615.0,47832.5,47838.5,47752.5,47805.2,1068.0
20260701.0,1630.0,47798.1,47821.3,47742.4,47753.5,540.0
20260701.0,1645.0,47755.5,47858.8,47715.1,47851.7,1206.0
20260701.0,1700.0,47846.7,47857.8,47796.1,47843.6,756.0
20260701.0,1715.0,47843.6,47844.6,47737.3,47777.8,1090.0
20260701.0,1730.0,47778.8,47814.2,47778.9,47791.0,478.0
20260701.0,1745.0,47783.9,47844.6,47781.9,47834.5,624.0
20260701.0,1800.0,47837.6,47970.2,47837.6,47965.2,2054.0
20260701.0,1815.0,47965.2,48025.9,47896.4,47909.5,1534.0
20260701.0,1830.0,47904.4,47975.3,47890.3,47962.2,914.0
20260701.0,1845.0,47960.1,48047.2,47955.1,47972.3,1326.0
20260701.0,1900.0,47970.3,48105.9,47968.3,48105.0,1494.0
20260701.0,1915.0,48101.9,48160.6,48078.7,48080.7,1758.0
20260701.0,1930.0,48082.7,48091.8,48050.3,48062.4,772.0
20260701.0,1945.0,48061.4,48071.5,48004.7,48041.2,930.0
20260701.0,2000.0,48041.2,48041.1,47899.4,47928.7,1530.0
20260701.0,2015.0,47929.7,47946.9,47851.8,47909.5,1644.0
20260701.0,2030.0,47907.5,47970.2,47907.5,47953.0,818.0
20260701.0,2045.0,47948.0,47977.3,47655.3,47739.3,4210.0
20260701.0,2100.0,47744.4,47752.4,47646.2,47699.8,2420.0
20260701.0,2115.0,47699.8,47759.5,47613.8,47641.1,1876.0
20260701.0,2130.0,47650.2,47757.5,47508.4,47587.4,2950.0
20260701.0,2145.0,47583.3,47694.7,47212.7,47322.0,12388.0
20260701.0,2200.0,47322.0,47586.3,47289.6,47526.6,6572.0
20260701.0,2215.0,47532.7,47596.5,47422.3,47493.2,3762.0
20260701.0,2230.0,47499.3,47554.9,47435.5,47486.1,2140.0
20260701.0,2245.0,47485.1,47488.1,47237.0,47277.4,5134.0
20260701.0,2300.0,47273.4,47315.9,47100.2,47157.9,5652.0
20260701.0,2315.0,47159.9,47235.9,47051.6,47207.6,5354.0
20260701.0,2330.0,47208.6,47357.4,47207.6,47356.4,3888.0
20260701.0,2345.0,47357.5,47359.4,47237.0,47248.1,3082.0
20260702.0,0.0,47243.0,47247.0,47068.8,47075.9,2592.0
20260702.0,15.0,47080.9,47184.2,47075.9,47092.1,2300.0
20260702.0,30.0,47088.0,47180.2,47080.0,47137.7,1564.0
20260702.0,45.0,47135.6,47166.0,47023.3,47073.9,1794.0
20260702.0,100.0,47076.9,47118.4,46923.0,46943.2,2326.0
20260702.0,115.0,46943.2,47026.2,46884.5,46922.9,2608.0
20260702.0,130.0,46931.0,47018.1,46900.7,46969.5,1044.0
20260702.0,145.0,46967.5,47003.9,46925.0,46926.0,762.0
20260702.0,200.0,46936.1,46957.3,46867.3,46879.4,1054.0
20260702.0,215.0,46884.4,46960.4,46872.3,46916.9,864.0
20260702.0,230.0,46920.9,46974.5,46856.1,46918.9,1208.0
20260702.0,245.0,46916.9,46937.1,46858.2,46879.4,724.0
20260702.0,300.0,46881.4,46881.4,46732.6,46829.7,2240.0
20260702.0,315.0,46826.7,47087.0,46825.7,47016.1,2236.0
20260702.0,330.0,47018.1,47086.0,46975.7,47047.5,942.0
20260702.0,345.0,47039.4,47126.5,46925.0,46933.1,928.0
20260702.0,400.0,46937.1,46983.7,46817.6,46871.3,1296.0
20260702.0,415.0,46867.2,46888.4,46797.4,46871.3,482.0
20260702.0,430.0,46856.1,46876.3,46825.7,46866.2,230.0
20260702.0,445.0,46864.2,46917.8,46814.6,46915.8,326.0
20260702.0,500.0,46916.9,46957.3,46916.9,46951.3,416.0
20260702.0,900.0,46795.3,46809.4,46369.9,46705.2,14100.0
20260702.0,915.0,46715.3,47068.7,46628.2,46954.3,15598.0
20260702.0,930.0,46961.4,47139.6,46854.1,47119.4,11966.0
20260702.0,945.0,47122.5,47327.0,47098.2,47254.1,8208.0
20260702.0,1000.0,47259.2,47396.9,47238.0,47347.3,5622.0
20260702.0,1015.0,47352.4,47408.1,47267.4,47359.5,4524.0
20260702.0,1030.0,47360.5,47456.7,47286.6,47347.3,5982.0
20260702.0,1045.0,47346.3,47486.0,47267.4,47479.0,4252.0
20260702.0,1100.0,47478.0,47534.7,47317.0,47442.5,4688.0
20260702.0,1115.0,47444.6,47454.6,47221.8,47284.5,4098.0
20260702.0,1130.0,47280.5,47338.2,47158.0,47191.3,3902.0
20260702.0,1145.0,47189.3,47349.3,47184.3,47218.7,3106.0
20260702.0,1200.0,47226.8,47299.7,47165.1,47214.6,2944.0
20260702.0,1215.0,47215.7,47287.5,47139.7,47220.7,2976.0
20260702.0,1230.0,47218.7,47335.1,47144.8,47305.8,2890.0
20260702.0,1245.0,47304.8,47309.8,47086.1,47090.1,3478.0
20260702.0,1300.0,47089.0,47318.9,47064.8,47303.8,3552.0
20260702.0,1315.0,47313.9,47569.1,47272.4,47521.5,5546.0
20260702.0,1330.0,47517.5,47592.4,47445.6,47457.7,6310.0
20260702.0,1345.0,47453.7,47462.7,47191.4,47199.4,12004.0
20260702.0,1515.0,46896.6,46899.6,46565.4,46592.7,6868.0
20260702.0,1530.0,46586.7,46679.8,46522.9,46659.6,3156.0
20260702.0,1545.0,46668.7,46833.7,46620.1,46827.7,2678.0
20260702.0,1600.0,46826.7,46850.0,46731.5,46758.8,1818.0
20260702.0,1615.0,46757.8,46819.6,46576.6,46596.8,2418.0
20260702.0,1630.0,46603.9,46832.7,46596.8,46806.4,1646.0
20260702.0,1645.0,46803.4,46881.4,46782.2,46848.0,1498.0
20260702.0,1700.0,46852.0,46956.3,46825.7,46947.2,1618.0
20260702.0,1715.0,46945.2,46968.5,46797.4,46846.0,1676.0
20260702.0,1730.0,46852.0,46860.1,46752.8,46835.8,1266.0
20260702.0,1745.0,46829.7,46941.1,46824.7,46894.6,1224.0
20260702.0,1800.0,46892.5,46914.8,46817.6,46824.7,506.0
20260702.0,1815.0,46823.7,46830.7,46706.2,46738.6,1234.0
20260702.0,1830.0,46733.5,46828.7,46710.3,46810.5,864.0
20260702.0,1845.0,46814.6,46896.5,46803.5,46843.9,1110.0
20260702.0,1900.0,46840.9,46914.8,46805.5,46911.8,642.0
20260702.0,1915.0,46904.7,46941.1,46849.0,46908.8,944.0
20260702.0,1930.0,46911.8,46937.1,46836.9,46930.0,682.0
20260702.0,1945.0,46929.0,47048.5,46884.5,47045.5,1814.0
20260702.0,2000.0,47042.5,47104.2,47033.4,47037.4,1470.0
20260702.0,2015.0,47033.3,47185.2,47003.0,47173.1,1996.0
20260702.0,2030.0,47170.1,47289.5,47145.8,47254.1,2512.0
20260702.0,2045.0,47266.3,47611.6,47200.5,47508.4,7866.0
20260702.0,2100.0,47505.3,47563.0,47393.0,47453.7,2996.0
20260702.0,2115.0,47461.8,47509.3,47353.5,47461.8,2402.0
20260702.0,2130.0,47457.7,47546.8,47403.1,47413.2,1898.0
20260702.0,2145.0,47410.1,47674.4,47286.6,47570.2,8096.0
20260702.0,2200.0,47577.3,47824.3,47533.8,47806.2,7098.0
20260702.0,2215.0,47807.2,47831.4,47631.0,47759.6,4612.0
20260702.0,2230.0,47754.5,47754.5,47206.6,47282.5,8060.0
20260702.0,2245.0,47288.6,47401.0,46973.6,47064.7,9676.0
20260702.0,2300.0,47073.9,47251.1,47028.3,47215.7,6420.0
20260702.0,2315.0,47217.7,47275.4,46844.0,46996.9,7158.0
20260702.0,2330.0,46997.9,47046.5,46740.7,46827.7,5324.0
20260702.0,2345.0,46822.7,47144.7,46819.7,46990.8,4564.0
20260703.0,0.0,46986.7,47060.6,46871.3,46913.8,2546.0
20260703.0,15.0,46916.9,46938.1,46767.0,46916.9,3122.0
20260703.0,30.0,46922.9,46947.2,46471.2,46491.4,7344.0
20260703.0,45.0,46494.5,46497.5,46300.1,46366.9,7196.0
20260703.0,100.0,46365.8,46376.9,46137.0,46222.0,5570.0
20260703.0,115.0,46225.1,46291.9,46099.5,46184.5,4372.0
20260703.0,130.0,46191.6,46282.7,46152.2,46208.8,2206.0
20260703.0,145.0,46209.9,46316.2,46024.6,46058.9,4290.0
20260703.0,200.0,46052.9,46076.1,45871.6,45908.0,3492.0
20260703.0,215.0,45913.1,46177.4,45854.4,46096.4,3662.0
20260703.0,230.0,46095.4,46248.3,46010.4,46238.2,2074.0
20260703.0,245.0,46238.2,46288.8,46168.4,46177.4,1568.0
20260703.0,300.0,46182.5,46249.3,46108.6,46204.8,1196.0
20260703.0,315.0,46210.9,46238.2,46042.8,46095.4,1150.0
20260703.0,330.0,46093.4,46160.2,45955.7,46124.8,1176.0
20260703.0,345.0,46126.8,46213.9,46101.5,46166.3,1012.0
20260703.0,400.0,46157.2,46390.1,46143.1,46363.8,1762.0
20260703.0,415.0,46363.8,46390.1,46155.2,46314.2,1792.0
20260703.0,430.0,46317.2,46335.4,46281.8,46296.0,308.0
20260703.0,445.0,46290.9,46330.3,46250.4,46266.6,454.0
20260703.0,500.0,46266.6,46309.1,46250.4,46256.5,404.0
20260703.0,900.0,46288.9,46498.5,46195.7,46481.3,9760.0
20260703.0,915.0,46482.3,46833.7,46350.7,46721.4,15960.0
20260703.0,930.0,46723.4,46947.2,46665.7,46880.4,7822.0
20260703.0,945.0,46878.4,47016.1,46764.0,46995.9,5886.0
20260703.0,1000.0,46997.9,47093.0,46888.5,46961.4,6546.0
20260703.0,1015.0,46956.4,47196.4,46934.1,47030.3,6086.0
20260703.0,1030.0,47033.3,47245.0,47023.3,47244.0,4176.0
20260703.0,1045.0,47244.0,47262.2,47076.9,47139.7,4236.0
20260703.0,1100.0,47144.8,47204.5,47051.6,47168.1,3978.0
20260703.0,1115.0,47170.1,47170.0,47038.5,47110.3,3100.0
20260703.0,1130.0,47109.3,47236.9,47109.4,47227.8,2674.0
20260703.0,1145.0,47225.8,47296.6,47048.6,47058.7,5018.0
20260703.0,1200.0,47054.6,47402.0,47041.5,47358.5,5166.0
20260703.0,1215.0,47361.5,47501.2,47329.1,47481.0,4588.0
20260703.0,1230.0,47479.0,47622.8,47479.1,47617.8,5738.0
20260703.0,1245.0,47617.8,47658.2,47530.7,47626.9,3404.0
20260703.0,1300.0,47633.0,47690.6,47580.3,47602.6,3980.0
20260703.0,1315.0,47603.6,47648.1,47566.2,47570.2,3388.0
20260703.0,1330.0,47570.2,47619.7,47454.7,47601.6,6158.0
20260703.0,1345.0,47595.5,47645.1,47555.0,47571.2,10184.0
20260703.0,1515.0,47636.0,47720.0,47551.0,47585.4,3620.0
20260703.0,1530.0,47585.4,47701.8,47576.3,47614.7,1222.0
20260703.0,1545.0,47617.8,47644.1,47578.3,47596.5,750.0
20260703.0,1600.0,47601.6,47639.0,47590.5,47609.7,424.0
20260703.0,1615.0,47605.6,47653.2,47585.4,47600.6,636.0
20260703.0,1630.0,47599.5,47630.9,47592.5,47611.7,470.0
20260703.0,1645.0,47607.6,47662.3,47600.6,47654.2,646.0
20260703.0,1700.0,47656.3,47661.3,47529.7,47570.2,1448.0
20260703.0,1715.0,47565.1,47628.9,47524.6,47624.9,828.0
20260703.0,1730.0,47622.8,47677.5,47622.9,47656.3,1028.0
20260703.0,1745.0,47658.3,47676.5,47625.9,47666.4,486.0
20260703.0,1800.0,47660.3,47666.3,47620.9,47620.8,318.0
20260703.0,1815.0,47620.8,47667.4,47603.6,47662.3,724.0
20260703.0,1830.0,47662.3,47666.3,47615.8,47632.0,240.0
20260703.0,1845.0,47636.0,47705.8,47633.0,47703.9,606.0
20260703.0,1900.0,47700.8,47705.8,47662.4,47674.5,362.0
20260703.0,1915.0,47667.4,47689.6,47641.1,47684.6,352.0
20260703.0,1930.0,47682.6,47693.7,47662.4,47676.5,248.0
20260703.0,1945.0,47677.5,47785.9,47673.5,47760.6,1644.0
20260703.0,2000.0,47762.6,47768.6,47723.2,47768.7,598.0
20260703.0,2015.0,47769.7,47919.6,47769.8,47861.9,2768.0
20260703.0,2030.0,47858.8,47864.9,47742.4,47775.8,1254.0
20260703.0,2045.0,47781.9,47799.0,47757.6,47768.7,582.0
20260703.0,2100.0,47773.8,47799.0,47752.5,47795.0,338.0
20260703.0,2115.0,47794.0,47837.5,47730.3,47741.3,894.0
20260703.0,2130.0,47750.5,47785.9,47739.4,47784.9,700.0
20260703.0,2145.0,47787.9,47841.6,47732.3,47829.5,1538.0
20260703.0,2200.0,47828.5,47911.5,47828.5,47910.5,1300.0
20260703.0,2215.0,47909.5,47944.9,47862.9,47877.1,1396.0
20260703.0,2230.0,47878.1,47927.7,47859.9,47889.2,692.0
20260703.0,2245.0,47886.2,47920.6,47866.0,47898.3,630.0
20260703.0,2300.0,47894.3,48003.6,47888.3,47998.6,1488.0
20260703.0,2315.0,47999.6,48083.6,47979.4,48058.4,1866.0
20260703.0,2330.0,48058.4,48066.4,48017.9,48027.0,980.0
20260703.0,2345.0,48025.0,48037.1,48004.7,48012.8,784.0
20260704.0,0.0,48012.8,48036.0,47936.9,48003.7,1156.0
20260704.0,15.0,48003.7,48031.0,47995.6,48023.9,566.0
20260704.0,30.0,48028.0,48057.3,48009.8,48012.8,654.0
20260704.0,45.0,48013.8,48031.0,48007.8,48010.8,194.0
20260704.0,100.0,48006.7,48006.7,47981.4,47998.6,328.0
20260704.0,115.0,48004.7,48027.9,47981.4,48000.6,274.0
20260704.0,130.0,48006.7,48014.8,47980.4,47986.5,288.0
20260704.0,145.0,47986.5,48007.7,47875.1,47901.4,960.0
20260704.0,200.0,47901.4,47971.2,47887.2,47889.2,460.0
20260704.0,215.0,47890.2,47908.4,47811.3,47881.1,1082.0
20260704.0,230.0,47887.2,47896.3,47857.9,47892.3,282.0
20260704.0,245.0,47899.4,47909.4,47873.1,47873.0,142.0
20260704.0,300.0,47874.0,47907.4,47874.1,47886.2,68.0
20260704.0,315.0,47883.1,47896.3,47877.1,47889.2,118.0
20260704.0,330.0,47886.2,47886.1,47848.8,47882.1,76.0
20260704.0,345.0,47878.1,47878.0,47840.7,47843.6,94.0
20260704.0,400.0,47843.6,47857.8,47403.1,47603.6,3056.0
20260704.0,415.0,47605.6,47605.6,47130.6,47537.8,2468.0
20260704.0,430.0,47514.5,47591.4,47514.5,47580.3,390.0
20260704.0,445.0,47565.1,47718.0,47564.1,47685.6,468.0
20260704.0,500.0,47694.8,47737.2,47674.5,47723.1,528.0
20260706.0,900.0,47889.2,48159.6,47861.9,47975.3,12140.0
20260706.0,915.0,47978.4,48000.6,47737.3,47882.1,10344.0
20260706.0,930.0,47888.2,47980.3,47709.0,47787.9,7074.0
20260706.0,945.0,47786.9,48108.0,47777.9,48028.0,10050.0
20260706.0,1000.0,48021.9,48092.8,47747.5,47810.2,7948.0
20260706.0,1015.0,47816.3,47944.9,47497.3,47588.4,7380.0
20260706.0,1030.0,47597.5,47775.7,47517.5,47524.6,6470.0
20260706.0,1045.0,47524.6,47577.2,47260.3,47269.3,7720.0
20260706.0,1100.0,47268.3,47398.9,47181.3,47326.1,7608.0
20260706.0,1115.0,47331.1,47442.5,47270.4,47352.4,4492.0
20260706.0,1130.0,47360.5,47479.0,47332.2,47443.6,3476.0
20260706.0,1145.0,47450.6,47590.4,47358.5,47418.2,3818.0
20260706.0,1200.0,47413.2,47570.1,47393.0,47551.9,3112.0
20260706.0,1215.0,47549.9,47613.7,47412.2,47600.6,3912.0
20260706.0,1230.0,47595.5,47661.3,47574.3,47636.0,3314.0
20260706.0,1245.0,47627.9,47715.0,47615.8,47662.3,2578.0
20260706.0,1300.0,47666.4,47679.5,47555.0,47603.6,3568.0
20260706.0,1315.0,47605.6,47626.8,47504.4,47578.3,3710.0
20260706.0,1330.0,47584.3,47627.9,47409.2,47412.2,4852.0
20260706.0,1345.0,47414.2,47503.3,47382.8,47490.1,6512.0
20260706.0,1515.0,47605.6,47688.6,47505.4,47560.0,2492.0
20260706.0,1530.0,47572.2,47640.0,47499.3,47516.5,1126.0
20260706.0,1545.0,47516.5,47666.3,47503.4,47666.4,1006.0
20260706.0,1600.0,47668.4,47681.5,47640.1,47648.2,624.0
20260706.0,1615.0,47641.1,47803.1,47636.1,47648.2,2594.0
20260706.0,1630.0,47648.2,47651.1,47553.0,47603.6,1416.0
20260706.0,1645.0,47601.6,47608.6,47516.5,47571.2,826.0
20260706.0,1700.0,47571.2,47618.7,47560.1,47605.6,350.0
20260706.0,1715.0,47603.6,47604.6,47433.5,47481.0,1964.0
20260706.0,1730.0,47479.0,47543.8,47471.0,47520.5,872.0
20260706.0,1745.0,47518.5,47570.1,47472.0,47542.8,1116.0
20260706.0,1800.0,47541.8,47593.4,47507.4,47563.1,604.0
20260706.0,1815.0,47557.0,47601.5,47526.7,47599.5,576.0
20260706.0,1830.0,47599.5,47600.5,47570.2,47581.3,336.0
20260706.0,1845.0,47581.3,47651.1,47557.0,47558.0,676.0
20260706.0,1900.0,47557.0,47573.2,47535.8,47570.2,332.0
20260706.0,1915.0,47568.1,47584.3,47446.6,47488.1,1410.0
20260706.0,1930.0,47493.2,47553.9,47479.1,47526.6,610.0
20260706.0,1945.0,47519.5,47554.9,47472.0,47498.3,452.0
20260706.0,2000.0,47498.3,47554.9,47476.0,47479.0,534.0
20260706.0,2015.0,47478.0,47558.0,47463.9,47542.8,836.0
20260706.0,2030.0,47538.8,47545.8,47391.9,47449.6,1402.0
20260706.0,2045.0,47449.6,47484.0,47414.2,47452.7,530.0
20260706.0,2100.0,47461.8,47529.6,47441.6,47516.5,668.0
20260706.0,2115.0,47524.6,47525.5,47385.9,47401.0,778.0
20260706.0,2130.0,47411.1,47486.0,47358.5,47476.0,1506.0
20260706.0,2145.0,47478.0,47887.1,47431.5,47844.7,9100.0
20260706.0,2200.0,47831.5,47929.7,47752.5,47842.6,4078.0
20260706.0,2215.0,47845.7,48078.6,47797.1,48057.4,5694.0
20260706.0,2230.0,48056.4,48112.0,47975.4,47994.6,3534.0
20260706.0,2245.0,47994.6,48071.5,47954.1,48045.2,2672.0
20260706.0,2300.0,48046.2,48046.2,47924.7,47975.3,1822.0
20260706.0,2315.0,47979.4,48035.0,47851.8,47904.4,2562.0
20260706.0,2330.0,47897.3,48051.2,47814.3,48051.3,2426.0
20260706.0,2345.0,48047.2,48075.5,47989.6,48012.8,1612.0
20260707.0,0.0,48012.8,48021.9,47946.0,48005.7,1126.0
20260707.0,15.0,48003.7,48042.1,47947.0,47996.6,1000.0
20260707.0,30.0,47992.5,48006.7,47948.0,47966.2,566.0
20260707.0,45.0,47960.1,47994.5,47920.7,47958.1,598.0
20260707.0,100.0,47953.0,47985.4,47904.5,47925.7,666.0
20260707.0,115.0,47930.8,47985.4,47897.4,47956.1,720.0
20260707.0,130.0,47956.1,47977.3,47879.1,47889.2,590.0
20260707.0,145.0,47884.2,47891.2,47787.0,47842.6,1234.0
20260707.0,200.0,47840.6,47901.3,47811.3,47845.7,634.0
20260707.0,215.0,47848.7,47926.7,47838.6,47896.3,484.0
20260707.0,230.0,47899.4,47977.3,47899.4,47935.8,794.0
20260707.0,245.0,47932.8,47965.1,47906.5,47963.2,384.0
20260707.0,300.0,47958.1,47975.3,47919.7,47949.0,304.0
20260707.0,315.0,47951.0,47994.5,47933.8,47944.9,470.0
20260707.0,330.0,47944.9,48003.6,47938.9,47967.2,322.0
20260707.0,345.0,47968.2,47968.2,47919.7,47945.9,370.0
20260707.0,400.0,47950.0,47962.1,47817.4,47859.9,898.0
20260707.0,415.0,47860.9,47894.2,47832.6,47884.2,384.0
20260707.0,430.0,47881.1,47902.3,47874.1,47878.1,202.0
20260707.0,445.0,47880.1,47909.4,47878.1,47907.5,222.0
20260707.0,500.0,47908.5,47963.1,47892.3,47950.0,486.0
20260707.0,900.0,47605.6,47616.7,47216.7,47459.8,11120.0
20260707.0,915.0,47456.7,47751.4,47418.3,47612.7,11954.0
20260707.0,930.0,47619.8,47644.1,47267.4,47347.3,10978.0
20260707.0,945.0,47333.2,47666.3,47258.2,47652.2,7852.0
20260707.0,1000.0,47659.3,47795.0,47541.9,47548.9,7970.0
20260707.0,1015.0,47556.0,47641.0,47506.4,47515.5,4216.0
20260707.0,1030.0,47522.6,47561.0,47327.1,47367.6,5286.0
20260707.0,1045.0,47363.5,47445.5,47314.0,47355.4,4410.0
20260707.0,1100.0,47354.4,47390.8,47154.9,47209.6,7864.0
20260707.0,1115.0,47210.6,47386.8,47200.5,47216.7,4676.0
20260707.0,1130.0,47216.7,47216.6,46712.3,46723.4,16878.0
20260707.0,1145.0,46734.5,46884.4,46649.5,46714.3,9356.0
20260707.0,1200.0,46715.3,46767.9,46587.7,46733.5,9534.0
20260707.0,1215.0,46728.5,46790.2,46569.5,46584.6,5692.0
20260707.0,1230.0,46580.6,46608.9,46339.6,46485.4,9656.0
20260707.0,1245.0,46485.4,46586.6,46421.6,46494.5,5416.0
20260707.0,1300.0,46493.5,46531.9,46390.2,46453.0,4310.0
20260707.0,1315.0,46453.0,46473.2,46275.7,46287.9,6212.0
20260707.0,1330.0,46287.9,46408.3,46186.6,46279.7,9486.0
20260707.0,1345.0,46278.7,46487.3,46240.3,46364.8,23298.0
20260707.0,1515.0,46557.3,46595.7,46396.3,46486.4,3780.0
20260707.0,1530.0,46485.4,46538.0,46366.9,46414.5,2066.0
20260707.0,1545.0,46408.4,46450.9,46317.3,46318.2,1326.0
20260707.0,1600.0,46317.2,46343.5,46196.7,46197.7,1784.0
20260707.0,1615.0,46200.7,46377.9,46086.3,46342.5,2918.0
20260707.0,1630.0,46346.6,46463.0,46337.5,46357.7,2092.0
20260707.0,1645.0,46364.8,46430.6,46329.4,46404.3,1050.0
20260707.0,1700.0,46405.3,46453.9,46359.8,46375.0,712.0
20260707.0,1715.0,46380.0,46445.8,46320.3,46419.5,1128.0
20260707.0,1730.0,46422.6,46435.7,46346.6,46352.7,642.0
20260707.0,1745.0,46350.7,46356.7,46247.4,46260.5,1326.0
20260707.0,1800.0,46258.5,46347.6,46218.0,46347.6,1054.0
20260707.0,1815.0,46346.6,46414.4,46295.0,46326.3,1110.0
20260707.0,1830.0,46333.4,46475.2,46321.3,46412.4,1376.0
20260707.0,1845.0,46410.4,46414.4,46322.3,46331.4,496.0
20260707.0,1900.0,46331.4,46374.9,46254.5,46375.0,1234.0
20260707.0,1915.0,46372.9,46372.9,46191.7,46214.9,1468.0
20260707.0,1930.0,46219.0,46309.1,46219.0,46269.6,1104.0
20260707.0,1945.0,46270.6,46284.8,46132.9,46204.8,2418.0
20260707.0,2000.0,46205.8,46439.7,46205.9,46413.5,4338.0
20260707.0,2015.0,46417.5,46460.0,46366.9,46420.5,2082.0
20260707.0,2030.0,46417.5,46518.7,46357.8,46449.9,2598.0
20260707.0,2045.0,46448.9,46463.0,46360.8,46400.3,1406.0
20260707.0,2100.0,46407.4,46410.4,46328.4,46387.1,1048.0
20260707.0,2115.0,46390.2,46397.2,46339.6,46392.2,684.0
20260707.0,2130.0,46384.1,46406.3,46201.8,46201.8,2092.0
20260707.0,2145.0,46199.7,46369.8,46061.0,46363.8,8104.0
20260707.0,2200.0,46367.9,46395.2,46003.3,46142.0,6648.0
20260707.0,2215.0,46144.0,46264.5,45934.4,45941.4,5756.0
20260707.0,2230.0,45944.5,46007.2,45801.7,45899.9,5330.0
20260707.0,2245.0,45893.8,45927.2,45634.6,45689.2,5866.0
20260707.0,2300.0,45691.3,45833.0,45670.0,45782.4,4120.0
20260707.0,2315.0,45781.4,45867.5,45717.6,45794.6,3044.0
20260707.0,2330.0,45790.5,45790.5,45570.8,45652.8,4192.0
20260707.0,2345.0,45649.7,45717.5,45549.5,45686.2,3050.0
20260708.0,0.0,45691.3,45836.1,45691.3,45828.0,3124.0
20260708.0,15.0,45830.0,45948.5,45809.8,45919.2,3712.0
20260708.0,30.0,45919.2,46064.0,45876.7,46005.3,3210.0
20260708.0,45.0,46001.2,46030.5,45924.3,45987.0,1738.0
20260708.0,100.0,45991.1,46021.4,45944.5,46000.2,1596.0
20260708.0,115.0,46004.2,46113.6,45966.8,45993.1,2144.0
20260708.0,130.0,45992.1,46043.7,45950.6,45995.1,1238.0
20260708.0,145.0,46002.2,46093.3,45998.2,46082.2,1544.0
20260708.0,200.0,46086.3,46086.2,46009.4,46069.1,716.0
20260708.0,215.0,46062.0,46070.0,45960.7,45972.8,884.0
20260708.0,230.0,45970.8,46020.4,45935.4,45955.6,782.0
20260708.0,245.0,45958.7,45969.8,45830.1,45853.3,1004.0
20260708.0,300.0,45861.4,45899.9,45719.7,45748.0,1896.0
20260708.0,315.0,45756.1,45778.3,45630.5,45665.9,1756.0
20260708.0,330.0,45661.9,45665.9,45482.7,45649.7,2948.0
20260708.0,345.0,45653.8,45772.2,45653.8,45681.1,1546.0
20260708.0,400.0,45673.0,45855.3,45665.0,45850.3,1074.0
20260708.0,415.0,45851.3,45904.9,45794.6,45888.8,774.0
20260708.0,430.0,45885.7,45903.9,45831.1,45843.2,330.0
20260708.0,445.0,45843.2,45894.8,45843.2,45879.7,188.0
20260708.0,500.0,45881.7,45894.8,45787.5,45789.5,432.0
20260708.0,900.0,46193.7,46490.4,46157.2,46490.4,14120.0
20260708.0,915.0,46488.4,46552.2,46187.6,46414.5,16740.0
20260708.0,930.0,46414.5,46430.6,46045.8,46086.3,11296.0
20260708.0,945.0,46080.2,46148.0,45859.5,46083.2,11832.0
20260708.0,1000.0,46082.2,46305.0,46033.7,46061.0,8228.0
20260708.0,1015.0,46061.0,46073.1,45823.0,45982.0,8006.0
20260708.0,1030.0,45974.9,46328.3,45959.7,46203.8,7622.0
20260708.0,1045.0,46210.9,46272.6,46011.4,46250.4,4714.0
20260708.0,1100.0,46244.3,46402.3,46149.1,46258.5,8524.0
20260708.0,1115.0,46261.5,46368.8,46259.5,46337.5,4320.0
20260708.0,1130.0,46329.4,46538.0,46321.3,46480.3,5462.0
20260708.0,1145.0,46473.2,46550.1,46276.8,46298.0,4314.0
20260708.0,1200.0,46301.0,46317.2,46092.4,46095.4,4100.0
20260708.0,1215.0,46096.4,46160.2,46043.8,46063.0,3774.0
20260708.0,1230.0,46069.1,46175.4,46024.6,46127.8,3916.0
20260708.0,1245.0,46125.8,46163.2,45938.5,46061.0,5334.0
20260708.0,1300.0,46054.9,46136.9,45961.8,46100.5,4382.0
20260708.0,1315.0,46100.5,46248.3,46029.6,46191.6,6134.0
20260708.0,1330.0,46191.6,46291.9,46126.9,46242.3,6588.0
20260708.0,1345.0,46243.3,46290.8,46117.7,46151.1,13244.0
20260708.0,1515.0,46043.7,46103.5,45890.9,45973.9,3062.0
20260708.0,1530.0,45967.8,46344.5,45932.4,46254.4,5972.0
20260708.0,1545.0,46247.3,46333.4,46212.9,46277.7,1900.0
20260708.0,1600.0,46281.8,46325.3,46263.6,46293.9,1096.0
20260708.0,1615.0,46287.9,46372.9,46211.9,46369.9,2142.0
20260708.0,1630.0,46367.9,46380.0,45613.3,45668.0,7988.0
20260708.0,1645.0,45665.9,45696.3,45270.0,45407.7,7168.0
20260708.0,1700.0,45424.9,45536.2,45305.4,45319.5,4110.0
20260708.0,1715.0,45319.5,45377.2,45163.6,45169.6,4308.0
20260708.0,1730.0,45171.7,45299.2,45149.4,45265.9,2462.0
20260708.0,1745.0,45254.7,45438.0,45249.7,45383.3,2996.0
20260708.0,1800.0,45383.3,45438.0,45319.6,45329.7,1326.0
20260708.0,1815.0,45340.8,45387.3,45287.2,45366.1,1454.0
20260708.0,1830.0,45370.2,45506.9,45350.0,45498.8,1884.0
20260708.0,1845.0,45493.8,45596.0,45477.6,45572.8,2568.0
20260708.0,1900.0,45570.7,45575.7,45497.9,45506.9,902.0
20260708.0,1915.0,45506.9,45539.3,45440.1,45524.1,1218.0
20260708.0,1930.0,45515.0,45549.4,45451.3,45457.3,586.0
20260708.0,1945.0,45454.2,45795.5,45419.9,45748.0,3566.0
20260708.0,2000.0,45744.9,45788.5,45638.6,45731.8,2750.0
20260708.0,2015.0,45730.8,45846.2,45655.9,45822.9,1758.0
20260708.0,2030.0,45812.8,45851.2,45760.2,45808.8,1102.0
20260708.0,2045.0,45802.7,45872.5,45772.3,45866.5,1058.0
20260708.0,2100.0,45868.5,45930.3,45759.2,45761.2,2390.0
20260708.0,2115.0,45764.2,45917.1,45744.0,45885.7,1554.0
20260708.0,2130.0,45881.7,45892.8,45731.8,45832.1,1702.0
20260708.0,2145.0,45829.0,46207.8,45829.1,46149.1,9836.0
20260708.0,2200.0,46144.0,46261.5,46038.7,46175.4,5684.0
20260708.0,2215.0,46167.3,46211.8,45959.7,46023.5,4036.0
20260708.0,2230.0,46016.4,46206.8,45949.6,46119.7,4544.0
20260708.0,2245.0,46107.6,46167.3,45949.6,46025.5,3358.0
20260708.0,2300.0,46029.6,46098.4,45844.3,46022.5,4094.0
20260708.0,2315.0,46027.5,46040.7,45843.2,45853.3,2482.0
20260708.0,2330.0,45858.4,45899.9,45666.0,45707.5,3672.0
20260708.0,2345.0,45708.5,45941.4,45681.2,45872.6,3742.0
20260709.0,0.0,45871.6,45895.8,45770.3,45849.3,1920.0
20260709.0,15.0,45850.3,46089.3,45841.2,46073.1,3226.0
20260709.0,30.0,46076.2,46198.7,46026.6,46146.0,3228.0
20260709.0,45.0,46133.9,46317.2,46096.5,46283.8,5014.0
20260709.0,100.0,46282.8,46431.6,46251.4,46422.6,3624.0
20260709.0,115.0,46424.6,46465.1,46344.6,46353.7,2044.0
20260709.0,130.0,46352.7,46529.9,46343.6,46524.9,2000.0
20260709.0,145.0,46524.9,46537.0,46378.0,46382.1,1990.0
20260709.0,200.0,46382.1,46395.2,46240.3,46324.3,1526.0
20260709.0,215.0,46326.3,46486.3,46312.2,46457.0,1816.0
20260709.0,230.0,46449.9,46473.2,46411.5,46419.5,674.0
20260709.0,245.0,46414.5,46450.9,46334.5,46438.8,884.0
20260709.0,300.0,46442.8,46475.2,46411.5,46467.1,426.0
20260709.0,315.0,46468.1,46532.9,46416.5,46461.1,710.0
20260709.0,330.0,46465.1,46486.3,46429.7,46480.3,494.0
20260709.0,345.0,46465.1,46493.4,46357.8,46420.5,738.0
20260709.0,400.0,46421.6,46576.5,46339.6,46530.9,1344.0
20260709.0,415.0,46523.9,46537.0,46368.9,46407.4,1344.0
20260709.0,430.0,46397.2,46401.2,46241.3,46279.7,808.0
20260709.0,445.0,46270.6,46304.0,46164.3,46300.0,822.0
20260709.0,500.0,46283.8,46335.4,46239.3,46316.2,518.0
20260709.0,900.0,46600.8,46654.5,46368.9,46401.3,10036.0
20260709.0,915.0,46409.4,46483.3,46197.8,46320.3,10918.0
20260709.0,930.0,46326.3,46469.1,46266.6,46438.8,5698.0
20260709.0,945.0,46440.8,46688.9,46336.5,46674.8,8768.0
20260709.0,1000.0,46674.8,46752.7,46212.9,46258.5,12966.0
20260709.0,1015.0,46254.4,46594.7,46167.4,46582.6,9502.0
20260709.0,1030.0,46580.6,46701.1,46488.5,46513.7,6440.0
20260709.0,1045.0,46511.7,46571.4,46174.5,46178.5,7330.0
20260709.0,1100.0,46183.5,46192.6,46018.5,46055.9,10186.0
20260709.0,1115.0,46066.0,46116.6,45931.4,45961.7,7156.0
20260709.0,1130.0,45960.7,46237.2,45915.2,46217.0,6734.0
20260709.0,1145.0,46219.0,46355.7,46187.6,46355.7,6256.0
20260709.0,1200.0,46352.7,46497.5,46348.7,46431.7,6308.0
20260709.0,1215.0,46431.7,46521.8,46415.5,46415.5,4210.0
20260709.0,1230.0,46415.5,46451.9,46203.8,46214.9,6000.0
20260709.0,1245.0,46215.9,46420.5,46208.9,46366.9,4342.0
20260709.0,1300.0,46366.9,46415.4,46293.0,46352.7,3130.0
20260709.0,1315.0,46352.7,46396.2,46179.5,46293.9,6788.0
20260709.0,1330.0,46297.0,46304.0,46079.2,46084.3,6992.0
20260709.0,1345.0,46090.3,46285.8,45972.9,46266.6,12972.0
20260709.0,1515.0,46390.2,46553.2,46375.0,46430.7,4608.0
20260709.0,1530.0,46434.7,46516.7,46381.1,46471.2,2276.0
20260709.0,1545.0,46471.2,46537.0,46427.7,46533.0,1896.0
20260709.0,1600.0,46536.0,46547.1,46435.8,46458.0,1478.0
20260709.0,1615.0,46458.0,46625.1,46428.7,46560.3,2620.0
20260709.0,1630.0,46558.3,46637.2,46538.1,46548.2,1224.0
20260709.0,1645.0,46550.2,46564.3,46472.2,46514.7,1258.0
20260709.0,1700.0,46521.8,46523.8,46451.0,46490.4,702.0
20260709.0,1715.0,46492.5,46559.3,46467.2,46488.4,1332.0
20260709.0,1730.0,46494.5,46529.9,46453.0,46516.8,830.0
20260709.0,1745.0,46508.7,46539.0,46394.3,46402.3,1398.0
20260709.0,1800.0,46410.4,46486.3,46408.4,46463.1,564.0
20260709.0,1815.0,46471.2,46506.6,46440.8,46457.0,470.0
20260709.0,1830.0,46470.2,46516.7,46436.8,46483.3,396.0
20260709.0,1845.0,46475.2,46485.3,46427.7,46467.1,506.0
20260709.0,1900.0,46468.1,46468.1,46289.9,46436.7,2856.0
20260709.0,1915.0,46435.7,46483.3,46388.2,46428.6,1046.0
20260709.0,1930.0,46425.6,46483.3,46382.1,46474.2,820.0
20260709.0,1945.0,46476.2,46603.8,46443.9,46574.5,1704.0
20260709.0,2000.0,46572.5,46673.7,46550.2,46648.4,2174.0
20260709.0,2015.0,46646.4,46706.1,46579.6,46593.7,3088.0
20260709.0,2030.0,46593.7,46688.9,46584.7,46689.0,1544.0
20260709.0,2045.0,46690.0,46801.3,46685.0,46720.4,3080.0
20260709.0,2100.0,46720.4,46749.7,46663.7,46735.5,1208.0
20260709.0,2115.0,46739.6,46815.5,46734.6,46790.2,2756.0
20260709.0,2130.0,46792.3,46870.2,46750.8,46856.1,2258.0
20260709.0,2145.0,46859.1,47029.2,46805.5,46981.7,8478.0
20260709.0,2200.0,46975.6,47027.2,46853.1,46980.7,4278.0
20260709.0,2215.0,46986.7,47072.8,46880.4,46906.7,3426.0
20260709.0,2230.0,46906.7,46906.7,46736.6,46871.3,6970.0
20260709.0,2245.0,46870.3,46957.3,46805.5,46943.2,2468.0
20260709.0,2300.0,46937.1,46990.7,46888.5,46927.0,2172.0
20260709.0,2315.0,46925.0,47021.1,46891.6,47009.0,1930.0
20260709.0,2330.0,47007.0,47033.3,46939.2,46977.6,1528.0
20260709.0,2345.0,46967.5,47042.4,46967.5,47012.1,972.0
20260710.0,0.0,47012.1,47034.3,46991.9,47005.0,748.0
20260710.0,15.0,47011.1,47094.1,47011.1,47042.5,2162.0
20260710.0,30.0,47040.4,47061.6,46963.5,46975.6,1114.0
20260710.0,45.0,46977.6,47013.0,46931.1,46995.9,1238.0
20260710.0,100.0,46992.8,47020.1,46979.7,47001.9,512.0
20260710.0,115.0,46997.9,47075.8,46993.9,47057.6,914.0
20260710.0,130.0,47057.6,47070.8,47041.5,47049.5,400.0
20260710.0,145.0,47053.6,47066.7,47034.4,47042.5,306.0
20260710.0,200.0,47038.4,47058.6,46986.8,47020.2,612.0
20260710.0,215.0,47025.2,47036.3,46993.9,47025.2,288.0
20260710.0,230.0,47019.2,47025.2,46947.3,46981.7,650.0
20260710.0,245.0,46997.9,47013.0,46974.6,47002.9,346.0
20260710.0,300.0,47002.9,47005.9,46975.7,46996.9,264.0
20260710.0,315.0,46998.9,47009.0,46900.7,46917.9,844.0
20260710.0,330.0,46912.8,46967.4,46884.5,46920.9,618.0
20260710.0,345.0,46918.9,46918.8,46846.0,46871.3,746.0
20260710.0,400.0,46876.3,46886.4,46767.0,46812.5,1342.0
20260710.0,415.0,46821.6,46877.3,46790.3,46876.3,748.0
20260710.0,430.0,46876.3,46909.7,46853.1,46853.0,356.0
20260710.0,445.0,46857.1,46876.3,46829.8,46846.0,352.0
20260710.0,500.0,46846.0,46877.3,46784.2,46877.4,670.0
20260713.0,900.0,46817.6,46975.6,46584.7,46678.8,11956.0
20260713.0,915.0,46673.8,46925.9,46573.5,46706.2,19940.0
20260713.0,930.0,46706.2,46886.4,46449.0,46539.0,13812.0
20260713.0,945.0,46542.1,46765.9,46404.4,46423.6,13228.0
20260713.0,1000.0,46429.7,46431.6,46177.5,46375.0,19780.0
20260713.0,1015.0,46376.0,46444.8,46271.7,46348.6,11322.0
20260713.0,1030.0,46348.6,46671.7,46320.3,46624.1,13090.0
20260713.0,1045.0,46624.1,46626.1,46440.8,46514.7,15882.0
20260713.0,1100.0,46510.7,46521.8,46405.4,46460.0,19492.0
20260713.0,1115.0,46460.0,46475.2,46263.6,46312.2,15542.0
20260713.0,1130.0,46312.2,46394.2,46251.4,46341.5,11240.0
20260713.0,1145.0,46338.5,46369.8,46138.0,46174.4,16076.0
20260713.0,1200.0,46174.4,46210.8,46057.0,46100.5,16010.0
20260713.0,1215.0,46098.4,46103.5,45834.1,45934.4,11976.0
20260713.0,1230.0,45937.4,46070.0,45902.0,46057.9,12890.0
20260713.0,1245.0,46060.0,46091.3,45959.7,46034.6,19034.0
20260713.0,1300.0,46034.6,46121.7,45971.9,46064.0,11736.0
20260713.0,1315.0,46064.0,46402.3,46019.5,46392.2,13772.0
20260713.0,1330.0,46389.1,46407.3,46030.6,46032.6,31602.0
20260713.0,1345.0,46031.6,46260.5,45985.0,46204.8,17732.0
20260713.0,1515.0,46120.7,46274.6,46116.7,46267.6,2096.0
20260713.0,1530.0,46263.5,46285.8,46186.6,46248.4,1178.0
20260713.0,1545.0,46252.4,46256.4,46139.0,46220.0,1176.0
20260713.0,1600.0,46223.0,46234.1,46181.5,46215.9,572.0
20260713.0,1615.0,46223.0,46354.7,46204.8,46319.3,2230.0
20260713.0,1630.0,46328.4,46380.0,46314.2,46317.2,1006.0
20260713.0,1645.0,46326.3,46400.2,46309.2,46390.2,956.0
20260713.0,1700.0,46385.1,46459.0,46357.8,46456.0,1398.0
20260713.0,1715.0,46457.0,46479.2,46365.9,46390.2,1334.0
20260713.0,1730.0,46393.2,46428.6,46374.0,46383.1,678.0
20260713.0,1745.0,46382.1,46420.5,46351.7,46395.2,630.0
20260713.0,1800.0,46394.2,46395.2,46327.4,46385.1,600.0
20260713.0,1815.0,46385.1,46411.4,46294.0,46308.1,942.0
20260713.0,1830.0,46310.1,46349.6,46278.8,46294.9,540.0
20260713.0,1845.0,46294.9,46334.4,46283.9,46292.9,506.0
20260713.0,1900.0,46290.9,46350.6,46290.9,46344.6,396.0
20260713.0,1915.0,46348.6,46434.7,46326.4,46372.9,1188.0
20260713.0,1930.0,46376.0,46390.1,46303.1,46371.9,694.0
20260713.0,1945.0,46361.8,46414.4,46354.8,46375.0,422.0
20260713.0,2000.0,46369.9,46374.9,46263.6,46272.7,828.0
20260713.0,2015.0,46278.7,46331.4,46205.9,46257.5,1528.0
20260713.0,2030.0,46263.5,46284.8,46202.8,46221.0,866.0
20260713.0,2045.0,46217.0,46242.2,46169.4,46229.1,1056.0
20260713.0,2100.0,46231.1,46325.3,46228.1,46315.2,1034.0
20260713.0,2115.0,46310.1,46337.4,46289.9,46306.1,642.0
20260713.0,2130.0,46302.0,46377.9,46278.8,46358.8,966.0
20260713.0,2145.0,46361.8,46386.1,45987.1,46017.4,7170.0
20260713.0,2200.0,46023.5,46196.6,45954.7,46158.2,5712.0
20260713.0,2215.0,46152.1,46222.0,46040.8,46176.4,3790.0
20260713.0,2230.0,46184.5,46302.0,45856.4,46291.9,7988.0
20260713.0,2245.0,46289.9,46333.4,46158.3,46186.6,3554.0
20260713.0,2300.0,46186.6,46276.7,46116.7,46269.6,2752.0
20260713.0,2315.0,46275.7,46333.4,46172.4,46206.8,2846.0
20260713.0,2330.0,46188.6,46268.6,46172.4,46215.9,1132.0
20260713.0,2345.0,46212.9,46239.2,46118.8,46119.7,1442.0
20260714.0,0.0,46127.8,46138.9,46048.9,46073.1,1750.0
20260714.0,15.0,46073.1,46123.7,46018.5,46051.9,1842.0
20260714.0,30.0,46053.9,46055.9,45951.6,45989.1,1790.0
20260714.0,45.0,45987.0,45988.0,45755.1,45893.8,4408.0
20260714.0,100.0,45890.8,45925.2,45772.3,45880.7,2048.0
20260714.0,115.0,45885.7,46015.3,45875.7,45966.8,1466.0
20260714.0,130.0,45965.8,45972.8,45882.7,45911.1,794.0
20260714.0,145.0,45916.1,45974.8,45880.7,45937.4,680.0
20260714.0,200.0,45944.5,45953.6,45827.0,45843.2,890.0
20260714.0,215.0,45841.2,45955.6,45817.9,45918.1,964.0
20260714.0,230.0,45920.2,45922.2,45824.0,45831.0,582.0
20260714.0,245.0,45822.9,45861.4,45784.5,45841.2,868.0
20260714.0,300.0,45840.2,45886.7,45812.9,45837.1,610.0
20260714.0,315.0,45844.2,45918.1,45792.6,45830.0,892.0
20260714.0,330.0,45814.8,45818.8,45704.5,45722.7,1722.0
20260714.0,345.0,45739.9,45813.8,45723.7,45802.7,1130.0
20260714.0,400.0,45796.6,45817.8,45756.1,45760.1,712.0
20260714.0,415.0,45755.1,45770.2,45681.2,45681.1,870.0
20260714.0,430.0,45681.1,45705.4,45628.5,45697.3,826.0
20260714.0,445.0,45687.2,45701.3,45646.7,45649.7,276.0
20260714.0,500.0,45647.7,45657.8,45612.3,45638.6,816.0
20260714.0,900.0,45626.4,45999.1,45626.5,45905.0,11412.0
20260714.0,915.0,45905.0,46049.8,45359.1,45382.3,20986.0
20260714.0,930.0,45394.5,45747.9,45296.3,45623.4,17536.0
20260714.0,945.0,45628.5,45651.7,45213.2,45371.2,16192.0
20260714.0,1000.0,45372.2,45420.8,45002.6,45118.0,19674.0
20260714.0,1015.0,45119.0,45199.0,44920.5,44924.5,15392.0
20260714.0,1030.0,44924.5,44933.6,44683.5,44782.7,17986.0
20260714.0,1045.0,44782.7,45003.5,44642.0,44876.9,16064.0
20260714.0,1100.0,44876.9,44955.9,44658.2,44747.3,17920.0
20260714.0,1115.0,44755.4,44777.6,44525.5,44555.8,13636.0
20260714.0,1130.0,44555.8,44735.0,44417.1,44728.0,11808.0
20260714.0,1145.0,44725.0,44785.7,44602.5,44662.2,14812.0
20260714.0,1200.0,44658.1,44997.4,44648.0,44985.3,16222.0
20260714.0,1215.0,44989.3,45035.9,44756.4,44818.2,15254.0
20260714.0,1230.0,44820.2,45014.6,44728.1,44969.1,18260.0
20260714.0,1245.0,44969.1,45173.6,44941.8,45124.0,17476.0
20260714.0,1300.0,45113.9,45271.9,45099.8,45246.6,16826.0
20260714.0,1315.0,45246.6,45376.2,45160.6,45350.9,15076.0
20260714.0,1330.0,45350.9,45489.6,45326.7,45385.4,18786.0
20260714.0,1345.0,45383.3,45473.4,45339.8,45392.5,18484.0
20260714.0,1515.0,45355.0,45445.1,45258.8,45386.4,2526.0
20260714.0,1530.0,45380.3,45417.7,45322.6,45328.7,1120.0
20260714.0,1545.0,45326.6,45326.6,45225.4,45253.7,1162.0
20260714.0,1600.0,45263.8,45330.6,45223.4,45317.5,764.0
20260714.0,1615.0,45322.6,45397.5,45260.8,45336.8,1298.0
20260714.0,1630.0,45347.9,45421.8,45344.9,45403.6,1186.0
20260714.0,1645.0,45398.5,45432.9,45377.3,45403.6,716.0
20260714.0,1700.0,45392.5,45392.4,45317.6,45350.9,682.0
20260714.0,1715.0,45347.9,45458.2,45314.5,45435.0,1016.0
20260714.0,1730.0,45428.9,45435.0,45374.3,45386.4,542.0
20260714.0,1745.0,45385.4,45432.9,45385.4,45397.5,398.0
20260714.0,1800.0,45388.4,45452.2,45383.4,45405.6,508.0
20260714.0,1815.0,45407.7,45428.9,45374.3,45384.4,430.0
20260714.0,1830.0,45388.4,45400.5,45338.8,45398.5,478.0
20260714.0,1845.0,45389.4,45443.1,45345.9,45398.5,880.0
20260714.0,1900.0,45395.5,45415.7,45370.2,45402.6,650.0
20260714.0,1915.0,45406.6,45475.5,45331.7,45468.4,1814.0
20260714.0,1930.0,45467.4,45573.7,45456.3,45529.2,1792.0
20260714.0,1945.0,45533.3,45593.0,45502.9,45504.9,1050.0
20260714.0,2000.0,45511.0,45572.7,45504.9,45555.5,552.0
20260714.0,2015.0,45542.4,45555.5,45462.4,45478.6,856.0
20260714.0,2030.0,45484.6,45727.7,45476.6,45713.5,2362.0
20260714.0,2045.0,45716.6,45934.3,45710.6,45886.7,6308.0
20260714.0,2100.0,45890.8,45895.8,45793.6,45812.8,1562.0
20260714.0,2115.0,45821.9,45868.5,45783.5,45838.1,1212.0
20260714.0,2130.0,45840.2,45908.0,45801.7,45865.5,1128.0
20260714.0,2145.0,45865.5,45909.0,45622.4,45689.2,4838.0
20260714.0,2200.0,45698.4,45795.5,45672.1,45774.3,2640.0
20260714.0,2215.0,45768.2,45805.7,45556.6,45582.9,3462.0
20260714.0,2230.0,45581.9,45690.2,45413.8,45643.7,4278.0
20260714.0,2245.0,45643.7,45801.6,45598.1,45711.5,3006.0
20260714.0,2300.0,45711.5,45783.4,45630.5,45755.1,1788.0
20260714.0,2315.0,45756.1,45892.8,45733.9,45845.2,3116.0
20260714.0,2330.0,45848.3,45901.9,45786.5,45832.1,2078.0
20260714.0,2345.0,45833.1,45853.3,45697.4,45767.2,1874.0
20260715.0,0.0,45771.3,45790.5,45681.2,45708.5,1056.0
20260715.0,15.0,45706.5,45716.5,45633.6,45692.3,1674.0
20260715.0,30.0,45686.2,45751.0,45646.7,45741.9,910.0
20260715.0,45.0,45741.9,45765.2,45710.6,45753.0,650.0
20260715.0,100.0,45751.0,45774.3,45708.5,45769.3,540.0
20260715.0,115.0,45772.3,45788.5,45738.9,45747.0,368.0
20260715.0,130.0,45741.9,45766.2,45709.5,45750.0,446.0
20260715.0,145.0,45752.0,45758.1,45709.5,45721.6,372.0
20260715.0,200.0,45721.6,45778.3,45704.5,45759.1,312.0
20260715.0,215.0,45760.1,45800.6,45743.0,45794.6,302.0
20260715.0,230.0,45794.6,45812.8,45784.5,45794.6,198.0
20260715.0,245.0,45799.6,45809.7,45707.5,45735.8,566.0
20260715.0,300.0,45727.7,45769.2,45711.6,45735.8,222.0
20260715.0,315.0,45750.0,45758.1,45676.1,45731.8,278.0
20260715.0,330.0,45714.6,45757.1,45701.4,45707.5,264.0
20260715.0,345.0,45702.4,45726.7,45660.9,45726.7,392.0
20260715.0,400.0,45713.5,45755.0,45708.5,45724.7,324.0
20260715.0,415.0,45738.9,45739.8,45652.8,45700.4,594.0
20260715.0,430.0,45700.4,45700.3,45669.0,45681.1,58.0
20260715.0,445.0,45681.1,45681.1,45620.4,45636.6,350.0
20260715.0,500.0,45630.5,45641.6,45530.3,45595.0,556.0
20260715.0,900.0,45937.4,45969.8,45754.1,45848.3,5820.0
20260715.0,915.0,45848.3,45900.9,45613.3,45754.1,6120.0
20260715.0,930.0,45742.9,46035.6,45711.6,46004.2,6464.0
20260715.0,945.0,46011.3,46091.3,45776.4,45794.6,6572.0
20260715.0,1000.0,45797.6,46066.0,45776.4,46066.0,4726.0
20260715.0,1015.0,46063.0,46111.6,46011.4,46032.6,3966.0
20260715.0,1030.0,46032.6,46128.8,45967.8,46013.4,3526.0
20260715.0,1045.0,46016.4,46119.7,45998.2,46076.2,2344.0
20260715.0,1100.0,46081.2,46150.1,46031.6,46057.9,2470.0
20260715.0,1115.0,46057.9,46106.5,45994.2,46084.3,2476.0
20260715.0,1130.0,46081.2,46185.5,46045.8,46157.2,2706.0
20260715.0,1145.0,46160.2,46258.4,46157.2,46221.0,2664.0
20260715.0,1200.0,46221.0,46330.4,46221.1,46280.2,2720.0
20260715.0,1215.0,46281.2,46310.3,46144.7,46192.9,2602.0
20260715.0,1230.0,46194.9,46279.2,46182.9,46187.9,1892.0
20260715.0,1245.0,46183.9,46231.0,46157.8,46182.8,3088.0
20260715.0,1300.0,46183.9,46275.2,46154.8,46261.2,2530.0
20260715.0,1315.0,46265.2,46354.5,46218.0,46291.3,4596.0
20260715.0,1330.0,46287.3,46319.3,46134.7,46161.8,6202.0
20260715.0,1345.0,46156.7,46285.2,46121.7,46235.1,13342.0
20260715.0,1515.0,46305.3,46429.8,46270.2,46415.8,4972.0
20260715.0,1530.0,46417.8,46445.9,46216.0,46284.3,2940.0
20260715.0,1545.0,46284.3,46340.4,46255.2,46338.5,1288.0
20260715.0,1600.0,46339.5,46415.7,46325.5,46374.6,1184.0
20260715.0,1615.0,46379.6,46393.6,46248.2,46267.2,1752.0
20260715.0,1630.0,46267.2,46279.2,46194.9,46271.2,1524.0
20260715.0,1645.0,46273.2,46300.3,46239.1,46299.3,948.0
20260715.0,1700.0,46295.3,46336.4,46286.3,46325.4,912.0
20260715.0,1715.0,46325.4,46335.4,46299.4,46317.4,590.0
20260715.0,1730.0,46316.4,46316.3,46275.3,46278.2,574.0
20260715.0,1745.0,46280.2,46301.3,46230.1,46285.3,1140.0
20260715.0,1800.0,46290.3,46294.2,46223.1,46236.1,810.0
20260715.0,1815.0,46239.1,46263.1,46210.0,46260.2,518.0
20260715.0,1830.0,46257.1,46270.1,46147.8,46160.8,1470.0
20260715.0,1845.0,46158.8,46219.9,46136.7,46161.8,1370.0
20260715.0,1900.0,46156.7,46188.8,46151.8,46176.8,510.0
20260715.0,1915.0,46188.9,46231.0,46123.7,46152.7,1310.0
20260715.0,1930.0,46150.7,46194.8,46149.8,46182.8,450.0
20260715.0,1945.0,46183.9,46233.0,46152.8,46194.9,994.0
20260715.0,2000.0,46197.9,46197.9,46129.7,46142.7,1040.0
20260715.0,2015.0,46151.7,46164.7,46044.3,46081.4,1582.0
20260715.0,2030.0,46083.5,46146.7,46050.4,46143.7,786.0
20260715.0,2045.0,46146.7,46259.1,46131.7,46224.0,2582.0
20260715.0,2100.0,46223.0,46315.3,46214.0,46294.3,1726.0
20260715.0,2115.0,46301.3,46335.4,46220.0,46223.0,1488.0
20260715.0,2130.0,46223.0,46261.1,46205.0,46254.1,1110.0
20260715.0,2145.0,46251.1,46272.2,46000.2,46046.3,5338.0
20260715.0,2200.0,46044.3,46150.7,45990.1,46150.7,4800.0
20260715.0,2215.0,46153.7,46218.9,46045.3,46069.4,3886.0
20260715.0,2230.0,46066.4,46085.4,45825.5,45911.8,6664.0
20260715.0,2245.0,45904.7,45915.7,45688.9,45811.4,6894.0
20260715.0,2300.0,45805.3,45820.3,45729.1,45811.4,3452.0
20260715.0,2315.0,45813.4,45840.4,45747.2,45760.2,2164.0
20260715.0,2330.0,45758.1,45828.4,45637.7,45828.4,4248.0
20260715.0,2345.0,45830.4,45836.4,45740.1,45756.1,1788.0
20260716.0,0.0,45747.1,45756.1,45667.8,45683.9,1944.0
20260716.0,15.0,45682.8,45711.9,45505.2,45520.2,4488.0
20260716.0,30.0,45518.2,45538.2,45436.9,45504.1,2806.0
20260716.0,45.0,45503.1,45532.2,45397.8,45489.1,2678.0
20260716.0,100.0,45491.1,45626.6,45470.0,45576.4,3240.0
20260716.0,115.0,45577.4,45693.8,45574.5,45640.7,1784.0
20260716.0,130.0,45635.7,45816.3,45633.7,45808.4,1964.0
20260716.0,145.0,45814.4,45839.4,45787.3,45808.4,1190.0
20260716.0,200.0,45810.4,45924.8,45787.3,45861.6,1628.0
20260716.0,215.0,45876.6,46009.1,45869.6,45966.0,1624.0
20260716.0,230.0,45962.0,46029.2,45913.8,46010.2,1118.0
20260716.0,245.0,46014.2,46034.2,45918.8,45925.8,698.0
20260716.0,300.0,45921.8,45939.8,45838.5,45863.6,1214.0
20260716.0,315.0,45869.6,45989.0,45864.6,45945.9,806.0
20260716.0,330.0,45949.9,45962.9,45869.6,45947.9,816.0
20260716.0,345.0,45964.0,46064.3,45916.8,46058.4,892.0
20260716.0,400.0,46057.3,46064.3,45968.0,46004.1,616.0
20260716.0,415.0,46004.1,46044.2,45950.0,45999.1,634.0
20260716.0,430.0,45998.1,46059.3,45998.2,46033.3,218.0
20260716.0,445.0,46039.3,46046.3,46024.3,46037.3,108.0
20260716.0,500.0,46035.3,46049.3,45995.1,46001.1,400.0
20260716.0,900.0,45701.9,45794.2,45605.6,45675.8,9868.0
20260716.0,915.0,45675.8,45823.4,45516.2,45676.8,15100.0
20260716.0,930.0,45663.8,45705.9,45411.8,45426.8,9630.0
20260716.0,945.0,45425.8,45650.7,45372.7,45406.7,10992.0
20260716.0,1000.0,45410.8,45733.0,45388.7,45569.4,9298.0
20260716.0,1015.0,45562.4,45568.3,45422.9,45504.1,4670.0
20260716.0,1030.0,45503.1,45844.4,45497.2,45790.3,6930.0
20260716.0,1045.0,45791.3,45956.9,45775.3,45899.7,5560.0
20260716.0,1100.0,45898.7,46128.6,45898.8,46069.4,6074.0
20260716.0,1115.0,46070.4,46202.9,46048.4,46192.9,4850.0
20260716.0,1130.0,46191.9,46212.9,45995.1,46028.2,5008.0
20260716.0,1145.0,46022.2,46179.8,46006.2,46094.5,3400.0
20260716.0,1200.0,46093.5,46277.2,46064.4,46275.2,3916.0
20260716.0,1215.0,46277.2,46309.3,46171.9,46274.2,3970.0
20260716.0,1230.0,46273.2,46273.2,46064.4,46097.5,3668.0
20260716.0,1245.0,46093.5,46128.6,46014.2,46014.2,3460.0
20260716.0,1300.0,46013.2,46094.4,45994.1,46054.3,3464.0
20260716.0,1315.0,46057.3,46138.6,46008.2,46134.7,3830.0
20260716.0,1330.0,46137.7,46254.1,46106.6,46243.1,5554.0
20260716.0,1345.0,46242.1,46433.8,45723.1,45883.7,20124.0
20260716.0,1515.0,45632.6,45632.6,45187.9,45198.9,8854.0
20260716.0,1530.0,45197.9,45387.6,45080.5,45329.4,3858.0
20260716.0,1545.0,45321.4,45371.6,45203.0,45202.9,2316.0
20260716.0,1600.0,45203.9,45213.9,45087.5,45137.7,2688.0
20260716.0,1615.0,45130.6,45137.6,44929.9,44952.9,4410.0
20260716.0,1630.0,44960.0,45093.4,44899.8,45058.3,3824.0
20260716.0,1645.0,45062.4,45135.6,45005.2,45020.2,1970.0
20260716.0,1700.0,45024.2,45172.8,45015.2,45167.8,1582.0
20260716.0,1715.0,45171.8,45276.2,45165.8,45239.1,2470.0
20260716.0,1730.0,45243.1,45266.1,45136.7,45145.7,1688.0
20260716.0,1745.0,45143.7,45166.7,44953.0,44956.9,2338.0
20260716.0,1800.0,44956.9,44976.0,44755.2,44829.4,5066.0
20260716.0,1815.0,44822.4,45004.1,44795.3,44924.8,2614.0
20260716.0,1830.0,44919.8,44941.8,44825.5,44919.8,1330.0
20260716.0,1845.0,44916.8,44979.0,44864.6,44894.7,1054.0
20260716.0,1900.0,44913.8,44928.8,44823.5,44884.7,1170.0
20260716.0,1915.0,44888.7,44891.6,44729.1,44775.2,2310.0
20260716.0,1930.0,44777.2,44884.6,44683.9,44805.3,2234.0
20260716.0,1945.0,44814.4,44842.4,44734.1,44805.3,1182.0
20260716.0,2000.0,44802.3,44832.4,44669.8,44822.4,2600.0
20260716.0,2015.0,44828.4,44862.5,44704.0,44763.2,1508.0
20260716.0,2030.0,44763.2,44814.3,44676.9,44793.3,1742.0
20260716.0,2045.0,44793.3,44811.3,44642.7,44682.8,2014.0
20260716.0,2100.0,44679.8,44731.0,44643.7,44694.9,1060.0
20260716.0,2115.0,44691.9,44856.5,44684.9,44845.5,2010.0
20260716.0,2130.0,44838.5,44922.8,44803.4,44875.6,2208.0
20260716.0,2145.0,44871.6,45080.4,44729.1,44758.1,8772.0
20260716.0,2200.0,44763.2,44968.9,44704.0,44913.8,4854.0
20260716.0,2215.0,44897.7,45127.6,44894.7,45055.3,4794.0
20260716.0,2230.0,45045.3,45096.5,44919.8,45087.5,2856.0
20260716.0,2245.0,45080.4,45124.6,44977.1,45012.2,2208.0
20260716.0,2300.0,45002.1,45068.3,44887.7,45019.2,2388.0
20260716.0,2315.0,45019.2,45063.3,44877.7,44917.8,1826.0
20260716.0,2330.0,44919.8,45083.4,44884.7,45024.2,1842.0
20260716.0,2345.0,45022.2,45104.5,44950.0,44990.1,2060.0
20260717.0,0.0,44983.0,45056.3,44938.9,44969.0,1396.0
20260717.0,15.0,44956.9,44965.9,44765.2,44782.2,2352.0
20260717.0,30.0,44775.2,44834.4,44735.1,44794.3,1604.0
20260717.0,45.0,44804.3,44854.5,44773.3,44773.2,710.0
20260717.0,100.0,44775.2,44872.6,44699.0,44857.5,1696.0
20260717.0,115.0,44854.5,44854.5,44755.2,44765.2,1050.0
20260717.0,130.0,44764.2,44865.5,44745.1,44845.5,556.0
20260717.0,145.0,44843.5,44856.5,44737.1,44742.1,700.0
20260717.0,200.0,44753.1,44812.3,44709.0,44770.2,804.0
20260717.0,215.0,44770.2,44835.4,44722.1,44779.2,918.0
20260717.0,230.0,44774.2,44905.7,44749.2,44852.5,976.0
20260717.0,245.0,44843.5,44843.4,44753.2,44832.4,792.0
20260717.0,300.0,44829.4,44850.5,44789.3,44801.3,280.0
20260717.0,315.0,44791.3,44887.6,44790.3,44814.4,564.0
20260717.0,330.0,44820.4,44822.4,44741.1,44798.3,500.0
20260717.0,345.0,44779.2,44816.3,44718.0,44760.2,520.0
20260717.0,400.0,44756.1,44960.9,44719.0,44941.9,1048.0
20260717.0,415.0,44948.9,44961.9,44884.7,44886.7,450.0
20260717.0,430.0,44888.7,44899.7,44864.6,44872.6,242.0
20260717.0,445.0,44871.6,44873.6,44843.5,44848.5,340.0
20260717.0,500.0,44848.5,44894.6,44841.5,44894.7,370.0
20260717.0,900.0,44427.8,44585.4,44222.1,44387.7,12708.0
20260717.0,915.0,44387.7,44690.8,44314.4,44626.6,18068.0
20260717.0,930.0,44624.6,44665.7,44387.7,44387.7,8392.0
20260717.0,945.0,44393.7,44416.7,44125.7,44215.0,14214.0
20260717.0,1000.0,44220.0,44336.4,44088.5,44237.1,9572.0
20260717.0,1015.0,44243.1,44257.1,44072.5,44142.7,6940.0
20260717.0,1030.0,44138.7,44175.8,44056.4,44105.5,5632.0
20260717.0,1045.0,44103.5,44109.5,44001.2,44061.4,5196.0
20260717.0,1100.0,44068.4,44115.5,43898.8,43989.1,7156.0
20260717.0,1115.0,43988.1,44237.0,43983.1,44051.3,8518.0
20260717.0,1130.0,44056.3,44224.0,44040.3,44185.9,5058.0
20260717.0,1145.0,44187.9,44193.8,43879.7,43886.7,6796.0
20260717.0,1200.0,43891.7,43899.7,43678.9,43678.8,7650.0
20260717.0,1215.0,43678.8,43725.0,43579.5,43664.8,7278.0
20260717.0,1230.0,43660.8,43712.9,43428.9,43479.0,9152.0
20260717.0,1245.0,43477.0,43505.1,43327.5,43447.9,8148.0
20260717.0,1300.0,43446.9,43531.2,43306.4,43309.3,8574.0
20260717.0,1315.0,43307.3,43358.5,43172.9,43347.5,9678.0
20260717.0,1330.0,43351.5,43420.7,43012.2,43015.2,14570.0
20260717.0,1345.0,43015.2,43102.5,42698.0,42896.7,33724.0
20260717.0,1515.0,42871.6,43172.8,42871.6,43100.5,5992.0
20260717.0,1530.0,43107.5,43168.7,42981.1,43122.6,2678.0
20260717.0,1545.0,43124.6,43148.7,42911.8,43002.1,2368.0
20260717.0,1600.0,43007.1,43009.1,42879.7,42886.7,1806.0
20260717.0,1615.0,42891.7,43062.3,42733.1,42812.4,3202.0
20260717.0,1630.0,42814.4,42820.3,42398.8,42520.2,5526.0
20260717.0,1645.0,42522.2,42602.5,42342.5,42476.0,3802.0
20260717.0,1700.0,42465.0,42692.8,42418.8,42604.5,3042.0
20260717.0,1715.0,42604.5,42837.4,42589.5,42816.4,3102.0
20260717.0,1730.0,42812.4,42937.8,42715.0,42931.8,2740.0
20260717.0,1745.0,42937.9,42982.0,42821.4,42853.5,2096.0
20260717.0,1800.0,42857.5,42967.9,42851.6,42919.8,1548.0
20260717.0,1815.0,42918.8,43132.6,42880.7,43117.6,3038.0
20260717.0,1830.0,43116.6,43160.7,42988.1,43111.6,2282.0
20260717.0,1845.0,43108.5,43217.9,43079.5,43176.8,2744.0
20260717.0,1900.0,43176.8,43199.9,43093.5,43130.6,1156.0
20260717.0,1915.0,43136.7,43206.9,43018.2,43077.4,1972.0
20260717.0,1930.0,43074.4,43130.6,42993.1,43121.6,1056.0
20260717.0,1945.0,43121.6,43136.6,43027.3,43051.3,862.0
20260717.0,2000.0,43045.3,43201.9,43013.2,43143.7,1324.0
20260717.0,2015.0,43143.7,43193.8,43026.3,43061.4,1250.0
20260717.0,2030.0,43071.4,43113.5,42993.1,43044.3,938.0
20260717.0,2045.0,43038.3,43088.4,43005.2,43072.4,608.0
20260717.0,2100.0,43059.3,43104.5,42935.9,43042.3,1362.0
20260717.0,2115.0,43044.3,43062.3,42895.7,42909.7,1666.0
20260717.0,2130.0,42905.7,43059.3,42882.7,42923.8,1956.0
20260717.0,2145.0,42932.8,43033.2,42686.9,42736.1,7048.0
20260717.0,2200.0,42740.1,43257.1,42729.1,43219.0,6350.0
20260717.0,2215.0,43220.0,43528.2,43198.0,43422.8,8206.0
20260717.0,2230.0,43425.8,43570.3,43399.8,43485.1,4402.0
20260717.0,2245.0,43477.0,43613.5,43356.6,43545.3,4742.0
20260717.0,2300.0,43543.3,43588.4,43431.9,43441.9,2640.0
20260717.0,2315.0,43453.9,43464.9,43311.4,43412.8,3626.0
20260717.0,2330.0,43408.7,43525.2,43374.7,43491.1,2758.0
20260717.0,2345.0,43494.1,43686.8,43415.8,43558.3,4698.0
20260718.0,0.0,43554.3,43764.1,43549.4,43731.0,3522.0
20260718.0,15.0,43735.1,43818.3,43637.7,43812.4,4768.0
20260718.0,30.0,43813.4,43863.5,43675.9,43759.1,3250.0
20260718.0,45.0,43755.1,43820.3,43722.0,43820.4,1456.0
20260718.0,100.0,43821.4,43899.7,43804.4,43850.5,2088.0
20260718.0,115.0,43843.5,43946.8,43834.5,43860.6,2056.0
20260718.0,130.0,43855.5,43921.7,43842.5,43899.7,1160.0
20260718.0,145.0,43902.7,43907.7,43721.0,43744.1,1492.0
20260718.0,200.0,43739.1,43794.2,43647.8,43662.8,1464.0
20260718.0,215.0,43668.8,43732.0,43626.7,43670.8,1064.0
20260718.0,230.0,43690.9,43733.0,43615.6,43733.0,778.0
20260718.0,245.0,43720.0,43766.1,43614.6,43639.7,1012.0
20260718.0,300.0,43639.7,43755.1,43620.6,43728.0,1230.0
20260718.0,315.0,43732.0,43735.0,43572.5,43584.4,1092.0
20260718.0,330.0,43577.4,43714.9,43552.4,43701.9,1094.0
20260718.0,345.0,43711.0,43811.3,43691.9,43783.2,1262.0
20260718.0,400.0,43793.3,43847.5,43741.1,43755.1,998.0
20260718.0,415.0,43742.1,43760.1,43649.8,43697.9,632.0
20260718.0,430.0,43691.9,43711.9,43683.9,43712.0,234.0
20260718.0,445.0,43714.0,43725.0,43682.9,43685.9,304.0
20260718.0,500.0,43690.9,43692.8,43649.8,43655.7,652.0
20260720.0,900.0,43674.8,43674.8,43274.3,43293.3,10384.0
20260720.0,915.0,43298.3,43651.7,43154.8,43157.7,22360.0
20260720.0,930.0,43167.8,43284.2,42650.8,42694.9,20694.0
20260720.0,945.0,42693.9,43189.8,42627.7,42992.1,14494.0
20260720.0,1000.0,43005.1,43333.4,42888.7,43085.5,8622.0
20260720.0,1015.0,43081.4,43432.8,43073.5,43160.8,7436.0
20260720.0,1030.0,43167.8,43179.8,42780.3,42930.8,8142.0
20260720.0,1045.0,42932.8,43300.3,42928.9,43223.0,6572.0
20260720.0,1100.0,43219.0,43384.6,43183.9,43205.9,4552.0
20260720.0,1115.0,43203.9,43324.4,43007.2,43142.7,5834.0
20260720.0,1130.0,43136.7,43217.9,43002.2,43029.2,3634.0
20260720.0,1145.0,43024.2,43183.8,42998.2,43129.6,3728.0
20260720.0,1200.0,43132.6,43393.6,43068.4,43216.0,4880.0
20260720.0,1215.0,43214.0,43353.5,43152.8,43160.8,3932.0
20260720.0,1230.0,43157.7,43305.3,43004.2,43238.1,5900.0
20260720.0,1245.0,43242.1,43468.9,43174.9,43423.8,6158.0
20260720.0,1300.0,43428.8,43433.8,43179.9,43182.8,4862.0
20260720.0,1315.0,43182.8,43214.9,42844.5,42992.1,8864.0
20260720.0,1330.0,42990.1,43048.3,42821.4,42829.4,9430.0
20260720.0,1345.0,42833.4,42928.8,42793.3,42812.4,10690.0
20260720.0,1515.0,42812.4,43015.1,42811.4,42962.0,2762.0
20260720.0,1530.0,42966.0,43160.7,42897.8,43152.7,2420.0
20260720.0,1545.0,43148.7,43306.3,43137.7,43241.1,2964.0
20260720.0,1600.0,43241.1,43278.2,43173.9,43255.1,1378.0
20260720.0,1615.0,43247.1,43346.4,43223.1,43325.4,2326.0
20260720.0,1630.0,43331.4,43363.5,43273.3,43308.3,1210.0
20260720.0,1645.0,43298.3,43311.3,43201.0,43214.0,1120.0
20260720.0,1700.0,43215.0,43315.3,43208.0,43300.3,682.0
20260720.0,1715.0,43299.3,43333.4,43239.1,43265.2,876.0
20260720.0,1730.0,43283.2,43319.3,43259.2,43302.3,642.0
20260720.0,1745.0,43302.3,43423.8,43298.4,43384.6,1638.0
20260720.0,1800.0,43383.6,43459.9,43347.6,43382.6,1054.0
20260720.0,1815.0,43387.7,43397.7,43330.5,43362.6,674.0
20260720.0,1830.0,43361.6,43449.9,43343.5,43431.8,772.0
20260720.0,1845.0,43427.8,43494.0,43398.8,43474.0,1018.0
20260720.0,1900.0,43477.0,43513.1,43462.0,43484.0,692.0
20260720.0,1915.0,43485.1,43615.5,43474.1,43598.5,1716.0
20260720.0,1930.0,43590.5,43610.5,43515.2,43541.3,814.0
20260720.0,1945.0,43544.3,43767.1,43533.3,43697.9,3314.0
20260720.0,2000.0,43705.9,43714.9,43615.6,43665.8,1376.0
20260720.0,2015.0,43660.8,43663.7,43451.0,43535.3,2802.0
20260720.0,2030.0,43535.3,43595.4,43507.2,43594.5,746.0
20260720.0,2045.0,43599.5,43614.5,43526.3,43532.2,762.0
20260720.0,2100.0,43529.2,43569.3,43474.1,43518.2,714.0
20260720.0,2115.0,43519.2,43579.4,43508.2,43526.2,892.0
20260720.0,2130.0,43525.2,43566.3,43517.2,43559.3,528.0
20260720.0,2145.0,43566.4,43730.0,43516.2,43710.0,4004.0
20260720.0,2200.0,43707.9,43732.0,43472.0,43508.1,4244.0
20260720.0,2215.0,43508.1,43624.6,43395.7,43471.0,3948.0
20260720.0,2230.0,43474.0,43600.5,43388.7,43580.4,3526.0
20260720.0,2245.0,43575.4,43628.6,43432.9,43477.0,2672.0
20260720.0,2300.0,43468.0,43539.2,43206.0,43264.2,3858.0
20260720.0,2315.0,43265.2,43448.9,43211.0,43366.6,3570.0
20260720.0,2330.0,43360.6,43531.2,43336.5,43504.1,2160.0
20260720.0,2345.0,43503.1,43539.2,43445.9,43498.1,1224.0
20260721.0,0.0,43502.1,43570.3,43410.8,43563.4,1598.0
20260721.0,15.0,43562.4,43649.7,43539.3,43609.5,1694.0
20260721.0,30.0,43616.6,43623.6,43530.3,43563.4,690.0
20260721.0,45.0,43572.4,43582.4,43404.8,43423.8,1774.0
20260721.0,100.0,43419.8,43477.0,43366.6,43411.8,1094.0
20260721.0,115.0,43418.8,43452.9,43373.7,43382.6,566.0
20260721.0,130.0,43380.6,43457.9,43349.6,43425.8,664.0
20260721.0,145.0,43431.8,43450.9,43349.6,43360.6,448.0
20260721.0,200.0,43364.6,43427.8,43359.6,43383.6,340.0
20260721.0,215.0,43403.7,43447.9,43390.7,43437.9,424.0
20260721.0,230.0,43433.8,43467.9,43323.5,43343.5,816.0
20260721.0,245.0,43339.5,43339.4,43218.0,43222.0,1018.0
20260721.0,300.0,43219.0,43258.1,43159.8,43218.0,1450.0
20260721.0,315.0,43222.0,43272.1,43074.5,43078.4,1438.0
20260721.0,330.0,43078.4,43173.8,43061.4,43159.7,1048.0
20260721.0,345.0,43158.7,43276.2,43149.8,43246.1,940.0
20260721.0,400.0,43260.2,43270.1,43086.5,43179.8,1006.0
20260721.0,415.0,43188.9,43224.0,43020.2,43022.2,1294.0
20260721.0,430.0,43032.2,43048.3,43013.2,43031.2,218.0
20260721.0,445.0,43042.3,43131.6,43033.3,43081.4,496.0
20260721.0,500.0,43085.5,43151.7,43084.5,43151.7,384.0
20260721.0,900.0,43471.0,43611.5,43370.6,43468.0,9158.0
20260721.0,915.0,43469.0,43976.0,43409.8,43930.8,15852.0
20260721.0,930.0,43937.9,44026.2,43816.4,43968.0,9782.0
20260721.0,945.0,43970.0,44160.7,43896.7,43917.8,11576.0
20260721.0,1000.0,43919.8,44034.2,43879.7,43996.1,5738.0
20260721.0,1015.0,43997.1,44210.9,43983.1,44013.2,8278.0
20260721.0,1030.0,44013.2,44136.6,43908.8,43971.0,5046.0
20260721.0,1045.0,43973.0,44223.0,43973.1,44214.0,4454.0
20260721.0,1100.0,44207.9,44227.0,44088.5,44115.6,3298.0
20260721.0,1115.0,44118.6,44265.1,44106.6,44222.0,3866.0
20260721.0,1130.0,44222.0,44272.2,44197.0,44254.1,2702.0
20260721.0,1145.0,44248.1,44363.5,44212.0,44336.5,4536.0
20260721.0,1200.0,44339.5,44386.6,44313.4,44350.5,2792.0
20260721.0,1215.0,44348.5,44412.7,44324.5,44362.6,3120.0
20260721.0,1230.0,44355.5,44421.8,44325.5,44375.6,2306.0
20260721.0,1245.0,44378.6,44463.9,44355.6,44416.8,3370.0
20260721.0,1300.0,44417.8,44417.7,44325.5,44353.5,2808.0
20260721.0,1315.0,44350.5,44431.8,44347.6,44367.6,2626.0
20260721.0,1330.0,44367.6,44492.0,44295.3,44483.0,7954.0
20260721.0,1345.0,44485.1,44582.4,44456.0,44555.3,12992.0
20260721.0,1515.0,44752.1,44752.1,44623.7,44635.7,3856.0
20260721.0,1530.0,44635.7,44669.7,44596.5,44644.7,1234.0
20260721.0,1545.0,44640.7,44682.8,44592.5,44658.7,852.0
20260721.0,1600.0,44654.7,44682.8,44620.6,44678.8,816.0
20260721.0,1615.0,44673.8,44689.8,44593.5,44678.8,1176.0
20260721.0,1630.0,44675.8,44739.0,44650.8,44739.1,1570.0
20260721.0,1645.0,44729.0,44818.3,44712.0,44818.4,2068.0
20260721.0,1700.0,44817.4,44820.3,44762.2,44784.3,852.0
20260721.0,1715.0,44782.2,44840.4,44777.3,44790.3,1048.0
20260721.0,1730.0,44798.3,44833.4,44764.2,44770.2,826.0
20260721.0,1745.0,44767.2,44789.2,44751.2,44782.2,622.0
20260721.0,1800.0,44774.2,44824.4,44774.3,44783.2,702.0
20260721.0,1815.0,44792.3,44868.5,44775.3,44844.5,1378.0
20260721.0,1830.0,44841.5,44856.5,44826.5,44829.4,398.0
20260721.0,1845.0,44829.4,44897.7,44809.4,44818.4,1336.0
20260721.0,1900.0,44819.4,44832.4,44789.3,44799.3,698.0
20260721.0,1915.0,44799.3,44837.4,44738.1,44779.2,1162.0
20260721.0,1930.0,44773.2,44791.2,44746.1,44789.3,630.0
20260721.0,1945.0,44794.3,44835.4,44782.3,44827.4,578.0
20260721.0,2000.0,44827.4,44835.4,44784.3,44791.3,528.0
20260721.0,2015.0,44805.3,44826.4,44775.3,44812.4,444.0
20260721.0,2030.0,44810.4,44817.3,44746.1,44750.1,744.0
20260721.0,2045.0,44746.1,44775.2,44729.1,44762.2,1286.0
20260721.0,2100.0,44764.2,44853.5,44763.2,44849.5,1008.0
20260721.0,2115.0,44850.5,44850.5,44788.3,44798.3,376.0
20260721.0,2130.0,44793.3,44937.8,44780.3,44935.9,1490.0
20260721.0,2145.0,44933.9,44938.8,44737.1,44761.2,4576.0
20260721.0,2200.0,44760.2,44857.5,44709.0,44797.3,3758.0
20260721.0,2215.0,44802.3,44869.5,44723.1,44819.4,2786.0
20260721.0,2230.0,44821.4,44985.0,44751.2,44980.0,4458.0
20260721.0,2245.0,44982.0,45014.1,44919.8,45004.1,2336.0
20260721.0,2300.0,45005.1,45030.2,44973.1,45020.2,1474.0
20260721.0,2315.0,45017.2,45138.6,44981.1,45130.6,2818.0
20260721.0,2330.0,45131.6,45178.8,45109.6,45140.7,2196.0
20260721.0,2345.0,45132.6,45135.6,45046.4,45055.3,1812.0
20260722.0,0.0,45054.3,45093.4,45030.3,45050.3,996.0
20260722.0,15.0,45052.3,45127.6,45047.4,45118.6,800.0
20260722.0,30.0,45116.6,45160.7,45114.6,45134.7,866.0
20260722.0,45.0,45140.7,45143.6,45113.6,45136.7,658.0
20260722.0,100.0,45133.6,45162.7,45123.7,45127.6,492.0
20260722.0,115.0,45128.6,45174.8,45123.7,45125.6,540.0
20260722.0,130.0,45130.6,45140.6,45118.6,45140.7,264.0
20260722.0,145.0,45139.7,45168.7,45113.6,45130.6,468.0
20260722.0,200.0,45134.7,45149.7,45112.6,45124.6,328.0
20260722.0,215.0,45124.6,45157.7,45117.6,45117.6,528.0
20260722.0,230.0,45114.6,45117.5,45058.4,45074.4,496.0
20260722.0,245.0,45067.4,45094.4,45051.4,45090.5,314.0
20260722.0,300.0,45097.5,45105.5,45072.5,45099.5,222.0
20260722.0,315.0,45106.5,45116.5,45080.5,45107.5,408.0
20260722.0,330.0,45103.5,45135.6,45071.5,45075.4,280.0
20260722.0,345.0,45076.4,45091.4,45064.4,45083.4,300.0
20260722.0,400.0,45083.4,45111.5,45072.5,45077.4,448.0
20260722.0,415.0,45076.4,45089.4,45033.3,45089.5,674.0
20260722.0,430.0,45084.5,45104.5,45075.5,45100.5,272.0
20260722.0,445.0,45102.5,45125.6,45100.6,45123.6,220.0
20260722.0,500.0,45123.6,45141.6,45117.6,45141.7,516.0
20260722.0,900.0,45180.8,45385.6,45174.9,45379.6,10360.0
20260722.0,915.0,45376.6,45540.2,45278.3,45473.0,15734.0
20260722.0,930.0,45474.0,45546.3,45161.8,45200.9,11538.0
20260722.0,945.0,45200.9,45239.0,45004.2,45172.8,10942.0
20260722.0,1000.0,45173.8,45302.3,45100.6,45115.6,7458.0
20260722.0,1015.0,45119.6,45224.0,44990.1,45182.8,8270.0
20260722.0,1030.0,45177.8,45250.1,45130.7,45210.0,4286.0
20260722.0,1045.0,45204.9,45212.9,45062.4,45113.6,3706.0
20260722.0,1100.0,45112.6,45188.8,45046.4,45117.6,2866.0
20260722.0,1115.0,45112.6,45195.8,44984.1,45013.2,4270.0
20260722.0,1130.0,45014.2,45281.2,45000.2,45281.2,5754.0
20260722.0,1145.0,45276.2,45301.3,45050.4,45079.4,3482.0
20260722.0,1200.0,45079.4,45184.8,44957.0,45035.3,5054.0
20260722.0,1215.0,45044.3,45229.0,45028.3,45162.8,4218.0
20260722.0,1230.0,45157.7,45244.0,45129.7,45194.9,2660.0
20260722.0,1245.0,45190.9,45216.9,45155.8,45195.9,2130.0
20260722.0,1300.0,45191.9,45207.9,45065.4,45144.7,3078.0
20260722.0,1315.0,45142.7,45157.7,44898.8,44931.8,5552.0
20260722.0,1330.0,44927.8,44945.8,44792.3,44911.8,10136.0
20260722.0,1345.0,44913.8,44994.0,44794.3,44810.4,10358.0
20260722.0,1515.0,44631.6,44804.3,44573.5,44775.2,4478.0
20260722.0,1530.0,44778.2,44890.6,44767.2,44870.6,1860.0
20260722.0,1545.0,44868.6,44879.6,44682.9,44792.3,2034.0
20260722.0,1600.0,44787.3,44807.3,44723.1,44753.1,1154.0
20260722.0,1615.0,44759.2,44843.4,44726.1,44766.2,1450.0
20260722.0,1630.0,44758.1,44840.4,44749.2,44840.5,628.0
20260722.0,1645.0,44843.5,44869.5,44800.4,44809.4,732.0
20260722.0,1700.0,44811.4,44876.6,44787.3,44854.5,610.0
20260722.0,1715.0,44855.5,44946.9,44842.5,44879.6,1416.0
20260722.0,1730.0,44878.6,44919.7,44871.7,44873.6,570.0
20260722.0,1745.0,44869.6,44873.6,44764.2,44825.4,1444.0
20260722.0,1800.0,44825.4,44827.4,44725.1,44792.3,1142.0
20260722.0,1815.0,44796.3,44852.5,44793.3,44828.4,732.0
20260722.0,1830.0,44824.4,44913.7,44824.5,44909.8,942.0
20260722.0,1845.0,44909.8,44912.7,44864.6,44875.6,446.0
20260722.0,1900.0,44875.6,44929.8,44870.6,44901.7,446.0
20260722.0,1915.0,44899.7,44935.8,44829.5,44833.4,760.0
20260722.0,1930.0,44832.4,44851.5,44789.3,44793.3,466.0
20260722.0,1945.0,44800.3,44819.3,44631.7,44674.8,1958.0
20260722.0,2000.0,44669.8,44747.1,44663.8,44684.9,926.0
20260722.0,2015.0,44691.9,44725.0,44658.8,44714.0,864.0
20260722.0,2030.0,44714.0,44724.0,44616.6,44678.8,1236.0
20260722.0,2045.0,44686.9,44793.2,44686.9,44731.0,1628.0
20260722.0,2100.0,44730.0,44741.0,44613.6,44668.8,1514.0
20260722.0,2115.0,44678.8,44783.2,44678.9,44764.2,822.0
20260722.0,2130.0,44759.2,44835.4,44755.2,44764.2,1328.0
20260722.0,2145.0,44767.2,44925.8,44745.1,44920.8,4340.0
20260722.0,2200.0,44918.8,45075.4,44875.7,45074.4,4484.0
20260722.0,2215.0,45075.4,45101.5,44997.2,45053.3,2624.0
20260722.0,2230.0,45051.3,45133.6,44984.1,45082.4,2694.0
20260722.0,2245.0,45086.5,45167.7,45053.4,45055.3,2694.0
20260722.0,2300.0,45056.3,45124.6,45038.3,45122.6,1382.0
20260722.0,2315.0,45121.6,45286.2,45121.7,45263.2,3442.0
20260722.0,2330.0,45266.2,45353.5,45261.2,45320.4,2084.0
20260722.0,2345.0,45321.4,45331.4,45246.2,45272.2,1510.0
20260723.0,0.0,45273.2,45330.4,45271.3,45322.4,990.0
20260723.0,15.0,45323.4,45336.4,45293.3,45317.4,692.0
20260723.0,30.0,45318.4,45326.4,45269.2,45293.3,776.0
20260723.0,45.0,45294.3,45323.4,45273.3,45286.3,674.0
20260723.0,100.0,45283.2,45369.5,45260.2,45331.4,1210.0
20260723.0,115.0,45333.4,45386.6,45328.5,45344.5,958.0
20260723.0,130.0,45348.5,45352.5,45297.4,45323.4,726.0
20260723.0,145.0,45331.4,45354.5,45295.3,45316.4,530.0
20260723.0,200.0,45313.4,45318.3,45222.1,45243.1,942.0
20260723.0,215.0,45253.1,45298.3,45226.1,45231.0,706.0
20260723.0,230.0,45231.0,45264.1,45229.1,45250.1,412.0
20260723.0,245.0,45251.1,45253.1,45188.9,45241.1,528.0
20260723.0,300.0,45238.1,45301.3,45228.1,45291.3,386.0
20260723.0,315.0,45284.3,45299.3,45198.0,45204.9,770.0
20260723.0,330.0,45204.9,45290.2,45200.0,45283.2,400.0
20260723.0,345.0,45273.2,45278.2,45195.9,45233.0,370.0
20260723.0,400.0,45231.0,45268.1,45163.8,45178.8,862.0
20260723.0,415.0,45180.8,45244.0,44980.1,45243.1,2824.0
20260723.0,430.0,45229.0,45321.4,45211.0,45252.1,992.0
20260723.0,445.0,45251.1,45259.1,45230.1,45239.1,244.0
20260723.0,500.0,45237.1,45237.0,45164.8,45215.0,722.0
20260723.0,900.0,45492.1,45521.2,45359.6,45373.6,7040.0
20260723.0,915.0,45376.6,45428.8,45046.4,45068.4,11510.0
20260723.0,930.0,45065.4,45205.9,45052.4,45144.7,6480.0
20260723.0,945.0,45150.7,45216.9,45033.3,45087.5,6110.0
20260723.0,1000.0,45080.4,45199.9,45017.2,45037.3,6022.0
20260723.0,1015.0,45038.3,45185.8,45007.2,45013.2,4436.0
20260723.0,1030.0,45014.2,45058.3,44640.7,44768.2,10408.0
20260723.0,1045.0,44769.2,44921.8,44694.9,44737.1,6192.0
20260723.0,1100.0,44741.1,44856.5,44722.1,44824.4,3430.0
20260723.0,1115.0,44829.4,44841.4,44664.8,44758.1,3350.0
20260723.0,1130.0,44758.1,44857.5,44678.9,44857.5,3732.0
20260723.0,1145.0,44856.5,44865.5,44758.2,44837.5,2684.0
20260723.0,1200.0,44835.5,44874.6,44776.3,44810.4,2102.0
20260723.0,1215.0,44811.4,44811.3,44623.7,44762.2,5346.0
20260723.0,1230.0,44775.2,44823.4,44665.8,44779.2,3722.0
20260723.0,1245.0,44782.2,44853.5,44775.3,44835.5,2258.0
20260723.0,1300.0,44841.5,44859.5,44729.1,44786.3,2668.0
20260723.0,1315.0,44788.3,44846.5,44719.0,44833.4,2962.0
20260723.0,1330.0,44835.5,45090.4,44821.5,45083.4,10056.0
20260723.0,1345.0,45082.4,45132.6,45003.2,45110.6,7998.0
20260723.0,1515.0,45033.2,45077.4,44849.6,44922.8,4042.0
20260723.0,1530.0,44922.8,44986.0,44909.8,44948.9,1360.0
20260723.0,1545.0,44945.9,44951.9,44841.5,44841.5,1674.0
20260723.0,1600.0,44843.5,44906.7,44805.4,44904.7,1630.0
20260723.0,1615.0,44907.7,44966.9,44858.6,44953.9,1554.0
20260723.0,1630.0,44954.9,45014.1,44943.9,45005.1,900.0
20260723.0,1645.0,44999.1,45019.1,44939.9,44946.9,708.0
20260723.0,1700.0,44949.9,45062.3,44947.0,45056.3,1124.0
20260723.0,1715.0,45054.3,45208.9,45030.3,45063.4,2496.0
20260723.0,1730.0,45065.4,45097.5,45053.4,45080.4,684.0
20260723.0,1745.0,45077.4,45080.4,45014.2,45051.3,766.0
20260723.0,1800.0,45054.3,45076.4,44970.0,44978.0,1194.0
20260723.0,1815.0,44990.1,45011.1,44945.9,44954.9,788.0
20260723.0,1830.0,44968.0,45011.1,44954.0,45002.1,682.0
20260723.0,1845.0,45002.1,45090.4,45000.2,45056.3,876.0
20260723.0,1900.0,45060.4,45078.4,45050.4,45071.4,300.0
20260723.0,1915.0,45069.4,45080.4,44983.1,45003.1,690.0
20260723.0,1930.0,45008.1,45019.1,44871.7,44888.7,1276.0
20260723.0,1945.0,44889.7,44912.7,44784.3,44797.3,2276.0
20260723.0,2000.0,44804.3,44904.7,44783.3,44853.5,1296.0
20260723.0,2015.0,44852.5,44855.5,44744.1,44752.1,1356.0
20260723.0,2030.0,44751.1,44803.3,44646.8,44694.9,2378.0
20260723.0,2045.0,44685.9,44696.9,44350.6,44364.6,6172.0
20260723.0,2100.0,44364.6,44411.7,44301.4,44360.6,3620.0
20260723.0,2115.0,44360.6,44388.6,44235.1,44235.1,3654.0
20260723.0,2130.0,44236.1,44364.5,44229.1,44343.5,2314.0
20260723.0,2145.0,44342.5,44688.8,44262.2,44673.8,8072.0
20260723.0,2200.0,44667.8,44683.8,44429.9,44447.9,6082.0
20260723.0,2215.0,44457.9,44630.6,44439.9,44547.3,4368.0
20260723.0,2230.0,44549.3,44631.6,44511.2,44577.4,2404.0
20260723.0,2245.0,44586.5,44601.5,44402.8,44426.8,4350.0
20260723.0,2300.0,44426.8,44485.0,44317.4,44387.7,3200.0
20260723.0,2315.0,44385.7,44396.7,44208.0,44240.1,3524.0
20260723.0,2330.0,44237.1,44335.4,44057.4,44100.5,5558.0
20260723.0,2345.0,44096.5,44240.0,44015.2,44169.8,3722.0
20260724.0,0.0,44164.8,44335.4,44148.8,44321.4,2676.0
20260724.0,15.0,44322.4,44445.8,44286.3,44415.8,2810.0
20260724.0,30.0,44415.8,44535.2,44365.6,44515.2,1596.0
20260724.0,45.0,44516.2,44578.4,44473.1,44509.2,1500.0
20260724.0,100.0,44508.1,44509.1,44414.8,44462.0,1352.0
20260724.0,115.0,44462.0,44483.0,44370.6,44452.9,1296.0
20260724.0,130.0,44452.9,44528.2,44435.9,44488.1,794.0
20260724.0,145.0,44485.1,44495.0,44360.6,44406.7,884.0
20260724.0,200.0,44391.7,44448.9,44337.5,44345.5,584.0
20260724.0,215.0,44346.5,44367.5,44308.4,44331.4,506.0
20260724.0,230.0,44331.4,44375.6,44318.4,44365.6,306.0
20260724.0,245.0,44376.6,44433.8,44349.6,44354.5,354.0
20260724.0,300.0,44357.5,44385.6,44306.4,44346.5,342.0
20260724.0,315.0,44352.5,44363.5,44275.3,44298.3,448.0
20260724.0,330.0,44298.3,44425.8,44298.4,44419.8,610.0
20260724.0,345.0,44424.8,44447.9,44355.6,44355.5,500.0
20260724.0,400.0,44364.6,44494.0,44324.5,44479.0,918.0
20260724.0,415.0,44495.1,44614.5,44478.1,44592.5,1258.0
20260724.0,430.0,44588.5,44622.6,44579.5,44601.5,392.0
20260724.0,445.0,44602.5,44616.5,44575.5,44589.5,314.0
20260724.0,500.0,44588.5,44597.5,44564.4,44569.4,350.0
20260724.0,900.0,44343.5,44499.1,44289.3,44378.6,7096.0
20260724.0,915.0,44381.6,44574.4,44194.9,44387.7,13956.0
20260724.0,930.0,44388.7,44668.7,44345.5,44526.2,8340.0
20260724.0,945.0,44534.3,44677.8,44462.0,44638.7,8018.0
20260724.0,1000.0,44633.6,44638.6,44363.6,44383.6,5730.0
20260724.0,1015.0,44388.7,44429.8,44290.3,44369.6,5278.0
20260724.0,1030.0,44372.6,44402.7,44149.8,44187.9,7680.0
20260724.0,1045.0,44187.9,44249.1,43883.7,43926.8,9150.0
20260724.0,1100.0,43925.8,43986.0,43829.5,43838.5,7174.0
20260724.0,1115.0,43842.5,44034.2,43828.5,44026.2,6798.0
20260724.0,1130.0,44025.2,44243.0,44000.2,44237.1,7484.0
20260724.0,1145.0,44236.1,44245.0,44052.4,44078.4,4220.0
20260724.0,1200.0,44074.4,44145.6,43934.9,43972.0,3192.0
20260724.0,1215.0,43971.0,44025.2,43902.8,43905.7,3634.0
20260724.0,1230.0,43905.7,44138.6,43880.7,44090.5,4850.0
20260724.0,1245.0,44086.5,44117.5,43938.9,43988.1,3516.0
20260724.0,1300.0,43988.1,44054.3,43944.9,44051.3,2338.0
20260724.0,1315.0,44047.3,44064.3,43914.8,44031.2,5440.0
20260724.0,1330.0,44029.2,44081.4,43950.0,43982.0,6898.0
20260724.0,1345.0,43981.0,44096.4,43815.4,44081.4,17578.0
20260724.0,1515.0,43996.1,44292.2,43981.1,44281.2,4502.0
20260724.0,1530.0,44267.2,44311.3,44250.2,44289.3,1670.0
20260724.0,1545.0,44291.3,44339.4,44244.1,44284.3,1368.0
20260724.0,1600.0,44283.2,44294.2,44266.2,44270.2,650.0
20260724.0,1615.0,44269.2,44277.2,44174.9,44192.9,1384.0
20260724.0,1630.0,44195.9,44272.2,44191.9,44270.2,956.0
20260724.0,1645.0,44267.2,44323.4,44258.2,44302.3,878.0
20260724.0,1700.0,44301.3,44312.3,44260.2,44297.3,384.0
20260724.0,1715.0,44293.3,44416.7,44258.2,44311.4,1874.0
20260724.0,1730.0,44308.3,44357.5,44284.3,44336.5,850.0
20260724.0,1745.0,44337.5,44388.6,44328.5,44358.5,830.0
20260724.0,1800.0,44358.5,44423.8,44345.5,44400.7,634.0
20260724.0,1815.0,44404.7,44419.7,44350.6,44370.6,482.0
20260724.0,1830.0,44368.6,44407.7,44338.5,44398.7,536.0
20260724.0,1845.0,44394.7,44412.7,44347.6,44354.5,548.0
20260724.0,1900.0,44359.6,44382.6,44325.5,44346.5,638.0
20260724.0,1915.0,44341.5,44386.6,44335.5,44377.6,506.0
20260724.0,1930.0,44377.6,44383.6,44338.5,44347.5,368.0
20260724.0,1945.0,44343.5,44367.5,44294.3,44315.4,672.0
20260724.0,2000.0,44316.4,44484.0,44240.1,44417.8,2548.0
20260724.0,2015.0,44430.8,44437.8,44313.4,44426.8,1456.0
20260724.0,2030.0,44419.8,44442.8,44341.5,44406.7,834.0
20260724.0,2045.0,44401.7,44402.7,44322.5,44325.4,574.0
20260724.0,2100.0,44321.4,44327.4,44177.9,44177.8,1560.0
20260724.0,2115.0,44186.9,44233.0,44142.7,44215.0,1412.0
20260724.0,2130.0,44215.0,44292.2,44146.7,44146.7,1484.0
20260724.0,2145.0,44157.7,44213.9,43915.8,44011.2,6152.0
20260724.0,2200.0,44025.2,44050.3,43695.9,43723.0,7274.0
20260724.0,2215.0,43725.0,43941.8,43674.9,43874.6,6194.0
20260724.0,2230.0,43875.6,43892.6,43619.6,43808.3,5414.0
20260724.0,2245.0,43800.3,43815.3,43585.5,43624.6,3546.0
20260724.0,2300.0,43619.6,43873.6,43561.4,43838.5,4134.0
20260724.0,2315.0,43845.5,44004.1,43693.9,43968.0,5170.0
20260724.0,2330.0,43962.0,44042.2,43895.7,43910.8,3640.0
20260724.0,2345.0,43910.8,44029.2,43863.6,43947.9,2622.0
20260725.0,0.0,43941.9,44095.4,43935.9,44085.5,1924.0
20260725.0,15.0,44087.5,44186.8,44016.2,44086.5,2718.0
20260725.0,30.0,44082.4,44110.5,44047.4,44057.3,1440.0
20260725.0,45.0,44048.3,44049.3,43910.8,43920.8,1984.0
20260725.0,100.0,43919.8,43952.9,43850.6,43921.8,2022.0
20260725.0,115.0,43921.8,43945.8,43785.3,43826.4,1966.0
20260725.0,130.0,43829.4,43983.0,43808.4,43977.0,1336.0
20260725.0,145.0,43982.0,44032.2,43921.8,43930.8,1024.0
20260725.0,200.0,43921.8,43965.9,43890.7,43921.8,728.0
20260725.0,215.0,43921.8,43952.9,43874.7,43884.7,658.0
20260725.0,230.0,43885.7,43898.7,43771.2,43785.3,1392.0
20260725.0,245.0,43786.3,43786.2,43624.7,43652.7,1738.0
20260725.0,300.0,43646.7,43720.9,43635.7,43694.9,1102.0
20260725.0,315.0,43702.9,43731.0,43468.0,43472.0,3112.0
20260725.0,330.0,43472.0,43553.3,43449.0,43509.1,1292.0
20260725.0,345.0,43523.2,43621.5,43512.2,43584.4,1492.0
20260725.0,400.0,43588.5,43611.5,43504.2,43604.5,1088.0
20260725.0,415.0,43599.5,43613.5,43532.3,43547.3,612.0
20260725.0,430.0,43553.3,43557.3,43531.3,43535.3,326.0
20260725.0,445.0,43526.2,43532.2,43486.1,43524.2,484.0
20260725.0,500.0,43521.2,43602.5,43505.2,43543.3,494.0
20260727.0,900.0,44064.4,44260.1,43865.6,43871.6,12840.0
20260727.0,915.0,43872.6,43925.8,43643.7,43708.9,15080.0
20260727.0,930.0,43724.0,43753.1,43349.6,43508.1,14752.0
20260727.0,945.0,43503.1,43865.5,43502.2,43718.0,13154.0
20260727.0,1000.0,43715.0,43874.6,43619.6,43867.6,5818.0
20260727.0,1015.0,43873.6,43898.7,43734.1,43762.2,4970.0
20260727.0,1030.0,43758.1,43945.8,43638.7,43897.7,6516.0
20260727.0,1045.0,43893.7,43924.8,43680.9,43845.5,6132.0
20260727.0,1100.0,43848.5,43863.5,43669.8,43678.8,3614.0
20260727.0,1115.0,43679.8,43777.2,43530.3,43636.7,5114.0
20260727.0,1130.0,43640.7,43706.9,43494.1,43499.1,3644.0
20260727.0,1145.0,43503.1,43575.4,43420.8,43485.1,4470.0
20260727.0,1200.0,43488.1,43563.3,43396.7,43495.1,3632.0
20260727.0,1215.0,43497.1,43614.5,43492.1,43556.3,2840.0
20260727.0,1230.0,43560.4,43691.8,43499.2,43612.6,4162.0
20260727.0,1245.0,43613.6,43727.0,43548.4,43722.0,3440.0
20260727.0,1300.0,43720.0,43820.3,43662.8,43754.1,3766.0
20260727.0,1315.0,43749.1,43961.9,43731.1,43945.9,5088.0
20260727.0,1330.0,43940.9,44066.3,43926.9,44010.2,6804.0
20260727.0,1345.0,44008.1,44097.5,43979.1,44083.4,6500.0
20260727.0,1515.0,44132.6,44337.4,44089.5,44237.1,3228.0
20260727.0,1530.0,44227.0,44240.0,44188.9,44222.0,776.0
20260727.0,1545.0,44222.0,44224.0,44119.6,44163.8,990.0
20260727.0,1600.0,44160.8,44206.9,44146.7,44158.7,1044.0
20260727.0,1615.0,44157.7,44250.1,44148.8,44247.1,1612.0
20260727.0,1630.0,44239.1,44249.1,44192.9,44234.0,588.0
20260727.0,1645.0,44232.0,44323.4,44223.1,44301.3,1004.0
20260727.0,1700.0,44304.3,44370.5,44282.3,44339.5,1212.0
20260727.0,1715.0,44340.5,44356.5,44287.3,44319.4,908.0
20260727.0,1730.0,44322.4,44351.5,44311.4,44316.4,622.0
20260727.0,1745.0,44314.4,44379.6,44305.4,44364.6,946.0
20260727.0,1800.0,44364.6,44385.6,44317.4,44366.6,522.0
20260727.0,1815.0,44361.6,44379.6,44299.4,44325.4,692.0
20260727.0,1830.0,44329.4,44349.5,44317.4,44331.4,332.0
20260727.0,1845.0,44336.5,44366.5,44312.4,44350.5,538.0
20260727.0,1900.0,44347.5,44402.7,44343.5,44352.5,592.0
20260727.0,1915.0,44349.5,44361.5,44291.3,44326.4,678.0
20260727.0,1930.0,44332.4,44342.4,44213.0,44216.0,1008.0
20260727.0,1945.0,44217.0,44337.4,44216.0,44313.4,1152.0
20260727.0,2000.0,44311.4,44333.4,44310.4,44324.4,300.0
20260727.0,2015.0,44327.4,44369.5,44256.2,44256.1,904.0
20260727.0,2030.0,44251.1,44293.2,44250.2,44283.2,506.0
20260727.0,2045.0,44278.2,44317.3,44242.1,44317.4,678.0
20260727.0,2100.0,44310.4,44391.6,44310.4,44391.7,994.0
20260727.0,2115.0,44391.7,44418.7,44285.3,44311.4,1646.0
20260727.0,2130.0,44310.4,44329.4,44175.9,44187.9,1900.0
20260727.0,2145.0,44191.9,44213.9,43859.6,43915.8,10126.0
20260727.0,2200.0,43923.8,44014.1,43731.1,43760.2,5060.0
20260727.0,2215.0,43768.2,43777.2,43518.2,43580.4,7170.0
20260727.0,2230.0,43579.4,43634.6,43163.8,43180.8,7458.0
20260727.0,2245.0,43183.8,43235.0,42959.0,43004.1,7240.0
20260727.0,2300.0,43010.2,43338.4,43009.2,43320.4,5952.0
20260727.0,2315.0,43321.4,43343.4,43205.0,43233.0,3546.0
20260727.0,2330.0,43236.1,43294.2,43058.4,43114.6,4232.0
20260727.0,2345.0,43116.6,43158.7,42994.1,43047.3,3128.0
20260728.0,0.0,43057.3,43161.7,42985.1,43144.7,2534.0
20260728.0,15.0,43142.7,43300.3,43129.7,43187.9,2844.0
20260728.0,30.0,43190.9,43367.5,43119.6,43286.3,3760.0
20260728.0,45.0,43284.2,43361.5,43200.0,43239.1,1794.0
20260728.0,100.0,43241.1,43280.2,43049.4,43093.5,2244.0
20260728.0,115.0,43096.5,43121.5,42992.1,43100.5,1752.0
20260728.0,130.0,43097.5,43112.5,43009.2,43017.2,826.0
20260728.0,145.0,43014.2,43132.6,43005.2,43088.5,1118.0
20260728.0,200.0,43092.5,43172.8,43052.4,43153.7,632.0
20260728.0,215.0,43165.8,43168.7,43103.6,43146.7,520.0
20260728.0,230.0,43142.7,43153.7,43070.4,43140.7,554.0
20260728.0,245.0,43132.6,43158.7,43056.4,43136.7,1384.0
20260728.0,300.0,43136.7,43322.4,43110.6,43317.4,1112.0
20260728.0,315.0,43316.4,43425.8,43281.3,43399.7,1696.0
20260728.0,330.0,43403.7,43510.1,43394.7,43507.1,1202.0
20260728.0,345.0,43508.1,43527.2,43409.8,43426.8,952.0
20260728.0,400.0,43413.8,43433.8,43341.5,43412.8,1626.0
20260728.0,415.0,43415.8,43423.8,43331.5,43368.6,664.0
20260728.0,430.0,43363.6,43375.6,43346.5,43349.5,218.0
20260728.0,445.0,43347.5,43377.6,43325.5,43358.5,470.0
20260728.0,500.0,43358.5,43362.5,43339.5,43345.5,346.0
20260728.0,900.0,42740.1,42798.3,42300.4,42378.6,12470.0
20260728.0,915.0,42376.6,42607.5,42165.8,42172.8,18750.0
20260728.0,930.0,42174.8,42543.2,42124.7,42484.0,12782.0
20260728.0,945.0,42485.0,42598.5,42312.4,42543.3,8826.0
20260728.0,1000.0,42546.3,42556.3,42206.0,42232.0,7820.0
20260728.0,1015.0,42230.0,42249.1,42073.5,42130.6,9840.0
20260728.0,1030.0,42121.6,42397.6,42077.5,42195.9,7262.0
20260728.0,1045.0,42194.9,42225.0,42086.5,42141.7,5410.0
20260728.0,1100.0,42136.7,42263.1,42053.4,42094.5,8178.0
20260728.0,1115.0,42087.5,42095.4,41860.6,41993.1,7738.0
20260728.0,1130.0,41984.0,42294.2,41968.0,42082.4,6770.0
20260728.0,1145.0,42080.4,42422.7,41992.1,42413.8,7272.0
20260728.0,1200.0,42410.8,42449.9,42339.5,42385.7,4400.0
20260728.0,1215.0,42382.6,42391.6,42178.9,42186.9,3176.0
20260728.0,1230.0,42191.9,42342.4,42173.9,42188.9,2722.0
20260728.0,1245.0,42187.9,42235.0,42146.7,42168.8,2806.0
20260728.0,1300.0,42167.8,42281.2,42073.5,42105.5,2994.0
20260728.0,1315.0,42108.5,42195.8,41978.1,41989.1,4836.0
20260728.0,1330.0,41989.1,42037.2,41835.5,41914.8,8184.0
20260728.0,1345.0,41912.8,41959.9,41682.9,41780.2,22900.0
20260728.0,1515.0,41946.9,42027.2,41777.3,41890.7,4174.0
20260728.0,1530.0,41883.6,41907.7,41770.2,41782.2,1494.0
20260728.0,1545.0,41785.2,41852.5,41688.9,41832.4,2094.0
20260728.0,1600.0,41832.4,41832.4,41701.0,41779.2,1420.0
20260728.0,1615.0,41781.2,41787.2,41552.4,41577.4,2814.0
20260728.0,1630.0,41589.5,41960.9,41585.5,41909.7,3008.0
20260728.0,1645.0,41911.8,41993.0,41835.5,41957.9,1646.0
20260728.0,1700.0,41955.9,41981.0,41869.6,41889.7,830.0
20260728.0,1715.0,41883.6,41930.8,41839.5,41861.6,958.0
20260728.0,1730.0,41861.6,41906.7,41845.5,41904.7,536.0
20260728.0,1745.0,41897.7,41900.7,41762.2,41771.2,1130.0
20260728.0,1800.0,41773.2,41807.3,41658.8,41690.9,1128.0
20260728.0,1815.0,41686.9,41733.0,41647.7,41683.8,1082.0
20260728.0,1830.0,41674.8,41753.1,41622.6,41745.1,996.0
20260728.0,1845.0,41747.1,41757.1,41566.4,41610.5,1672.0
20260728.0,1900.0,41616.6,41659.7,41580.5,41654.7,708.0
20260728.0,1915.0,41665.8,41701.9,41400.8,41401.7,3110.0
20260728.0,1930.0,41402.7,41600.5,41400.8,41451.9,2976.0
20260728.0,1945.0,41459.9,41550.3,41343.5,41405.7,2456.0
20260728.0,2000.0,41401.7,41678.8,41401.8,41671.8,2148.0
20260728.0,2015.0,41668.8,41913.7,41668.8,41804.3,3484.0
20260728.0,2030.0,41806.3,41873.6,41739.1,41835.4,1726.0
20260728.0,2045.0,41846.5,41882.6,41733.1,41840.5,1788.0
20260728.0,2100.0,41840.5,41895.6,41800.4,41840.5,1084.0
20260728.0,2115.0,41832.4,41887.6,41802.4,41860.5,1010.0
20260728.0,2130.0,41867.6,41934.8,41747.1,41807.3,2154.0
20260728.0,2145.0,41807.3,41891.6,41494.1,41578.4,7852.0
20260728.0,2200.0,41581.4,41774.2,41449.0,41573.4,6396.0
20260728.0,2215.0,41572.4,41787.2,41564.4,41599.5,4594.0
20260728.0,2230.0,41602.5,41685.8,41429.9,41656.7,5020.0
20260728.0,2245.0,41662.8,41798.3,41606.6,41752.1,3690.0
20260728.0,2300.0,41760.1,41926.8,41707.0,41821.4,3356.0
20260728.0,2315.0,41819.4,41884.6,41733.1,41823.4,3534.0
20260728.0,2330.0,41825.4,42139.6,41801.4,42064.4,5170.0
20260728.0,2345.0,42061.4,42203.9,42016.2,42191.9,2906.0
20260729.0,0.0,42187.9,42259.1,42171.8,42190.9,2480.0
20260729.0,15.0,42203.9,42277.2,42109.6,42134.6,2578.0
20260729.0,30.0,42140.7,42195.8,42091.5,42133.6,1160.0
20260729.0,45.0,42118.6,42165.7,42034.3,42158.7,1412.0
20260729.0,100.0,42155.7,42228.0,42108.6,42193.9,1196.0
20260729.0,115.0,42194.9,42214.9,42068.4,42101.5,1190.0
20260729.0,130.0,42090.5,42176.8,42086.5,42092.5,1148.0
20260729.0,145.0,42090.5,42136.6,41983.1,41993.1,826.0
20260729.0,200.0,41992.1,42009.1,41907.8,41964.0,992.0
20260729.0,215.0,41973.0,42022.1,41931.9,41942.9,600.0
20260729.0,230.0,41937.9,41998.0,41936.9,41954.9,384.0
20260729.0,245.0,41968.0,42034.2,41962.0,42004.1,476.0
20260729.0,300.0,42000.1,42078.4,41992.1,42071.4,618.0
20260729.0,315.0,42064.4,42160.7,42062.4,42126.6,738.0
20260729.0,330.0,42129.6,42195.8,42086.5,42186.9,582.0
20260729.0,345.0,42190.9,42202.9,42058.4,42097.5,682.0
20260729.0,400.0,42107.5,42132.6,42035.3,42040.3,672.0
20260729.0,415.0,42044.3,42053.3,41978.1,42005.1,684.0
20260729.0,430.0,41992.1,42101.5,41991.1,42086.5,266.0
20260729.0,445.0,42071.4,42082.4,42017.2,42023.2,328.0
20260729.0,500.0,42027.2,42075.4,41979.1,42057.3,372.0
20260729.0,900.0,42083.4,42239.0,41850.6,41865.6,9942.0
20260729.0,915.0,41868.6,42056.3,41140.7,41205.9,22094.0
20260729.0,930.0,41208.9,41777.2,40980.1,41580.4,22886.0
20260729.0,945.0,41583.4,41686.8,41193.9,41400.7,13216.0
20260729.0,1000.0,41399.7,41430.8,40757.2,40761.1,15544.0
20260729.0,1015.0,40755.1,41008.1,40685.9,40856.5,13630.0
20260729.0,1030.0,40852.5,40949.9,40532.3,40919.8,13482.0
20260729.0,1045.0,40920.8,40967.9,40524.3,40527.2,10140.0
20260729.0,1100.0,40527.2,40580.4,40215.0,40310.3,11960.0
20260729.0,1115.0,40304.3,40701.9,40216.0,40493.1,11900.0
20260729.0,1130.0,40495.1,40503.1,40256.2,40258.1,5222.0
20260729.0,1145.0,40256.1,40298.2,40156.8,40184.8,6680.0
20260729.0,1200.0,40189.9,40284.2,39941.9,39959.9,7360.0
20260729.0,1215.0,39959.9,39999.0,39766.2,39939.9,8604.0
20260729.0,1230.0,39940.9,40006.1,39789.3,39845.5,6514.0
20260729.0,1245.0,39844.5,39939.8,39632.7,39640.7,6560.0
20260729.0,1300.0,39646.7,40344.4,39600.6,40293.3,14514.0
20260729.0,1315.0,40293.3,40626.6,40155.8,40602.5,15264.0
20260729.0,1330.0,40599.5,40606.5,40374.7,40495.1,13954.0
20260729.0,1345.0,40491.1,40583.4,40326.5,40554.3,21770.0
20260729.0,1515.0,40824.4,40912.7,40689.9,40771.2,4372.0
20260729.0,1530.0,40780.2,40856.5,40762.2,40805.3,1820.0
20260729.0,1545.0,40803.3,40852.5,40759.2,40785.2,1234.0
20260729.0,1600.0,40776.2,40812.3,40721.0,40773.2,1246.0
20260729.0,1615.0,40779.2,40823.3,40690.9,40690.9,1660.0
20260729.0,1630.0,40693.9,40710.9,40502.2,40586.4,2870.0
20260729.0,1645.0,40588.5,40769.1,40564.4,40762.2,1834.0
20260729.0,1700.0,40763.2,40783.2,40726.1,40749.1,748.0
20260729.0,1715.0,40756.1,40941.8,40749.2,40917.8,2254.0
20260729.0,1730.0,40909.7,40945.8,40872.6,40889.7,1152.0
20260729.0,1745.0,40886.7,41052.3,40860.6,41029.2,2394.0
20260729.0,1800.0,41029.2,41122.5,41014.2,41083.4,2182.0
20260729.0,1815.0,41084.4,41146.6,41052.4,41075.4,1192.0
20260729.0,1830.0,41076.4,41094.4,41027.3,41076.4,1048.0
20260729.0,1845.0,41071.4,41078.4,40984.1,41004.1,1228.0
20260729.0,1900.0,41001.1,41004.1,40891.7,40908.7,1360.0
20260729.0,1915.0,40911.8,41034.2,40888.7,41009.1,1358.0
20260729.0,1930.0,41014.2,41091.4,41000.2,41045.3,846.0
20260729.0,1945.0,41042.3,41072.3,40980.1,40986.0,742.0
20260729.0,2000.0,40985.0,41068.3,40956.0,41068.4,892.0
20260729.0,2015.0,41059.3,41080.4,40945.9,40963.0,1000.0
20260729.0,2030.0,40956.9,40968.9,40626.7,40823.4,4218.0
20260729.0,2045.0,40820.4,40925.8,40779.3,40913.8,794.0
20260729.0,2100.0,40923.8,40948.9,40869.6,40886.7,742.0
20260729.0,2115.0,40892.7,40907.7,40816.4,40845.5,1002.0
20260729.0,2130.0,40841.5,40968.9,40829.5,40927.8,1110.0
20260729.0,2145.0,40919.8,41138.6,40828.5,41004.1,6420.0
20260729.0,2200.0,41001.1,41044.2,40606.6,40717.0,5976.0
20260729.0,2215.0,40723.0,40922.7,40610.6,40630.6,4332.0
20260729.0,2230.0,40633.6,40752.1,40403.8,40531.2,5096.0
20260729.0,2245.0,40533.2,40706.9,40287.3,40332.4,5396.0
20260729.0,2300.0,40329.4,40530.2,40289.3,40487.1,4004.0
20260729.0,2315.0,40485.0,40600.5,40417.8,40438.9,2982.0
20260729.0,2330.0,40434.8,40526.2,40364.6,40397.7,2100.0
20260729.0,2345.0,40401.7,40471.9,40334.5,40385.6,1862.0
20260730.0,0.0,40375.6,40417.7,40201.0,40332.4,2796.0
20260730.0,15.0,40340.5,40391.6,40091.5,40091.5,3054.0
20260730.0,30.0,40090.5,40389.6,40076.5,40376.6,2476.0
20260730.0,45.0,40367.6,40450.9,40318.4,40342.5,2182.0
20260730.0,100.0,40344.5,40542.2,40326.5,40524.2,1890.0
20260730.0,115.0,40528.2,40835.4,40517.2,40832.4,2868.0
20260730.0,130.0,40831.4,40854.5,40708.0,40724.0,1758.0
20260730.0,145.0,40720.0,40778.2,40641.7,40682.8,1176.0
20260730.0,200.0,40692.9,40816.3,40644.7,40807.3,1622.0
20260730.0,215.0,40816.4,41227.0,40816.4,40922.8,9546.0
20260730.0,230.0,40923.8,41032.2,40697.9,40789.3,3356.0
20260730.0,245.0,40793.3,41282.2,40704.0,41227.0,4384.0
20260730.0,300.0,41230.0,41375.6,41211.0,41331.4,2730.0
20260730.0,315.0,41324.4,41401.7,40950.0,41023.2,3220.0
20260730.0,330.0,41020.2,41092.4,40650.8,40779.2,2678.0
20260730.0,345.0,40788.3,40863.5,40293.3,40314.4,3554.0
20260730.0,400.0,40314.4,40321.3,40088.5,40108.5,2358.0
20260730.0,415.0,40114.6,40144.6,39733.1,39854.5,2636.0
20260730.0,430.0,39815.4,39907.7,39626.7,39694.9,1452.0
20260730.0,445.0,39678.8,39972.9,39605.6,39871.6,1328.0
20260730.0,500.0,39863.6,39909.7,39785.3,39804.3,688.0
20260730.0,900.0,40167.8,40434.8,40056.4,40261.1,14492.0
20260730.0,915.0,40265.2,40863.5,39860.6,40426.8,27050.0
20260730.0,930.0,40438.9,40712.9,40072.4,40669.8,12738.0
20260730.0,945.0,40654.7,41431.8,40650.8,41255.1,17820.0
20260730.0,1000.0,41248.1,41263.1,40997.1,41030.2,9758.0
20260730.0,1015.0,41030.2,41196.8,40863.6,40897.7,11272.0
20260730.0,1030.0,40893.7,40940.8,40586.5,40602.5,8218.0
20260730.0,1045.0,40608.5,40962.9,40510.2,40957.9,10304.0
20260730.0,1100.0,40953.9,40996.0,40640.7,40677.8,6730.0
20260730.0,1115.0,40685.8,40889.6,40517.2,40629.6,5816.0
20260730.0,1130.0,40631.6,40650.7,40391.7,40512.2,6684.0
20260730.0,1145.0,40512.2,40734.0,40399.8,40691.9,6484.0
20260730.0,1200.0,40691.9,40838.4,40585.5,40658.7,5506.0
20260730.0,1215.0,40665.8,40762.1,40500.2,40526.2,4494.0
20260730.0,1230.0,40526.2,40756.1,40393.7,40726.0,6622.0
20260730.0,1245.0,40725.0,40753.1,40383.7,40415.8,6004.0
20260730.0,1300.0,40411.8,40571.3,40048.3,40124.6,8366.0
20260730.0,1315.0,40130.6,40213.9,39956.0,40214.0,11120.0
20260730.0,1330.0,40217.0,40476.0,40184.9,40331.4,13114.0
20260730.0,1345.0,40330.4,40542.2,40255.2,40431.8,16072.0
20260730.0,1515.0,40195.9,40436.8,40193.9,40323.4,3586.0
20260730.0,1530.0,40327.4,40335.4,40102.6,40130.6,2396.0
20260730.0,1545.0,40128.6,40247.0,40026.3,40207.9,2674.0
20260730.0,1600.0,40215.0,40253.1,40148.7,40155.7,1162.0
20260730.0,1615.0,40158.7,40335.4,40090.5,40309.3,2024.0
20260730.0,1630.0,40291.3,40465.9,40255.2,40429.8,1914.0
20260730.0,1645.0,40438.9,40449.9,40343.5,40353.5,1248.0
20260730.0,1700.0,40350.5,40393.6,40312.4,40373.6,708.0
20260730.0,1715.0,40367.6,40490.0,40325.5,40451.9,1248.0
20260730.0,1730.0,40455.9,40522.1,40428.9,40451.9,1580.0
20260730.0,1745.0,40451.9,40522.1,40408.8,40437.9,1154.0
20260730.0,1800.0,40438.9,40479.0,40405.8,40418.8,962.0
20260730.0,1815.0,40409.7,40498.0,40369.6,40440.9,982.0
20260730.0,1830.0,40441.9,40682.8,40436.9,40665.8,1964.0
20260730.0,1845.0,40660.7,40748.0,40644.7,40709.9,1584.0
20260730.0,1900.0,40702.9,40773.1,40681.9,40689.9,1390.0
20260730.0,1915.0,40688.9,40823.3,40681.9,40766.2,1466.0
20260730.0,1930.0,40771.2,40836.4,40752.2,40836.5,990.0
20260730.0,1945.0,40829.4,40861.5,40760.2,40832.4,1068.0
20260730.0,2000.0,40829.4,41052.3,40829.5,40950.9,2302.0
20260730.0,2015.0,40950.9,41020.1,40898.7,41007.1,1556.0
20260730.0,2030.0,41009.1,41033.2,40928.9,41009.1,1032.0
20260730.0,2045.0,41011.1,41144.6,40998.1,41096.5,2948.0
20260730.0,2100.0,41084.4,41109.5,41046.3,41070.4,1088.0
20260730.0,2115.0,41070.4,41208.9,41055.4,41152.7,2526.0
20260730.0,2130.0,41153.7,41255.1,41111.6,41250.1,1568.0
20260730.0,2145.0,41246.1,41393.6,41118.6,41345.5,6744.0
20260730.0,2200.0,41337.5,41628.6,41335.5,41608.5,6858.0
20260730.0,2215.0,41607.5,41654.7,41512.2,41589.5,4318.0
20260730.0,2230.0,41596.5,41922.7,41579.5,41893.7,5982.0
20260730.0,2245.0,41892.7,41944.8,41805.4,41845.5,3982.0
20260730.0,2300.0,41841.5,41869.5,41672.8,41731.0,4038.0
20260730.0,2315.0,41739.1,41841.4,41656.8,41732.0,3296.0
20260730.0,2330.0,41734.0,41809.3,41692.9,41735.0,1428.0
20260730.0,2345.0,41714.0,41816.3,41697.9,41792.3,1532.0
20260731.0,0.0,41798.3,41859.5,41768.2,41802.3,1866.0
20260731.0,15.0,41806.3,41982.0,41782.3,41968.0,2224.0
20260731.0,30.0,41957.9,41993.0,41902.8,41919.8,1488.0
20260731.0,45.0,41907.7,41932.8,41809.4,41829.4,1122.0
20260731.0,100.0,41831.4,41899.7,41828.5,41883.6,778.0
20260731.0,115.0,41888.7,41964.9,41884.7,41942.9,1088.0
20260731.0,130.0,41942.9,42008.1,41909.8,41921.8,1128.0
20260731.0,145.0,41922.8,41951.9,41883.7,41941.9,700.0
20260731.0,200.0,41939.9,41949.9,41893.7,41909.7,428.0
20260731.0,215.0,41911.8,41950.9,41905.8,41946.9,540.0
20260731.0,230.0,41942.9,41946.8,41878.7,41908.7,474.0
20260731.0,245.0,41914.8,41923.8,41869.6,41896.7,410.0
20260731.0,300.0,41897.7,41916.7,41870.6,41915.8,432.0
20260731.0,315.0,41916.8,42042.2,41916.8,42016.2,986.0
20260731.0,330.0,42014.2,42038.2,41927.9,41927.8,836.0
20260731.0,345.0,41923.8,41942.8,41894.7,41928.8,526.0
20260731.0,400.0,41931.8,41947.8,41861.6,41873.6,628.0
20260731.0,415.0,41874.6,41988.0,41862.6,41972.0,1230.0
20260731.0,430.0,41979.0,42005.1,41956.0,41981.0,398.0
20260731.0,445.0,41982.0,42007.1,41917.8,41974.0,540.0
20260731.0,500.0,41972.0,42027.2,41951.0,42027.2,548.0
20260731.0,900.0,42501.1,42928.8,42475.1,42876.6,13946.0
20260731.0,915.0,42875.6,43453.9,42874.7,43400.7,24608.0
20260731.0,930.0,43395.7,43664.7,43360.6,43619.6,14780.0
20260731.0,945.0,43616.6,43672.8,43512.2,43641.7,10058.0
20260731.0,1000.0,43639.7,43680.8,43442.9,43573.4,10206.0
20260731.0,1015.0,43574.4,43694.8,43523.3,43546.3,6208.0
20260731.0,1030.0,43548.3,43672.8,43448.0,43639.7,6416.0
20260731.0,1045.0,43635.7,43730.0,43585.5,43718.0,6680.0
20260731.0,1100.0,43717.0,43961.9,43713.0,43948.9,7926.0
20260731.0,1115.0,43949.9,43951.9,43628.7,43681.8,7182.0
20260731.0,1130.0,43675.8,43919.7,43675.9,43895.7,5392.0
20260731.0,1145.0,43900.7,43915.7,43803.4,43816.4,3056.0
20260731.0,1200.0,43819.4,43825.4,43682.9,43705.9,4130.0
20260731.0,1215.0,43708.9,43717.9,43604.6,43612.6,3944.0
20260731.0,1230.0,43616.6,43744.0,43577.5,43739.1,4756.0
20260731.0,1245.0,43742.1,44069.3,43717.0,44066.4,7442.0
20260731.0,1300.0,44070.4,44127.6,43962.0,43968.0,6008.0
20260731.0,1315.0,43973.0,44080.4,43929.9,44041.3,6114.0
20260731.0,1330.0,44042.3,44077.4,43930.9,43975.0,9502.0
20260731.0,1345.0,43979.0,44074.4,43845.5,43853.5,24776.0
20260731.0,1515.0,43693.9,43850.5,43605.6,43805.3,4096.0
20260731.0,1530.0,43803.3,44049.3,43781.3,44039.3,2688.0
20260731.0,1545.0,44028.2,44031.2,43963.0,43989.1,1672.0
20260731.0,1600.0,43996.1,44046.2,43860.6,43897.7,2006.0
20260731.0,1615.0,43900.7,43915.7,43721.0,43829.4,3022.0
20260731.0,1630.0,43839.5,43935.8,43802.4,43912.8,1790.0
20260731.0,1645.0,43903.7,43920.7,43772.3,43775.2,1668.0
20260731.0,1700.0,43785.3,43823.4,43756.2,43771.2,2364.0
20260731.0,1715.0,43780.2,43864.5,43695.9,43816.4,2652.0
20260731.0,1730.0,43812.4,43825.4,43707.0,43717.0,1342.0
20260731.0,1745.0,43716.0,43735.0,43620.6,43702.9,3014.0
20260731.0,1800.0,43705.9,43754.1,43666.8,43693.9,1418.0
20260731.0,1815.0,43687.9,43815.3,43674.9,43803.3,1110.0
20260731.0,1830.0,43803.3,43821.3,43764.2,43805.3,886.0
20260731.0,1845.0,43803.3,43833.4,43765.2,43801.3,864.0
20260731.0,1900.0,43800.3,43816.3,43719.0,43746.1,752.0
20260731.0,1915.0,43748.1,43855.5,43743.1,43809.3,1146.0
20260731.0,1930.0,43810.4,43810.3,43718.0,43750.1,962.0
20260731.0,1945.0,43751.1,43753.1,43667.8,43677.8,968.0
20260731.0,2000.0,43683.8,43766.1,43683.9,43755.1,688.0
20260731.0,2015.0,43755.1,43755.1,43631.7,43638.7,1034.0
20260731.0,2030.0,43636.7,43650.7,43417.8,43554.3,3928.0
20260731.0,2045.0,43547.3,43578.4,43432.9,43453.9,1602.0
20260731.0,2100.0,43450.9,43564.3,43422.9,43489.1,1240.0
20260731.0,2115.0,43484.0,43587.4,43457.0,43537.3,1136.0
20260731.0,2130.0,43539.3,43665.7,43539.3,43579.4,1984.0
20260731.0,2145.0,43574.4,43611.5,42991.1,43000.1,10204.0
20260731.0,2200.0,43010.2,43087.4,42625.7,42757.1,10864.0
20260731.0,2215.0,42752.1,42827.4,42255.2,42360.6,10558.0
20260731.0,2230.0,42363.6,42721.9,42315.4,42713.0,9536.0
20260731.0,2245.0,42720.0,42863.5,42647.7,42731.0,6650.0
20260731.0,2300.0,42739.1,42935.8,42670.8,42850.5,4884.0
20260731.0,2315.0,42856.5,42985.0,42722.0,42822.4,4796.0
20260731.0,2330.0,42821.4,42945.8,42536.3,42682.8,4678.0
20260731.0,2345.0,42691.9,42883.6,42578.5,42798.3,5506.0
20260801.0,0.0,42807.3,42896.6,42701.0,42829.4,2402.0
20260801.0,15.0,42826.4,42878.6,42744.1,42798.3,1658.0
20260801.0,30.0,42816.4,42911.7,42734.1,42911.8,1710.0
20260801.0,45.0,42910.8,43020.1,42882.7,42898.7,2770.0
20260801.0,100.0,42891.7,42961.9,42858.6,42921.8,1344.0
20260801.0,115.0,42921.8,43072.3,42917.8,43027.2,1794.0
20260801.0,130.0,43024.2,43164.7,42994.1,43127.6,1528.0
20260801.0,145.0,43126.6,43179.8,43067.4,43076.4,1324.0
20260801.0,200.0,43077.4,43124.6,43015.2,43031.2,880.0
20260801.0,215.0,43034.2,43075.4,42897.8,42910.8,1346.0
20260801.0,230.0,42903.7,42980.0,42900.8,42957.9,752.0
20260801.0,245.0,42962.0,43009.1,42940.9,42949.9,740.0
20260801.0,300.0,42945.9,43006.1,42891.7,42932.8,774.0
20260801.0,315.0,42925.8,42980.0,42852.6,42906.7,984.0
20260801.0,330.0,42909.7,42986.0,42885.7,42929.8,594.0
20260801.0,345.0,42934.8,42967.9,42877.7,42951.9,606.0
20260801.0,400.0,42963.0,43020.1,42824.5,42842.5,1372.0
20260801.0,415.0,42853.5,42879.6,42792.3,42850.5,1028.0
20260801.0,430.0,42835.5,42852.5,42819.4,42844.5,266.0
20260801.0,445.0,42841.5,42884.6,42824.5,42871.6,508.0
20260801.0,500.0,42876.6,42983.0,42821.4,42821.4,1302.0
20260803.0,900.0,43359.5,43523.2,43161.8,43505.1,12230.0
20260803.0,915.0,43500.1,43608.5,43205.0,43534.2,19586.0
20260803.0,930.0,43534.2,43683.8,43362.6,43607.5,9802.0
20260803.0,945.0,43606.5,43674.8,43382.7,43594.5,7066.0
20260803.0,1000.0,43588.5,43724.0,43474.1,43723.0,6136.0
20260803.0,1015.0,43717.0,43844.4,43590.5,43838.5,6996.0
20260803.0,1030.0,43840.5,44012.1,43619.6,43668.8,9358.0
20260803.0,1045.0,43669.8,43761.1,43640.7,43644.7,4084.0
20260803.0,1100.0,43646.7,43753.1,43606.6,43717.0,7422.0
20260803.0,1115.0,43720.0,43721.9,43563.4,43597.5,5202.0
20260803.0,1130.0,43597.5,43626.6,43445.9,43482.0,5186.0
20260803.0,1145.0,43484.0,43603.5,43473.1,43574.4,3268.0
20260803.0,1200.0,43574.4,43760.1,43573.5,43601.5,5058.0
20260803.0,1215.0,43606.5,43649.7,43535.3,43597.5,2900.0
20260803.0,1230.0,43605.5,43724.0,43565.4,43672.8,3344.0
20260803.0,1245.0,43672.8,43685.8,43522.3,43602.5,4586.0
20260803.0,1300.0,43596.5,43669.7,43517.2,43529.2,3026.0
20260803.0,1315.0,43527.2,43594.4,43418.8,43458.9,4938.0
20260803.0,1330.0,43451.9,43531.2,43339.5,43500.1,7670.0
20260803.0,1345.0,43503.1,43564.3,43376.7,43403.7,11372.0
20260803.0,1515.0,43175.8,43297.2,43047.3,43200.9,5364.0
20260803.0,1530.0,43203.9,43247.0,42973.1,43110.6,4368.0
20260803.0,1545.0,43105.5,43111.5,42953.0,42962.0,2272.0
20260803.0,1600.0,42962.0,43054.3,42938.9,43015.2,1724.0
20260803.0,1615.0,43012.2,43037.2,42861.6,43037.3,2814.0
20260803.0,1630.0,43031.2,43034.2,42761.2,42792.3,2664.0
20260803.0,1645.0,42792.3,42932.8,42782.3,42893.7,1704.0
20260803.0,1700.0,42885.7,43022.1,42877.7,43022.2,1594.0
20260803.0,1715.0,43019.2,43058.3,42803.4,42888.7,1940.0
20260803.0,1730.0,42875.6,42918.7,42853.6,42861.6,1298.0
20260803.0,1745.0,42866.6,42915.7,42735.1,42737.1,1346.0
20260803.0,1800.0,42745.1,42820.3,42626.7,42766.2,2256.0
20260803.0,1815.0,42769.2,42795.2,42670.8,42719.0,1708.0
20260803.0,1830.0,42717.0,42782.2,42572.4,42693.9,2608.0
20260803.0,1845.0,42700.9,42756.1,42650.8,42711.0,1018.0
20260803.0,1900.0,42706.9,42829.4,42682.9,42786.3,1144.0
20260803.0,1915.0,42785.3,42799.3,42590.5,42606.5,1572.0
20260803.0,1930.0,42611.6,42678.8,42578.5,42578.4,1248.0
20260803.0,1945.0,42582.4,42660.7,42505.2,42536.3,1902.0
20260803.0,2000.0,42540.3,42548.3,42462.0,42480.0,1484.0
20260803.0,2015.0,42481.0,42533.2,42418.8,42531.2,1714.0
20260803.0,2030.0,42527.2,42565.3,42484.1,42531.2,1082.0
20260803.0,2045.0,42531.2,42601.5,42489.1,42579.4,1078.0
20260803.0,2100.0,42585.5,42594.4,42437.9,42487.1,1426.0
20260803.0,2115.0,42483.0,42533.2,42404.8,42500.1,1476.0
20260803.0,2130.0,42495.1,42580.4,42455.0,42536.3,1302.0
20260803.0,2145.0,42538.3,42673.8,42273.3,42444.9,9170.0
20260803.0,2200.0,42457.9,42649.7,42329.5,42649.7,3676.0
20260803.0,2215.0,42638.7,42714.9,42481.1,42612.6,4906.0
20260803.0,2230.0,42608.5,42809.3,42573.5,42803.3,3894.0
20260803.0,2245.0,42806.3,42811.3,42696.9,42728.0,3442.0
20260803.0,2300.0,42729.0,42990.0,42699.0,42958.9,4120.0
20260803.0,2315.0,42956.9,42962.9,42723.1,42740.1,2934.0
20260803.0,2330.0,42739.1,42794.2,42639.7,42650.7,2478.0
20260803.0,2345.0,42651.7,42835.4,42644.7,42801.3,1568.0
20260804.0,0.0,42813.4,42851.5,42766.2,42793.3,918.0
20260804.0,15.0,42804.3,42896.6,42794.3,42860.6,1112.0
20260804.0,30.0,42860.6,42948.9,42833.5,42854.5,1444.0
20260804.0,45.0,42849.5,42860.5,42780.3,42822.4,588.0
20260804.0,100.0,42822.4,42848.5,42777.3,42801.3,488.0
20260804.0,115.0,42799.3,42902.7,42771.2,42889.7,796.0
20260804.0,130.0,42882.6,42920.7,42876.7,42912.8,412.0
20260804.0,145.0,42916.8,43108.5,42916.8,43097.5,2348.0
20260804.0,200.0,43095.5,43165.7,43088.5,43156.7,1006.0
20260804.0,215.0,43162.8,43245.0,43162.8,43190.9,1276.0
20260804.0,230.0,43206.9,43254.1,43098.6,43110.6,906.0
20260804.0,245.0,43106.5,43146.6,43070.4,43107.5,552.0
20260804.0,300.0,43122.6,43142.6,43075.5,43095.5,380.0
20260804.0,315.0,43090.5,43176.8,43090.5,43117.6,462.0
20260804.0,330.0,43115.6,43154.7,43091.5,43102.5,560.0
20260804.0,345.0,43114.6,43129.6,43084.5,43127.6,320.0
20260804.0,400.0,43128.6,43150.7,43058.4,43101.5,660.0
20260804.0,415.0,43098.5,43220.9,43080.5,43197.9,540.0
20260804.0,430.0,43206.9,43279.2,43207.0,43243.1,734.0
20260804.0,445.0,43244.1,43338.4,43238.1,43321.4,954.0
20260804.0,500.0,43314.4,43325.4,43276.3,43325.4,292.0
20260804.0,900.0,42921.8,43051.3,42724.1,43040.3,13406.0
20260804.0,915.0,43031.2,43068.3,42731.1,42907.7,17230.0
20260804.0,930.0,42911.8,43165.7,42863.6,43139.7,11504.0
20260804.0,945.0,43142.7,43558.3,43142.7,43552.3,12570.0
20260804.0,1000.0,43548.3,43965.9,43538.3,43899.7,14076.0
20260804.0,1015.0,43900.7,43908.7,43449.0,43505.1,10896.0
20260804.0,1030.0,43504.1,43559.3,43341.5,43453.9,6722.0
20260804.0,1045.0,43470.0,43599.5,43454.0,43546.3,3370.0
20260804.0,1100.0,43555.3,43584.4,43376.7,43383.6,3434.0
20260804.0,1115.0,43381.6,43527.2,43169.8,43172.8,6914.0
20260804.0,1130.0,43178.8,43440.8,43100.6,43372.6,5970.0
20260804.0,1145.0,43378.6,43463.9,43224.1,43254.1,3714.0
20260804.0,1200.0,43254.1,43310.3,43223.1,43250.1,2682.0
20260804.0,1215.0,43253.1,43302.3,43112.6,43137.7,3716.0
20260804.0,1230.0,43141.7,43380.6,43131.7,43358.5,3424.0
20260804.0,1245.0,43364.6,43375.6,43222.0,43235.1,2688.0
20260804.0,1300.0,43233.0,43428.8,43202.0,43378.6,3560.0
20260804.0,1315.0,43371.6,43415.7,43204.0,43276.2,3684.0
20260804.0,1330.0,43282.2,43412.7,43232.1,43373.6,5904.0
20260804.0,1345.0,43367.6,43657.7,43354.6,43531.2,12158.0
20260804.0,1515.0,43627.6,43689.8,43571.4,43597.5,2334.0
20260804.0,1530.0,43596.5,43676.8,43561.4,43612.6,1294.0
20260804.0,1545.0,43612.6,43723.0,43576.5,43603.5,1900.0
20260804.0,1600.0,43599.5,43629.6,43540.3,43554.3,888.0
20260804.0,1615.0,43553.3,43752.1,43549.4,43737.1,2772.0
20260804.0,1630.0,43725.0,43852.5,43675.9,43722.0,2912.0
20260804.0,1645.0,43722.0,43721.9,43577.5,43608.5,1778.0
20260804.0,1700.0,43608.5,43629.6,43560.4,43598.5,898.0
20260804.0,1715.0,43597.5,43600.5,43452.0,43524.2,2036.0
20260804.0,1730.0,43524.2,43584.4,43406.8,43584.4,1582.0
20260804.0,1745.0,43583.4,43675.8,43576.5,43651.7,1446.0
20260804.0,1800.0,43656.7,43693.8,43616.6,43690.9,932.0
20260804.0,1815.0,43690.9,43769.1,43650.8,43758.1,1066.0
20260804.0,1830.0,43756.1,43818.3,43729.1,43789.3,1376.0
20260804.0,1845.0,43791.3,43901.7,43762.2,43880.6,2204.0
20260804.0,1900.0,43877.6,43924.8,43817.4,43852.5,1886.0
20260804.0,1915.0,43860.6,43948.9,43860.6,43936.9,1104.0
20260804.0,1930.0,43937.9,44063.3,43919.8,44063.4,2718.0
20260804.0,1945.0,44062.4,44104.5,43925.9,44084.5,2726.0
20260804.0,2000.0,44090.5,44152.7,44037.3,44127.6,2206.0
20260804.0,2015.0,44121.6,44130.6,44066.4,44079.4,992.0
20260804.0,2030.0,44075.4,44137.6,44055.4,44101.5,1268.0
20260804.0,2045.0,44103.5,44118.5,44038.3,44105.5,794.0
20260804.0,2100.0,44103.5,44109.5,44041.3,44083.4,570.0
20260804.0,2115.0,44088.5,44196.9,44066.4,44180.8,1622.0
20260804.0,2130.0,44180.8,44278.2,44092.5,44124.6,3462.0
20260804.0,2145.0,44118.6,44329.4,44022.3,44256.1,6800.0
20260804.0,2200.0,44269.2,44399.7,44250.2,44274.2,4888.0
20260804.0,2215.0,44290.3,44375.6,44210.0,44318.4,2990.0
20260804.0,2230.0,44327.4,44360.5,44223.1,44350.5,2268.0
20260804.0,2245.0,44343.5,44392.6,44299.4,44389.7,2024.0
20260804.0,2300.0,44382.6,44416.7,44334.5,44389.7,2024.0
20260804.0,2315.0,44389.7,44495.0,44387.7,44465.0,3046.0
20260804.0,2330.0,44458.9,44502.1,44444.9,44457.9,1642.0
20260804.0,2345.0,44460.0,44563.3,44454.0,44550.3,1958.0
20260805.0,0.0,44548.3,44598.5,44543.3,44568.4,1652.0
20260805.0,15.0,44567.4,44655.7,44566.4,44594.5,2380.0
20260805.0,30.0,44596.5,44670.7,44586.5,44648.7,1046.0
20260805.0,45.0,44646.7,44673.8,44627.7,44654.7,786.0
20260805.0,100.0,44650.7,44676.8,44636.7,44659.8,356.0
20260805.0,115.0,44659.8,44711.9,44657.8,44704.9,1012.0
20260805.0,130.0,44706.9,44791.2,44690.9,44764.2,1156.0
20260805.0,145.0,44760.2,44851.5,44745.1,44848.5,1436.0
20260805.0,200.0,44850.5,44859.5,44735.1,44766.2,1390.0
20260805.0,215.0,44762.2,44822.4,44734.1,44817.4,834.0
20260805.0,230.0,44819.4,44843.4,44796.3,44843.5,614.0
20260805.0,245.0,44845.5,44883.6,44775.3,44798.3,824.0
20260805.0,300.0,44824.4,44827.4,44809.4,44821.4,262.0
20260805.0,315.0,44827.4,44905.7,44827.5,44849.5,886.0
20260805.0,330.0,44849.5,44855.5,44809.4,44819.4,630.0
20260805.0,345.0,44828.4,44855.5,44815.4,44855.5,358.0
20260805.0,400.0,44849.5,44860.5,44760.2,44769.2,836.0
20260805.0,415.0,44777.2,44854.5,44769.2,44800.3,712.0
20260805.0,430.0,44797.3,44797.3,44481.1,44583.4,2874.0
20260805.0,445.0,44563.4,44658.7,44556.4,44637.7,488.0
20260805.0,500.0,44648.7,44717.9,44616.6,44718.0,484.0
20260805.0,900.0,44832.4,44857.5,44669.8,44832.4,8094.0
20260805.0,915.0,44834.5,44877.6,44550.4,44582.4,14818.0
20260805.0,930.0,44578.4,44626.6,44396.8,44580.4,11092.0
20260805.0,945.0,44586.5,44819.3,44519.2,44769.2,11312.0
20260805.0,1000.0,44767.2,45033.2,44763.2,44953.9,11740.0
20260805.0,1015.0,44956.9,45089.4,44957.0,45060.4,5992.0
20260805.0,1030.0,45063.4,45091.4,44937.9,44987.1,5512.0
20260805.0,1045.0,44980.0,45037.2,44896.8,45005.1,3904.0
20260805.0,1100.0,45005.1,45103.5,44974.1,44986.1,4656.0
20260805.0,1115.0,44997.1,45101.5,44964.0,44964.0,3918.0
20260805.0,1130.0,44967.0,44980.0,44792.3,44796.3,5636.0
20260805.0,1145.0,44798.3,44915.7,44719.0,44863.6,6102.0
20260805.0,1200.0,44862.6,44919.7,44771.2,44836.5,2616.0
20260805.0,1215.0,44835.5,44859.5,44741.1,44771.2,2158.0
20260805.0,1230.0,44765.2,44782.2,44524.3,44578.4,5720.0
20260805.0,1245.0,44575.4,44714.9,44563.4,44663.8,4404.0
20260805.0,1300.0,44664.8,44696.9,44546.3,44643.7,3546.0
20260805.0,1315.0,44640.7,44731.0,44590.5,44643.7,3958.0
20260805.0,1330.0,44644.7,44719.9,44560.4,44690.9,7334.0
20260805.0,1345.0,44690.9,44763.1,44665.8,44692.9,12648.0
20260805.0,1515.0,44759.2,44804.3,44577.5,44599.5,3030.0
20260805.0,1530.0,44603.5,44608.5,44463.0,44494.1,2742.0
20260805.0,1545.0,44490.1,44543.2,44429.9,44519.2,1876.0
20260805.0,1600.0,44518.2,44592.4,44515.2,44562.4,1546.0
20260805.0,1615.0,44563.4,44607.5,44411.8,44448.9,2602.0
20260805.0,1630.0,44444.9,44516.1,44400.8,44467.0,1816.0
20260805.0,1645.0,44468.0,44467.9,44308.4,44363.6,2828.0
20260805.0,1700.0,44367.6,44407.7,44336.5,44376.6,1124.0
20260805.0,1715.0,44376.6,44439.8,44319.4,44370.6,1540.0
20260805.0,1730.0,44373.6,44428.8,44336.5,44422.8,1018.0
20260805.0,1745.0,44424.8,44523.2,44418.8,44458.9,2204.0
20260805.0,1800.0,44454.9,44462.9,44369.6,44412.8,1012.0
20260805.0,1815.0,44412.8,44447.9,44396.8,44433.8,690.0
20260805.0,1830.0,44430.8,44493.0,44427.9,44473.0,912.0
20260805.0,1845.0,44473.0,44503.1,44448.0,44473.0,686.0
20260805.0,1900.0,44476.0,44559.3,44417.8,44534.3,1892.0
20260805.0,1915.0,44537.3,44598.5,44512.2,44573.4,1442.0
20260805.0,1930.0,44579.4,44618.5,44568.4,44591.5,770.0
20260805.0,1945.0,44586.5,44694.8,44559.4,44669.8,1690.0
20260805.0,2000.0,44668.8,44719.9,44578.5,44586.5,1674.0
20260805.0,2015.0,44583.4,44628.6,44513.2,44563.4,1750.0
20260805.0,2030.0,44563.4,44627.6,44514.2,44570.4,1468.0
20260805.0,2045.0,44566.4,44601.5,44486.1,44601.5,1264.0
20260805.0,2100.0,44603.5,44628.6,44545.3,44547.3,908.0
20260805.0,2115.0,44546.3,44583.4,44510.2,44518.2,618.0
20260805.0,2130.0,44522.2,44605.5,44460.0,44590.5,1750.0
20260805.0,2145.0,44587.5,44767.1,44474.1,44720.0,6230.0
20260805.0,2200.0,44728.0,44823.4,44668.8,44764.2,4612.0
20260805.0,2215.0,44755.1,44755.1,44511.2,44590.5,4900.0
20260805.0,2230.0,44591.5,44639.6,44432.9,44492.1,3456.0
20260805.0,2245.0,44492.1,44492.0,44321.4,44402.7,4250.0
20260805.0,2300.0,44392.7,44490.0,44275.3,44421.8,3818.0
20260805.0,2315.0,44420.8,44543.2,44394.7,44457.9,3190.0
20260805.0,2330.0,44463.0,44541.2,44396.8,44498.1,2164.0
20260805.0,2345.0,44499.1,44638.6,44498.2,44566.4,2372.0
20260806.0,0.0,44550.3,44589.4,44447.0,44495.1,1948.0
20260806.0,15.0,44491.1,44579.4,44488.1,44544.3,1170.0
20260806.0,30.0,44526.2,44672.8,44525.3,44669.8,1332.0
20260806.0,45.0,44672.8,44689.8,44576.5,44598.5,1058.0
20260806.0,100.0,44598.5,44630.6,44592.5,44615.6,546.0
20260806.0,115.0,44618.6,44625.6,44509.2,44536.3,702.0
20260806.0,130.0,44533.2,44573.4,44496.1,44528.2,568.0
20260806.0,145.0,44532.2,44582.4,44501.2,44556.3,312.0
20260806.0,200.0,44551.3,44588.4,44528.3,44577.4,292.0
20260806.0,215.0,44574.4,44594.4,44553.4,44558.3,504.0
20260806.0,230.0,44557.3,44597.5,44552.4,44592.5,220.0
20260806.0,245.0,44591.5,44594.4,44514.2,44528.2,328.0
20260806.0,300.0,44538.3,44585.4,44536.3,44578.4,264.0
20260806.0,315.0,44572.4,44661.7,44564.4,44648.7,766.0
20260806.0,330.0,44652.7,44678.8,44635.7,44645.7,328.0
20260806.0,345.0,44642.7,44656.7,44574.5,44585.5,492.0
20260806.0,400.0,44586.5,44601.5,44407.8,44424.8,776.0
20260806.0,415.0,44423.8,44452.9,44322.5,44393.7,1542.0
20260806.0,430.0,44395.7,44411.7,44351.6,44407.7,368.0
20260806.0,445.0,44414.8,44466.9,44413.8,44455.9,332.0
20260806.0,500.0,44449.9,44470.9,44428.9,44455.9,264.0
20260806.0,900.0,44354.5,44493.0,44288.3,44430.8,8332.0
20260806.0,915.0,44428.8,44506.1,44242.1,44334.5,13914.0
20260806.0,930.0,44336.5,44353.5,44019.2,44222.0,12774.0
20260806.0,945.0,44224.0,44322.4,44049.4,44058.3,8722.0
20260806.0,1000.0,44066.4,44203.9,44041.3,44119.6,5838.0
20260806.0,1015.0,44121.6,44299.3,44121.6,44249.1,6986.0
20260806.0,1030.0,44254.1,44372.6,44203.0,44267.2,6030.0
20260806.0,1045.0,44263.2,44607.5,44228.1,44605.5,7846.0
20260806.0,1100.0,44595.5,44670.7,44506.2,44614.6,5812.0
20260806.0,1115.0,44611.6,44672.8,44482.1,44555.3,4062.0
20260806.0,1130.0,44553.3,44585.4,44417.8,44434.9,2980.0
20260806.0,1145.0,44437.9,44498.1,44385.7,44444.9,2870.0
20260806.0,1200.0,44449.9,44523.2,44414.8,44521.2,2046.0
20260806.0,1215.0,44517.2,44538.2,44413.8,44419.8,2426.0
20260806.0,1230.0,44417.8,44511.1,44395.7,44453.9,2082.0
20260806.0,1245.0,44448.9,44535.2,44382.7,44412.8,2332.0
20260806.0,1300.0,44415.8,44513.1,44384.7,44501.1,2164.0
20260806.0,1315.0,44502.1,44622.6,44480.1,44587.5,5084.0
20260806.0,1330.0,44581.4,44598.5,44475.1,44489.1,4346.0
20260806.0,1345.0,44484.0,44526.2,44380.7,44457.9,6192.0
20260806.0,1515.0,44306.3,44511.1,44275.3,44503.1,3044.0
20260806.0,1530.0,44501.1,44558.3,44476.1,44538.3,1184.0
20260806.0,1545.0,44534.3,44539.2,44428.9,44442.9,1308.0
20260806.0,1600.0,44441.9,44456.9,44404.8,44433.8,912.0
20260806.0,1615.0,44434.9,44452.9,44285.3,44319.4,2000.0
20260806.0,1630.0,44319.4,44410.7,44303.4,44403.7,976.0
20260806.0,1645.0,44407.7,44431.8,44370.6,44414.8,666.0
20260806.0,1700.0,44415.8,44488.0,44397.8,44485.1,832.0
20260806.0,1715.0,44485.1,44494.0,44335.5,44345.5,1184.0
20260806.0,1730.0,44342.5,44397.7,44338.5,44391.7,460.0
20260806.0,1745.0,44381.6,44388.6,44353.6,44369.6,426.0
20260806.0,1800.0,44378.6,44479.0,44374.7,44479.0,788.0
20260806.0,1815.0,44480.0,44490.0,44445.9,44453.9,502.0
20260806.0,1830.0,44450.9,44461.9,44399.8,44432.8,554.0
20260806.0,1845.0,44435.9,44440.8,44371.6,44377.6,476.0
20260806.0,1900.0,44376.6,44402.7,44351.6,44394.7,522.0
20260806.0,1915.0,44397.7,44397.7,44045.3,44210.0,4472.0
20260806.0,1930.0,44211.0,44332.4,44208.0,44320.4,1520.0
20260806.0,1945.0,44314.4,44436.8,44311.4,44384.7,1870.0
20260806.0,2000.0,44390.7,44421.8,44311.4,44366.6,1106.0
20260806.0,2015.0,44373.6,44390.6,44246.1,44249.1,1124.0
20260806.0,2030.0,44251.1,44335.4,44202.0,44267.2,1324.0
20260806.0,2045.0,44265.2,44339.4,44240.1,44305.3,942.0
20260806.0,2100.0,44302.3,44317.3,44241.1,44272.2,672.0
20260806.0,2115.0,44267.2,44276.2,44149.8,44149.7,1140.0
20260806.0,2130.0,44160.8,44219.9,44126.7,44139.7,1112.0
20260806.0,2145.0,44142.7,44427.8,43976.1,44412.8,8966.0
20260806.0,2200.0,44417.8,44605.5,44390.7,44590.5,6254.0
20260806.0,2215.0,44592.5,44817.3,44545.3,44757.1,7328.0
20260806.0,2230.0,44757.1,44912.7,44719.0,44856.5,5028.0
20260806.0,2245.0,44854.5,45053.3,44854.6,44860.6,6692.0
20260806.0,2300.0,44863.6,44972.0,44763.2,44971.0,3982.0
20260806.0,2315.0,44970.0,45020.1,44881.7,44962.0,2716.0
20260806.0,2330.0,44960.0,44974.0,44862.6,44914.8,2398.0
20260806.0,2345.0,44911.8,44946.9,44770.2,44776.2,2178.0
20260807.0,0.0,44776.2,44915.7,44690.9,44745.1,3648.0
20260807.0,15.0,44758.1,44831.4,44701.0,44766.2,2990.0
20260807.0,30.0,44761.2,44813.3,44682.9,44724.0,1914.0
20260807.0,45.0,44724.0,44840.4,44718.0,44773.2,1488.0
20260807.0,100.0,44780.2,44896.7,44752.2,44885.7,1662.0
20260807.0,115.0,44889.7,44901.7,44827.5,44835.5,950.0
20260807.0,130.0,44837.5,44870.5,44825.5,44843.5,540.0
20260807.0,145.0,44844.5,44863.5,44794.3,44812.4,390.0
20260807.0,200.0,44812.4,44839.4,44801.4,44834.5,390.0
20260807.0,215.0,44839.5,44855.5,44768.2,44803.3,548.0
20260807.0,230.0,44804.3,44873.6,44716.0,44861.6,1200.0
20260807.0,245.0,44849.5,44856.5,44751.2,44767.2,338.0
20260807.0,300.0,44775.2,44788.2,44737.1,44744.1,270.0
20260807.0,315.0,44742.1,44838.4,44734.1,44790.3,552.0
20260807.0,330.0,44790.3,44810.3,44706.0,44740.1,408.0
20260807.0,345.0,44740.1,44785.2,44716.0,44740.1,372.0
20260807.0,400.0,44741.1,44767.1,44683.9,44719.0,726.0
20260807.0,415.0,44720.0,44739.0,44665.8,44711.0,716.0
20260807.0,430.0,44711.0,44725.0,44618.6,44627.6,478.0
20260807.0,445.0,44628.6,44668.7,44616.6,44651.7,284.0
20260807.0,500.0,44650.7,44722.0,44636.7,44722.0,448.0
20260807.0,900.0,44767.2,44883.6,44595.5,44879.6,9978.0
20260807.0,915.0,44876.6,44923.8,44409.8,44431.8,12636.0
20260807.0,930.0,44439.9,44644.6,44352.6,44556.3,10562.0
20260807.0,945.0,44553.3,44667.7,44286.3,44440.9,8640.0
20260807.0,1000.0,44441.9,44543.2,44377.7,44386.7,4838.0
20260807.0,1015.0,44394.7,44600.5,44375.7,44518.2,5768.0
20260807.0,1030.0,44515.2,44633.6,44478.1,44520.2,4864.0
20260807.0,1045.0,44520.2,44601.5,44475.1,44498.1,3572.0
20260807.0,1100.0,44500.1,44618.5,44435.9,44545.3,4218.0
20260807.0,1115.0,44545.3,44667.7,44542.3,44557.3,3592.0
20260807.0,1130.0,44557.3,44578.4,44319.4,44385.7,5364.0
20260807.0,1145.0,44377.6,44522.2,44363.6,44461.0,3078.0
20260807.0,1200.0,44454.9,44516.1,44344.5,44362.6,2848.0
20260807.0,1215.0,44362.6,44472.0,44322.5,44397.7,2552.0
20260807.0,1230.0,44398.7,44445.8,44278.3,44387.7,3240.0
20260807.0,1245.0,44386.7,44453.9,44221.0,44234.0,3770.0
20260807.0,1300.0,44232.0,44302.3,44099.6,44299.3,4866.0
20260807.0,1315.0,44295.3,44488.0,44294.3,44401.7,5692.0
20260807.0,1330.0,44404.7,44500.1,44400.8,44426.8,5040.0
20260807.0,1345.0,44424.8,44532.2,44410.8,44527.2,6856.0
20260807.0,1515.0,44540.3,44700.9,44540.3,44697.9,2382.0
20260807.0,1530.0,44700.9,44724.0,44643.7,44696.9,1216.0
20260807.0,1545.0,44691.9,44705.9,44655.8,44671.8,708.0
20260807.0,1600.0,44668.8,44692.8,44643.7,44648.7,474.0
20260807.0,1615.0,44651.7,44750.1,44651.8,44727.0,1178.0
20260807.0,1630.0,44720.0,44728.0,44652.8,44666.8,926.0
20260807.0,1645.0,44671.8,44723.0,44653.8,44688.9,604.0
20260807.0,1700.0,44690.9,44724.0,44670.8,44724.0,448.0
20260807.0,1715.0,44718.0,44834.4,44709.0,44770.2,2132.0
20260807.0,1730.0,44774.2,44824.4,44766.2,44772.2,666.0
20260807.0,1745.0,44774.2,44843.4,44769.2,44806.3,772.0
20260807.0,1800.0,44809.4,44840.4,44794.3,44815.4,668.0
20260807.0,1815.0,44819.4,44833.4,44786.3,44786.3,454.0
20260807.0,1830.0,44787.3,44798.3,44735.1,44797.3,746.0
20260807.0,1845.0,44799.3,44811.3,44766.2,44779.2,288.0
20260807.0,1900.0,44782.2,44796.2,44748.2,44759.2,274.0
20260807.0,1915.0,44769.2,44900.7,44768.2,44868.6,1442.0
20260807.0,1930.0,44867.6,44904.7,44859.6,44886.7,476.0
20260807.0,1945.0,44883.6,44891.6,44855.6,44877.6,380.0
20260807.0,2000.0,44882.6,44915.7,44840.5,44843.5,790.0
20260807.0,2015.0,44839.5,44953.9,44822.5,44903.7,1186.0
20260807.0,2030.0,44895.7,44960.9,44829.5,44908.7,886.0
20260807.0,2045.0,44911.8,45274.2,44875.7,45266.2,5950.0
20260807.0,2100.0,45274.2,45427.8,45274.3,45386.7,3724.0
20260807.0,2115.0,45381.6,45408.7,45231.1,45247.1,3146.0
20260807.0,2130.0,45249.1,45258.1,45110.6,45225.0,2854.0
20260807.0,2145.0,45225.0,45250.1,45097.6,45228.0,4514.0
20260807.0,2200.0,45220.0,45251.1,44906.8,44950.9,5166.0
20260807.0,2215.0,44937.9,44976.0,44700.0,44718.0,7074.0
20260807.0,2230.0,44722.0,44992.0,44691.9,44961.0,4190.0
20260807.0,2245.0,44965.0,44975.0,44788.3,44812.4,2822.0
20260807.0,2300.0,44813.4,44967.9,44805.4,44941.9,2040.0
20260807.0,2315.0,44943.9,45002.1,44935.9,44968.0,1802.0
20260807.0,2330.0,44965.0,45092.4,44912.8,45061.4,2312.0
20260807.0,2345.0,45068.4,45099.5,45000.2,45038.3,1986.0
20260808.0,0.0,45037.3,45124.6,45030.3,45093.5,1506.0
20260808.0,15.0,45095.5,45130.6,45057.4,45062.4,1228.0
20260808.0,30.0,45058.3,45100.5,44945.9,44966.0,1876.0
20260808.0,45.0,44970.0,45035.2,44890.7,45011.2,1404.0
20260808.0,100.0,45011.2,45065.3,45004.2,45008.1,704.0
20260808.0,115.0,45009.2,45060.3,44988.1,45020.2,678.0
20260808.0,130.0,45020.2,45072.4,45020.2,45041.3,548.0
20260808.0,145.0,45040.3,45049.3,45011.2,45027.2,676.0
20260808.0,200.0,45025.2,45055.3,45010.2,45028.2,502.0
20260808.0,215.0,45025.2,45043.2,44985.1,44991.1,562.0
20260808.0,230.0,45001.1,45020.1,44975.1,44981.0,392.0
20260808.0,245.0,44985.1,45005.1,44947.0,44946.9,372.0
20260808.0,300.0,44949.9,45016.1,44947.0,45008.1,354.0
20260808.0,315.0,45013.2,45177.8,45013.2,45141.7,1502.0
20260808.0,330.0,45150.7,45200.9,45128.7,45150.7,596.0
20260808.0,345.0,45152.7,45155.7,45109.6,45109.6,678.0
20260808.0,400.0,45111.6,45222.0,45110.6,45196.9,722.0
20260808.0,415.0,45193.9,45202.9,45173.9,45178.8,326.0
20260808.0,430.0,45178.8,45199.9,45171.9,45173.8,220.0
20260808.0,445.0,45171.8,45208.9,45169.8,45201.9,196.0
20260808.0,500.0,45201.9,45225.0,45194.9,45214.0,396.0
20260810.0,900.0,45165.8,45214.9,44971.0,44971.0,8190.0
20260810.0,915.0,44973.0,45107.5,44847.6,45102.5,10904.0
20260810.0,930.0,45102.5,45357.5,45068.4,45206.9,10066.0
20260810.0,945.0,45203.9,45244.0,45050.4,45218.0,7688.0
20260810.0,1000.0,45218.0,45391.6,45198.0,45340.5,7540.0
20260810.0,1015.0,45346.5,45400.7,45282.3,45328.4,4224.0
20260810.0,1030.0,45323.4,45333.4,45256.2,45296.3,3198.0
20260810.0,1045.0,45300.3,45312.3,45204.0,45227.0,3016.0
20260810.0,1100.0,45226.0,45366.5,45222.1,45237.1,3450.0
20260810.0,1115.0,45232.0,45296.3,45120.6,45158.8,3458.0
20260810.0,1130.0,45163.8,45220.9,45105.6,45121.6,3386.0
20260810.0,1145.0,45123.6,45192.8,45110.6,45170.8,2270.0
20260810.0,1200.0,45170.8,45185.8,45095.5,45141.7,1840.0
20260810.0,1215.0,45144.7,45155.7,45027.3,45061.4,3302.0
20260810.0,1230.0,45065.4,45109.5,45048.4,45103.5,1852.0
20260810.0,1245.0,45102.5,45104.5,44976.1,45027.2,3684.0
20260810.0,1300.0,45029.2,45054.3,44963.0,44994.1,2656.0
20260810.0,1315.0,45000.1,45185.8,44983.1,45183.9,3872.0
20260810.0,1330.0,45185.9,45245.0,45147.8,45147.7,5316.0
20260810.0,1345.0,45149.7,45188.8,45092.5,45167.8,10024.0
20260810.0,1515.0,45180.8,45253.1,45143.7,45159.8,2192.0
20260810.0,1530.0,45159.8,45231.0,45158.8,45223.0,748.0
20260810.0,1545.0,45222.0,45305.3,45219.0,45305.3,1052.0
20260810.0,1600.0,45305.3,45351.5,45228.1,45290.3,1652.0
20260810.0,1615.0,45287.3,45350.5,45269.2,45328.4,1354.0
20260810.0,1630.0,45330.4,45360.5,45269.2,45277.2,958.0
20260810.0,1645.0,45283.2,45312.3,45261.2,45281.2,670.0
20260810.0,1700.0,45279.2,45291.2,45266.2,45287.3,324.0
20260810.0,1715.0,45286.3,45295.2,45249.2,45258.1,608.0
20260810.0,1730.0,45264.2,45283.2,45215.0,45261.2,812.0
20260810.0,1745.0,45261.2,45282.2,45189.9,45207.9,654.0
20260810.0,1800.0,45202.9,45233.0,45201.0,45222.0,460.0
20260810.0,1815.0,45217.0,45248.1,45072.5,45100.5,1306.0
20260810.0,1830.0,45101.5,45185.8,45074.5,45172.8,1042.0
20260810.0,1845.0,45168.8,45180.8,45127.7,45156.7,514.0
20260810.0,1900.0,45160.8,45205.9,45142.7,45166.8,914.0
20260810.0,1915.0,45172.8,45201.9,45057.4,45118.6,1182.0
20260810.0,1930.0,45116.6,45190.8,45106.6,45181.8,864.0
20260810.0,1945.0,45179.8,45185.8,45080.5,45080.4,690.0
20260810.0,2000.0,45082.4,45114.5,45062.4,45114.6,806.0
20260810.0,2015.0,45110.6,45137.6,45041.3,45041.3,960.0
20260810.0,2030.0,45045.3,45073.4,45034.3,45055.3,1004.0
20260810.0,2045.0,45051.3,45088.4,45024.3,45058.3,796.0
20260810.0,2100.0,45058.3,45066.3,44994.1,44999.1,704.0
20260810.0,2115.0,44996.1,45045.2,44949.0,45040.3,1820.0
20260810.0,2130.0,45037.3,45085.4,45013.2,45081.4,936.0
20260810.0,2145.0,45077.4,45100.5,44821.5,44920.8,5916.0
20260810.0,2200.0,44917.8,45028.2,44899.8,45000.1,3638.0
20260810.0,2215.0,44989.1,45165.7,44966.0,45134.7,3786.0
20260810.0,2230.0,45138.7,45157.7,44972.1,45004.1,2950.0
20260810.0,2245.0,45008.1,45121.6,44985.1,45036.3,2126.0
20260810.0,2300.0,45039.3,45073.4,44945.9,44947.9,1728.0
20260810.0,2315.0,44947.9,45060.3,44948.0,45018.2,1676.0
20260810.0,2330.0,45023.2,45052.3,44971.0,44984.1,968.0
20260810.0,2345.0,44980.0,44999.1,44917.8,44991.1,1216.0
20260811.0,0.0,44993.1,45036.2,44964.0,45018.2,986.0
20260811.0,15.0,45026.2,45039.2,44982.1,44994.1,552.0
20260811.0,30.0,44989.1,45017.1,44976.1,44981.0,446.0
20260811.0,45.0,44981.0,44987.0,44861.6,44879.6,1632.0
20260811.0,100.0,44882.6,44925.8,44871.7,44901.7,816.0
20260811.0,115.0,44899.7,44934.8,44893.7,44922.8,306.0
20260811.0,130.0,44927.8,44947.9,44899.8,44910.8,240.0
20260811.0,145.0,44916.8,44925.8,44876.7,44879.6,360.0
20260811.0,200.0,44875.6,44906.7,44875.7,44901.7,200.0
20260811.0,215.0,44905.7,44941.8,44895.7,44913.8,324.0
20260811.0,230.0,44911.8,44920.7,44895.7,44905.7,106.0
20260811.0,245.0,44904.7,44967.9,44902.8,44967.0,308.0
20260811.0,300.0,44968.0,45004.1,44962.0,44995.1,284.0
20260811.0,315.0,45004.1,45010.1,44988.1,45004.1,190.0
20260811.0,330.0,45004.1,45023.2,44996.1,45017.2,238.0
20260811.0,345.0,45019.2,45020.1,44971.0,44971.0,230.0
20260811.0,400.0,44970.0,45001.1,44891.7,44915.8,612.0
20260811.0,415.0,44948.9,44949.9,44904.8,44904.7,340.0
20260811.0,430.0,44901.7,44908.7,44886.7,44896.7,134.0
20260811.0,445.0,44892.7,44892.6,44862.6,44879.6,306.0
20260811.0,500.0,44883.6,44916.7,44869.6,44898.7,390.0
20260811.0,900.0,44940.9,45144.6,44932.9,45064.4,5862.0
20260811.0,915.0,45062.4,45137.6,44749.2,45137.7,14990.0
20260811.0,930.0,45136.7,45172.8,44952.0,45093.5,8476.0
20260811.0,945.0,45091.5,45112.5,44846.6,44949.9,7524.0
20260811.0,1000.0,44951.9,45023.2,44867.6,44905.7,5224.0
20260811.0,1015.0,44901.7,44947.9,44827.5,44889.7,4704.0
20260811.0,1030.0,44889.7,45021.1,44837.5,44997.1,4858.0
20260811.0,1045.0,44995.1,45110.5,44981.1,45090.5,4368.0
20260811.0,1100.0,45100.5,45151.7,44928.9,44999.1,4930.0
20260811.0,1115.0,45000.1,45078.4,44957.0,45050.3,3066.0
20260811.0,1130.0,45054.3,45321.4,45053.4,45299.3,7458.0
20260811.0,1145.0,45296.3,45326.4,45216.0,45237.1,4654.0
20260811.0,1200.0,45241.1,45305.3,45178.9,45190.9,3096.0
20260811.0,1215.0,45190.9,45284.2,45166.8,45250.1,2842.0
20260811.0,1230.0,45250.1,45306.3,45222.1,45261.2,2740.0
20260811.0,1245.0,45259.2,45293.2,45232.1,45274.2,1840.0
20260811.0,1300.0,45276.2,45312.3,45267.2,45310.4,1664.0
20260811.0,1315.0,45309.4,45381.6,45263.2,45325.4,4342.0
20260811.0,1330.0,45324.4,45334.4,45217.0,45247.1,3736.0
20260811.0,1345.0,45241.1,45298.3,45208.0,45271.2,4878.0
20260811.0,1515.0,45117.6,45154.7,45010.2,45095.5,2842.0
20260811.0,1530.0,45094.5,45110.5,45036.3,45080.4,1154.0
20260811.0,1545.0,45085.5,45175.8,45081.5,45128.6,1072.0
20260811.0,1600.0,45125.6,45199.9,45116.6,45190.9,720.0
20260811.0,1615.0,45195.9,45279.2,45144.7,45150.7,2070.0
20260811.0,1630.0,45147.7,45162.7,45120.6,45141.7,798.0
20260811.0,1645.0,45143.7,45182.8,45128.7,45182.8,540.0
20260811.0,1700.0,45180.8,45196.9,45157.8,45174.8,554.0
20260811.0,1715.0,45169.8,45202.9,45121.7,45148.7,704.0
20260811.0,1730.0,45153.7,45243.0,45153.8,45240.1,1028.0
20260811.0,1745.0,45243.1,45354.5,45226.1,45311.4,1862.0
20260811.0,1800.0,45316.4,45350.5,45295.3,45301.3,1114.0
20260811.0,1815.0,45306.3,45317.3,45248.2,45290.3,1262.0
20260811.0,1830.0,45289.3,45515.1,45287.3,45508.1,3232.0
20260811.0,1845.0,45509.2,45532.2,45470.0,45497.1,1684.0
20260811.0,1900.0,45501.1,45523.2,45472.1,45493.1,964.0
20260811.0,1915.0,45492.1,45702.9,45492.1,45647.7,4648.0
20260811.0,1930.0,45650.7,45654.7,45571.5,45587.5,1710.0
20260811.0,1945.0,45586.5,45597.5,45544.3,45562.4,874.0
20260811.0,2000.0,45561.4,45592.4,45545.3,45591.5,600.0
20260811.0,2015.0,45590.5,45635.6,45522.3,45610.6,1194.0
20260811.0,2030.0,45612.6,45625.6,45517.2,45546.3,1188.0
20260811.0,2045.0,45544.3,45591.4,45535.3,45590.5,552.0
20260811.0,2100.0,45591.5,45614.5,45534.3,45551.3,762.0
20260811.0,2115.0,45551.3,45619.5,45549.4,45578.4,674.0
20260811.0,2130.0,45577.4,45620.5,45557.4,45611.6,684.0
20260811.0,2145.0,45607.5,45669.7,45472.1,45637.7,4644.0
20260811.0,2200.0,45635.7,45638.6,45431.9,45560.4,3728.0
20260811.0,2215.0,45548.3,45682.8,45534.3,45606.5,3570.0
20260811.0,2230.0,45612.6,45693.8,45599.6,45669.8,2402.0
20260811.0,2245.0,45671.8,45690.8,45602.6,45612.6,2046.0
20260811.0,2300.0,45613.6,45699.9,45607.6,45625.6,2474.0
20260811.0,2315.0,45627.6,45667.7,45554.4,45573.4,2046.0
20260811.0,2330.0,45569.4,45608.5,45524.3,45542.3,1814.0
20260811.0,2345.0,45534.3,45550.3,45458.0,45492.1,1844.0
20260812.0,0.0,45488.1,45488.0,45417.8,45431.8,1814.0
20260812.0,15.0,45434.9,45493.0,45426.9,45440.9,1282.0
20260812.0,30.0,45438.9,45476.0,45396.8,45439.9,1364.0
20260812.0,45.0,45436.9,45487.0,45406.8,45435.9,702.0
20260812.0,100.0,45439.9,45439.8,45382.7,45392.7,662.0
20260812.0,115.0,45396.7,45402.7,45311.4,45314.4,1434.0
20260812.0,130.0,45312.4,45407.7,45305.4,45399.7,722.0
20260812.0,145.0,45394.7,45468.9,45374.7,45452.9,698.0
20260812.0,200.0,45446.9,45467.9,45433.9,45442.9,312.0
20260812.0,215.0,45439.9,45444.8,45394.7,45407.7,364.0
20260812.0,230.0,45407.7,45431.8,45284.3,45289.3,684.0
20260812.0,245.0,45297.3,45354.5,45292.3,45338.5,484.0
20260812.0,300.0,45340.5,45397.7,45340.5,45374.6,316.0
20260812.0,315.0,45373.6,45397.7,45341.5,45379.6,282.0
20260812.0,330.0,45375.6,45405.7,45369.6,45398.7,212.0
20260812.0,345.0,45402.7,45436.8,45401.8,45420.8,352.0
20260812.0,400.0,45420.8,45472.0,45406.8,45454.9,664.0
20260812.0,415.0,45457.9,45482.0,45413.8,45477.0,682.0
20260812.0,430.0,45481.0,45490.0,45469.0,45479.0,316.0
20260812.0,445.0,45478.0,45483.0,45460.0,45469.0,364.0
20260812.0,500.0,45463.0,45472.0,45441.9,45461.0,282.0
20260812.0,900.0,45532.2,45592.4,45465.0,45488.1,5746.0
20260812.0,915.0,45487.1,45698.9,45467.0,45492.1,11440.0
20260812.0,930.0,45491.1,45523.2,45337.5,45434.9,8812.0
20260812.0,945.0,45418.8,45546.3,45396.8,45546.3,5066.0
20260812.0,1000.0,45546.3,45619.5,45488.1,45597.5,7068.0
20260812.0,1015.0,45589.5,45610.5,45442.9,45487.1,4484.0
20260812.0,1030.0,45486.1,45554.3,45431.9,45552.3,3860.0
20260812.0,1045.0,45546.3,45633.6,45534.3,45607.5,4276.0
20260812.0,1100.0,45611.6,45728.0,45611.6,45687.9,7064.0
20260812.0,1115.0,45688.9,45744.0,45640.7,45733.0,5558.0
20260812.0,1130.0,45733.0,45737.0,45669.8,45680.8,3194.0
20260812.0,1145.0,45672.8,45700.9,45533.3,45554.3,4848.0
20260812.0,1200.0,45556.3,45617.5,45528.3,45600.5,3626.0
20260812.0,1215.0,45598.5,45604.5,45547.4,45594.5,2536.0
20260812.0,1230.0,45592.5,45604.5,45562.4,45578.4,1914.0
20260812.0,1245.0,45581.4,45703.9,45571.5,45646.7,4414.0
20260812.0,1300.0,45642.7,45717.9,45614.6,45711.0,3706.0
20260812.0,1315.0,45711.0,45712.9,45618.6,45618.6,3536.0
20260812.0,1330.0,45618.6,45662.7,45540.3,45657.7,6006.0
20260812.0,1345.0,45658.8,45711.9,45633.7,45711.0,6720.0
20260812.0,1515.0,45783.3,45924.8,45773.3,45884.7,3284.0
20260812.0,1530.0,45878.6,45902.7,45844.5,45866.6,1116.0
20260812.0,1545.0,45865.6,45901.7,45853.6,45901.7,712.0
20260812.0,1600.0,45902.7,45928.8,45868.6,45924.8,628.0
20260812.0,1615.0,45925.8,45997.1,45902.8,45979.0,2088.0
20260812.0,1630.0,45980.0,46051.3,45967.0,46047.3,1574.0
20260812.0,1645.0,46043.3,46068.3,45986.1,46046.3,1764.0
20260812.0,1700.0,46046.3,46078.4,46032.3,46062.4,756.0
20260812.0,1715.0,46072.4,46140.6,46053.4,46125.6,1232.0
20260812.0,1730.0,46127.6,46204.9,46124.7,46153.7,1422.0
20260812.0,1745.0,46160.8,46166.7,46104.6,46106.5,812.0
20260812.0,1800.0,46106.5,46122.6,46040.3,46100.5,1488.0
20260812.0,1815.0,46097.5,46137.6,46089.5,46116.6,732.0
20260812.0,1830.0,46118.6,46140.6,46101.6,46114.6,506.0
20260812.0,1845.0,46114.6,46133.6,46105.6,46114.6,342.0
20260812.0,1900.0,46114.6,46119.5,46016.2,46087.5,1224.0
20260812.0,1915.0,46094.5,46151.7,46094.5,46128.6,650.0
20260812.0,1930.0,46125.6,46129.6,46094.5,46125.6,448.0
20260812.0,1945.0,46126.6,46174.8,46118.6,46156.7,678.0
20260812.0,2000.0,46157.7,46225.0,46137.7,46206.9,1468.0
20260812.0,2015.0,46210.0,46231.0,46177.9,46181.8,876.0
20260812.0,2030.0,46183.9,46356.5,46181.9,46344.5,2112.0
20260812.0,2045.0,46352.5,46389.6,46084.5,46348.5,6348.0
20260812.0,2100.0,46341.5,46440.8,46315.4,46440.9,2404.0
20260812.0,2115.0,46436.9,46459.9,46365.6,46399.7,2040.0
20260812.0,2130.0,46397.7,46468.9,46381.7,46456.9,1426.0
20260812.0,2145.0,46456.9,46478.0,46250.2,46363.6,5862.0
20260812.0,2200.0,46370.6,46443.8,46292.3,46395.7,3412.0
20260812.0,2215.0,46385.7,46431.8,46357.6,46361.6,2012.0
20260812.0,2230.0,46373.6,46498.1,46363.6,46471.0,2578.0
20260812.0,2245.0,46468.0,46495.0,46338.5,46450.9,3094.0
20260812.0,2300.0,46449.9,46454.9,46300.4,46310.4,2224.0
20260812.0,2315.0,46306.3,46385.6,46272.3,46380.6,1332.0
20260812.0,2330.0,46380.6,46385.6,46306.4,46373.6,864.0
20260812.0,2345.0,46373.6,46377.6,46281.3,46298.3,994.0
20260813.0,0.0,46297.3,46321.4,46265.2,46290.3,1750.0
20260813.0,15.0,46290.3,46346.5,46290.3,46320.4,942.0
20260813.0,30.0,46320.4,46328.4,46282.3,46290.3,542.0
20260813.0,45.0,46292.3,46308.3,46245.1,46278.2,1210.0
20260813.0,100.0,46280.2,46307.3,46278.3,46288.3,276.0
20260813.0,115.0,46288.3,46345.5,46288.3,46339.5,564.0
20260813.0,130.0,46331.4,46373.6,46305.4,46358.6,450.0
20260813.0,145.0,46358.6,46398.7,46358.6,46391.7,564.0
20260813.0,200.0,46389.7,46401.7,46364.6,46375.6,262.0
20260813.0,215.0,46382.6,46396.7,46361.6,46377.6,296.0
20260813.0,230.0,46373.6,46431.8,46373.7,46407.7,502.0
20260813.0,245.0,46411.8,46445.9,46405.8,46445.9,292.0
20260813.0,300.0,46441.9,46447.9,46385.7,46398.7,270.0
20260813.0,315.0,46402.7,46414.7,46392.7,46398.7,192.0
20260813.0,330.0,46409.8,46430.8,46368.6,46383.7,338.0
20260813.0,345.0,46383.7,46385.6,46350.6,46358.6,362.0
20260813.0,400.0,46352.5,46362.5,46307.4,46353.5,602.0
20260813.0,415.0,46347.5,46385.6,46304.4,46318.4,518.0
20260813.0,430.0,46323.4,46325.4,46276.3,46306.3,408.0
20260813.0,445.0,46300.3,46311.3,46292.3,46307.3,126.0
20260813.0,500.0,46307.3,46307.3,46281.3,46302.3,332.0
20260813.0,900.0,46305.3,46435.8,46291.3,46384.7,6268.0
20260813.0,915.0,46385.7,46429.8,46262.2,46315.4,8630.0
20260813.0,930.0,46314.4,46359.5,46247.2,46280.2,6292.0
20260813.0,945.0,46280.2,46410.7,46254.2,46306.3,7264.0
20260813.0,1000.0,46317.4,46397.7,46227.1,46317.4,6520.0
20260813.0,1015.0,46327.4,46388.6,46290.3,46326.4,3814.0
20260813.0,1030.0,46325.4,46352.5,46108.6,46114.6,7224.0
20260813.0,1045.0,46114.6,46204.9,46024.3,46175.8,7066.0
20260813.0,1100.0,46175.8,46227.0,46132.7,46219.0,3180.0
20260813.0,1115.0,46221.0,46232.0,46151.8,46196.9,3186.0
20260813.0,1130.0,46197.9,46212.9,46173.9,46173.8,2712.0
20260813.0,1145.0,46184.9,46207.9,46113.6,46156.7,3222.0
20260813.0,1200.0,46160.8,46201.9,46144.7,46180.8,2324.0
20260813.0,1215.0,46184.9,46249.1,46175.9,46176.8,3202.0
20260813.0,1230.0,46176.8,46209.9,46137.7,46177.8,2514.0
20260813.0,1245.0,46177.8,46292.2,46174.9,46224.0,3568.0
20260813.0,1300.0,46224.0,46268.1,46200.0,46221.0,2436.0
20260813.0,1315.0,46221.0,46279.2,46217.0,46244.1,3062.0
20260813.0,1330.0,46245.1,46287.2,46171.9,46272.2,4712.0
20260813.0,1345.0,46270.2,46301.3,46171.9,46189.9,8696.0
20260813.0,1515.0,46134.7,46215.9,46085.5,46116.6,2026.0
20260813.0,1530.0,46119.6,46183.8,46080.5,46182.8,1030.0
20260813.0,1545.0,46173.8,46189.8,46143.7,46176.8,564.0
20260813.0,1600.0,46174.8,46174.8,46122.7,46124.6,456.0
20260813.0,1615.0,46128.6,46156.7,46062.4,46104.5,1732.0
20260813.0,1630.0,46102.5,46166.7,46081.5,46164.8,640.0
20260813.0,1645.0,46154.7,46160.7,46108.6,46147.7,476.0
20260813.0,1700.0,46144.7,46174.8,46131.7,46158.8,510.0
20260813.0,1715.0,46159.8,46174.8,46119.6,46119.6,382.0
20260813.0,1730.0,46118.6,46154.7,46095.5,46125.6,596.0
20260813.0,1745.0,46127.6,46175.8,46124.7,46172.8,450.0
20260813.0,1800.0,46168.8,46229.0,46151.8,46226.0,724.0
20260813.0,1815.0,46222.0,46242.0,46193.9,46231.0,594.0
20260813.0,1830.0,46232.0,46265.1,46221.1,46239.1,736.0
20260813.0,1845.0,46238.1,46249.1,46207.0,46234.1,336.0
20260813.0,1900.0,46231.0,46272.2,46223.1,46257.1,470.0
20260813.0,1915.0,46260.2,46277.2,46241.1,46241.1,648.0
20260813.0,1930.0,46247.1,46256.1,46205.0,46209.0,422.0
20260813.0,1945.0,46207.9,46259.1,46198.0,46250.1,466.0
20260813.0,2000.0,46250.1,46270.1,46219.0,46229.0,360.0
20260813.0,2015.0,46232.0,46236.0,46180.9,46204.9,538.0
20260813.0,2030.0,46200.9,46232.0,46154.8,46224.0,694.0
20260813.0,2045.0,46234.1,46294.2,46191.9,46245.1,1868.0
20260813.0,2100.0,46240.1,46255.1,46218.0,46251.1,442.0
20260813.0,2115.0,46253.1,46348.5,46245.1,46331.4,1346.0
20260813.0,2130.0,46330.4,46343.4,46302.4,46318.4,538.0
20260813.0,2145.0,46313.4,46494.0,46259.2,46450.9,5506.0
20260813.0,2200.0,46450.9,46650.7,46446.0,46585.5,4406.0
20260813.0,2215.0,46586.5,46677.8,46555.4,46638.7,2882.0
20260813.0,2230.0,46642.7,46694.8,46613.6,46684.9,2054.0
20260813.0,2245.0,46684.9,46761.1,46666.8,46741.1,2338.0
20260813.0,2300.0,46734.1,46749.1,46696.0,46710.0,1428.0
20260813.0,2315.0,46710.0,46758.1,46674.9,46675.8,1802.0
20260813.0,2330.0,46676.8,46736.0,46629.7,46641.7,2098.0
20260813.0,2345.0,46645.7,46653.7,46524.3,46606.5,3158.0
20260814.0,0.0,46599.5,46614.5,46548.4,46581.4,1258.0
20260814.0,15.0,46582.4,46639.6,46575.5,46600.5,1068.0
20260814.0,30.0,46596.5,46662.7,46596.6,46652.7,862.0
20260814.0,45.0,46656.7,46680.8,46652.8,46669.8,678.0
20260814.0,100.0,46669.8,46686.8,46647.8,46686.9,426.0
20260814.0,115.0,46686.9,46721.0,46686.9,46712.0,784.0
20260814.0,130.0,46706.9,46728.0,46702.0,46711.0,416.0
20260814.0,145.0,46712.0,46724.0,46679.9,46689.9,418.0
20260814.0,200.0,46693.9,46705.9,46637.7,46638.7,538.0
20260814.0,215.0,46646.7,46655.7,46618.6,46637.7,448.0
20260814.0,230.0,46641.7,46645.7,46616.6,46636.7,214.0
20260814.0,245.0,46641.7,46651.7,46630.7,46631.6,180.0
20260814.0,300.0,46631.6,46658.7,46622.7,46628.6,192.0
20260814.0,315.0,46628.6,46648.7,46603.6,46603.5,320.0
20260814.0,330.0,46602.5,46629.6,46581.5,46592.5,598.0
20260814.0,345.0,46589.5,46589.4,46555.4,46555.3,480.0
20260814.0,400.0,46553.3,46559.3,46501.2,46540.3,908.0
20260814.0,415.0,46541.3,46578.4,46505.2,46551.3,500.0
20260814.0,430.0,46551.3,46557.3,46537.3,46550.3,182.0
20260814.0,445.0,46555.3,46586.4,46543.3,46564.4,178.0
20260814.0,500.0,46568.4,46575.4,46534.3,46575.4,258.0
20260814.0,900.0,46652.7,46656.7,46469.0,46510.2,7918.0
20260814.0,915.0,46510.2,46561.3,46315.4,46368.6,13600.0
20260814.0,930.0,46369.6,46382.6,46260.2,46335.5,8874.0
20260814.0,945.0,46335.5,46350.5,46205.0,46329.4,7078.0
20260814.0,1000.0,46329.4,46362.5,46229.1,46280.2,5978.0
20260814.0,1015.0,46284.3,46415.7,46282.3,46347.5,5704.0
20260814.0,1030.0,46340.5,46364.5,46250.2,46293.3,4842.0
20260814.0,1045.0,46293.3,46330.4,46264.2,46285.3,4790.0
20260814.0,1100.0,46285.3,46339.4,46200.0,46204.9,5034.0
20260814.0,1115.0,46204.9,46241.0,46101.6,46191.9,7582.0
20260814.0,1130.0,46191.9,46336.4,46180.9,46324.4,4710.0
20260814.0,1145.0,46331.4,46331.4,46231.1,46238.1,3566.0
20260814.0,1200.0,46239.1,46253.1,46192.9,46192.9,3110.0
20260814.0,1215.0,46192.9,46200.9,46122.7,46122.6,4478.0
20260814.0,1230.0,46124.6,46172.8,46093.5,46121.6,4572.0
20260814.0,1245.0,46125.6,46139.6,45970.0,46092.5,7040.0
20260814.0,1300.0,46092.5,46096.5,45992.1,46040.3,5696.0
20260814.0,1315.0,46040.3,46048.3,45859.6,46017.2,9018.0
20260814.0,1330.0,46018.2,46054.3,45965.0,45971.0,6098.0
20260814.0,1345.0,45973.0,46042.2,45920.9,46025.2,12822.0
20260814.0,1515.0,46036.3,46089.4,45933.9,45968.0,1902.0
20260814.0,1530.0,45969.0,45989.0,45949.0,45972.0,576.0
20260814.0,1545.0,45977.0,46024.2,45947.0,46024.2,704.0
20260814.0,1600.0,46023.2,46049.3,46009.2,46010.2,704.0
20260814.0,1615.0,46010.2,46049.3,45949.0,45950.9,1344.0
20260814.0,1630.0,45960.0,46006.1,45952.0,45994.1,564.0
20260814.0,1645.0,45996.1,46053.3,45996.2,46026.2,868.0
20260814.0,1700.0,46026.2,46053.3,46024.3,46030.2,372.0
20260814.0,1715.0,46029.2,46067.3,46001.2,46067.4,668.0
20260814.0,1730.0,46063.4,46152.7,46059.4,46116.6,2004.0
20260814.0,1745.0,46118.6,46118.5,46055.4,46076.4,718.0
20260814.0,1800.0,46075.4,46122.6,46068.4,46117.6,464.0
20260814.0,1815.0,46120.6,46149.7,46113.6,46130.6,588.0
20260814.0,1830.0,46124.6,46125.6,46076.5,46085.5,420.0
20260814.0,1845.0,46086.5,46094.4,46076.5,46088.5,324.0
20260814.0,1900.0,46088.5,46110.5,46077.5,46108.6,404.0
20260814.0,1915.0,46107.5,46124.6,46079.5,46082.4,650.0
20260814.0,1930.0,46083.5,46102.5,46053.4,46093.5,554.0
20260814.0,1945.0,46086.5,46124.6,46070.4,46094.5,388.0
20260814.0,2000.0,46097.5,46122.6,46097.6,46117.6,358.0
20260814.0,2015.0,46112.6,46135.6,45994.1,46062.4,1448.0
20260814.0,2030.0,46061.4,46080.4,46015.2,46076.4,800.0
20260814.0,2045.0,46082.4,46139.6,46069.4,46074.4,954.0
20260814.0,2100.0,46085.5,46111.5,46066.4,46103.5,256.0
20260814.0,2115.0,46097.5,46113.5,46049.4,46050.3,452.0
20260814.0,2130.0,46050.3,46068.3,46031.3,46031.2,796.0
20260814.0,2145.0,46038.3,46060.3,45878.7,46014.2,4634.0
20260814.0,2200.0,46006.1,46038.2,45943.9,45974.0,2240.0
20260814.0,2215.0,45972.0,46122.6,45947.0,46057.3,2278.0
20260814.0,2230.0,46053.3,46076.4,45871.7,45933.9,2704.0
20260814.0,2245.0,45929.8,45988.0,45891.7,45955.9,1448.0
20260814.0,2300.0,45955.9,45971.0,45929.9,45943.9,690.0
20260814.0,2315.0,45944.9,45982.0,45899.8,45899.7,1090.0
20260814.0,2330.0,45902.7,45925.8,45751.2,45837.5,3394.0
20260814.0,2345.0,45842.5,45846.5,45749.2,45778.2,1550.0
20260815.0,0.0,45779.2,45819.3,45734.1,45802.3,1604.0
20260815.0,15.0,45803.3,45861.5,45800.4,45859.6,1228.0
20260815.0,30.0,45854.5,45897.7,45849.6,45878.6,822.0
20260815.0,45.0,45877.6,45893.6,45841.5,45846.5,636.0
20260815.0,100.0,45844.5,45851.5,45809.4,45816.4,616.0
20260815.0,115.0,45819.4,45843.4,45810.4,45824.4,382.0
20260815.0,130.0,45832.4,45836.4,45798.4,45812.4,374.0
20260815.0,145.0,45813.4,45828.4,45794.3,45804.3,362.0
20260815.0,200.0,45807.3,45822.4,45792.3,45808.4,298.0
20260815.0,215.0,45807.3,45869.5,45807.4,45845.5,524.0
20260815.0,230.0,45848.5,45864.5,45831.5,45835.5,272.0
20260815.0,245.0,45831.4,45883.6,45820.4,45873.6,300.0
20260815.0,300.0,45876.6,45900.7,45861.6,45861.6,238.0
20260815.0,315.0,45861.6,45873.6,45840.5,45858.6,178.0
20260815.0,330.0,45856.5,45892.6,45849.6,45878.6,208.0
20260815.0,345.0,45876.6,45908.7,45865.6,45887.7,336.0
20260815.0,400.0,45883.7,45911.7,45881.7,45901.7,422.0
20260815.0,415.0,45899.7,45917.7,45890.7,45891.7,282.0
20260815.0,430.0,45897.7,45912.7,45897.8,45910.8,80.0
20260815.0,445.0,45906.7,45933.8,45905.8,45912.8,348.0
20260815.0,500.0,45914.8,45945.9,45895.8,45910.8,894.0
20260817.0,900.0,46034.3,46143.6,45963.0,46126.6,8718.0
20260817.0,915.0,46126.6,46290.2,45996.2,46003.1,15544.0
20260817.0,930.0,46003.1,46128.6,45921.9,46071.4,12014.0
20260817.0,945.0,46071.4,46080.4,45938.9,46047.3,10802.0
20260817.0,1000.0,46047.3,46116.5,46005.2,46079.4,8762.0
20260817.0,1015.0,46079.4,46118.5,46001.2,46086.5,8756.0
20260817.0,1030.0,46086.5,46224.0,46069.4,46170.8,9650.0
20260817.0,1045.0,46170.8,46197.9,46144.7,46181.8,11240.0
20260817.0,1100.0,46182.8,46201.9,46117.6,46164.8,18634.0
20260817.0,1115.0,46164.8,46186.8,46137.7,46169.8,18330.0
20260817.0,1130.0,46169.8,46216.9,46085.5,46130.6,14962.0
20260817.0,1145.0,46131.6,46172.8,46089.5,46144.7,14086.0
20260817.0,1200.0,46148.7,46252.1,46141.7,46240.1,12098.0
20260817.0,1215.0,46240.1,46325.4,46226.1,46284.3,12550.0
20260817.0,1230.0,46283.3,46323.4,46238.1,46290.3,10848.0
20260817.0,1245.0,46290.3,46291.2,46241.1,46262.2,11228.0
20260817.0,1300.0,46262.2,46270.1,46146.8,46171.8,10982.0
20260817.0,1315.0,46171.8,46211.9,46125.7,46125.6,9786.0
20260817.0,1330.0,46127.6,46134.6,46045.3,46077.4,9660.0
20260817.0,1345.0,46077.4,46111.5,46024.3,46072.4,9576.0
20260817.0,1515.0,46184.9,46200.9,46079.5,46079.4,1724.0
20260817.0,1530.0,46079.4,46102.5,46046.4,46101.5,790.0
20260817.0,1545.0,46101.5,46170.8,46094.5,46160.8,1064.0
20260817.0,1600.0,46160.8,46178.8,46153.8,46163.8,500.0
20260817.0,1615.0,46158.8,46182.8,46129.7,46162.8,728.0
20260817.0,1630.0,46157.7,46175.8,46140.7,46172.8,322.0
20260817.0,1645.0,46172.8,46194.8,46139.7,46139.7,484.0
20260817.0,1700.0,46142.7,46160.7,46131.7,46151.7,334.0
20260817.0,1715.0,46149.7,46154.7,46124.7,46151.7,214.0
20260817.0,1730.0,46145.7,46154.7,46087.5,46099.5,542.0
20260817.0,1745.0,46100.5,46125.6,46097.6,46122.6,316.0
20260817.0,1800.0,46116.6,46150.7,46096.6,46111.6,392.0
20260817.0,1815.0,46107.5,46140.6,46106.6,46140.7,306.0
20260817.0,1830.0,46139.7,46258.1,46127.7,46247.1,1278.0
20260817.0,1845.0,46235.1,46297.3,46175.9,46199.9,1316.0
20260817.0,1900.0,46198.9,46203.9,46174.9,46184.9,304.0
20260817.0,1915.0,46187.9,46245.0,46161.8,46204.9,740.0
20260817.0,1930.0,46204.9,46213.9,46189.9,46199.9,302.0
20260817.0,1945.0,46200.9,46221.0,46193.9,46218.0,268.0
20260817.0,2000.0,46219.0,46241.0,46215.0,46228.0,342.0
20260817.0,2015.0,46231.0,46256.1,46176.9,46256.1,738.0
20260817.0,2030.0,46246.1,46254.1,46140.7,46173.8,1260.0
20260817.0,2045.0,46168.8,46196.9,46096.6,46110.6,1224.0
20260817.0,2100.0,46104.5,46164.7,46091.5,46124.6,882.0
20260817.0,2115.0,46125.6,46151.7,46122.7,46141.7,364.0
20260817.0,2130.0,46140.7,46161.7,46105.6,46161.8,828.0
20260817.0,2145.0,46162.8,46209.9,46014.2,46104.5,5078.0
20260817.0,2200.0,46100.5,46222.0,46065.4,46207.9,2464.0
20260817.0,2215.0,46199.9,46219.9,46115.6,46198.9,1978.0
20260817.0,2230.0,46196.9,46239.0,46147.8,46239.1,1420.0
20260817.0,2245.0,46238.1,46281.2,46220.0,46271.2,1686.0
20260817.0,2300.0,46274.2,46421.8,46274.3,46409.8,3652.0
20260817.0,2315.0,46413.8,46483.0,46406.8,46446.9,2360.0
20260817.0,2330.0,46444.9,46468.9,46430.9,46437.9,830.0
20260817.0,2345.0,46439.9,46450.9,46368.6,46384.7,1176.0
20260818.0,0.0,46387.7,46431.8,46375.7,46427.8,726.0
20260818.0,15.0,46428.8,46445.9,46407.8,46424.8,650.0
20260818.0,30.0,46417.8,46441.8,46411.8,46420.8,302.0
20260818.0,45.0,46425.8,46425.8,46373.7,46385.7,500.0
20260818.0,100.0,46380.6,46388.6,46347.6,46353.5,398.0
20260818.0,115.0,46355.5,46358.5,46245.1,46245.1,1236.0
20260818.0,130.0,46244.1,46266.1,46177.9,46191.9,1206.0
20260818.0,145.0,46186.9,46222.0,46095.5,46185.9,1714.0
20260818.0,200.0,46190.9,46196.9,46141.7,46155.7,510.0
20260818.0,215.0,46151.7,46172.8,46083.5,46114.6,918.0
20260818.0,230.0,46117.6,46121.6,46056.4,46104.5,580.0
20260818.0,245.0,46103.5,46139.6,46091.5,46137.7,390.0
20260818.0,300.0,46137.7,46153.7,46113.6,46116.6,262.0
20260818.0,315.0,46118.6,46122.6,46065.4,46078.4,384.0
20260818.0,330.0,46078.4,46129.6,46078.5,46104.5,314.0
20260818.0,345.0,46103.5,46157.7,46091.5,46138.7,354.0
20260818.0,400.0,46143.7,46155.7,46089.5,46140.7,404.0
20260818.0,415.0,46141.7,46141.6,46086.5,46104.5,528.0
20260818.0,430.0,46104.5,46109.5,46079.5,46079.4,178.0
20260818.0,445.0,46082.4,46083.4,46036.3,46040.3,440.0
20260818.0,500.0,46039.3,46045.2,45930.9,45995.1,1530.0
20260818.0,900.0,46151.7,46161.7,46044.3,46119.6,7524.0
20260818.0,915.0,46119.6,46144.6,45956.0,46100.5,12882.0
20260818.0,930.0,46100.5,46105.5,45933.9,45971.0,10778.0
20260818.0,945.0,45973.0,45997.1,45724.1,45748.1,11396.0
20260818.0,1000.0,45748.1,45789.2,45639.7,45768.2,12812.0
20260818.0,1015.0,45764.2,45794.2,45604.6,45619.6,11156.0
20260818.0,1030.0,45618.6,45646.7,45438.9,45459.0,15860.0
20260818.0,1045.0,45459.0,45627.6,45448.0,45532.2,12318.0
20260818.0,1100.0,45532.2,45567.3,45454.0,45546.3,12104.0
20260818.0,1115.0,45546.3,45581.4,45512.2,45546.3,8432.0
20260818.0,1130.0,45549.3,45576.4,45467.0,45511.2,11718.0
20260818.0,1145.0,45512.2,45571.4,45398.8,45537.3,10830.0
20260818.0,1200.0,45536.3,45557.3,45478.1,45487.1,8738.0
20260818.0,1215.0,45487.1,45512.1,45431.9,45432.8,8786.0
20260818.0,1230.0,45435.9,45508.1,45354.6,45494.1,11552.0
20260818.0,1245.0,45494.1,45557.3,45433.9,45447.9,10880.0
20260818.0,1300.0,45447.9,45533.2,45431.9,45527.2,8680.0
20260818.0,1315.0,45520.2,45525.2,45388.7,45427.8,10204.0
20260818.0,1330.0,45427.8,45439.8,45342.5,45343.5,15426.0
20260818.0,1345.0,45343.5,45366.5,45251.2,45266.2,13306.0
20260818.0,1515.0,45318.4,45389.6,45231.1,45231.0,2362.0
20260818.0,1530.0,45232.0,45259.1,45212.0,45216.0,744.0
20260818.0,1545.0,45216.0,45246.1,45132.7,45161.8,1918.0
20260818.0,1600.0,45162.8,45217.9,45141.7,45153.7,922.0
20260818.0,1615.0,45155.7,45160.7,44968.0,45058.3,3026.0
20260818.0,1630.0,45066.4,45092.4,44982.1,45060.4,1282.0
20260818.0,1645.0,45059.4,45128.6,45047.4,45114.6,1016.0
20260818.0,1700.0,45118.6,45121.6,45041.3,45078.4,746.0
20260818.0,1715.0,45070.4,45080.4,45010.2,45068.4,916.0
20260818.0,1730.0,45064.4,45081.4,45002.2,45040.3,686.0
20260818.0,1745.0,45035.3,45055.3,44974.1,45000.1,844.0
20260818.0,1800.0,45000.1,45039.2,44931.9,45020.2,1278.0
20260818.0,1815.0,45023.2,45046.3,44991.1,45003.1,566.0
20260818.0,1830.0,44999.1,45029.2,44968.0,45008.1,436.0
20260818.0,1845.0,45005.1,45038.2,45005.2,45027.2,406.0
20260818.0,1900.0,45023.2,45073.4,45018.2,45049.3,544.0
20260818.0,1915.0,45053.3,45113.5,45030.3,45096.5,962.0
20260818.0,1930.0,45091.5,45117.5,45071.5,45086.5,544.0
20260818.0,1945.0,45083.4,45094.4,45036.3,45088.5,456.0
20260818.0,2000.0,45091.5,45129.6,45074.5,45080.4,640.0
20260818.0,2015.0,45075.4,45166.7,45063.4,45103.5,970.0
20260818.0,2030.0,45103.5,45150.7,45080.5,45088.5,420.0
20260818.0,2045.0,45098.5,45105.5,45052.4,45064.4,454.0
20260818.0,2100.0,45060.4,45093.4,45057.4,45080.4,260.0
20260818.0,2115.0,45078.4,45093.4,45021.2,45028.2,600.0
20260818.0,2130.0,45025.2,45051.3,44982.1,45004.1,664.0
20260818.0,2145.0,45000.1,45151.7,44976.1,45029.2,3750.0
20260818.0,2200.0,45028.2,45047.3,44843.5,44940.9,3902.0
20260818.0,2215.0,44941.9,44991.0,44764.2,44797.3,3014.0
20260818.0,2230.0,44795.3,44939.8,44784.3,44891.7,2636.0
20260818.0,2245.0,44892.7,44916.7,44769.2,44769.2,1694.0
20260818.0,2300.0,44775.2,44804.3,44668.8,44694.9,3048.0
20260818.0,2315.0,44696.9,44711.9,44602.6,44666.8,2500.0
20260818.0,2330.0,44663.8,44717.9,44642.7,44702.9,1624.0
20260818.0,2345.0,44698.9,44727.0,44648.8,44694.9,1170.0
20260819.0,0.0,44696.9,44763.1,44694.9,44762.2,1204.0
20260819.0,15.0,44762.2,44767.1,44709.0,44716.0,638.0
20260819.0,30.0,44719.0,44722.0,44652.8,44654.7,604.0
20260819.0,45.0,44654.7,44705.9,44654.8,44689.9,490.0
20260819.0,100.0,44691.9,44779.2,44682.9,44765.2,1034.0
20260819.0,115.0,44757.1,44772.2,44728.1,44761.2,614.0
20260819.0,130.0,44765.2,44765.1,44731.1,44759.2,262.0
20260819.0,145.0,44755.1,44786.2,44746.1,44764.2,496.0
20260819.0,200.0,44764.2,44772.2,44686.9,44697.9,518.0
20260819.0,215.0,44690.9,44692.8,44615.6,44658.7,582.0
20260819.0,230.0,44663.8,44742.0,44658.8,44735.1,586.0
20260819.0,245.0,44734.1,44754.1,44711.0,44719.0,282.0
20260819.0,300.0,44728.0,44752.1,44708.0,44726.0,202.0
20260819.0,315.0,44725.0,44762.1,44718.0,44761.2,334.0
20260819.0,330.0,44760.2,44802.3,44731.1,44792.3,418.0
20260819.0,345.0,44787.3,44815.3,44773.3,44813.4,384.0
20260819.0,400.0,44810.4,44832.4,44764.2,44776.2,446.0
20260819.0,415.0,44787.3,44789.2,44740.1,44740.1,138.0
20260819.0,430.0,44741.1,44746.0,44722.1,44734.1,136.0
20260819.0,445.0,44729.0,44749.1,44719.0,44742.1,200.0
20260819.0,500.0,44742.1,44747.1,44697.0,44705.9,326.0
20260819.0,900.0,44589.5,44621.6,44385.7,44522.2,4534.0
20260819.0,915.0,44511.2,44747.1,44417.8,44689.9,7628.0
20260819.0,930.0,44699.9,44935.8,44669.8,44895.7,6550.0
20260819.0,945.0,44893.7,44981.0,44813.4,44927.8,4448.0
20260819.0,1000.0,44927.8,44956.9,44840.5,44935.9,2994.0
20260819.0,1015.0,44935.9,44944.8,44703.0,44733.0,3622.0
20260819.0,1030.0,44728.0,44908.7,44715.0,44891.7,5174.0
20260819.0,1045.0,44896.7,44905.7,44748.2,44768.2,2718.0
20260819.0,1100.0,44768.2,44901.7,44768.2,44883.6,2220.0
20260819.0,1115.0,44884.7,44972.0,44860.6,44918.8,2356.0
20260819.0,1130.0,44917.8,45004.1,44899.8,44939.9,2072.0
20260819.0,1145.0,44931.8,45029.2,44929.9,44992.1,2402.0
20260819.0,1200.0,44992.1,45061.3,44981.1,45008.2,1904.0
20260819.0,1215.0,45006.1,45012.1,44825.4,44825.4,2970.0
20260819.0,1230.0,44827.4,44948.9,44818.4,44862.5,1894.0
20260819.0,1245.0,44861.5,44876.5,44760.2,44770.2,2664.0
20260819.0,1300.0,44772.2,44858.5,44690.9,44847.5,3384.0
20260819.0,1315.0,44842.5,44965.9,44796.3,44801.3,4732.0
20260819.0,1330.0,44796.3,44862.5,44725.0,44854.5,5454.0
20260819.0,1345.0,44858.5,44871.5,44668.8,44715.9,9380.0
20260819.0,1515.0,44819.4,44887.6,44748.1,44861.5,3760.0
20260819.0,1530.0,44858.5,44951.9,44820.4,44940.9,2024.0
20260819.0,1545.0,44943.9,44996.1,44885.7,44919.8,2040.0
20260819.0,1600.0,44920.8,44982.0,44904.8,44982.0,1098.0
20260819.0,1615.0,44976.0,45151.7,44931.9,45089.5,3504.0
20260819.0,1630.0,45087.5,45132.6,45064.4,45109.6,1148.0
20260819.0,1645.0,45112.6,45145.7,45079.5,45126.6,790.0
20260819.0,1700.0,45127.7,45140.7,45063.4,45082.5,792.0
20260819.0,1715.0,45076.4,45135.6,45046.4,45054.3,1302.0
20260819.0,1730.0,45050.3,45051.3,44991.1,45006.1,1014.0
20260819.0,1745.0,45008.2,45044.3,44977.1,44979.0,874.0
20260819.0,1800.0,44977.0,45031.2,44974.1,45008.2,760.0
20260819.0,1815.0,45009.2,45042.2,44941.9,45039.3,1868.0
20260819.0,1830.0,45036.3,45039.2,44946.9,44988.1,2178.0
20260819.0,1845.0,44989.1,45019.1,44953.0,45006.1,776.0
20260819.0,1900.0,45014.2,45045.3,44969.0,44989.1,684.0
20260819.0,1915.0,44988.1,45081.4,44974.1,45023.2,696.0
20260819.0,1930.0,45022.2,45057.3,45011.2,45029.2,302.0
20260819.0,1945.0,45021.2,45029.2,44957.0,44965.0,718.0
20260819.0,2000.0,44959.9,45007.1,44957.0,45005.1,438.0
20260819.0,2015.0,45004.1,45049.3,44973.1,45044.3,724.0
20260819.0,2030.0,45047.3,45113.5,45045.4,45086.5,1512.0
20260819.0,2045.0,45088.5,45276.2,45029.3,45273.3,5046.0
20260819.0,2100.0,45276.3,45354.6,45276.3,45348.6,2910.0
20260819.0,2115.0,45347.6,45386.7,45297.4,45370.7,1778.0
20260819.0,2130.0,45368.7,45375.6,45308.5,45325.5,992.0
20260819.0,2145.0,45329.5,45366.6,45134.7,45186.9,5572.0
20260819.0,2200.0,45186.9,45220.0,44865.6,44966.0,7366.0
20260819.0,2215.0,44965.0,44982.0,44761.2,44792.2,5258.0
20260819.0,2230.0,44793.2,44938.8,44726.0,44937.9,4060.0
20260819.0,2245.0,44933.8,45053.3,44924.9,45014.2,3438.0
20260819.0,2300.0,45009.2,45060.3,44955.0,45060.4,1958.0
20260819.0,2315.0,45061.4,45065.3,44974.1,45039.3,1204.0
20260819.0,2330.0,45036.3,45044.3,44988.1,45007.1,656.0
20260819.0,2345.0,45014.2,45016.1,44942.9,45013.2,1082.0
20260820.0,0.0,45004.1,45028.2,44961.0,45001.1,768.0
20260820.0,15.0,44998.1,45148.7,44965.0,45126.6,1834.0
20260820.0,30.0,45128.7,45161.7,45051.4,45060.4,746.0
20260820.0,45.0,45061.4,45117.6,45024.3,45077.4,1242.0
20260820.0,100.0,45079.5,45079.4,44999.2,45012.2,848.0
20260820.0,115.0,45009.2,45021.2,44966.0,44992.1,786.0
20260820.0,130.0,44990.1,44993.0,44912.8,44949.9,658.0
20260820.0,145.0,44948.9,44977.0,44927.9,44952.9,362.0
20260820.0,200.0,44949.9,44973.0,44924.9,44956.9,378.0
20260820.0,215.0,44968.0,45033.2,44880.7,44893.7,1198.0
20260820.0,230.0,44897.7,44932.8,44834.5,44930.8,680.0
20260820.0,245.0,44936.9,45004.1,44936.9,44982.0,578.0
20260820.0,300.0,44967.0,44977.0,44938.9,44961.0,150.0
20260820.0,315.0,44956.9,44977.0,44937.9,44961.0,138.0
20260820.0,330.0,44951.9,45014.1,44944.9,44989.1,266.0
20260820.0,345.0,44993.1,45019.1,44924.9,44930.8,316.0
20260820.0,400.0,44924.8,44935.8,44884.7,44919.8,590.0
20260820.0,415.0,44922.8,44942.8,44897.7,44907.7,432.0
20260820.0,430.0,44905.7,44905.7,44885.7,44893.7,178.0
20260820.0,445.0,44896.7,44908.7,44890.7,44908.7,216.0
20260820.0,500.0,44904.7,44991.0,44901.8,44991.1,384.0
20260820.0,900.0,45139.7,45312.4,45093.6,45293.3,8444.0
20260820.0,915.0,45295.4,45299.3,44969.0,45016.2,11730.0
20260820.0,930.0,45016.2,45100.5,44860.6,44887.6,8606.0
20260820.0,945.0,44889.7,45003.1,44794.3,44945.9,8004.0
20260820.0,1000.0,44945.9,44954.9,44786.3,44860.5,5692.0
20260820.0,1015.0,44859.5,45043.2,44844.5,44925.8,6632.0
20260820.0,1030.0,44922.8,44934.8,44743.1,44856.5,5522.0
20260820.0,1045.0,44851.5,44984.0,44811.4,44892.7,3426.0
20260820.0,1100.0,44884.6,44889.6,44635.6,44825.4,7094.0
20260820.0,1115.0,44831.4,44897.6,44795.3,44846.5,3636.0
20260820.0,1130.0,44842.5,44901.7,44781.2,44794.3,2582.0
20260820.0,1145.0,44792.2,44815.3,44689.9,44798.3,3440.0
20260820.0,1200.0,44797.3,44858.5,44762.2,44789.2,2596.0
20260820.0,1215.0,44788.2,44977.0,44765.2,44970.0,4010.0
20260820.0,1230.0,44972.0,45025.2,44933.9,44939.9,3758.0
20260820.0,1245.0,44939.9,44948.9,44848.5,44914.8,2680.0
20260820.0,1300.0,44914.8,44923.7,44869.6,44877.6,2276.0
20260820.0,1315.0,44878.6,44946.8,44844.5,44930.8,3070.0
20260820.0,1330.0,44932.8,45147.7,44928.9,45058.4,7280.0
20260820.0,1345.0,45059.4,45128.6,45024.3,45057.4,6950.0
20260820.0,1515.0,45171.8,45189.9,45043.3,45097.5,2232.0
20260820.0,1530.0,45096.5,45109.5,44996.2,45051.3,1684.0
20260820.0,1545.0,45047.3,45085.4,44981.1,45037.3,1116.0
20260820.0,1600.0,45039.3,45094.5,45016.2,45016.2,740.0
20260820.0,1615.0,45009.2,45054.3,44921.8,44967.0,1946.0
20260820.0,1630.0,44964.0,44989.0,44868.6,44883.6,1308.0
20260820.0,1645.0,44882.6,44894.6,44800.3,44868.6,1822.0
20260820.0,1700.0,44866.6,44882.6,44816.4,44836.4,1124.0
20260820.0,1715.0,44845.5,44931.8,44836.5,44912.7,1226.0
20260820.0,1730.0,44912.7,44948.9,44893.7,44894.7,724.0
20260820.0,1745.0,44895.7,44899.6,44833.5,44885.6,1170.0
20260820.0,1800.0,44889.7,44928.8,44868.6,44893.7,534.0
20260820.0,1815.0,44893.7,44951.9,44855.6,44932.8,832.0
20260820.0,1830.0,44930.8,44934.8,44881.7,44898.7,480.0
20260820.0,1845.0,44897.7,44933.8,44863.6,44875.6,556.0
20260820.0,1900.0,44879.6,44933.8,44877.7,44932.8,400.0
20260820.0,1915.0,44934.8,44965.9,44823.4,44857.5,1096.0
20260820.0,1930.0,44864.5,44876.5,44711.0,44710.9,2080.0
20260820.0,1945.0,44715.9,44804.2,44716.0,44767.1,1266.0
20260820.0,2000.0,44767.1,44767.1,44674.8,44693.8,2018.0
20260820.0,2015.0,44694.8,44702.8,44508.1,44525.1,3502.0
20260820.0,2030.0,44517.1,44575.3,44503.1,44525.1,1510.0
20260820.0,2045.0,44522.1,44624.5,44447.8,44617.5,3144.0
20260820.0,2100.0,44620.5,44715.9,44599.5,44707.9,2320.0
20260820.0,2115.0,44708.9,44753.0,44678.8,44697.8,1946.0
20260820.0,2130.0,44698.9,44739.0,44667.8,44707.9,1058.0
20260820.0,2145.0,44707.9,44981.0,44707.9,44918.8,7638.0
20260820.0,2200.0,44909.7,44938.8,44700.9,44797.3,6044.0
20260820.0,2215.0,44799.3,44968.9,44776.2,44921.8,3444.0
20260820.0,2230.0,44916.8,45000.1,44818.4,44935.8,3884.0
20260820.0,2245.0,44934.8,45089.4,44924.9,45064.4,3240.0
20260820.0,2300.0,45065.4,45071.4,44959.0,45036.3,2024.0
20260820.0,2315.0,45036.3,45137.6,44941.9,44997.1,3812.0
20260820.0,2330.0,44999.1,45004.1,44872.6,44948.9,1920.0
20260820.0,2345.0,44950.9,44956.9,44817.4,44824.4,2202.0
20260821.0,0.0,44820.4,44922.7,44803.3,44912.7,1414.0
20260821.0,15.0,44916.8,44933.8,44874.6,44891.7,1110.0
20260821.0,30.0,44887.6,44963.9,44883.7,44942.9,746.0
20260821.0,45.0,44924.8,44981.0,44879.7,44981.0,608.0
20260821.0,100.0,44973.0,45016.1,44958.0,45012.2,650.0
20260821.0,115.0,45008.2,45020.2,44949.0,44965.0,402.0
20260821.0,130.0,44958.9,44959.9,44919.8,44926.8,418.0
20260821.0,145.0,44929.8,44938.8,44905.8,44930.8,420.0
20260821.0,200.0,44928.8,44998.1,44925.9,44971.0,436.0
20260821.0,215.0,44953.9,44962.9,44838.5,44855.5,780.0
20260821.0,230.0,44856.5,44918.7,44813.4,44905.7,488.0
20260821.0,245.0,44894.7,44894.6,44838.5,44865.6,188.0
20260821.0,300.0,44865.6,44913.7,44865.6,44882.6,220.0
20260821.0,315.0,44881.6,44946.8,44878.7,44924.8,320.0
20260821.0,330.0,44929.8,44992.0,44922.8,44977.0,320.0
20260821.0,345.0,44972.0,45006.1,44953.0,44958.9,284.0
20260821.0,400.0,44958.9,45014.1,44946.9,45006.1,596.0
20260821.0,415.0,45004.1,45017.1,44956.0,44961.0,412.0
20260821.0,430.0,44959.9,45009.1,44949.0,44994.1,102.0
20260821.0,445.0,44996.1,45042.2,44992.1,45022.2,262.0
20260821.0,500.0,45026.2,45032.2,44966.0,44993.1,318.0
20260821.0,900.0,45076.4,45263.2,45022.3,45025.2,9002.0
20260821.0,915.0,45024.2,45089.4,44754.1,45035.3,13210.0
20260821.0,930.0,45032.3,45168.8,44960.0,45089.5,8240.0
20260821.0,945.0,45086.5,45206.9,45064.4,45206.0,4596.0
20260821.0,1000.0,45207.0,45344.5,45077.5,45181.9,8632.0
20260821.0,1015.0,45180.9,45289.3,45116.7,45264.2,3952.0
20260821.0,1030.0,45271.3,45376.6,45255.2,45349.6,4364.0
20260821.0,1045.0,45345.6,45436.9,45308.5,45349.6,6284.0
20260821.0,1100.0,45349.6,45485.1,45343.6,45449.0,3554.0
20260821.0,1115.0,45448.0,45457.0,45261.3,45271.3,5378.0
20260821.0,1130.0,45277.3,45322.4,45236.2,45299.4,3226.0
20260821.0,1145.0,45303.4,45397.7,45220.1,45227.1,3490.0
20260821.0,1200.0,45226.1,45271.2,45104.6,45203.0,5516.0
20260821.0,1215.0,45215.0,45313.4,45187.0,45276.3,2912.0
20260821.0,1230.0,45275.3,45287.3,45198.0,45243.1,1680.0
20260821.0,1245.0,45235.1,45280.2,45216.1,45271.3,1588.0
20260821.0,1300.0,45274.3,45344.5,45216.1,45264.2,3302.0
20260821.0,1315.0,45265.2,45324.4,45256.2,45286.3,2414.0
20260821.0,1330.0,45284.3,45331.5,45252.2,45307.4,4134.0
20260821.0,1345.0,45305.4,45356.6,45291.4,45338.5,5388.0
20260821.0,1515.0,45410.8,45474.1,45381.8,45464.1,2178.0
20260821.0,1530.0,45470.1,45583.5,45441.0,45542.4,2950.0
20260821.0,1545.0,45542.4,45613.6,45535.4,45577.5,1730.0
20260821.0,1600.0,45578.5,45640.8,45569.6,45639.8,840.0
20260821.0,1615.0,45637.8,45651.8,45531.4,45560.5,2050.0
20260821.0,1630.0,45566.5,45601.6,45511.3,45591.6,1384.0
20260821.0,1645.0,45588.6,45616.7,45577.6,45608.7,566.0
20260821.0,1700.0,45609.7,45620.7,45585.6,45598.6,578.0
20260821.0,1715.0,45598.6,45602.6,45499.3,45524.3,1448.0
20260821.0,1730.0,45524.3,45551.4,45504.3,45515.3,816.0
20260821.0,1745.0,45526.3,45573.5,45515.3,45557.5,616.0
20260821.0,1800.0,45558.5,45580.5,45537.4,45537.4,354.0
20260821.0,1815.0,45537.4,45608.6,45522.4,45535.4,804.0
20260821.0,1830.0,45535.4,45554.4,45518.3,45541.4,342.0
20260821.0,1845.0,45540.4,45542.3,45522.4,45528.3,266.0
20260821.0,1900.0,45533.4,45551.4,45528.4,45546.4,240.0
20260821.0,1915.0,45546.4,45566.4,45491.2,45535.4,886.0
20260821.0,1930.0,45543.4,45634.7,45540.4,45619.7,1250.0
20260821.0,1945.0,45618.7,45665.9,45561.5,45630.8,1520.0
20260821.0,2000.0,45633.8,45633.7,45579.6,45589.6,476.0
20260821.0,2015.0,45589.6,45596.6,45550.5,45576.5,612.0
20260821.0,2030.0,45573.5,45599.6,45556.5,45591.6,358.0
20260821.0,2045.0,45595.6,45613.6,45561.5,45613.7,368.0
20260821.0,2100.0,45618.7,45629.7,45566.5,45585.6,792.0
20260821.0,2115.0,45584.6,45600.6,45544.5,45551.4,472.0
20260821.0,2130.0,45551.4,45579.5,45458.1,45557.5,1890.0
20260821.0,2145.0,45555.5,45589.5,45316.5,45363.6,6130.0
20260821.0,2200.0,45360.6,45467.0,45298.4,45380.7,3920.0
20260821.0,2215.0,45378.7,45393.7,45201.0,45214.0,3658.0
20260821.0,2230.0,45211.0,45309.4,45167.9,45265.2,3830.0
20260821.0,2245.0,45261.2,45286.3,45174.9,45229.1,1606.0
20260821.0,2300.0,45240.1,45273.2,45189.0,45222.0,1484.0
20260821.0,2315.0,45228.1,45296.3,45206.0,45271.3,1392.0
20260821.0,2330.0,45267.2,45300.3,45234.2,45300.4,918.0
20260821.0,2345.0,45296.4,45438.9,45283.4,45402.8,2550.0
20260822.0,0.0,45402.8,45438.9,45355.7,45365.7,1388.0
20260822.0,15.0,45362.6,45366.6,45282.4,45288.3,1048.0
20260822.0,30.0,45288.3,45380.7,45275.3,45302.4,1250.0
20260822.0,45.0,45308.4,45323.4,45285.4,45315.4,334.0
20260822.0,100.0,45315.4,45315.4,45254.2,45301.4,626.0
20260822.0,115.0,45302.4,45305.4,45275.3,45278.3,376.0
20260822.0,130.0,45283.3,45283.3,45219.1,45260.2,594.0
20260822.0,145.0,45267.2,45296.3,45256.2,45286.3,368.0
20260822.0,200.0,45288.3,45314.4,45280.3,45294.4,312.0
20260822.0,215.0,45292.3,45319.4,45275.3,45275.3,362.0
20260822.0,230.0,45276.3,45310.4,45266.3,45266.2,186.0
20260822.0,245.0,45268.2,45277.2,45249.2,45265.2,168.0
20260822.0,300.0,45265.2,45295.3,45261.3,45295.4,180.0
20260822.0,315.0,45298.4,45309.4,45265.3,45272.3,330.0
20260822.0,330.0,45266.2,45283.3,45261.3,45265.2,154.0
20260822.0,345.0,45267.2,45276.2,45240.2,45245.1,368.0
20260822.0,400.0,45241.1,45296.3,45203.0,45218.0,888.0
20260822.0,415.0,45222.0,45243.1,45205.0,45233.1,312.0
20260822.0,430.0,45246.2,45248.1,45210.0,45224.1,158.0
20260822.0,445.0,45225.1,45240.1,45217.1,45228.1,308.0
20260822.0,500.0,45225.1,45264.2,45190.0,45264.2,806.0
20260824.0,900.0,45222.0,45420.8,45212.1,45404.8,6368.0
20260824.0,915.0,45403.8,45432.9,45269.3,45371.7,7896.0
20260824.0,930.0,45382.7,45474.1,45346.6,45392.8,5724.0
20260824.0,945.0,45379.7,45483.1,45300.4,45417.9,4816.0
20260824.0,1000.0,45417.9,45471.0,45072.5,45088.5,7882.0
20260824.0,1015.0,45085.5,45244.1,44998.2,45225.1,9936.0
20260824.0,1030.0,45223.1,45270.2,45158.8,45232.1,2970.0
20260824.0,1045.0,45231.1,45303.3,45211.1,45269.2,2754.0
20260824.0,1100.0,45277.3,45312.4,45202.0,45311.4,2132.0
20260824.0,1115.0,45308.4,45320.4,45144.8,45159.8,2708.0
20260824.0,1130.0,45160.8,45172.8,45082.5,45104.6,2334.0
20260824.0,1145.0,45104.6,45151.7,45068.5,45082.5,2310.0
20260824.0,1200.0,45081.5,45115.6,45044.4,45069.4,1902.0
20260824.0,1215.0,45074.4,45134.6,45043.3,45132.7,1726.0
20260824.0,1230.0,45136.7,45149.7,45050.4,45093.5,1618.0
20260824.0,1245.0,45096.5,45138.6,45064.4,45124.6,1474.0
20260824.0,1300.0,45126.6,45135.6,45035.3,45045.3,1864.0
20260824.0,1315.0,45043.3,45073.4,44954.0,45072.4,5812.0
20260824.0,1330.0,45072.4,45074.4,44883.7,44905.7,5912.0
20260824.0,1345.0,44904.7,45001.1,44797.3,44950.9,8108.0
20260824.0,1515.0,44846.5,44950.9,44846.5,44934.8,1648.0
20260824.0,1530.0,44934.8,44960.9,44888.7,44896.7,676.0
20260824.0,1545.0,44893.7,44956.9,44860.6,44862.5,768.0
20260824.0,1600.0,44867.6,44891.6,44821.4,44837.4,872.0
20260824.0,1615.0,44843.5,44932.8,44721.0,44876.6,2542.0
20260824.0,1630.0,44870.6,44936.8,44844.5,44902.7,1078.0
20260824.0,1645.0,44900.7,44983.0,44876.6,44968.0,882.0
20260824.0,1700.0,44965.0,44989.0,44930.9,44930.8,702.0
20260824.0,1715.0,44930.8,44994.0,44924.9,44976.0,546.0
20260824.0,1730.0,44972.0,44978.0,44943.9,44975.0,268.0
20260824.0,1745.0,44979.0,45054.3,44979.1,45034.3,940.0
20260824.0,1800.0,45036.3,45081.4,45024.3,45037.3,906.0
20260824.0,1815.0,45037.3,45082.4,45026.3,45036.3,724.0
20260824.0,1830.0,45030.2,45064.3,44989.1,45014.2,826.0
20260824.0,1845.0,45011.2,45041.2,44979.1,44989.1,536.0
20260824.0,1900.0,44985.1,44989.0,44959.0,44975.0,434.0
20260824.0,1915.0,44967.0,44981.0,44932.9,44962.0,550.0
20260824.0,1930.0,44958.9,45006.1,44954.0,44976.0,444.0
20260824.0,1945.0,44980.0,45204.9,44980.1,45120.6,2986.0
20260824.0,2000.0,45116.6,45121.6,45055.4,45105.6,888.0
20260824.0,2015.0,45099.5,45104.5,45051.4,45067.4,530.0
20260824.0,2030.0,45062.4,45088.4,45045.4,45084.5,394.0
20260824.0,2045.0,45084.5,45119.6,44966.0,45061.4,2476.0
20260824.0,2100.0,45068.4,45096.5,44998.2,45000.1,896.0
20260824.0,2115.0,45004.1,45023.2,44968.0,44988.1,812.0
20260824.0,2130.0,44985.1,45019.1,44967.0,44975.0,628.0
20260824.0,2145.0,44971.0,44983.0,44593.5,44600.4,7494.0
20260824.0,2200.0,44605.5,44658.6,44497.1,44595.4,4786.0
20260824.0,2215.0,44598.4,44607.4,44488.0,44540.2,2720.0
20260824.0,2230.0,44543.2,44598.4,44498.1,44578.3,1994.0
20260824.0,2245.0,44581.4,44657.6,44570.4,44591.4,2266.0
20260824.0,2300.0,44582.4,44620.5,44562.3,44572.3,632.0
20260824.0,2315.0,44567.3,44578.3,44456.9,44489.0,2176.0
20260824.0,2330.0,44491.0,44766.1,44490.0,44715.9,3752.0
20260824.0,2345.0,44720.9,44771.1,44687.9,44744.0,3152.0
20260825.0,0.0,44749.1,44804.2,44684.8,44734.0,1594.0
20260825.0,15.0,44738.0,44763.1,44707.9,44728.0,900.0
20260825.0,30.0,44730.0,44822.3,44730.0,44774.2,1062.0
20260825.0,45.0,44778.2,44787.2,44706.9,44716.9,486.0
20260825.0,100.0,44719.9,44727.9,44695.9,44705.9,334.0
20260825.0,115.0,44703.9,44800.2,44690.9,44770.2,872.0
20260825.0,130.0,44771.2,44789.2,44700.9,44702.9,748.0
20260825.0,145.0,44699.9,44705.8,44660.7,44667.7,498.0
20260825.0,200.0,44663.7,44681.7,44649.7,44658.7,292.0
20260825.0,215.0,44659.7,44769.1,44659.7,44769.1,658.0
20260825.0,230.0,44769.1,44842.4,44747.1,44832.4,678.0
20260825.0,245.0,44829.4,44844.4,44784.3,44808.3,246.0
20260825.0,300.0,44798.3,44801.2,44788.3,44792.2,122.0
20260825.0,315.0,44790.2,44809.3,44786.3,44794.3,242.0
20260825.0,330.0,44788.2,44788.2,44748.1,44775.2,248.0
20260825.0,345.0,44773.2,44790.2,44723.0,44734.0,436.0
20260825.0,400.0,44728.0,44727.9,44640.7,44699.9,686.0
20260825.0,415.0,44703.9,44713.9,44677.8,44687.8,238.0
20260825.0,430.0,44682.8,44712.9,44676.8,44686.8,182.0
20260825.0,445.0,44687.8,44717.9,44687.9,44711.9,92.0
20260825.0,500.0,44713.9,44725.9,44696.9,44719.9,286.0
20260825.0,900.0,44675.8,44687.8,44555.3,44570.3,6146.0
20260825.0,915.0,44577.3,44626.5,44359.5,44519.1,13656.0
20260825.0,930.0,44517.1,44594.4,44332.4,44413.7,8294.0
20260825.0,945.0,44419.7,44647.6,44387.6,44546.2,7992.0
20260825.0,1000.0,44549.2,44682.7,44520.1,44532.2,5920.0
20260825.0,1015.0,44532.2,44569.3,44421.7,44542.2,4602.0
20260825.0,1030.0,44542.2,44611.4,44487.0,44553.2,3460.0
20260825.0,1045.0,44549.2,44620.5,44509.1,44525.1,3676.0
20260825.0,1100.0,44517.1,44517.0,44392.6,44406.6,4678.0
20260825.0,1115.0,44413.7,44588.3,44407.7,44539.2,3196.0
20260825.0,1130.0,44548.2,44712.9,44537.2,44681.8,4170.0
20260825.0,1145.0,44681.8,44797.2,44650.7,44697.8,5444.0
20260825.0,1200.0,44696.8,44707.8,44579.4,44634.6,3724.0
20260825.0,1215.0,44639.6,44868.5,44614.5,44865.6,4926.0
20260825.0,1230.0,44861.5,44934.8,44817.4,44873.6,4488.0
20260825.0,1245.0,44874.6,45035.2,44842.5,44988.1,4792.0
20260825.0,1300.0,44993.1,45042.2,44909.8,45025.2,3152.0
20260825.0,1315.0,45024.2,45139.7,45001.2,45095.5,4516.0
20260825.0,1330.0,45101.5,45242.1,45101.6,45238.1,5520.0
20260825.0,1345.0,45238.1,45285.3,45191.0,45217.0,7842.0
20260825.0,1515.0,45283.3,45340.5,45260.3,45305.4,2358.0
20260825.0,1530.0,45302.4,45319.4,45258.3,45277.3,888.0
20260825.0,1545.0,45276.3,45305.4,45260.3,45301.4,480.0
20260825.0,1600.0,45301.4,45304.3,45237.2,45250.2,726.0
20260825.0,1615.0,45250.2,45285.3,45210.0,45228.1,870.0
20260825.0,1630.0,45223.1,45428.9,45223.1,45334.5,3350.0
20260825.0,1645.0,45330.5,45359.6,45298.4,45336.5,956.0
20260825.0,1700.0,45333.5,45399.7,45332.6,45392.8,804.0
20260825.0,1715.0,45391.8,45437.9,45371.7,45418.9,1438.0
20260825.0,1730.0,45421.9,45445.9,45409.9,45415.9,730.0
20260825.0,1745.0,45415.9,45505.2,45407.9,45447.0,2344.0
20260825.0,1800.0,45448.0,45529.3,45447.0,45482.1,1190.0
20260825.0,1815.0,45481.1,45488.1,45450.1,45461.1,674.0
20260825.0,1830.0,45460.0,45463.0,45446.0,45446.0,308.0
20260825.0,1845.0,45448.0,45454.0,45425.0,45424.9,390.0
20260825.0,1900.0,45431.9,45469.0,45431.0,45448.0,368.0
20260825.0,1915.0,45446.0,45453.0,45382.8,45421.9,890.0
20260825.0,1930.0,45417.9,45432.9,45395.8,45409.8,440.0
20260825.0,1945.0,45425.9,45442.9,45408.9,45438.0,368.0
20260825.0,2000.0,45440.0,45483.1,45435.0,45476.1,598.0
20260825.0,2015.0,45475.1,45499.2,45461.1,45493.2,632.0
20260825.0,2030.0,45490.2,45528.3,45460.1,45474.1,646.0
20260825.0,2045.0,45474.1,45478.1,45426.0,45442.0,768.0
20260825.0,2100.0,45447.0,45461.0,45439.0,45442.0,384.0
20260825.0,2115.0,45441.0,45451.0,45400.9,45430.9,898.0
20260825.0,2130.0,45427.9,45439.9,45369.7,45384.7,836.0
20260825.0,2145.0,45382.7,45561.4,45366.7,45501.2,5080.0
20260825.0,2200.0,45516.3,45608.6,45450.1,45486.2,4502.0
20260825.0,2215.0,45490.2,45508.2,45399.8,45438.0,2826.0
20260825.0,2230.0,45434.9,45468.0,45368.7,45403.8,1900.0
20260825.0,2245.0,45399.8,45527.3,45303.4,45457.0,3914.0
20260825.0,2300.0,45454.0,45513.2,45454.1,45472.1,1144.0
20260825.0,2315.0,45475.1,45479.1,45443.0,45464.1,628.0
20260825.0,2330.0,45466.1,45511.2,45442.0,45510.3,1012.0
20260825.0,2345.0,45511.3,45561.4,45486.2,45490.2,2444.0
20260826.0,0.0,45488.2,45492.1,45460.1,45477.1,550.0
20260826.0,15.0,45478.1,45542.3,45474.2,45535.4,664.0
20260826.0,30.0,45535.4,45551.4,45529.4,45530.3,480.0
20260826.0,45.0,45534.4,45536.3,45492.2,45501.2,332.0
20260826.0,100.0,45494.2,45526.3,45476.2,45500.2,738.0
20260826.0,115.0,45502.2,45508.2,45431.0,45458.0,1138.0
20260826.0,130.0,45451.0,45470.0,45443.0,45457.0,232.0
20260826.0,145.0,45456.0,45502.2,45450.1,45485.2,308.0
20260826.0,200.0,45483.1,45503.2,45481.2,45498.2,148.0
20260826.0,215.0,45490.2,45503.2,45473.2,45488.2,136.0
20260826.0,230.0,45488.2,45511.2,45488.2,45503.2,132.0
20260826.0,245.0,45503.2,45555.4,45503.3,45552.4,454.0
20260826.0,300.0,45552.4,45571.5,45540.4,45546.4,360.0
20260826.0,315.0,45547.4,45572.5,45531.4,45531.3,258.0
20260826.0,330.0,45531.3,45536.3,45505.3,45524.3,200.0
20260826.0,345.0,45520.3,45550.4,45509.3,45525.3,206.0
20260826.0,400.0,45521.3,45594.6,45512.3,45571.5,556.0
20260826.0,415.0,45581.6,45639.8,45563.5,45628.8,1102.0
20260826.0,430.0,45629.8,45661.8,45620.8,45641.8,546.0
20260826.0,445.0,45643.8,45659.8,45637.8,45642.8,220.0
20260826.0,500.0,45641.8,45641.8,45616.8,45628.8,452.0
20260826.0,900.0,45476.1,45480.1,45122.7,45125.6,11102.0
20260826.0,915.0,45126.6,45342.5,45054.4,45275.3,10688.0
20260826.0,930.0,45273.3,45326.4,45138.7,45270.3,5688.0
20260826.0,945.0,45274.3,45436.9,45240.2,45421.9,7674.0
20260826.0,1000.0,45413.9,45617.7,45334.6,45589.6,7752.0
20260826.0,1015.0,45585.6,45611.6,45434.0,45571.5,5542.0
20260826.0,1030.0,45571.5,45806.5,45550.5,45797.5,8308.0
20260826.0,1045.0,45798.5,46020.4,45773.4,46014.4,7000.0
20260826.0,1100.0,46013.4,46070.6,45984.3,46031.5,5900.0
20260826.0,1115.0,46034.5,46080.6,45981.3,46072.6,3954.0
20260826.0,1130.0,46074.6,46103.7,45995.3,46010.4,3118.0
20260826.0,1145.0,46012.4,46110.7,46009.4,46048.5,2780.0
20260826.0,1200.0,46051.5,46151.9,46043.6,46113.8,3566.0
20260826.0,1215.0,46116.8,46144.9,46075.7,46124.8,2500.0
20260826.0,1230.0,46126.9,46127.8,46063.6,46089.7,1912.0
20260826.0,1245.0,46091.7,46133.8,46085.7,46119.8,2724.0
20260826.0,1300.0,46119.8,46122.8,46056.6,46082.7,3016.0
20260826.0,1315.0,46084.7,46174.0,46082.7,46109.8,4582.0
20260826.0,1330.0,46110.8,46132.8,46026.5,46085.7,6504.0
20260826.0,1345.0,46089.7,46221.2,46079.7,46205.2,11148.0
20260826.0,1515.0,46196.1,46254.3,46181.1,46227.3,2402.0
20260826.0,1530.0,46227.3,46239.3,46157.0,46166.0,950.0
20260826.0,1545.0,46171.0,46192.1,46147.0,46190.1,828.0
20260826.0,1600.0,46188.1,46211.2,46166.1,46200.2,714.0
20260826.0,1615.0,46199.2,46305.6,46181.1,46233.3,2534.0
20260826.0,1630.0,46234.3,46293.5,46220.3,46282.5,1558.0
20260826.0,1645.0,46282.5,46336.7,46256.4,46327.7,1248.0
20260826.0,1700.0,46329.7,46329.7,46257.5,46288.5,1090.0
20260826.0,1715.0,46289.5,46293.5,46260.5,46278.5,572.0
20260826.0,1730.0,46278.5,46286.5,46236.4,46247.4,826.0
20260826.0,1745.0,46251.4,46298.5,46251.4,46274.5,326.0
20260826.0,1800.0,46276.5,46287.5,46270.5,46281.5,150.0
20260826.0,1815.0,46278.5,46278.4,46215.3,46217.2,726.0
20260826.0,1830.0,46221.2,46249.3,46217.3,46240.3,366.0
20260826.0,1845.0,46238.3,46272.4,46219.3,46250.4,422.0
20260826.0,1900.0,46252.4,46269.4,46244.4,46256.4,226.0
20260826.0,1915.0,46257.4,46306.6,46257.5,46279.5,630.0
20260826.0,1930.0,46279.5,46323.6,46241.4,46266.4,800.0
20260826.0,1945.0,46264.4,46280.4,46205.2,46232.3,774.0
20260826.0,2000.0,46222.3,46231.2,46184.1,46213.2,842.0
20260826.0,2015.0,46213.2,46234.3,46200.2,46227.3,362.0
20260826.0,2030.0,46222.3,46288.5,46190.2,46287.5,656.0
20260826.0,2045.0,46284.5,46289.5,46115.9,46136.9,2518.0
20260826.0,2100.0,46136.9,46164.0,46042.5,46095.7,2314.0
20260826.0,2115.0,46087.7,46133.8,46051.6,46131.9,1156.0
20260826.0,2130.0,46132.9,46140.9,46093.8,46139.9,666.0
20260826.0,2145.0,46145.9,46256.3,46137.9,46207.2,3760.0
20260826.0,2200.0,46208.2,46234.3,46164.1,46209.2,1512.0
20260826.0,2215.0,46211.2,46211.2,46061.6,46096.7,1704.0
20260826.0,2230.0,46098.7,46117.8,45988.3,46003.3,2938.0
20260826.0,2245.0,46002.3,46078.6,45995.3,46060.6,1482.0
20260826.0,2300.0,46057.6,46074.6,46021.5,46040.5,874.0
20260826.0,2315.0,46041.5,46080.6,46028.5,46033.5,806.0
20260826.0,2330.0,46033.5,46053.5,45983.3,46040.5,1266.0
20260826.0,2345.0,46041.5,46088.6,46020.5,46082.7,898.0
20260827.0,0.0,46079.7,46091.7,46020.5,46026.4,1160.0
20260827.0,15.0,46025.4,46029.4,45969.2,45979.2,1140.0
20260827.0,30.0,45983.2,46026.4,45965.2,46003.3,544.0
20260827.0,45.0,46007.4,46013.3,45959.2,45968.2,410.0
20260827.0,100.0,45973.2,46014.3,45965.2,46009.4,422.0
20260827.0,115.0,46008.4,46046.5,46005.4,46046.5,490.0
20260827.0,130.0,46046.5,46084.6,46046.6,46071.6,518.0
20260827.0,145.0,46071.6,46116.8,46056.6,46090.7,644.0
20260827.0,200.0,46090.7,46102.7,46078.7,46091.7,240.0
20260827.0,215.0,46094.7,46103.7,46068.7,46075.6,270.0
20260827.0,230.0,46072.6,46093.7,46069.7,46087.7,224.0
20260827.0,245.0,46084.7,46105.7,46079.7,46087.7,272.0
20260827.0,300.0,46086.7,46126.8,46085.7,46098.7,332.0
20260827.0,315.0,46105.8,46144.9,46101.8,46117.8,328.0
20260827.0,330.0,46117.8,46145.9,46099.8,46124.8,234.0
20260827.0,345.0,46116.8,46120.8,46086.7,46088.7,178.0
20260827.0,400.0,46088.7,46110.7,46049.6,46066.6,418.0
20260827.0,415.0,46070.6,46137.8,46064.6,46117.8,464.0
20260827.0,430.0,46121.8,46157.9,46002.4,46036.5,1890.0
20260827.0,445.0,46042.5,46102.7,46031.5,46072.6,330.0
20260827.0,500.0,46074.6,46187.1,46068.7,46187.1,710.0
20260827.0,900.0,46369.9,46434.1,46286.6,46398.0,9364.0
20260827.0,915.0,46396.0,46615.9,46270.5,46321.7,13374.0
20260827.0,930.0,46317.7,46518.4,46285.6,46461.3,6748.0
20260827.0,945.0,46463.3,46644.0,46414.1,46427.1,7664.0
20260827.0,1000.0,46430.1,46629.9,46429.2,46548.6,4724.0
20260827.0,1015.0,46546.6,46690.2,46513.5,46651.1,6036.0
20260827.0,1030.0,46652.1,46691.2,46593.9,46631.0,4010.0
20260827.0,1045.0,46635.0,46713.3,46534.6,46575.7,4724.0
20260827.0,1100.0,46580.8,46655.0,46555.7,46579.8,2942.0
20260827.0,1115.0,46585.8,46616.9,46537.6,46592.8,2534.0
20260827.0,1130.0,46593.8,46608.8,46552.7,46552.6,1828.0
20260827.0,1145.0,46561.7,46604.8,46540.6,46563.7,1776.0
20260827.0,1200.0,46564.7,46592.8,46491.4,46566.7,2942.0
20260827.0,1215.0,46565.7,46591.8,46479.4,46489.4,2266.0
20260827.0,1230.0,46494.4,46550.6,46405.1,46414.1,2832.0
20260827.0,1245.0,46411.0,46443.1,46331.8,46337.7,4152.0
20260827.0,1300.0,46341.8,46425.1,46269.5,46323.7,4700.0
20260827.0,1315.0,46324.7,46372.8,46266.5,46323.7,4236.0
20260827.0,1330.0,46321.7,46325.6,46202.2,46267.4,5496.0
20260827.0,1345.0,46271.5,46292.5,46200.2,46272.5,9140.0
20260827.0,1515.0,46326.7,46356.8,46301.6,46336.7,1654.0
20260827.0,1530.0,46337.7,46350.7,46310.7,46331.7,760.0
20260827.0,1545.0,46334.7,46339.7,46265.5,46282.5,756.0
20260827.0,1600.0,46284.5,46347.7,46279.5,46329.7,686.0
20260827.0,1615.0,46327.7,46489.3,46319.7,46489.4,2152.0
20260827.0,1630.0,46490.4,46563.6,46454.3,46562.7,1856.0
20260827.0,1645.0,46555.7,46561.6,46503.5,46523.5,1048.0
20260827.0,1700.0,46524.5,46572.7,46522.6,46544.6,878.0
20260827.0,1715.0,46546.6,46558.6,46505.5,46523.5,902.0
20260827.0,1730.0,46525.5,46547.6,46510.5,46521.5,996.0
20260827.0,1745.0,46522.5,46532.5,46502.5,46517.5,682.0
20260827.0,1800.0,46513.5,46543.6,46483.4,46488.4,976.0
20260827.0,1815.0,46490.4,46512.4,46443.2,46485.4,866.0
20260827.0,1830.0,46485.4,46500.4,46468.3,46474.3,358.0
20260827.0,1845.0,46473.3,46479.3,46435.2,46475.3,554.0
20260827.0,1900.0,46468.3,46497.4,46451.3,46495.4,492.0
20260827.0,1915.0,46498.4,46514.4,46454.3,46499.4,852.0
20260827.0,1930.0,46499.4,46500.4,46450.3,46450.2,442.0
20260827.0,1945.0,46451.2,46486.3,46426.2,46457.2,792.0
20260827.0,2000.0,46448.2,46464.2,46375.9,46464.3,960.0
20260827.0,2015.0,46463.3,46486.3,46451.3,46472.3,362.0
20260827.0,2030.0,46472.3,46488.3,46461.3,46478.3,272.0
20260827.0,2045.0,46475.3,46477.3,46424.2,46425.1,444.0
20260827.0,2100.0,46426.1,46436.1,46405.1,46412.1,392.0
20260827.0,2115.0,46412.1,46474.3,46407.1,46465.3,540.0
20260827.0,2130.0,46461.3,46481.3,46413.1,46425.1,614.0
20260827.0,2145.0,46429.1,46490.3,46313.7,46420.1,4366.0
20260827.0,2200.0,46426.1,46440.1,46230.3,46293.6,4572.0
20260827.0,2215.0,46294.6,46406.0,46284.6,46385.9,2244.0
20260827.0,2230.0,46386.9,46469.2,46377.0,46458.2,1872.0
20260827.0,2245.0,46460.3,46487.3,46424.2,46445.2,1836.0
20260827.0,2300.0,46447.2,46525.5,46434.2,46486.4,2130.0
20260827.0,2315.0,46481.3,46517.4,46474.4,46490.4,952.0
20260827.0,2330.0,46491.4,46514.4,46453.3,46453.2,782.0
20260827.0,2345.0,46458.2,46501.4,46450.3,46475.3,966.0
20260828.0,0.0,46472.3,46591.8,46449.3,46553.6,2324.0
20260828.0,15.0,46553.6,46600.8,46538.6,46569.7,2016.0
20260828.0,30.0,46567.7,46583.7,46530.6,46574.7,1128.0
20260828.0,45.0,46579.8,46643.0,46578.8,46637.0,1246.0
20260828.0,100.0,46637.0,46697.2,46635.0,46696.2,1398.0
20260828.0,115.0,46693.2,46745.4,46683.2,46727.4,1560.0
20260828.0,130.0,46729.4,46740.4,46678.2,46678.2,798.0
20260828.0,145.0,46685.2,46687.2,46597.9,46603.9,1204.0
20260828.0,200.0,46604.9,46605.8,46540.6,46545.6,1366.0
20260828.0,215.0,46544.6,46548.6,46499.5,46525.5,778.0
20260828.0,230.0,46520.5,46538.5,46440.2,46445.2,874.0
20260828.0,245.0,46454.2,46495.4,46444.2,46482.3,574.0
20260828.0,300.0,46481.3,46488.3,46453.3,46477.3,196.0
20260828.0,315.0,46473.3,46520.5,46473.4,46484.4,460.0
20260828.0,330.0,46493.4,46511.4,46473.4,46489.4,214.0
20260828.0,345.0,46485.4,46532.5,46483.4,46529.5,262.0
20260828.0,400.0,46535.6,46645.0,46533.6,46627.0,770.0
20260828.0,415.0,46630.0,46640.0,46550.7,46554.7,400.0
20260828.0,430.0,46555.7,46568.7,46547.7,46562.7,176.0
20260828.0,445.0,46567.7,46584.7,46566.8,46581.8,156.0
20260828.0,500.0,46581.8,46593.8,46570.8,46583.8,288.0
20260828.0,900.0,46561.7,46676.1,46525.6,46604.9,6234.0
20260828.0,915.0,46608.9,46723.3,46563.7,46662.1,10374.0
20260828.0,930.0,46665.1,46776.5,46583.8,46600.8,9160.0
20260828.0,945.0,46605.9,46679.1,46492.4,46561.7,7398.0
20260828.0,1000.0,46566.7,46569.7,46410.1,46437.2,5544.0
20260828.0,1015.0,46437.2,46540.5,46410.1,46532.6,4102.0
20260828.0,1030.0,46535.6,46648.0,46509.5,46534.6,4842.0
20260828.0,1045.0,46535.6,46543.6,46454.3,46460.3,2052.0
20260828.0,1100.0,46459.2,46628.9,46453.3,46617.9,3230.0
20260828.0,1115.0,46620.9,46631.9,46566.8,46582.8,1926.0
20260828.0,1130.0,46582.8,46632.9,46565.7,46619.9,1962.0
20260828.0,1145.0,46620.9,46636.9,46490.4,46507.5,3014.0
20260828.0,1200.0,46506.4,46633.9,46463.3,46578.8,3438.0
20260828.0,1215.0,46579.8,46608.8,46506.5,46570.7,2554.0
20260828.0,1230.0,46570.7,46590.8,46530.6,46541.6,1446.0
20260828.0,1245.0,46544.6,46549.6,46479.4,46495.4,2490.0
20260828.0,1300.0,46496.4,46516.4,46442.2,46467.3,2508.0
20260828.0,1315.0,46470.3,46559.6,46457.3,46521.5,3320.0
20260828.0,1330.0,46524.5,46553.6,46500.5,46547.6,3128.0
20260828.0,1345.0,46549.6,46562.6,46526.6,46552.6,5066.0
20260828.0,1515.0,46634.0,46647.0,46570.8,46618.9,1590.0
20260828.0,1530.0,46616.9,46642.0,46603.9,46635.0,860.0
20260828.0,1545.0,46637.0,46676.1,46626.0,46630.0,1310.0
20260828.0,1600.0,46628.0,46680.1,46626.0,46655.1,690.0
20260828.0,1615.0,46654.1,46691.2,46632.0,46650.1,856.0
20260828.0,1630.0,46656.1,46663.1,46636.0,46636.0,292.0
20260828.0,1645.0,46636.0,46706.2,46636.0,46680.2,912.0
20260828.0,1700.0,46678.2,46679.1,46652.1,46660.1,286.0
20260828.0,1715.0,46662.1,46665.1,46639.1,46645.0,518.0
20260828.0,1730.0,46645.0,46658.0,46626.0,46646.0,452.0
20260828.0,1745.0,46645.0,46648.0,46618.0,46645.0,282.0
20260828.0,1800.0,46636.0,46676.1,46630.0,46656.1,458.0
20260828.0,1815.0,46656.1,46656.0,46619.0,46624.9,630.0
20260828.0,1830.0,46624.9,46641.0,46613.9,46628.0,350.0
20260828.0,1845.0,46631.0,46642.0,46609.9,46610.9,418.0
20260828.0,1900.0,46617.9,46639.0,46608.9,46637.0,438.0
20260828.0,1915.0,46632.0,46644.0,46610.9,46624.9,410.0
20260828.0,1930.0,46625.9,46664.1,46623.0,46649.0,572.0
20260828.0,1945.0,46649.0,46662.1,46598.9,46602.9,494.0
20260828.0,2000.0,46598.8,46618.9,46585.8,46587.8,472.0
20260828.0,2015.0,46592.8,46606.8,46573.8,46596.8,870.0
20260828.0,2030.0,46596.8,46647.0,46594.9,46637.0,580.0
20260828.0,2045.0,46636.0,46635.9,46576.8,46610.9,620.0
20260828.0,2100.0,46613.9,46640.0,46612.9,46637.0,316.0
20260828.0,2115.0,46637.0,46684.1,46629.0,46676.2,1172.0
20260828.0,2130.0,46678.2,46689.2,46638.1,46658.1,588.0
20260828.0,2145.0,46657.1,46739.4,46524.6,46691.2,5196.0
20260828.0,2200.0,46693.2,46767.5,46624.0,46677.2,3272.0
20260828.0,2215.0,46680.2,46809.7,46438.2,46466.3,7658.0
20260828.0,2230.0,46479.3,46636.9,46475.4,46606.9,3414.0
20260828.0,2245.0,46615.9,46743.4,46592.9,46707.3,3630.0
20260828.0,2300.0,46708.3,46723.3,46643.1,46705.3,1586.0
20260828.0,2315.0,46703.3,46714.3,46572.8,46580.8,2010.0
20260828.0,2330.0,46579.8,46625.9,46574.8,46602.9,1342.0
20260828.0,2345.0,46610.9,46611.8,46449.3,46468.3,2338.0
20260829.0,0.0,46472.3,46488.3,46287.6,46293.6,4302.0
20260829.0,15.0,46296.6,46329.7,46207.2,46262.4,3434.0
20260829.0,30.0,46264.4,46287.5,46151.0,46193.1,2962.0
20260829.0,45.0,46197.1,46263.4,46174.1,46208.2,1524.0
20260829.0,100.0,46214.2,46303.5,46209.2,46235.3,1486.0
20260829.0,115.0,46234.3,46234.3,46119.9,46159.0,1818.0
20260829.0,130.0,46159.0,46182.0,46111.8,46141.9,992.0
20260829.0,145.0,46139.9,46190.1,46116.9,46141.9,724.0
20260829.0,200.0,46137.9,46214.2,46137.9,46197.1,702.0
20260829.0,215.0,46193.1,46194.1,46132.9,46132.9,614.0
20260829.0,230.0,46131.9,46148.9,46083.7,46104.8,1154.0
20260829.0,245.0,46098.7,46134.8,46062.6,46068.6,682.0
20260829.0,300.0,46067.6,46076.6,46019.5,46040.5,1310.0
20260829.0,315.0,46040.5,46116.8,46032.5,46078.6,830.0
20260829.0,330.0,46087.7,46124.8,46057.6,46110.8,476.0
20260829.0,345.0,46109.8,46117.8,46081.7,46090.7,480.0
20260829.0,400.0,46090.7,46129.8,46056.6,46106.8,804.0
20260829.0,415.0,46104.8,46104.7,46073.7,46083.7,318.0
20260829.0,430.0,46080.7,46100.7,46077.7,46086.7,124.0
20260829.0,445.0,46086.7,46101.7,46077.7,46100.7,288.0
20260829.0,500.0,46100.7,46106.7,46082.7,46093.7,318.0
20260831.0,900.0,45993.3,46096.7,45885.9,45906.9,8108.0
20260831.0,915.0,45901.9,45968.1,45665.0,45790.4,16620.0
20260831.0,930.0,45791.4,45894.8,45692.1,45818.6,8024.0
20260831.0,945.0,45816.5,45945.0,45769.4,45849.7,6594.0
20260831.0,1000.0,45849.7,45921.9,45789.5,45849.7,4894.0
20260831.0,1015.0,45844.7,45973.2,45805.6,45883.8,4740.0
20260831.0,1030.0,45887.8,45892.8,45635.8,45703.1,7704.0
20260831.0,1045.0,45706.1,45749.2,45606.7,45668.9,4764.0
20260831.0,1100.0,45668.9,45881.8,45667.0,45876.8,5364.0
20260831.0,1115.0,45876.8,45959.1,45833.7,45923.0,3946.0
20260831.0,1130.0,45922.0,45943.0,45868.8,45904.9,2290.0
20260831.0,1145.0,45905.9,45928.0,45852.8,45872.8,1420.0
20260831.0,1200.0,45872.8,45910.9,45860.8,45899.9,1126.0
20260831.0,1215.0,45903.9,45906.9,45842.7,45892.9,1168.0
20260831.0,1230.0,45893.9,45920.9,45849.7,45879.8,1680.0
20260831.0,1245.0,45874.8,45961.1,45862.8,45922.0,1958.0
20260831.0,1300.0,45921.0,46069.6,45861.8,46040.5,4460.0
20260831.0,1315.0,46039.5,46153.9,46009.4,46153.0,5032.0
20260831.0,1330.0,46148.9,46254.3,46132.9,46217.2,9180.0
20260831.0,1345.0,46219.2,46250.3,46125.9,46177.1,7992.0
20260831.0,1515.0,46320.7,46329.7,46251.4,46292.5,2466.0
20260831.0,1530.0,46289.5,46291.5,46254.4,46259.4,522.0
20260831.0,1545.0,46259.4,46283.5,46233.3,46243.3,570.0
20260831.0,1600.0,46242.3,46248.3,46219.3,46248.4,342.0
20260831.0,1615.0,46251.4,46293.5,46214.3,46222.3,1316.0
20260831.0,1630.0,46223.3,46242.3,46205.2,46238.3,402.0
20260831.0,1645.0,46234.3,46243.3,46185.1,46194.1,482.0
20260831.0,1700.0,46199.2,46238.3,46197.2,46224.3,344.0
20260831.0,1715.0,46223.3,46245.3,46202.2,46240.3,344.0
20260831.0,1730.0,46242.3,46267.4,46231.3,46231.3,374.0
20260831.0,1745.0,46230.3,46235.3,46184.1,46194.1,512.0
20260831.0,1800.0,46191.1,46191.1,46160.0,46164.0,538.0
20260831.0,1815.0,46168.0,46182.0,46154.0,46165.0,414.0
20260831.0,1830.0,46159.0,46206.1,46150.0,46193.1,506.0
20260831.0,1845.0,46184.1,46186.1,46164.1,46174.1,172.0
20260831.0,1900.0,46178.1,46212.2,46174.1,46200.2,366.0
20260831.0,1915.0,46194.1,46199.1,46158.0,46162.0,234.0
20260831.0,1930.0,46160.0,46218.2,46158.0,46217.2,362.0
20260831.0,1945.0,46214.2,46218.2,46174.1,46175.1,400.0
20260831.0,2000.0,46180.1,46190.1,46162.0,46164.0,266.0
20260831.0,2015.0,46168.0,46247.3,46144.0,46235.3,1480.0
20260831.0,2030.0,46236.3,46267.4,46098.8,46157.0,1628.0
20260831.0,2045.0,46162.0,46272.4,46150.0,46238.3,1670.0
20260831.0,2100.0,46234.3,46256.3,46186.2,46214.2,696.0
20260831.0,2115.0,46211.2,46235.3,46193.2,46235.3,450.0
20260831.0,2130.0,46239.3,46287.5,46220.3,46271.5,772.0
20260831.0,2145.0,46268.4,46380.9,46232.3,46264.4,4780.0
20260831.0,2200.0,46264.4,46364.8,46244.4,46352.8,2950.0
20260831.0,2215.0,46351.8,46389.9,46284.6,46316.6,2472.0
20260831.0,2230.0,46316.6,46371.8,46251.4,46261.4,1794.0
20260831.0,2245.0,46263.4,46361.8,46250.4,46343.8,2150.0
20260831.0,2300.0,46348.8,46355.8,46279.5,46283.5,1174.0
20260831.0,2315.0,46287.5,46327.6,46160.0,46179.1,2658.0
20260831.0,2330.0,46178.1,46224.2,46135.9,46209.2,1596.0
20260831.0,2345.0,46203.2,46210.2,46099.8,46140.9,1336.0
20260901.0,0.0,46137.9,46168.0,46059.6,46059.6,1582.0
20260901.0,15.0,46063.6,46110.7,46033.5,46095.7,1420.0
20260901.0,30.0,46095.7,46131.8,46078.7,46129.9,564.0
20260901.0,45.0,46126.9,46129.8,46074.7,46108.8,528.0
20260901.0,100.0,46107.8,46138.9,46094.8,46132.9,466.0
20260901.0,115.0,46132.9,46136.8,46104.8,46105.8,358.0
20260901.0,130.0,46105.8,46115.8,46019.5,46025.4,858.0
20260901.0,145.0,46020.4,46090.7,46012.4,46090.7,828.0
20260901.0,200.0,46090.7,46108.7,46071.7,46073.6,368.0
20260901.0,215.0,46079.7,46115.8,46076.7,46084.7,482.0
20260901.0,230.0,46087.7,46097.7,46067.7,46068.6,118.0
20260901.0,245.0,46064.6,46064.5,45981.3,46009.4,698.0
20260901.0,300.0,46013.4,46046.5,46004.4,46025.4,362.0
20260901.0,315.0,46037.5,46043.5,46023.5,46038.5,166.0
20260901.0,330.0,46038.5,46076.6,46032.5,46065.6,214.0
20260901.0,345.0,46063.6,46091.7,46048.6,46088.7,208.0
20260901.0,400.0,46085.7,46194.1,46081.7,46137.9,1396.0
20260901.0,415.0,46139.9,46163.0,46115.9,46126.9,424.0
20260901.0,430.0,46128.9,46133.8,46116.9,46130.9,168.0
20260901.0,445.0,46127.9,46159.9,46125.9,46159.0,216.0
20260901.0,500.0,46156.0,46174.0,46146.0,46172.0,312.0
20260901.0,900.0,46194.1,46424.1,46181.1,46409.0,7884.0
20260901.0,915.0,46409.0,46889.0,46399.0,46860.9,17602.0
20260901.0,930.0,46864.0,47153.1,46861.0,46940.3,14992.0
20260901.0,945.0,46945.3,47088.8,46889.1,47054.8,6456.0
20260901.0,1000.0,47053.7,47097.9,46917.2,47005.5,4434.0
20260901.0,1015.0,47015.6,47102.9,46960.4,47081.9,4434.0
20260901.0,1030.0,47079.9,47124.0,46990.5,47020.6,4586.0
20260901.0,1045.0,47021.6,47087.8,46846.9,46978.4,6170.0
20260901.0,1100.0,46978.4,47197.3,46967.4,47174.3,5884.0
20260901.0,1115.0,47176.3,47207.3,47137.1,47177.3,4460.0
20260901.0,1130.0,47182.3,47211.4,47154.2,47154.2,2072.0
20260901.0,1145.0,47159.2,47224.4,47159.2,47206.4,1962.0
20260901.0,1200.0,47206.4,47279.6,47201.4,47279.7,3080.0
20260901.0,1215.0,47277.7,47277.6,47233.6,47263.6,2066.0
20260901.0,1230.0,47262.6,47338.9,47258.7,47298.8,2946.0
20260901.0,1245.0,47295.8,47346.9,47269.7,47277.7,2700.0
20260901.0,1300.0,47278.7,47334.9,47268.7,47297.8,2282.0
20260901.0,1315.0,47294.8,47307.8,47216.5,47220.4,3040.0
20260901.0,1330.0,47217.4,47258.6,47148.2,47245.6,5342.0
20260901.0,1345.0,47243.5,47419.2,47224.5,47408.2,12994.0
20260901.0,1515.0,47400.2,47535.7,47362.1,47513.7,3860.0
20260901.0,1530.0,47504.6,47542.8,47480.6,47505.6,1224.0
20260901.0,1545.0,47506.7,47506.6,47372.1,47386.1,1912.0
20260901.0,1600.0,47384.1,47431.3,47356.1,47368.1,1298.0
20260901.0,1615.0,47364.1,47374.0,47156.2,47195.3,4110.0
20260901.0,1630.0,47196.3,47206.3,47074.9,47079.9,2900.0
20260901.0,1645.0,47084.9,47120.0,47010.6,47039.7,2600.0
20260901.0,1700.0,47038.7,47070.8,46982.5,46987.5,2428.0
20260901.0,1715.0,46990.5,47032.6,46937.3,46995.5,3554.0
20260901.0,1730.0,46995.5,47022.6,46973.5,47004.5,1056.0
20260901.0,1745.0,47005.5,47043.7,46989.5,47041.7,1282.0
20260901.0,1800.0,47040.7,47082.8,47016.6,47021.6,1232.0
20260901.0,1815.0,47015.6,47045.7,47012.6,47041.7,560.0
20260901.0,1830.0,47046.7,47105.9,47031.7,47073.8,1238.0
20260901.0,1845.0,47072.8,47079.8,47038.7,47038.7,498.0
20260901.0,1900.0,47037.7,47057.7,46989.5,47015.6,946.0
20260901.0,1915.0,47015.6,47020.6,46967.4,47000.5,972.0
20260901.0,1930.0,47004.5,47026.6,46996.6,47018.6,526.0
20260901.0,1945.0,47021.6,47071.8,47017.6,47040.7,532.0
20260901.0,2000.0,47038.7,47044.7,46952.4,46956.3,784.0
20260901.0,2015.0,46956.3,46965.3,46900.2,46964.4,1788.0
20260901.0,2030.0,46965.4,46995.5,46934.3,46961.4,700.0
20260901.0,2045.0,46958.3,46982.4,46917.2,46943.3,708.0
20260901.0,2100.0,46942.3,46977.4,46916.2,46926.2,914.0
20260901.0,2115.0,46927.2,46931.2,46870.0,46900.1,1784.0
20260901.0,2130.0,46906.1,46980.4,46894.1,46980.4,1122.0
20260901.0,2145.0,46977.4,47013.5,46848.9,46943.3,4544.0
20260901.0,2200.0,46920.2,47015.5,46920.2,46977.4,2238.0
20260901.0,2215.0,46978.4,47054.7,46941.3,46957.3,2700.0
20260901.0,2230.0,46956.3,47002.5,46924.3,46929.2,1510.0
20260901.0,2245.0,46927.2,47059.7,46925.3,47059.8,1734.0
20260901.0,2300.0,47061.8,47094.9,47004.6,47053.7,1834.0
20260901.0,2315.0,47058.8,47085.8,47004.6,47019.6,1876.0
20260901.0,2330.0,47017.6,47072.8,47007.6,47059.8,848.0
20260901.0,2345.0,47060.8,47148.1,47051.8,47143.1,1600.0
20260902.0,0.0,47145.1,47173.2,47107.0,47117.0,1294.0
20260902.0,15.0,47118.0,47125.0,47083.9,47089.9,1112.0
20260902.0,30.0,47085.9,47099.9,46952.4,46977.4,2274.0
20260902.0,45.0,46977.4,46982.4,46913.2,46930.2,1598.0
20260902.0,100.0,46935.2,46979.4,46935.3,46967.4,654.0
20260902.0,115.0,46972.4,46975.4,46904.2,46929.2,540.0
20260902.0,130.0,46932.2,46936.2,46865.0,46925.2,1200.0
20260902.0,145.0,46926.2,46947.3,46915.2,46927.2,556.0
20260902.0,200.0,46930.2,46930.2,46869.0,46885.0,488.0
20260902.0,215.0,46889.1,46900.1,46799.7,46805.7,1322.0
20260902.0,230.0,46802.7,46832.8,46781.7,46785.6,640.0
20260902.0,245.0,46791.6,46800.6,46711.4,46716.3,1456.0
20260902.0,300.0,46717.3,46785.6,46702.3,46775.6,1124.0
20260902.0,315.0,46776.6,46842.8,46776.6,46841.9,722.0
20260902.0,330.0,46845.9,46856.9,46829.9,46854.9,334.0
20260902.0,345.0,46850.9,46852.9,46813.8,46836.8,256.0
20260902.0,400.0,46840.9,46840.8,46789.7,46808.7,356.0
20260902.0,415.0,46826.8,46855.9,46801.7,46852.9,446.0
20260902.0,430.0,46859.9,46882.0,46859.0,46871.0,316.0
20260902.0,445.0,46870.0,46887.0,46857.0,46870.0,290.0
20260902.0,500.0,46875.0,46895.0,46860.0,46876.0,350.0
20260902.0,900.0,46898.1,46943.2,46777.6,46777.6,6558.0
20260902.0,915.0,46776.6,46886.0,46718.4,46765.5,10494.0
20260902.0,930.0,46763.5,46799.6,46642.1,46655.1,8086.0
20260902.0,945.0,46655.1,46667.1,46464.3,46478.3,9598.0
20260902.0,1000.0,46478.3,46577.7,46440.2,46553.6,5532.0
20260902.0,1015.0,46552.6,46564.6,46385.0,46514.5,6138.0
20260902.0,1030.0,46513.5,46567.7,46488.4,46516.5,3284.0
20260902.0,1045.0,46524.5,46528.5,46422.1,46514.5,3364.0
20260902.0,1100.0,46516.5,46551.6,46454.3,46481.3,3054.0
20260902.0,1115.0,46483.4,46508.4,46377.0,46473.3,3606.0
20260902.0,1130.0,46475.3,46487.3,46417.1,46428.1,1864.0
20260902.0,1145.0,46429.1,46467.2,46374.9,46467.3,2560.0
20260902.0,1200.0,46468.3,46483.3,46370.9,46407.0,2080.0
20260902.0,1215.0,46407.0,46425.1,46371.9,46425.1,1514.0
20260902.0,1230.0,46424.1,46449.2,46399.0,46416.1,1920.0
20260902.0,1245.0,46422.1,46456.2,46403.1,46442.2,1420.0
20260902.0,1300.0,46439.2,46458.2,46398.0,46433.1,1544.0
20260902.0,1315.0,46435.1,46437.1,46358.9,46422.1,3364.0
20260902.0,1330.0,46422.1,46462.2,46371.9,46407.0,6210.0
20260902.0,1345.0,46410.0,46424.1,46325.7,46383.9,10390.0
20260902.0,1515.0,46395.0,46446.1,46385.0,46432.1,1540.0
20260902.0,1530.0,46424.1,46447.1,46336.8,46369.9,1004.0
20260902.0,1545.0,46374.9,46393.9,46341.8,46382.9,774.0
20260902.0,1600.0,46377.9,46382.9,46252.4,46297.6,1540.0
20260902.0,1615.0,46306.6,46374.8,46273.5,46339.7,1346.0
20260902.0,1630.0,46344.8,46360.8,46259.5,46274.5,978.0
20260902.0,1645.0,46268.4,46304.5,46220.3,46230.3,1118.0
20260902.0,1700.0,46234.3,46243.3,46034.5,46100.7,3282.0
20260902.0,1715.0,46098.7,46177.0,46040.5,46049.5,1904.0
20260902.0,1730.0,46043.5,46065.5,46001.4,46033.5,1800.0
20260902.0,1745.0,46034.5,46037.4,45878.9,45885.8,2858.0
20260902.0,1800.0,45888.9,45956.1,45884.9,45944.1,1638.0
20260902.0,1815.0,45943.1,46005.3,45892.9,46005.3,1316.0
20260902.0,1830.0,46003.3,46013.3,45971.2,45986.3,736.0
20260902.0,1845.0,45987.3,45990.2,45948.2,45957.1,540.0
20260902.0,1900.0,45958.1,46021.4,45952.2,46021.4,530.0
20260902.0,1915.0,46023.4,46141.9,45920.0,46117.8,1972.0
20260902.0,1930.0,46118.8,46148.9,46067.7,46113.8,1334.0
20260902.0,1945.0,46108.8,46190.1,46108.8,46133.9,1334.0
20260902.0,2000.0,46136.9,46262.4,46128.9,46256.4,1248.0
20260902.0,2015.0,46256.4,46314.6,46224.3,46305.6,1658.0
20260902.0,2030.0,46304.6,46364.8,46261.5,46316.6,2078.0
20260902.0,2045.0,46311.6,46320.6,46255.4,46270.5,1084.0
20260902.0,2100.0,46270.5,46274.4,46202.2,46240.3,994.0
20260902.0,2115.0,46244.3,46296.5,46239.4,46283.5,854.0
20260902.0,2130.0,46284.5,46379.9,46276.5,46341.8,1110.0
20260902.0,2145.0,46344.8,46437.1,46276.5,46377.9,3816.0
20260902.0,2200.0,46377.9,46388.9,46227.3,46345.8,3374.0
20260902.0,2215.0,46343.8,46410.0,46298.6,46381.9,2226.0
20260902.0,2230.0,46384.9,46491.3,46371.9,46461.3,2892.0
20260902.0,2245.0,46463.3,46488.3,46424.2,46456.2,1552.0
20260902.0,2300.0,46455.2,46459.2,46311.7,46320.7,1928.0
20260902.0,2315.0,46322.7,46403.0,46295.6,46379.9,1838.0
20260902.0,2330.0,46384.9,46455.2,46369.9,46454.2,1412.0
20260902.0,2345.0,46458.2,46512.4,46430.2,46502.4,1352.0
20260903.0,0.0,46498.4,46502.4,46414.1,46496.4,1396.0
20260903.0,15.0,46498.4,46520.5,46482.4,46491.4,1066.0
20260903.0,30.0,46489.4,46495.4,46450.3,46465.3,676.0
20260903.0,45.0,46467.3,46491.3,46445.2,46455.2,522.0
20260903.0,100.0,46451.2,46469.2,46430.2,46455.2,666.0
20260903.0,115.0,46458.2,46514.4,46404.1,46437.2,1122.0
20260903.0,130.0,46440.2,46468.2,46414.1,46467.3,326.0
20260903.0,145.0,46467.3,46491.3,46450.3,46480.3,300.0
20260903.0,200.0,46490.4,46532.5,46481.4,46515.5,502.0
20260903.0,215.0,46493.4,46538.5,46480.4,46510.5,432.0
20260903.0,230.0,46509.5,46580.7,46505.5,46518.5,1346.0
20260903.0,245.0,46531.6,46545.6,46495.5,46499.4,202.0
20260903.0,300.0,46508.5,46546.6,46500.5,46542.6,192.0
20260903.0,315.0,46543.6,46566.7,46530.6,46551.6,174.0
20260903.0,330.0,46552.6,46566.7,46535.6,46548.6,128.0
20260903.0,345.0,46558.7,46590.8,46537.6,46589.8,396.0
20260903.0,400.0,46585.8,46602.8,46569.8,46587.8,570.0
20260903.0,415.0,46589.8,46589.7,46555.7,46575.7,316.0
20260903.0,430.0,46571.7,46571.7,46507.5,46517.5,506.0
20260903.0,445.0,46510.5,46532.5,46508.5,46515.5,146.0
20260903.0,500.0,46514.5,46532.5,46503.5,46531.6,496.0
20260903.0,900.0,46363.8,46523.5,46363.9,46520.5,5422.0
20260903.0,915.0,46520.5,46594.8,46407.1,46519.5,9844.0
20260903.0,930.0,46518.5,46570.7,46337.8,46427.1,7958.0
20260903.0,945.0,46431.1,46510.4,46217.3,46310.6,8950.0
20260903.0,1000.0,46312.6,46441.1,46154.0,46159.0,6424.0
20260903.0,1015.0,46158.0,46419.0,46116.9,46400.0,7166.0
20260903.0,1030.0,46401.0,46445.1,46324.7,46444.2,3308.0
20260903.0,1045.0,46436.2,46437.1,46333.8,46340.8,2864.0
20260903.0,1100.0,46336.7,46414.0,46316.7,46381.9,2742.0
20260903.0,1115.0,46380.9,46623.9,46381.0,46622.9,4388.0
20260903.0,1130.0,46620.9,46668.1,46555.7,46603.9,5432.0
20260903.0,1145.0,46603.9,46619.9,46523.6,46542.6,2196.0
20260903.0,1200.0,46538.6,46565.6,46487.4,46525.5,2286.0
20260903.0,1215.0,46521.5,46580.7,46499.5,46535.6,1956.0
20260903.0,1230.0,46533.6,46558.6,46477.4,46484.4,2040.0
20260903.0,1245.0,46485.4,46560.6,46475.4,46492.4,2008.0
20260903.0,1300.0,46494.4,46538.5,46451.3,46459.2,2038.0
20260903.0,1315.0,46461.3,46466.2,46148.0,46167.0,7158.0
20260903.0,1330.0,46169.0,46174.0,45907.0,46012.4,12926.0
20260903.0,1345.0,46008.4,46048.5,45944.1,46030.4,9734.0
20260903.0,1515.0,46095.7,46188.1,46081.7,46131.9,3010.0
20260903.0,1530.0,46129.9,46164.0,46053.6,46128.9,1934.0
20260903.0,1545.0,46130.9,46216.2,46078.7,46208.2,1972.0
20260903.0,1600.0,46211.2,46216.2,46089.7,46160.0,1660.0
20260903.0,1615.0,46168.0,46322.6,46144.0,46276.5,3170.0
20260903.0,1630.0,46272.5,46330.7,46268.5,46302.6,1014.0
20260903.0,1645.0,46295.6,46309.6,46261.5,46264.4,670.0
20260903.0,1700.0,46263.4,46286.5,46230.3,46238.3,460.0
20260903.0,1715.0,46238.3,46251.3,46190.2,46220.2,670.0
20260903.0,1730.0,46226.3,46231.2,46156.0,46162.0,846.0
20260903.0,1745.0,46160.0,46177.0,46091.8,46094.7,1516.0
20260903.0,1800.0,46096.7,46120.8,46067.7,46089.7,1360.0
20260903.0,1815.0,46096.7,46123.8,46021.5,46030.4,1642.0
20260903.0,1830.0,46034.5,46074.6,46025.5,46053.5,558.0
20260903.0,1845.0,46049.5,46093.7,45993.3,46082.7,802.0
20260903.0,1900.0,46081.7,46096.7,46035.5,46079.7,658.0
20260903.0,1915.0,46083.7,46135.8,46018.4,46109.8,1346.0
20260903.0,1930.0,46112.8,46152.9,46070.7,46117.8,830.0
20260903.0,1945.0,46123.8,46149.9,46024.5,46095.7,1098.0
20260903.0,2000.0,46102.8,46102.7,46001.4,46013.4,1104.0
20260903.0,2015.0,46019.4,46057.5,46004.4,46013.4,658.0
20260903.0,2030.0,46017.4,46088.6,45973.3,46058.6,1538.0
20260903.0,2045.0,46066.6,46224.2,46066.6,46149.9,2582.0
20260903.0,2100.0,46149.9,46275.4,46148.0,46262.4,1424.0
20260903.0,2115.0,46254.4,46270.4,46167.1,46247.4,1256.0
20260903.0,2130.0,46251.4,46260.4,46145.0,46189.1,1078.0
20260903.0,2145.0,46186.1,46210.2,45919.0,46104.8,7020.0
20260903.0,2200.0,46103.8,46156.9,46048.6,46119.8,2748.0
20260903.0,2215.0,46117.8,46117.8,45980.3,46067.6,3184.0
20260903.0,2230.0,46064.6,46225.2,46057.6,46152.0,2742.0
20260903.0,2245.0,46148.9,46158.9,46028.5,46048.5,2004.0
20260903.0,2300.0,46049.5,46252.3,46046.6,46251.4,2728.0
20260903.0,2315.0,46248.4,46351.7,46243.4,46301.6,3192.0
20260903.0,2330.0,46303.6,46516.4,46297.6,46489.4,3216.0
20260903.0,2345.0,46488.4,46511.4,46448.3,46463.3,1522.0
20260904.0,0.0,46460.3,46498.4,46442.2,46492.4,778.0
20260904.0,15.0,46496.4,46538.5,46457.3,46516.5,1262.0
20260904.0,30.0,46520.5,46570.7,46507.5,46516.5,1180.0
20260904.0,45.0,46513.5,46577.7,46483.4,46566.7,1104.0
20260904.0,100.0,46568.7,46598.8,46556.7,46570.7,1078.0
20260904.0,115.0,46574.7,46583.7,46522.6,46524.5,562.0
20260904.0,130.0,46534.6,46571.7,46531.6,46571.7,332.0
20260904.0,145.0,46572.7,46640.0,46572.8,46635.0,940.0
20260904.0,200.0,46635.0,46691.2,46630.0,46685.2,1132.0
20260904.0,215.0,46686.2,46755.4,46678.2,46698.3,1618.0
20260904.0,230.0,46698.3,46720.3,46689.3,46701.3,380.0
20260904.0,245.0,46698.3,46720.3,46689.3,46697.2,284.0
20260904.0,300.0,46702.3,46725.3,46699.3,46705.3,244.0
20260904.0,315.0,46708.3,46714.3,46661.1,46667.1,486.0
20260904.0,330.0,46670.1,46680.1,46651.1,46673.1,404.0
20260904.0,345.0,46672.1,46714.3,46661.1,46710.3,370.0
20260904.0,400.0,46706.3,46740.4,46674.2,46699.3,478.0
20260904.0,415.0,46700.3,46713.3,46657.1,46699.3,512.0
20260904.0,430.0,46696.2,46696.2,46678.2,46691.2,120.0
20260904.0,445.0,46687.2,46694.2,46677.2,46686.2,162.0
20260904.0,500.0,46686.2,46691.2,46670.2,46683.2,290.0
20260904.0,900.0,46601.8,46791.6,46601.9,46776.6,5164.0
20260904.0,915.0,46773.6,46846.8,46453.3,46520.5,14454.0
20260904.0,930.0,46521.5,46536.5,46383.0,46413.1,7042.0
20260904.0,945.0,46410.0,46500.4,46359.9,46423.1,6112.0
20260904.0,1000.0,46423.1,46423.0,46251.4,46359.8,8268.0
20260904.0,1015.0,46362.8,46427.1,46285.6,46395.0,3682.0
20260904.0,1030.0,46393.0,46445.1,46354.9,46445.2,2920.0
20260904.0,1045.0,46445.2,46456.2,46346.8,46422.1,2650.0
20260904.0,1100.0,46417.1,46520.5,46407.1,46512.5,3684.0
20260904.0,1115.0,46511.5,46540.5,46450.3,46456.2,2932.0
20260904.0,1130.0,46457.2,46525.5,46440.2,46469.3,2728.0
20260904.0,1145.0,46470.3,46491.3,46430.2,46437.2,1880.0
20260904.0,1200.0,46439.2,46548.6,46435.2,46538.6,2686.0
20260904.0,1215.0,46541.6,46676.1,46482.4,46669.1,3978.0
20260904.0,1230.0,46676.2,46731.3,46651.1,46713.3,3758.0
20260904.0,1245.0,46712.3,46738.4,46679.2,46696.2,2444.0
20260904.0,1300.0,46700.3,46726.3,46662.2,46722.4,2668.0
20260904.0,1315.0,46724.4,46881.0,46714.4,46868.0,6258.0
20260904.0,1330.0,46867.0,46953.3,46865.0,46872.0,7492.0
20260904.0,1345.0,46871.0,46945.2,46844.9,46901.1,10408.0
20260904.0,1515.0,46818.8,46939.2,46817.8,46926.2,2172.0
20260904.0,1530.0,46924.2,46966.3,46886.1,46960.4,982.0
20260904.0,1545.0,46960.4,46991.4,46939.3,46963.4,880.0
20260904.0,1600.0,46965.4,46988.4,46951.4,46971.4,342.0
20260904.0,1615.0,46969.4,47007.5,46960.4,46977.4,1036.0
20260904.0,1630.0,46978.4,47040.6,46965.4,47024.6,734.0
20260904.0,1645.0,47024.6,47032.6,46990.5,47027.6,814.0
20260904.0,1700.0,47023.6,47087.8,47023.7,47070.8,1446.0
20260904.0,1715.0,47067.8,47070.8,46991.5,46995.5,938.0
20260904.0,1730.0,46995.5,47032.6,46990.5,47032.7,780.0
20260904.0,1745.0,47034.7,47063.7,47017.6,47054.8,448.0
20260904.0,1800.0,47055.8,47094.9,47055.8,47081.9,686.0
20260904.0,1815.0,47078.9,47107.9,47077.9,47096.9,806.0
20260904.0,1830.0,47097.9,47128.0,47068.9,47107.0,786.0
20260904.0,1845.0,47105.0,47104.9,47070.9,47089.9,404.0
20260904.0,1900.0,47093.9,47123.0,47069.9,47074.8,494.0
20260904.0,1915.0,47074.8,47076.8,47036.7,47046.7,482.0
20260904.0,1930.0,47044.7,47068.8,47032.7,47053.7,276.0
20260904.0,1945.0,47059.8,47092.9,47054.8,47072.8,336.0
20260904.0,2000.0,47077.8,47114.0,47076.9,47093.9,456.0
20260904.0,2015.0,47093.9,47099.9,47028.7,47077.8,728.0
20260904.0,2030.0,47077.8,47178.2,47074.9,47173.2,1242.0
20260904.0,2045.0,47164.2,47183.2,46765.6,46844.9,8322.0
20260904.0,2100.0,46844.9,46854.9,46756.5,46838.8,2862.0
20260904.0,2115.0,46835.8,46877.0,46800.7,46867.0,1410.0
20260904.0,2130.0,46875.0,46918.1,46862.0,46901.1,1410.0
20260904.0,2145.0,46909.1,47176.2,46862.0,47142.1,6656.0
20260904.0,2200.0,47134.1,47374.0,47118.1,47373.1,5134.0
20260904.0,2215.0,47373.1,47386.1,47198.4,47349.0,4100.0
20260904.0,2230.0,47348.0,47354.0,47256.7,47314.8,1918.0
20260904.0,2245.0,47314.8,47341.9,47283.8,47284.7,1728.0
20260904.0,2300.0,47292.8,47301.7,47225.5,47254.6,1840.0
20260904.0,2315.0,47258.6,47374.0,47234.6,47374.1,2352.0
20260904.0,2330.0,47366.1,47372.0,47273.7,47282.7,1592.0
20260904.0,2345.0,47282.7,47333.9,47225.5,47331.9,1476.0
20260905.0,0.0,47329.9,47336.9,47301.8,47327.9,694.0
20260905.0,15.0,47331.9,47372.0,47321.9,47364.1,980.0
20260905.0,30.0,47371.1,47416.2,47369.1,47401.2,1374.0
20260905.0,45.0,47397.2,47414.2,47389.2,47396.2,350.0
20260905.0,100.0,47391.2,47435.3,47381.2,47415.3,828.0
20260905.0,115.0,47414.3,47421.2,47367.1,47370.1,476.0
20260905.0,130.0,47366.1,47376.1,47313.9,47316.9,702.0
20260905.0,145.0,47314.8,47328.9,47273.7,47283.7,740.0
20260905.0,200.0,47278.7,47311.8,47267.7,47301.8,462.0
20260905.0,215.0,47308.8,47327.8,47281.8,47306.8,446.0
20260905.0,230.0,47308.8,47341.9,47303.8,47341.0,220.0
20260905.0,245.0,47336.9,47361.0,47313.9,47356.0,276.0
20260905.0,300.0,47357.0,47371.0,47355.1,47364.1,202.0
20260905.0,315.0,47364.1,47379.1,47318.9,47322.9,228.0
20260905.0,330.0,47331.9,47356.0,47329.0,47345.0,132.0
20260905.0,345.0,47346.0,47394.1,47340.0,47394.2,256.0
20260905.0,400.0,47389.2,47427.3,47384.2,47423.3,546.0
20260905.0,415.0,47419.3,47421.2,47387.2,47403.2,288.0
20260905.0,430.0,47401.2,47405.2,47389.2,47394.2,74.0
20260905.0,445.0,47391.2,47391.1,47365.1,47376.1,238.0
20260905.0,500.0,47379.1,47392.1,47370.1,47381.1,298.0
20260907.0,900.0,47479.5,47689.4,47469.5,47555.9,7652.0
20260907.0,915.0,47559.9,47633.1,47291.8,47330.9,12964.0
20260907.0,930.0,47331.9,47514.6,47308.9,47513.7,6912.0
20260907.0,945.0,47513.7,47618.1,47470.5,47543.8,7026.0
20260907.0,1000.0,47536.8,47655.2,47523.8,47593.0,5390.0
20260907.0,1015.0,47593.0,47672.3,47555.9,47625.1,4052.0
20260907.0,1030.0,47620.1,47726.5,47584.0,47672.3,5560.0
20260907.0,1045.0,47671.3,47772.7,47657.3,47703.5,4118.0
20260907.0,1100.0,47704.5,47715.5,47572.0,47606.1,2902.0
20260907.0,1115.0,47613.1,47640.2,47509.7,47617.1,3052.0
20260907.0,1130.0,47620.1,47630.1,47581.0,47621.1,1088.0
20260907.0,1145.0,47622.1,47647.2,47534.8,47536.8,1714.0
20260907.0,1200.0,47536.8,47622.1,47532.8,47565.9,1266.0
20260907.0,1215.0,47573.9,47606.0,47529.8,47560.9,2016.0
20260907.0,1230.0,47561.9,47596.0,47532.8,47589.0,1210.0
20260907.0,1245.0,47590.0,47605.0,47539.8,47588.0,1122.0
20260907.0,1300.0,47585.0,47666.3,47584.0,47666.3,1744.0
20260907.0,1315.0,47664.3,47692.4,47585.0,47611.1,2492.0
20260907.0,1330.0,47612.1,47688.4,47594.1,47672.3,3886.0
20260907.0,1345.0,47672.3,47709.5,47597.1,47670.3,11090.0
20260907.0,1515.0,47713.5,47736.6,47671.4,47688.4,1206.0
20260907.0,1530.0,47692.4,47693.4,47642.3,47647.2,662.0
20260907.0,1545.0,47651.3,47680.3,47615.2,47633.2,746.0
20260907.0,1600.0,47636.2,47697.4,47630.2,47684.4,642.0
20260907.0,1615.0,47689.4,47697.4,47606.1,47634.2,830.0
20260907.0,1630.0,47641.2,47654.2,47626.2,47637.2,178.0
20260907.0,1645.0,47632.2,47651.2,47626.2,47639.2,200.0
20260907.0,1700.0,47635.2,47650.2,47622.2,47640.2,154.0
20260907.0,1715.0,47642.2,47669.3,47631.2,47638.2,412.0
20260907.0,1730.0,47637.2,47637.1,47591.1,47610.1,746.0
20260907.0,1745.0,47611.1,47628.1,47599.1,47610.1,426.0
20260907.0,1800.0,47607.1,47607.0,47582.0,47584.0,384.0
20260907.0,1815.0,47583.0,47598.0,47575.0,47596.0,180.0
20260907.0,1830.0,47598.0,47603.0,47584.0,47588.0,196.0
20260907.0,1845.0,47592.0,47600.0,47563.9,47583.0,230.0
20260907.0,1900.0,47586.0,47585.9,47519.8,47549.8,668.0
20260907.0,1915.0,47548.8,47548.8,47476.6,47543.8,1040.0
20260907.0,1930.0,47543.8,47546.8,47479.6,47504.6,438.0
20260907.0,1945.0,47507.7,47524.7,47464.5,47494.6,548.0
20260907.0,2000.0,47497.6,47513.6,47451.5,47454.4,464.0
20260907.0,2015.0,47455.4,47497.6,47450.5,47471.5,534.0
20260907.0,2030.0,47474.5,47493.5,47473.6,47483.6,330.0
20260907.0,2045.0,47487.6,47531.7,47485.6,47528.7,602.0
20260907.0,2100.0,47527.7,47567.9,47527.8,47566.9,618.0
20260907.0,2115.0,47564.9,47573.9,47542.9,47569.9,320.0
20260907.0,2130.0,47571.9,47583.9,47548.9,47567.9,388.0
20260907.0,2145.0,47565.9,47570.9,47502.7,47526.7,730.0
20260907.0,2200.0,47531.8,47552.8,47523.8,47529.7,344.0
20260907.0,2215.0,47530.8,47557.8,47498.7,47503.6,444.0
20260907.0,2230.0,47503.6,47517.6,47485.6,47506.7,338.0
20260907.0,2245.0,47500.6,47541.7,47492.6,47537.8,454.0
20260907.0,2300.0,47537.8,47537.7,47464.5,47464.5,382.0
20260907.0,2315.0,47471.5,47522.7,47468.5,47514.7,406.0
20260907.0,2330.0,47507.7,47536.7,47489.6,47515.7,408.0
20260907.0,2345.0,47522.7,47544.8,47512.7,47537.8,246.0
20260908.0,0.0,47536.8,47541.7,47507.7,47517.7,128.0
20260908.0,15.0,47518.7,47536.7,47516.7,47532.8,182.0
20260908.0,30.0,47529.7,47531.7,47516.7,47519.7,94.0
20260908.0,45.0,47522.7,47538.7,47515.7,47534.8,116.0
20260908.0,100.0,47531.8,47549.8,47523.8,47542.8,174.0
20260908.0,115.0,47545.8,47556.8,47529.8,47555.9,160.0
20260908.0,130.0,47554.9,47568.9,47547.9,47568.9,164.0
20260908.0,145.0,47568.9,47590.0,47555.9,47558.9,228.0
20260908.0,200.0,47558.9,47558.8,47531.8,47531.8,162.0
20260908.0,215.0,47535.8,47535.7,47512.7,47522.7,142.0
20260908.0,230.0,47527.7,47533.7,47519.8,47528.7,64.0
20260908.0,245.0,47534.8,47558.8,47528.8,47552.8,142.0
20260908.0,300.0,47551.8,47552.8,47539.8,47542.8,70.0
20260908.0,315.0,47544.8,47555.8,47544.9,47545.8,44.0
20260908.0,330.0,47539.8,47542.8,47527.8,47528.7,78.0
20260908.0,345.0,47533.8,47533.7,47519.8,47524.7,60.0
20260908.0,400.0,47528.7,47531.7,47522.8,47525.7,32.0
20260908.0,415.0,47530.8,47531.7,47485.6,47498.6,284.0
20260908.0,430.0,47496.6,47503.6,47489.6,47489.6,132.0
20260908.0,445.0,47492.6,47520.7,47488.6,47515.7,98.0
20260908.0,500.0,47518.7,47538.7,47513.7,47528.7,164.0
20260908.0,900.0,47680.4,47793.8,47608.1,47742.6,6878.0
20260908.0,915.0,47742.6,47775.7,47425.4,47534.8,11364.0
20260908.0,930.0,47538.8,47558.8,47453.5,47494.6,4708.0
20260908.0,945.0,47496.6,47614.1,47476.6,47583.0,4438.0
20260908.0,1000.0,47579.0,47651.2,47505.7,47641.2,4012.0
20260908.0,1015.0,47647.2,47710.5,47611.1,47701.5,4404.0
20260908.0,1030.0,47703.5,47764.7,47619.2,47632.2,3826.0
20260908.0,1045.0,47630.2,47656.2,47518.8,47568.9,3692.0
20260908.0,1100.0,47569.9,47598.0,47475.6,47497.6,2670.0
20260908.0,1115.0,47502.6,47556.8,47496.7,47529.7,2016.0
20260908.0,1130.0,47529.7,47587.9,47513.7,47575.9,1952.0
20260908.0,1145.0,47579.0,47593.0,47462.5,47464.5,2228.0
20260908.0,1200.0,47472.5,47512.6,47354.1,47503.6,5392.0
20260908.0,1215.0,47503.6,47517.6,47404.3,47412.3,2654.0
20260908.0,1230.0,47410.2,47442.3,47379.2,47404.2,2068.0
20260908.0,1245.0,47403.2,47441.3,47346.0,47441.4,2636.0
20260908.0,1300.0,47435.4,47444.3,47336.0,47343.0,1948.0
20260908.0,1315.0,47342.0,47345.9,47199.4,47256.6,5708.0
20260908.0,1330.0,47256.6,47309.8,47229.5,47275.7,4226.0
20260908.0,1345.0,47276.7,47281.7,47132.1,47178.3,11788.0
20260908.0,1515.0,47052.7,47127.0,47001.6,47038.7,2826.0
20260908.0,1530.0,47030.7,47048.7,46979.5,47014.6,1292.0
20260908.0,1545.0,47021.6,47032.6,46878.1,46925.2,2794.0
20260908.0,1600.0,46929.2,46932.2,46812.8,46819.8,1756.0
20260908.0,1615.0,46819.8,46857.9,46757.6,46815.7,3500.0
20260908.0,1630.0,46819.8,46871.9,46816.8,46832.8,1582.0
20260908.0,1645.0,46826.8,46881.0,46790.7,46837.8,1320.0
20260908.0,1700.0,46834.8,46902.1,46821.8,46862.9,992.0
20260908.0,1715.0,46860.9,46951.3,46817.8,46943.3,1238.0
20260908.0,1730.0,46947.3,46962.3,46917.2,46959.4,688.0
20260908.0,1745.0,46961.4,47074.8,46951.4,47033.7,1678.0
20260908.0,1800.0,47033.7,47068.8,47032.7,47066.8,584.0
20260908.0,1815.0,47066.8,47072.8,47010.6,47034.7,778.0
20260908.0,1830.0,47033.7,47179.2,47029.7,47096.9,1870.0
20260908.0,1845.0,47096.9,47106.9,47057.8,47107.0,448.0
20260908.0,1900.0,47100.9,47100.9,47057.8,47079.9,362.0
20260908.0,1915.0,47073.8,47101.9,46995.6,47018.6,826.0
20260908.0,1930.0,47020.6,47076.8,47020.7,47047.7,492.0
20260908.0,1945.0,47042.7,47080.8,47032.7,47032.7,324.0
20260908.0,2000.0,47032.7,47148.1,47024.7,47147.1,1038.0
20260908.0,2015.0,47143.1,47153.1,47047.8,47047.7,896.0
20260908.0,2030.0,47051.7,47129.0,47037.7,47123.0,652.0
20260908.0,2045.0,47125.0,47166.2,47104.0,47156.2,1056.0
20260908.0,2100.0,47157.2,47252.5,47147.2,47251.6,1790.0
20260908.0,2115.0,47244.5,47247.5,47191.4,47221.5,872.0
20260908.0,2130.0,47227.5,47265.6,47209.5,47253.6,936.0
20260908.0,2145.0,47258.6,47331.9,47117.1,47117.0,5222.0
20260908.0,2200.0,47126.1,47230.4,47106.0,47155.2,3240.0
20260908.0,2215.0,47151.2,47173.2,47077.9,47155.2,2356.0
20260908.0,2230.0,47151.2,47195.3,47108.0,47183.3,1346.0
20260908.0,2245.0,47186.3,47222.4,47130.1,47214.4,1080.0
20260908.0,2300.0,47216.4,47303.7,47183.3,47298.8,1608.0
20260908.0,2315.0,47301.8,47348.9,47259.7,47337.9,1400.0
20260908.0,2330.0,47334.9,47404.2,47333.0,47375.1,2502.0
20260908.0,2345.0,47374.1,47426.3,47329.0,47426.3,1200.0
20260909.0,0.0,47428.3,47434.3,47394.2,47403.2,1006.0
20260909.0,15.0,47404.2,47419.2,47359.1,47369.1,764.0
20260909.0,30.0,47361.0,47382.1,47305.9,47329.9,776.0
20260909.0,45.0,47329.9,47336.9,47306.9,47313.8,366.0
20260909.0,100.0,47315.8,47367.0,47275.7,47313.8,1108.0
20260909.0,115.0,47318.9,47411.2,47318.9,47389.2,606.0
20260909.0,130.0,47389.2,47411.2,47380.2,47399.2,204.0
20260909.0,145.0,47400.2,47427.3,47380.2,47400.2,332.0
20260909.0,200.0,47401.2,47422.2,47399.2,47407.2,86.0
20260909.0,215.0,47409.2,47453.4,47409.3,47437.4,514.0
20260909.0,230.0,47442.4,47464.4,47439.4,47451.4,258.0
20260909.0,245.0,47451.4,47462.4,47438.4,47459.5,270.0
20260909.0,300.0,47459.5,47472.5,47316.9,47365.1,930.0
20260909.0,315.0,47369.1,47381.1,47348.0,47366.1,248.0
20260909.0,330.0,47364.1,47373.0,47294.8,47326.9,396.0
20260909.0,345.0,47319.9,47328.9,47286.8,47303.8,408.0
20260909.0,400.0,47309.8,47330.9,47214.5,47272.7,2150.0
20260909.0,415.0,47268.7,47283.7,47206.4,47228.5,406.0
20260909.0,430.0,47237.5,47238.5,47199.4,47212.4,238.0
20260909.0,445.0,47212.4,47244.5,47212.5,47239.5,176.0
20260909.0,500.0,47243.5,47253.5,47224.5,47253.6,244.0
20260909.0,900.0,47274.7,47449.4,47252.6,47441.4,6044.0
20260909.0,915.0,47434.3,47581.9,47387.2,47570.9,9848.0
20260909.0,930.0,47564.9,47701.4,47543.9,47606.1,7676.0
20260909.0,945.0,47606.1,47709.5,47574.0,47636.2,5658.0
20260909.0,1000.0,47638.2,47761.7,47621.2,47640.2,6166.0
20260909.0,1015.0,47636.2,47786.8,47587.0,47715.5,6060.0
20260909.0,1030.0,47714.5,47748.6,47678.4,47710.5,3758.0
20260909.0,1045.0,47715.5,47792.8,47658.3,47760.7,3652.0
20260909.0,1100.0,47759.7,47787.8,47665.4,47707.5,3592.0
20260909.0,1115.0,47703.5,47710.5,47504.7,47545.8,6632.0
20260909.0,1130.0,47548.8,47642.2,47544.9,47635.2,4122.0
20260909.0,1145.0,47637.2,47656.2,47530.8,47534.8,2380.0
20260909.0,1200.0,47529.7,47562.8,47385.2,47446.4,6160.0
20260909.0,1215.0,47445.4,47464.4,47290.8,47306.8,4820.0
20260909.0,1230.0,47310.8,47451.4,47288.8,47411.3,4710.0
20260909.0,1245.0,47412.3,47493.5,47374.1,47448.4,3310.0
20260909.0,1300.0,47448.4,47499.6,47412.3,47478.5,2732.0
20260909.0,1315.0,47479.5,47491.5,47417.3,47440.4,2740.0
20260909.0,1330.0,47442.4,47448.4,47304.9,47359.0,4866.0
20260909.0,1345.0,47359.0,47416.2,47320.9,47386.1,5816.0
20260909.0,1515.0,47413.3,47466.4,47361.1,47404.2,1600.0
20260909.0,1530.0,47402.2,47451.4,47335.0,47449.4,1682.0
20260909.0,1545.0,47442.4,47457.4,47415.3,47430.3,484.0
20260909.0,1600.0,47437.4,47438.3,47381.2,47431.3,766.0
20260909.0,1615.0,47433.3,47493.5,47412.3,47454.4,1300.0
20260909.0,1630.0,47454.4,47494.6,47429.4,47477.5,612.0
20260909.0,1645.0,47475.5,47488.5,47399.2,47399.2,822.0
20260909.0,1700.0,47396.2,47449.4,47381.2,47432.3,590.0
20260909.0,1715.0,47434.3,47454.4,47357.1,47394.2,978.0
20260909.0,1730.0,47396.2,47399.1,47299.8,47354.0,1186.0
20260909.0,1745.0,47347.0,47367.0,47142.2,47167.2,2960.0
20260909.0,1800.0,47168.2,47188.3,47067.9,47096.9,2098.0
20260909.0,1815.0,47089.9,47127.0,47006.6,47085.9,2500.0
20260909.0,1830.0,47093.9,47145.1,47074.9,47123.0,1106.0
20260909.0,1845.0,47119.0,47153.1,47082.9,47089.9,756.0
20260909.0,1900.0,47086.9,47119.0,47042.8,47087.9,890.0
20260909.0,1915.0,47096.9,47123.0,47071.9,47078.9,698.0
20260909.0,1930.0,47081.9,47141.1,47051.8,47102.0,586.0
20260909.0,1945.0,47102.0,47102.9,47051.8,47054.8,596.0
20260909.0,2000.0,47061.8,47182.2,47056.8,47085.9,1974.0
20260909.0,2015.0,47076.8,47085.8,46985.5,47001.5,1586.0
20260909.0,2030.0,46997.5,47041.6,46981.5,47012.6,1098.0
20260909.0,2045.0,46997.5,47060.7,46992.5,47048.7,760.0
20260909.0,2100.0,47051.7,47091.9,47051.8,47079.9,818.0
20260909.0,2115.0,47075.8,47115.0,47062.8,47075.8,778.0
20260909.0,2130.0,47078.9,47141.1,47054.8,47138.1,692.0
20260909.0,2145.0,47142.1,47221.4,47107.0,47168.2,4186.0
20260909.0,2200.0,47171.2,47277.6,47111.0,47273.7,3084.0
20260909.0,2215.0,47269.7,47325.8,47236.6,47299.8,2542.0
20260909.0,2230.0,47294.8,47294.7,47147.2,47264.6,2868.0
20260909.0,2245.0,47264.6,47266.6,47220.5,47249.6,1266.0
20260909.0,2300.0,47252.6,47270.6,47222.5,47262.6,754.0
20260909.0,2315.0,47264.6,47306.8,47020.7,47047.7,3738.0
20260909.0,2330.0,47044.7,47117.0,46944.3,47027.6,3212.0
20260909.0,2345.0,47028.6,47186.3,47028.7,47144.1,3032.0
20260910.0,0.0,47145.1,47193.3,47130.1,47148.1,984.0
20260910.0,15.0,47148.1,47188.3,47074.9,47076.8,966.0
20260910.0,30.0,47076.8,47116.0,47057.8,47094.9,1048.0
20260910.0,45.0,47095.9,47202.3,47093.0,47191.3,1042.0
20260910.0,100.0,47192.3,47215.4,47178.3,47192.3,574.0
20260910.0,115.0,47187.3,47246.5,47177.3,47234.5,882.0
20260910.0,130.0,47240.5,47243.5,47203.4,47209.4,272.0
20260910.0,145.0,47202.4,47205.3,47173.3,47203.4,360.0
20260910.0,200.0,47206.4,47228.4,47201.4,47218.4,208.0
20260910.0,215.0,47213.4,47232.4,47203.4,47210.4,140.0
20260910.0,230.0,47205.4,47229.4,47205.4,47219.4,300.0
20260910.0,245.0,47220.4,47230.4,47208.4,47230.5,252.0
20260910.0,300.0,47231.5,47253.5,47210.5,47223.5,450.0
20260910.0,315.0,47222.5,47258.6,47195.4,47257.6,292.0
20260910.0,330.0,47253.6,47284.7,47252.6,47268.7,370.0
20260910.0,345.0,47261.6,47262.6,47210.5,47230.5,130.0
20260910.0,400.0,47237.5,47252.5,47163.3,47190.3,550.0
20260910.0,415.0,47185.3,47217.4,47169.3,47181.3,262.0
20260910.0,430.0,47184.3,47196.3,47173.3,47181.3,102.0
20260910.0,445.0,47186.3,47206.3,47185.4,47186.3,124.0
20260910.0,500.0,47191.3,47196.3,47174.3,47182.3,230.0
20260910.0,900.0,47138.1,47148.1,46906.2,46941.3,8794.0
20260910.0,915.0,46939.3,46972.4,46782.7,46837.8,13400.0
20260910.0,930.0,46837.8,46962.3,46768.6,46775.6,10260.0
20260910.0,945.0,46780.6,46904.1,46702.3,46859.9,9702.0
20260910.0,1000.0,46857.9,46929.2,46832.9,46891.1,4656.0
20260910.0,1015.0,46895.1,46947.3,46851.9,46889.1,4322.0
20260910.0,1030.0,46889.1,46895.0,46785.7,46785.6,4066.0
20260910.0,1045.0,46794.7,46997.5,46792.7,46944.3,4422.0
20260910.0,1100.0,46945.3,46960.3,46862.0,46891.1,2162.0
20260910.0,1115.0,46895.1,47000.5,46889.1,46939.3,2376.0
20260910.0,1130.0,46939.3,46998.5,46884.1,46922.2,2306.0
20260910.0,1145.0,46918.2,46922.1,46848.9,46874.0,2216.0
20260910.0,1200.0,46870.0,46980.4,46863.0,46969.4,2520.0
20260910.0,1215.0,46968.4,47017.5,46916.2,46941.3,3082.0
20260910.0,1230.0,46938.3,46985.4,46890.1,46978.4,2320.0
20260910.0,1245.0,46975.4,46975.4,46916.2,46927.2,1584.0
20260910.0,1300.0,46930.2,47077.8,46930.3,47069.8,4402.0
20260910.0,1315.0,47069.8,47147.1,47022.7,47075.8,5098.0
20260910.0,1330.0,47075.8,47124.0,47035.7,47111.0,4234.0
20260910.0,1345.0,47109.0,47126.0,47020.7,47067.8,7646.0
20260910.0,1515.0,47089.9,47091.9,47005.6,47085.9,1240.0
20260910.0,1530.0,47083.9,47093.9,46973.5,46975.4,794.0
20260910.0,1545.0,46979.4,46993.4,46910.2,46960.4,1154.0
20260910.0,1600.0,46962.4,46979.4,46944.3,46962.4,452.0
20260910.0,1615.0,46955.3,46995.5,46899.1,46902.1,1024.0
20260910.0,1630.0,46907.1,46952.3,46883.1,46943.3,1024.0
20260910.0,1645.0,46949.3,46949.3,46855.0,46856.9,970.0
20260910.0,1700.0,46860.9,46882.0,46833.9,46871.0,612.0
20260910.0,1715.0,46868.0,46955.3,46862.0,46919.2,836.0
20260910.0,1730.0,46919.2,46941.2,46873.0,46880.0,658.0
20260910.0,1745.0,46877.0,46907.1,46847.9,46904.1,646.0
20260910.0,1800.0,46904.1,46963.3,46904.2,46933.2,520.0
20260910.0,1815.0,46934.2,46971.4,46912.2,46924.2,616.0
20260910.0,1830.0,46921.2,46951.3,46912.2,46926.2,328.0
20260910.0,1845.0,46924.2,46929.2,46862.0,46907.1,586.0
20260910.0,1900.0,46907.1,46975.4,46867.0,46883.0,892.0
20260910.0,1915.0,46877.0,46877.0,46767.6,46816.8,1800.0
20260910.0,1930.0,46814.7,46839.8,46798.7,46816.8,566.0
20260910.0,1945.0,46814.7,46849.8,46799.7,46814.7,352.0
20260910.0,2000.0,46816.8,46826.7,46659.1,46661.1,2490.0
20260910.0,2015.0,46664.1,46686.2,46591.9,46634.0,2476.0
20260910.0,2030.0,46633.0,46646.0,46554.7,46637.0,2386.0
20260910.0,2045.0,46632.0,46656.0,46413.1,46454.2,5634.0
20260910.0,2100.0,46450.2,46462.2,46320.7,46365.9,2416.0
20260910.0,2115.0,46364.9,46424.1,46333.8,46352.8,2152.0
20260910.0,2130.0,46355.8,46412.0,46321.7,46407.0,1690.0
20260910.0,2145.0,46411.0,46475.3,46297.6,46344.8,4776.0
20260910.0,2200.0,46350.8,46406.0,46209.2,46227.3,4124.0
20260910.0,2215.0,46226.3,46347.7,46218.3,46293.6,2786.0
20260910.0,2230.0,46294.6,46543.6,46267.5,46469.3,4472.0
20260910.0,2245.0,46468.3,46551.6,46452.3,46485.4,2428.0
20260910.0,2300.0,46480.3,46520.5,46439.2,46517.5,1556.0
20260910.0,2315.0,46517.5,46521.5,46462.3,46497.4,1596.0
20260910.0,2330.0,46505.4,46508.4,46412.1,46468.3,1370.0
20260910.0,2345.0,46463.3,46487.3,46430.2,46476.3,826.0
20260911.0,0.0,46479.3,46479.3,46364.9,46380.9,1114.0
20260911.0,15.0,46381.9,46405.0,46298.6,46314.6,1266.0
20260911.0,30.0,46316.6,46331.7,46276.5,46299.6,1074.0
20260911.0,45.0,46299.6,46354.8,46243.4,46353.8,1532.0
20260911.0,100.0,46349.8,46384.9,46343.8,46370.9,674.0
20260911.0,115.0,46369.9,46433.1,46341.8,46364.9,706.0
20260911.0,130.0,46361.8,46364.8,46315.7,46339.7,242.0
20260911.0,145.0,46335.7,46336.7,46275.5,46323.7,398.0
20260911.0,200.0,46321.7,46325.6,46294.6,46310.6,346.0
20260911.0,215.0,46306.6,46326.6,46240.4,46273.5,374.0
20260911.0,230.0,46257.4,46277.4,46244.4,46253.4,156.0
20260911.0,245.0,46244.3,46281.5,46234.4,46281.5,248.0
20260911.0,300.0,46274.5,46340.7,46267.5,46306.6,758.0
20260911.0,315.0,46301.6,46305.6,46222.3,46268.4,404.0
20260911.0,330.0,46276.5,46324.6,46247.4,46314.6,272.0
20260911.0,345.0,46314.6,46331.7,46297.6,46306.6,206.0
20260911.0,400.0,46307.6,46319.6,46264.5,46276.5,308.0
20260911.0,415.0,46272.5,46305.6,46262.5,46287.5,208.0
20260911.0,430.0,46286.5,46299.5,46275.5,46275.5,62.0
20260911.0,445.0,46278.5,46282.5,46260.5,46280.5,130.0
20260911.0,500.0,46279.5,46293.5,46258.5,46266.4,378.0
20260911.0,900.0,46013.4,46286.5,45998.4,46276.5,8538.0
20260911.0,915.0,46278.5,46387.9,46208.2,46275.5,11612.0
20260911.0,930.0,46275.5,46300.5,46108.8,46116.8,8770.0
20260911.0,945.0,46124.8,46212.2,46089.7,46141.9,7436.0
20260911.0,1000.0,46133.9,46203.1,46058.6,46194.1,6234.0
20260911.0,1015.0,46194.1,46271.4,46118.9,46271.5,5208.0
20260911.0,1030.0,46271.5,46289.5,46114.9,46158.0,6080.0
20260911.0,1045.0,46155.0,46185.0,46048.6,46074.6,6264.0
20260911.0,1100.0,46073.6,46134.8,46021.5,46058.6,5860.0
20260911.0,1115.0,46055.6,46128.8,45973.3,46031.5,5596.0
20260911.0,1130.0,46025.4,46204.1,46021.5,46189.1,5418.0
20260911.0,1145.0,46187.1,46293.5,46141.0,46278.5,4268.0
20260911.0,1200.0,46282.5,46338.7,46190.2,46329.7,4238.0
20260911.0,1215.0,46328.7,46465.2,46314.7,46428.1,5514.0
20260911.0,1230.0,46428.1,46519.5,46413.1,46519.5,4354.0
20260911.0,1245.0,46519.5,46535.5,46448.3,46480.3,4384.0
20260911.0,1300.0,46481.3,46484.3,46385.0,46389.0,3182.0
20260911.0,1315.0,46389.0,46403.0,46328.8,46401.0,4806.0
20260911.0,1330.0,46398.0,46421.0,46270.5,46280.5,5504.0
20260911.0,1345.0,46279.5,46415.0,46276.5,46413.1,11778.0
20260911.0,1515.0,46501.4,46575.7,46476.4,46528.5,2408.0
20260911.0,1530.0,46529.5,46560.6,46496.5,46500.4,776.0
20260911.0,1545.0,46498.4,46515.4,46441.2,46458.2,1002.0
20260911.0,1600.0,46459.2,46475.3,46421.1,46475.3,676.0
20260911.0,1615.0,46475.3,46518.4,46406.1,46496.4,1504.0
20260911.0,1630.0,46496.4,46627.9,46475.4,46526.5,2058.0
20260911.0,1645.0,46529.5,46611.8,46527.6,46552.6,990.0
20260911.0,1700.0,46553.6,46611.8,46545.7,46603.9,786.0
20260911.0,1715.0,46602.9,46624.9,46537.6,46537.6,910.0
20260911.0,1730.0,46536.6,46559.6,46524.6,46550.6,514.0
20260911.0,1745.0,46554.7,46582.7,46542.6,46574.7,308.0
20260911.0,1800.0,46566.7,46595.8,46565.7,46587.8,268.0
20260911.0,1815.0,46591.8,46616.9,46497.5,46585.8,1108.0
20260911.0,1830.0,46584.8,46584.7,46538.6,46550.6,482.0
20260911.0,1845.0,46547.6,46580.7,46541.6,46557.7,232.0
20260911.0,1900.0,46559.7,46575.7,46514.5,46515.5,314.0
20260911.0,1915.0,46518.5,46551.6,46508.5,46515.5,312.0
20260911.0,1930.0,46510.5,46578.7,46508.5,46541.6,412.0
20260911.0,1945.0,46542.6,46568.7,46486.4,46568.7,462.0
20260911.0,2000.0,46564.7,46580.7,46517.5,46531.6,340.0
20260911.0,2015.0,46531.6,46540.5,46453.3,46473.3,970.0
20260911.0,2030.0,46470.3,46605.8,46460.3,46573.7,1242.0
20260911.0,2045.0,46589.8,46701.2,46235.4,46605.9,7588.0
20260911.0,2100.0,46597.8,46740.4,46571.8,46733.4,2180.0
20260911.0,2115.0,46730.4,46770.5,46660.1,46684.2,1782.0
20260911.0,2130.0,46683.2,46705.2,46637.0,46639.0,1082.0
20260911.0,2145.0,46640.0,46715.3,46532.6,46688.2,3784.0
20260911.0,2200.0,46690.2,46746.4,46603.9,46703.3,2618.0
20260911.0,2215.0,46701.3,46701.2,46555.7,46621.9,1850.0
20260911.0,2230.0,46632.0,46718.3,46618.0,46696.2,1760.0
20260911.0,2245.0,46693.2,46696.2,46585.8,46609.9,1164.0
20260911.0,2300.0,46615.9,46688.2,46595.9,46656.1,1230.0
20260911.0,2315.0,46652.1,46741.4,46639.1,46684.2,1320.0
20260911.0,2330.0,46686.2,46839.8,46684.2,46829.8,2714.0
20260911.0,2345.0,46825.8,46859.9,46802.7,46855.9,1402.0
20260912.0,0.0,46849.9,46854.9,46770.6,46817.8,966.0
20260912.0,15.0,46814.7,46833.8,46793.7,46796.7,616.0
20260912.0,30.0,46793.7,46798.6,46727.4,46729.4,1154.0
20260912.0,45.0,46733.4,46792.6,46716.4,46776.6,812.0
20260912.0,100.0,46772.6,46776.5,46741.5,46774.6,272.0
20260912.0,115.0,46774.6,46816.7,46772.6,46778.6,584.0
20260912.0,130.0,46778.6,46854.9,46776.6,46837.8,566.0
20260912.0,145.0,46837.8,46843.8,46799.7,46803.7,366.0
20260912.0,200.0,46804.7,46812.7,46783.7,46784.6,202.0
20260912.0,215.0,46792.7,46808.7,46781.7,46795.7,186.0
20260912.0,230.0,46790.6,46801.6,46743.5,46784.6,918.0
20260912.0,245.0,46790.6,46799.6,46756.5,46759.5,308.0
20260912.0,300.0,46755.5,46759.5,46723.4,46734.4,244.0
20260912.0,315.0,46733.4,46736.4,46701.3,46719.3,470.0
20260912.0,330.0,46738.4,46761.5,46728.4,46743.4,120.0
20260912.0,345.0,46740.4,46769.5,46740.5,46762.5,144.0
20260912.0,400.0,46763.5,46786.6,46734.5,46755.5,374.0
20260912.0,415.0,46760.5,46762.5,46734.5,46739.4,218.0
20260912.0,430.0,46744.4,46746.4,46731.4,46732.4,102.0
20260912.0,445.0,46736.4,46741.4,46727.4,46730.4,74.0
20260912.0,500.0,46728.4,46784.6,46725.4,46784.6,180.0
20260914.0,900.0,45781.4,45851.6,45540.4,45553.4,20514.0
20260914.0,915.0,45553.4,45748.2,45493.2,45644.8,16718.0
20260914.0,930.0,45645.8,45690.0,45510.3,45579.6,12732.0
20260914.0,945.0,45579.6,45642.8,45510.3,45592.6,8184.0
20260914.0,1000.0,45587.6,45925.0,45584.6,45872.8,12374.0
20260914.0,1015.0,45874.8,45993.2,45855.8,45949.1,10068.0
20260914.0,1030.0,45953.1,46095.7,45874.8,46005.3,11824.0
20260914.0,1045.0,46002.3,46064.5,45964.2,46006.3,12858.0
20260914.0,1100.0,46007.4,46118.8,45998.4,46100.7,13552.0
20260914.0,1115.0,46100.7,46146.9,46049.6,46053.5,12424.0
20260914.0,1130.0,46053.5,46107.7,46020.5,46099.7,10430.0
20260914.0,1145.0,46099.7,46117.8,46027.5,46077.6,7452.0
20260914.0,1200.0,46081.7,46124.8,46046.6,46059.6,6344.0
20260914.0,1215.0,46059.6,46127.8,46040.5,46056.6,6816.0
20260914.0,1230.0,46056.6,46156.9,46043.6,46129.9,7056.0
20260914.0,1245.0,46124.8,46212.2,46065.6,46142.9,11406.0
20260914.0,1300.0,46142.9,46198.1,46087.7,46102.8,11326.0
20260914.0,1315.0,46102.8,46160.9,46051.6,46087.7,12244.0
20260914.0,1330.0,46087.7,46089.6,45962.2,46021.4,12662.0
20260914.0,1345.0,46018.4,46037.4,45953.2,45973.2,10072.0
20260914.0,1515.0,45967.2,45995.2,45887.9,45995.3,1372.0
20260914.0,1530.0,45995.3,46037.4,45969.2,45974.2,630.0
20260914.0,1545.0,45968.2,45992.2,45903.0,45908.9,700.0
20260914.0,1600.0,45905.9,45921.9,45803.5,45845.7,1668.0
20260914.0,1615.0,45850.7,45919.9,45835.7,45879.8,1054.0
20260914.0,1630.0,45876.8,45876.8,45777.4,45785.4,894.0
20260914.0,1645.0,45783.4,45847.6,45771.4,45829.6,1014.0
20260914.0,1700.0,45826.6,45842.6,45725.2,45814.5,1230.0
20260914.0,1715.0,45809.5,45832.6,45703.1,45714.1,1246.0
20260914.0,1730.0,45718.1,45741.2,45655.9,45734.2,1446.0
20260914.0,1745.0,45729.2,45742.2,45673.0,45694.0,980.0
20260914.0,1800.0,45707.1,45732.1,45688.1,45722.2,486.0
20260914.0,1815.0,45719.1,45722.1,45676.0,45714.1,550.0
20260914.0,1830.0,45717.1,45801.4,45698.1,45797.5,966.0
20260914.0,1845.0,45797.5,45826.5,45778.4,45799.5,708.0
20260914.0,1900.0,45805.5,45820.5,45790.5,45805.5,358.0
20260914.0,1915.0,45803.5,45808.5,45743.3,45752.3,586.0
20260914.0,1930.0,45755.3,45802.4,45721.2,45795.5,528.0
20260914.0,1945.0,45799.5,45799.4,45710.2,45713.1,558.0
20260914.0,2000.0,45715.1,45728.1,45669.0,45699.1,814.0
20260914.0,2015.0,45694.0,45697.0,45628.8,45689.0,1148.0
20260914.0,2030.0,45693.0,45761.3,45649.9,45693.0,1186.0
20260914.0,2045.0,45692.0,45721.1,45614.7,45711.1,1832.0
20260914.0,2100.0,45708.1,45719.1,45651.9,45681.0,428.0
20260914.0,2115.0,45666.9,45666.9,45573.6,45653.9,1688.0
20260914.0,2130.0,45653.9,45712.1,45630.8,45632.8,1282.0
20260914.0,2145.0,45639.8,45702.0,45576.6,45659.9,3126.0
20260914.0,2200.0,45660.9,45804.4,45658.9,45685.0,3146.0
20260914.0,2215.0,45680.0,45837.6,45679.0,45819.6,2034.0
20260914.0,2230.0,45816.5,45834.6,45666.0,45692.0,1998.0
20260914.0,2245.0,45692.0,45704.0,45574.6,45638.8,1818.0
20260914.0,2300.0,45635.8,45665.9,45552.5,45605.7,1954.0
20260914.0,2315.0,45605.7,45746.2,45572.6,45602.6,2600.0
20260914.0,2330.0,45601.6,45708.0,45593.7,45704.1,990.0
20260914.0,2345.0,45700.1,45844.6,45682.0,45824.6,3000.0
20260915.0,0.0,45824.6,45827.5,45758.4,45783.4,928.0
20260915.0,15.0,45779.4,45791.4,45736.3,45749.3,856.0
20260915.0,30.0,45758.3,45829.6,45758.4,45794.5,866.0
20260915.0,45.0,45786.4,45844.6,45772.4,45844.7,830.0
20260915.0,100.0,45843.7,45947.0,45833.7,45894.9,1888.0
20260915.0,115.0,45894.9,45909.9,45860.8,45874.8,546.0
20260915.0,130.0,45870.8,45893.8,45846.7,45893.9,388.0
20260915.0,145.0,45893.9,45908.9,45880.9,45900.9,484.0
20260915.0,200.0,45906.9,45928.0,45904.0,45919.0,258.0
20260915.0,215.0,45914.0,45957.1,45910.0,45943.1,618.0
20260915.0,230.0,45940.1,45949.1,45894.9,45903.9,270.0
20260915.0,245.0,45906.9,45943.0,45907.0,45942.1,244.0
20260915.0,300.0,45942.1,45943.0,45908.0,45941.1,338.0
20260915.0,315.0,45945.1,45955.1,45882.9,45888.9,362.0
20260915.0,330.0,45883.8,45885.8,45852.8,45858.7,322.0
20260915.0,345.0,45851.7,45864.7,45796.5,45809.5,380.0
20260915.0,400.0,45797.5,45809.5,45720.2,45720.1,762.0
20260915.0,415.0,45724.2,45742.2,45693.1,45721.1,656.0
20260915.0,430.0,45721.1,45755.2,45712.2,45755.3,118.0
20260915.0,445.0,45759.3,45765.3,45745.3,45752.3,150.0
20260915.0,500.0,45751.3,45772.3,45742.3,45748.3,264.0
20260915.0,900.0,45970.2,46047.5,45899.9,45994.3,7398.0
20260915.0,915.0,45994.3,46060.5,45851.7,46007.4,14976.0
20260915.0,930.0,46007.4,46157.9,45999.4,46075.6,11716.0
20260915.0,945.0,46075.6,46105.7,45929.1,45970.2,12246.0
20260915.0,1000.0,45970.2,46040.4,45925.1,45953.1,10054.0
20260915.0,1015.0,45953.1,46103.7,45927.1,46081.7,8278.0
20260915.0,1030.0,46081.7,46099.7,46011.4,46079.7,7920.0
20260915.0,1045.0,46079.7,46111.7,45975.3,46010.4,9288.0
20260915.0,1100.0,46010.4,46035.4,45983.3,46002.3,8010.0
20260915.0,1115.0,46002.3,46032.4,45939.1,45942.1,7360.0
20260915.0,1130.0,45942.1,45956.1,45845.7,45956.1,9006.0
20260915.0,1145.0,45956.1,45966.1,45899.9,45956.1,7968.0
20260915.0,1200.0,45956.1,45975.2,45839.7,45839.6,8588.0
20260915.0,1215.0,45839.6,45970.1,45831.7,45906.9,11176.0
20260915.0,1230.0,45906.9,46001.3,45874.8,45880.8,11680.0
20260915.0,1245.0,45880.8,45900.9,45770.4,45871.8,10516.0
20260915.0,1300.0,45871.8,45936.0,45775.4,45777.4,10394.0
20260915.0,1315.0,45777.4,45836.6,45766.4,45775.4,11012.0
20260915.0,1330.0,45775.4,45788.4,45704.1,45747.3,11910.0
20260915.0,1345.0,45747.3,45801.4,45707.1,45799.5,11496.0
20260915.0,1515.0,45725.2,45764.3,45655.9,45658.9,1626.0
20260915.0,1530.0,45655.9,45766.3,45653.9,45748.3,1036.0
20260915.0,1545.0,45751.3,45796.4,45747.3,45774.4,1640.0
20260915.0,1600.0,45771.4,45812.5,45748.3,45799.5,1016.0
20260915.0,1615.0,45799.5,45799.4,45690.1,45744.2,1894.0
20260915.0,1630.0,45746.3,45805.5,45720.2,45778.4,696.0
20260915.0,1645.0,45782.4,45782.4,45722.2,45727.2,404.0
20260915.0,1700.0,45727.2,45753.2,45713.2,45726.2,242.0
20260915.0,1715.0,45729.2,45753.2,45702.1,45732.2,464.0
20260915.0,1730.0,45720.1,45762.3,45682.0,45757.3,744.0
20260915.0,1745.0,45759.3,45796.4,45732.2,45789.4,736.0
20260915.0,1800.0,45790.4,45859.7,45789.5,45845.7,990.0
20260915.0,1815.0,45852.7,45891.8,45840.7,45849.7,738.0
20260915.0,1830.0,45849.7,45856.7,45827.6,45856.7,594.0
20260915.0,1845.0,45853.7,45859.7,45828.6,45843.7,712.0
20260915.0,1900.0,45835.6,45887.8,45833.7,45884.8,720.0
20260915.0,1915.0,45881.8,45929.0,45873.8,45902.9,1520.0
20260915.0,1930.0,45902.9,45919.9,45867.8,45876.8,704.0
20260915.0,1945.0,45873.8,45876.8,45851.7,45869.8,508.0
20260915.0,2000.0,45866.8,45893.8,45866.8,45877.8,570.0
20260915.0,2015.0,45874.8,45891.8,45856.8,45883.8,352.0
20260915.0,2030.0,45882.8,45882.8,45841.7,45862.7,602.0
20260915.0,2045.0,45857.7,45878.8,45836.7,45858.7,490.0
20260915.0,2100.0,45858.7,45914.9,45858.8,45886.8,1624.0
20260915.0,2115.0,45886.8,45894.8,45868.8,45872.8,214.0
20260915.0,2130.0,45877.8,45878.8,45832.7,45873.8,596.0
20260915.0,2145.0,45876.8,45877.8,45755.3,45817.6,2706.0
20260915.0,2200.0,45810.5,45860.7,45800.5,45830.6,964.0
20260915.0,2215.0,45827.6,45871.7,45734.3,45737.2,1228.0
20260915.0,2230.0,45735.2,45789.4,45714.2,45755.3,1080.0
20260915.0,2245.0,45748.3,45772.3,45664.0,45693.0,1348.0
20260915.0,2300.0,45693.0,45706.0,45543.5,45555.5,3144.0
20260915.0,2315.0,45551.4,45635.7,45521.4,45634.8,3126.0
20260915.0,2330.0,45620.7,45702.0,45620.8,45687.0,1542.0
20260915.0,2345.0,45692.0,45742.2,45651.9,45730.2,1628.0
20260916.0,0.0,45732.2,45738.2,45653.9,45653.9,1770.0
20260916.0,15.0,45653.9,45661.8,45606.7,45639.8,760.0
20260916.0,30.0,45636.8,45715.1,45633.8,45698.1,728.0
20260916.0,45.0,45692.0,45707.0,45664.0,45688.0,514.0
20260916.0,100.0,45692.0,45715.1,45672.0,45690.0,340.0
20260916.0,115.0,45686.0,45701.0,45669.0,45677.0,956.0
20260916.0,130.0,45677.0,45685.9,45659.9,45686.0,442.0
20260916.0,145.0,45688.0,45711.1,45674.0,45689.0,328.0
20260916.0,200.0,45688.0,45719.1,45683.0,45717.1,144.0
20260916.0,215.0,45722.2,45745.2,45705.1,45744.2,212.0
20260916.0,230.0,45736.2,45744.2,45713.2,45743.2,102.0
20260916.0,245.0,45729.2,45729.1,45687.1,45692.0,356.0
20260916.0,300.0,45688.0,45703.0,45656.9,45703.1,304.0
20260916.0,315.0,45700.1,45702.0,45685.0,45687.0,280.0
20260916.0,330.0,45687.0,45702.0,45685.0,45702.1,124.0
20260916.0,345.0,45690.0,45700.0,45686.0,45697.0,138.0
20260916.0,400.0,45693.0,45713.1,45691.1,45705.1,178.0
20260916.0,415.0,45711.1,45727.1,45711.2,45727.2,110.0
20260916.0,430.0,45723.2,45731.1,45723.2,45726.2,98.0
20260916.0,445.0,45732.2,45742.2,45714.2,45714.1,100.0
20260916.0,500.0,45710.1,45721.1,45693.1,45721.1,198.0
20260916.0,900.0,45726.2,45823.5,45710.2,45822.6,4112.0
20260916.0,915.0,45822.6,45884.8,45793.5,45875.8,4134.0
20260916.0,930.0,45875.8,45989.2,45831.7,45963.2,6128.0
20260916.0,945.0,45963.2,45978.2,45862.8,45884.8,3876.0
20260916.0,1000.0,45883.8,45929.0,45778.4,45799.5,3526.0
20260916.0,1015.0,45799.5,45903.9,45791.5,45895.9,2236.0
20260916.0,1030.0,45895.9,45945.0,45890.9,45945.1,3962.0
20260916.0,1045.0,45945.1,45983.2,45869.8,45888.9,3526.0
20260916.0,1100.0,45888.9,45953.1,45887.9,45953.1,2798.0
20260916.0,1115.0,45953.1,46081.6,45940.1,46081.7,3026.0
20260916.0,1130.0,46081.7,46193.1,46080.7,46129.9,2958.0
20260916.0,1145.0,46136.9,46182.0,46100.8,46162.0,1676.0
20260916.0,1200.0,46162.0,46242.0,46159.0,46203.0,2286.0
20260916.0,1215.0,46201.0,46213.0,46171.0,46171.0,1534.0
20260916.0,1230.0,46171.0,46215.0,46165.0,46165.0,1564.0
20260916.0,1245.0,46165.0,46165.0,45937.0,45940.0,5846.0
20260916.0,1300.0,45937.0,46010.0,45920.0,45940.0,2892.0
20260916.0,1315.0,45938.0,46008.0,45926.0,45999.0,4374.0
20260916.0,1330.0,45996.0,46047.0,45969.0,46012.0,5456.0
20260916.0,1345.0,46008.0,46078.0,45988.0,46078.0,6492.0
20260916.0,1515.0,46153.0,46264.0,46124.0,46250.0,3784.0
20260916.0,1530.0,46249.0,46307.0,46243.0,46305.0,1820.0
20260916.0,1545.0,46302.0,46335.0,46284.0,46296.0,960.0
20260916.0,1600.0,46295.0,46320.0,46274.0,46292.0,942.0
20260916.0,1615.0,46294.0,46313.0,46213.0,46249.0,1620.0
20260916.0,1630.0,46246.0,46306.0,46227.0,46262.0,1396.0
20260916.0,1645.0,46262.0,46286.0,46225.0,46249.0,662.0
20260916.0,1700.0,46250.0,46301.0,46244.0,46300.0,578.0
20260916.0,1715.0,46299.0,46327.0,46262.0,46271.0,784.0
20260916.0,1730.0,46267.0,46274.0,46209.0,46239.0,1326.0
20260916.0,1745.0,46239.0,46312.0,46233.0,46288.0,640.0
20260916.0,1800.0,46285.0,46300.0,46246.0,46280.0,594.0
20260916.0,1815.0,46281.0,46294.0,46265.0,46277.0,218.0
20260916.0,1830.0,46281.0,46293.0,46273.0,46287.0,242.0
20260916.0,1845.0,46286.0,46315.0,46282.0,46297.0,404.0
20260916.0,1900.0,46296.0,46332.0,46285.0,46330.0,284.0
20260916.0,1915.0,46330.0,46376.0,46310.0,46311.0,1536.0
20260916.0,1930.0,46310.0,46324.0,46265.0,46312.0,594.0
20260916.0,1945.0,46312.0,46374.0,46307.0,46362.0,798.0
20260916.0,2000.0,46364.0,46391.0,46352.0,46381.0,866.0
20260916.0,2015.0,46381.0,46398.0,46360.0,46364.0,624.0
20260916.0,2030.0,46362.0,46371.0,46341.0,46358.0,406.0
20260916.0,2045.0,46362.0,46364.0,46323.0,46336.0,484.0
20260916.0,2100.0,46336.0,46390.0,46333.0,46373.0,488.0
20260916.0,2115.0,46371.0,46381.0,46294.0,46366.0,850.0
20260916.0,2130.0,46368.0,46370.0,46339.0,46350.0,338.0
20260916.0,2145.0,46352.0,46425.0,46352.0,46388.0,2196.0
20260916.0,2200.0,46388.0,46476.0,46388.0,46469.0,2194.0
20260916.0,2215.0,46467.0,46482.0,46387.0,46442.0,1810.0
20260916.0,2230.0,46437.0,46466.0,46430.0,46458.0,772.0
20260916.0,2245.0,46455.0,46474.0,46410.0,46456.0,824.0
20260916.0,2300.0,46456.0,46510.0,46445.0,46505.0,864.0
20260916.0,2315.0,46507.0,46626.0,46501.0,46599.0,2868.0
20260916.0,2330.0,46600.0,46601.0,46544.0,46550.0,1118.0
20260916.0,2345.0,46550.0,46564.0,46510.0,46517.0,912.0
20260917.0,0.0,46517.0,46611.0,46511.0,46511.0,1622.0
20260917.0,15.0,46511.0,46529.0,46480.0,46529.0,860.0
20260917.0,30.0,46533.0,46542.0,46507.0,46517.0,318.0
20260917.0,45.0,46517.0,46519.0,46490.0,46500.0,254.0
20260917.0,100.0,46495.0,46519.0,46477.0,46481.0,558.0
20260917.0,115.0,46480.0,46486.0,46405.0,46441.0,834.0
20260917.0,130.0,46430.0,46445.0,46416.0,46427.0,344.0
20260917.0,145.0,46430.0,46434.0,46355.0,46358.0,826.0
20260917.0,200.0,46365.0,46484.0,46363.0,46469.0,958.0
20260917.0,215.0,46479.0,46574.0,46366.0,46470.0,2774.0
20260917.0,230.0,46470.0,46489.0,46378.0,46469.0,1098.0
20260917.0,245.0,46463.0,46546.0,46231.0,46460.0,3706.0
20260917.0,300.0,46450.0,46498.0,46183.0,46203.0,2578.0
20260917.0,315.0,46198.0,46300.0,46102.0,46128.0,3812.0
20260917.0,330.0,46129.0,46155.0,46056.0,46128.0,2598.0
20260917.0,345.0,46131.0,46238.0,46122.0,46192.0,1322.0
20260917.0,400.0,46192.0,46345.0,46188.0,46345.0,1678.0
20260917.0,415.0,46328.0,46370.0,46310.0,46329.0,810.0
20260917.0,430.0,46331.0,46337.0,46300.0,46325.0,264.0
20260917.0,445.0,46327.0,46352.0,46315.0,46352.0,248.0
20260917.0,500.0,46350.0,46387.0,46342.0,46382.0,380.0
20260917.0,900.0,46495.0,46558.0,46376.0,46463.0,6408.0
20260917.0,915.0,46468.0,46895.0,46385.0,46887.0,16820.0
20260917.0,930.0,46891.0,46954.0,46814.0,46926.0,7144.0
20260917.0,945.0,46925.0,47037.0,46813.0,46853.0,7938.0
20260917.0,1000.0,46855.0,46866.0,46656.0,46691.0,9108.0
20260917.0,1015.0,46695.0,46792.0,46675.0,46733.0,3634.0
20260917.0,1030.0,46732.0,46735.0,46493.0,46539.0,6070.0
20260917.0,1045.0,46541.0,46696.0,46530.0,46651.0,4796.0
20260917.0,1100.0,46654.0,46709.0,46576.0,46581.0,2620.0
20260917.0,1115.0,46583.0,46654.0,46538.0,46611.0,2696.0
20260917.0,1130.0,46608.0,46725.0,46608.0,46694.0,2188.0
20260917.0,1145.0,46692.0,46728.0,46655.0,46719.0,1798.0
20260917.0,1200.0,46715.0,46790.0,46681.0,46752.0,2398.0
20260917.0,1215.0,46749.0,46778.0,46700.0,46765.0,2208.0
20260917.0,1230.0,46764.0,46780.0,46698.0,46698.0,1624.0
20260917.0,1245.0,46697.0,46794.0,46652.0,46740.0,2912.0
20260917.0,1300.0,46739.0,46811.0,46690.0,46716.0,3564.0
20260917.0,1315.0,46720.0,46727.0,46607.0,46607.0,2794.0
20260917.0,1330.0,46606.0,46616.0,46511.0,46525.0,4792.0
20260917.0,1345.0,46525.0,46539.0,46444.0,46445.0,8730.0
20260917,1515,46594,46666,46538,46645,1079
20260917,1530,46645,46719,46638,46710,577
20260917,1545,46710,46730,46685,46706,364
20260917,1600,46700,46709,46636,46654,281
20260917,1615,46653,46670,46597,46620,444
20260917,1630,46620,46663,46590,46661,320
20260917,1645,46664,46700,46650,46693,283
20260917,1700,46695,46737,46694,46717,294
20260917,1715,46715,46788,46715,46752,681
20260917,1730,46751,46760,46730,46738,256
20260917,1745,46739,46770,46733,46766,344
20260917,1800,46758,46764,46734,46741,138
20260917,1815,46742,46774,46735,46763,191
20260917,1830,46756,46799,46741,46779,270
20260917,1845,46781,46793,46752,46764,245
20260917,1900,46764,46823,46753,46811,417
20260917,1915,46812,46840,46799,46817,399
20260917,1930,46823,46825,46778,46810,201
20260917,1945,46810,46816,46797,46797,103
20260917,2000,46796,46917,46786,46905,703
20260917,2015,46902,46978,46843,46960,1095
20260917,2030,46961,47027,46954,47023,811
20260917,2045,47021,47077,47000,47011,922
20260917,2100,47010,47047,47006,47034,318
20260917,2115,47032,47074,47020,47045,561
20260917,2130,47050,47053,46984,46997,405
20260917,2145,47000,47046,46956,47010,1448
20260917,2200,47011,47126,47006,47108,1366
20260917,2215,47108,47122,47037,47117,883
20260917,2230,47117,47147,47076,47076,621
20260917,2245,47081,47115,47066,47090,347
20260917,2300,47090,47095,47025,47044,447
20260917,2315,47044,47093,47033,47092,303
20260917,2330,47090,47104,47047,47097,284
20260917,2345,47100,47121,47080,47114,324
20260918,0000,47108,47116,47082,47116,150
20260918,0015,47118,47137,47101,47134,275
20260918,0030,47131,47161,47127,47152,326
20260918,0045,47153,47169,47125,47166,277
20260918,0100,47166,47173,47105,47167,536
20260918,0115,47164,47205,47164,47180,338
20260918,0130,47180,47186,47161,47166,129
20260918,0145,47165,47176,47150,47172,98
20260918,0200,47170,47178,47152,47175,87
20260918,0215,47179,47200,47167,47197,80
20260918,0230,47200,47200,47178,47188,52
20260918,0245,47194,47196,47172,47182,78
20260918,0300,47184,47192,47169,47178,52
20260918,0315,47175,47200,47174,47178,107
20260918,0330,47175,47183,47143,47143,142
20260918,0345,47152,47174,47141,47153,112
20260918,0400,47153,47170,47133,47135,179
20260918,0415,47141,47170,47134,47160,133
20260918,0430,47160,47162,47148,47152,55
20260918,0445,47153,47165,47152,47162,38
20260918,0500,47162,47166,47143,47160,178
20260918,0900,47080,47196,47059,47150,2364
20260918,0915,47154,47178,47063,47087,3689
20260918,0930,47089,47095,46939,46983,3775
20260918,0945,46980,47029,46940,46958,2096
20260918,1000,46958,47010,46932,46998,1823
20260918,1015,46997,47045,46970,46977,1416
20260918,1030,46976,47014,46897,47001,1632
20260918,1045,46995,47055,46992,47014,991
20260918,1100,47013,47037,46952,46982,846
20260918,1115,46986,47308,46978,47285,4179
20260918,1130,47281,47295,47131,47239,2412
20260918,1145,47236,47260,47176,47225,1170
20260918,1200,47230,47328,47230,47261,1981
20260918,1215,47265,47303,47253,47294,1215
20260918,1230,47296,47341,47271,47307,1570
20260918,1245,47308,47407,47308,47393,1937
20260918,1300,47397,47454,47383,47391,1852
20260918,1315,47391,47464,47386,47417,1661
20260918,1330,47417,47460,47364,47377,2578
20260918,1345,47379,47445,47359,47418,5426
